ISO-10303-21;
HEADER;
/* Generated by software containing ST-Developer
 * from STEP Tools, Inc. (www.steptools.com) 
 */

FILE_DESCRIPTION(
/* description */ (''),
/* implementation_level */ '2;1');

FILE_NAME(
/* name */ '',
/* time_stamp */ '2025-10-15T22:01:11+09:00',
/* author */ (''),
/* organization */ (''),
/* preprocessor_version */ 'ST-DEVELOPER v20.1',
/* originating_system */ 'Autodesk Translation Framework v14.17.0.0',
/* authorisation */ '');

FILE_SCHEMA (('AUTOMOTIVE_DESIGN { 1 0 10303 214 3 1 1 }'));
ENDSEC;

DATA;
#10=MECHANICAL_DESIGN_GEOMETRIC_PRESENTATION_REPRESENTATION('',(#13),#14152);
#11=SHAPE_REPRESENTATION_RELATIONSHIP('SRR','None',#14159,#12);
#12=ADVANCED_BREP_SHAPE_REPRESENTATION('',(#14),#14151);
#13=STYLED_ITEM('',(#14168),#14);
#14=MANIFOLD_SOLID_BREP('\X2\30B130FC30B9\X0\',#6560);
#15=(
BOUNDED_SURFACE()
B_SPLINE_SURFACE(3,2,((#13153,#13154,#13155),(#13156,#13157,#13158),(#13159,
#13160,#13161),(#13162,#13163,#13164),(#13165,#13166,#13167),(#13168,#13169,
#13170),(#13171,#13172,#13173)),.UNSPECIFIED.,.F.,.F.,.F.)
B_SPLINE_SURFACE_WITH_KNOTS((4,1,1,1,4),(3,3),(0.,0.471226682874532,0.942453365749063,
1.41368004854708,1.8849067313451),(0.,1.),.UNSPECIFIED.)
GEOMETRIC_REPRESENTATION_ITEM()
RATIONAL_B_SPLINE_SURFACE(((1.,0.707106781186566,1.),(1.,0.707106781372152,
1.),(1.,0.707106779742499,1.),(1.,0.707106782092325,1.),(1.,0.707106779753074,
1.),(1.,0.707106781329353,1.),(1.,0.707106781337971,1.)))
REPRESENTATION_ITEM('')
SURFACE()
);
#16=(
BOUNDED_SURFACE()
B_SPLINE_SURFACE(3,2,((#13199,#13200,#13201),(#13202,#13203,#13204),(#13205,
#13206,#13207),(#13208,#13209,#13210),(#13211,#13212,#13213),(#13214,#13215,
#13216),(#13217,#13218,#13219)),.UNSPECIFIED.,.F.,.F.,.F.)
B_SPLINE_SURFACE_WITH_KNOTS((4,1,1,1,4),(3,3),(0.,0.471226682874533,0.942453365749066,
1.41368004854613,1.88490673134319),(0.,1.),.UNSPECIFIED.)
GEOMETRIC_REPRESENTATION_ITEM()
RATIONAL_B_SPLINE_SURFACE(((1.,0.707106781186556,1.),(1.,0.707106781372174,
1.),(1.,0.707106779746556,1.),(1.,0.707106782089789,1.),(1.,0.707106779754758,
1.),(1.,0.707106781329535,1.),(1.,0.707106781337832,1.)))
REPRESENTATION_ITEM('')
SURFACE()
);
#17=(
BOUNDED_SURFACE()
B_SPLINE_SURFACE(3,1,((#13223,#13224),(#13225,#13226),(#13227,#13228),(#13229,
#13230),(#13231,#13232),(#13233,#13234),(#13235,#13236),(#13237,#13238),
(#13239,#13240),(#13241,#13242),(#13243,#13244),(#13245,#13246),(#13247,
#13248),(#13249,#13250),(#13251,#13252),(#13253,#13254),(#13255,#13256),
(#13257,#13258),(#13259,#13260),(#13261,#13262),(#13263,#13264),(#13265,
#13266),(#13267,#13268),(#13269,#13270),(#13271,#13272),(#13273,#13274),
(#13275,#13276),(#13277,#13278),(#13279,#13280),(#13281,#13282),(#13283,
#13284),(#13285,#13286),(#13287,#13288),(#13289,#13290),(#13291,#13292),
(#13293,#13294),(#13295,#13296),(#13297,#13298),(#13299,#13300),(#13301,
#13302),(#13303,#13304),(#13305,#13306),(#13307,#13308)),.UNSPECIFIED.,
 .F.,.F.,.F.)
B_SPLINE_SURFACE_WITH_KNOTS((4,3,3,3,3,3,3,3,3,3,3,3,1,1,1,1,1,1,4),(2,
2),(-55.8177587090298,-54.2875101359533,-52.7079025798823,-51.1282950238113,
-41.7761843503247,-38.6169188572211,-28.1586639984221,-24.9993985053186,
-13.6361023593931,-10.4768368676437,-5.27258012863606,-3.29904387195086,
-2.92131826121604,-2.79705895291062,-2.61296320911346,-2.05438743049496,
-1.30339869975786,-0.978706174275767,0.),(0.,2.31152455113676),
 .UNSPECIFIED.)
GEOMETRIC_REPRESENTATION_ITEM()
RATIONAL_B_SPLINE_SURFACE(((1.,1.),(1.,1.),(1.,1.),(1.,1.),(0.949252262614822,
0.949252262614822),(0.949252262614822,0.949252262614822),(1.,1.),(0.949252262614822,
0.949252262614822),(0.949252262614822,0.949252262614822),(1.,1.),(1.,1.),
(1.,1.),(1.,1.),(0.804737854124366,0.804737854124365),(0.804737854124366,
0.804737854124365),(1.,1.),(1.,1.),(1.,1.),(1.,1.),(0.804737854124363,0.804737854124363),
(0.804737854124363,0.804737854124363),(1.,1.),(1.,1.),(1.,1.),(1.,1.),(0.804737854283036,
0.804737854283037),(0.804737854283036,0.804737854283037),(1.,1.),(1.,1.),
(1.,1.),(1.,1.),(0.921355845856856,0.921355845856854),(0.921355845856856,
0.921355845856854),(1.,1.),(1.,1.),(1.,1.),(1.,1.),(1.,1.),(1.,1.),(1.,
1.),(1.,1.),(1.,1.),(1.,1.)))
REPRESENTATION_ITEM('')
SURFACE()
);
#18=(
BOUNDED_SURFACE()
B_SPLINE_SURFACE(2,3,((#13535,#13536,#13537,#13538),(#13539,#13540,#13541,
#13542),(#13543,#13544,#13545,#13546),(#13547,#13548,#13549,#13550),(#13551,
#13552,#13553,#13554),(#13555,#13556,#13557,#13558),(#13559,#13560,#13561,
#13562),(#13563,#13564,#13565,#13566),(#13567,#13568,#13569,#13570),(#13571,
#13572,#13573,#13574),(#13575,#13576,#13577,#13578),(#13579,#13580,#13581,
#13582),(#13583,#13584,#13585,#13586)),.UNSPECIFIED.,.F.,.F.,.F.)
B_SPLINE_SURFACE_WITH_KNOTS((3,2,2,2,2,2,3),(4,4),(-64.7436138112814,-53.0985234623726,
-49.8609125055658,-18.1203122625224,-14.8827013057155,-3.23761095680681,
0.),(0.,2.06155281280893),.UNSPECIFIED.)
GEOMETRIC_REPRESENTATION_ITEM()
RATIONAL_B_SPLINE_SURFACE(((1.,1.,1.,1.),(1.,1.,1.,1.),(1.,1.,1.,1.),(0.707106781186544,
0.707106781186544,0.707106781186545,0.707106781186545),(1.,1.,1.,1.),(1.,
1.,1.,1.),(1.,1.,1.,1.),(0.707106781186539,0.707106781186539,0.707106781186539,
0.707106781186539),(1.,1.,1.,1.),(1.,1.,1.,1.),(1.,1.,1.,1.),(0.707106781186557,
0.707106781186554,0.707106781186551,0.707106781186548),(1.,1.,1.,1.)))
REPRESENTATION_ITEM('')
SURFACE()
);
#19=(
BOUNDED_SURFACE()
B_SPLINE_SURFACE(3,2,((#14022,#14023,#14024),(#14025,#14026,#14027),(#14028,
#14029,#14030),(#14031,#14032,#14033),(#14034,#14035,#14036),(#14037,#14038,
#14039),(#14040,#14041,#14042)),.UNSPECIFIED.,.F.,.F.,.F.)
B_SPLINE_SURFACE_WITH_KNOTS((4,1,1,1,4),(3,3),(1.8849067313451,2.35613341414217,
2.82736009693923,3.29858677981376,3.76981346268829),(0.,1.),
 .UNSPECIFIED.)
GEOMETRIC_REPRESENTATION_ITEM()
RATIONAL_B_SPLINE_SURFACE(((1.,0.707106781337971,1.),(1.,0.707106781346589,
1.),(1.,0.707106779804781,1.),(1.,0.707106782012407,1.),(1.,0.707106779906259,
1.),(1.,0.707106781246287,1.),(1.,0.707106781186551,1.)))
REPRESENTATION_ITEM('')
SURFACE()
);
#20=(
BOUNDED_SURFACE()
B_SPLINE_SURFACE(3,2,((#14044,#14045,#14046),(#14047,#14048,#14049),(#14050,
#14051,#14052),(#14053,#14054,#14055),(#14056,#14057,#14058),(#14059,#14060,
#14061),(#14062,#14063,#14064)),.UNSPECIFIED.,.F.,.F.,.F.)
B_SPLINE_SURFACE_WITH_KNOTS((4,1,1,1,4),(3,3),(1.88490673134319,2.35613341414121,
2.82736009693923,3.29858677981376,3.76981346268829),(0.,1.),
 .UNSPECIFIED.)
GEOMETRIC_REPRESENTATION_ITEM()
RATIONAL_B_SPLINE_SURFACE(((1.,0.707106781337832,1.),(1.,0.707106781346128,
1.),(1.,0.707106779804535,1.),(1.,0.707106782012635,1.),(1.,0.707106779906063,
1.),(1.,0.707106781246404,1.),(1.,0.707106781186526,1.)))
REPRESENTATION_ITEM('')
SURFACE()
);
#21=(
BOUNDED_SURFACE()
B_SPLINE_SURFACE(2,3,((#14065,#14066,#14067,#14068),(#14069,#14070,#14071,
#14072),(#14073,#14074,#14075,#14076),(#14077,#14078,#14079,#14080),(#14081,
#14082,#14083,#14084),(#14085,#14086,#14087,#14088),(#14089,#14090,#14091,
#14092),(#14093,#14094,#14095,#14096),(#14097,#14098,#14099,#14100),(#14101,
#14102,#14103,#14104),(#14105,#14106,#14107,#14108),(#14109,#14110,#14111,
#14112),(#14113,#14114,#14115,#14116),(#14117,#14118,#14119,#14120),(#14121,
#14122,#14123,#14124),(#14125,#14126,#14127,#14128),(#14129,#14130,#14131,
#14132),(#14133,#14134,#14135,#14136),(#14137,#14138,#14139,#14140),(#14141,
#14142,#14143,#14144),(#14145,#14146,#14147,#14148)),.UNSPECIFIED.,.F.,
 .F.,.F.)
B_SPLINE_SURFACE_WITH_KNOTS((3,2,2,2,2,2,2,2,2,2,3),(4,4),(-125.7,-120.129679141281,
-116.892068184474,-107.874852206337,-103.018435771127,-90.6519681439686,
-85.7955517087584,-76.7783357306211,-73.5407247738143,-67.9812247680882,
-64.7436138112814),(0.,2.06155281280893),.UNSPECIFIED.)
GEOMETRIC_REPRESENTATION_ITEM()
RATIONAL_B_SPLINE_SURFACE(((1.,1.,1.,1.),(1.,1.,1.,1.),(1.,1.,1.,1.),(0.707106781186547,
0.707106781186547,0.707106781186548,0.707106781186549),(1.,1.,1.,1.),(1.,
1.,1.,1.),(1.,1.,1.,1.),(0.707106781186548,0.707106781186548,0.707106781186548,
0.707106781186548),(1.,1.,1.,1.),(1.,1.,1.,1.),(1.,1.,1.,1.),(0.707106781186546,
0.707106781186547,0.707106781186547,0.707106781186548),(1.,1.,1.,1.),(1.,
1.,1.,1.),(1.,1.,1.,1.),(0.707106781186547,0.707106781186547,0.707106781186548,
0.707106781186548),(1.,1.,1.,1.),(1.,1.,1.,1.),(1.,1.,1.,1.),(0.707106781186551,
0.70710678118655,0.707106781186549,0.707106781186548),(1.,1.,1.,1.)))
REPRESENTATION_ITEM('')
SURFACE()
);
#22=TOROIDAL_SURFACE('',#6744,4.,1.);
#23=TOROIDAL_SURFACE('',#6760,4.,1.);
#24=TOROIDAL_SURFACE('',#6776,4.,1.);
#25=TOROIDAL_SURFACE('',#6792,4.,0.999999999999999);
#26=TOROIDAL_SURFACE('',#6820,3.99999999999999,1.);
#27=TOROIDAL_SURFACE('',#6832,4.,1.);
#28=TOROIDAL_SURFACE('',#6844,4.,0.999999999999999);
#29=TOROIDAL_SURFACE('',#6857,4.,1.);
#30=TOROIDAL_SURFACE('',#6863,3.99999999999999,1.);
#31=TOROIDAL_SURFACE('',#6871,4.,1.00000000000001);
#32=TOROIDAL_SURFACE('',#6880,4.,1.);
#33=TOROIDAL_SURFACE('',#6896,4.,1.);
#34=TOROIDAL_SURFACE('',#6928,4.,1.);
#35=TOROIDAL_SURFACE('',#6938,3.99999999999999,1.);
#36=TOROIDAL_SURFACE('',#6956,4.,1.);
#37=TOROIDAL_SURFACE('',#6968,4.,1.);
#38=TOROIDAL_SURFACE('',#6974,4.,1.);
#39=TOROIDAL_SURFACE('',#6981,4.,1.);
#40=TOROIDAL_SURFACE('',#7001,3.99999999999989,0.999999999999994);
#41=TOROIDAL_SURFACE('',#7006,3.99999999999992,1.);
#42=TOROIDAL_SURFACE('',#7043,4.00000000000019,1.00000000000006);
#43=TOROIDAL_SURFACE('',#7046,3.99999999999981,0.999999999999945);
#44=(
BOUNDED_CURVE()
B_SPLINE_CURVE(3,(#9743,#9744,#9745,#9746,#9747,#9748,#9749,#9750,#9751,
#9752,#9753,#9754,#9755,#9756,#9757,#9758,#9759,#9760,#9761,#9762,#9763,
#9764,#9765,#9766,#9767,#9768,#9769,#9770,#9771,#9772,#9773,#9774,#9775,
#9776,#9777,#9778,#9779,#9780,#9781),.UNSPECIFIED.,.F.,.F.)
B_SPLINE_CURVE_WITH_KNOTS((4,1,1,3,3,3,3,3,3,3,3,3,3,3,4),(0.,1.30339869975786,
2.79705895291062,3.29904387195086,5.27258012863606,10.4768368676437,13.6361023593931,
24.9993985053186,28.1586639984221,38.6169188572211,41.7761843503247,51.1282950238113,
52.7079025798823,54.2875101359533,55.8177587090298),.UNSPECIFIED.)
CURVE()
GEOMETRIC_REPRESENTATION_ITEM()
RATIONAL_B_SPLINE_CURVE((1.,1.,1.,1.,1.,1.,0.921355845856856,0.921355845856856,
1.,1.,1.,1.,0.804737854283036,0.804737854283036,1.,1.,1.,1.,0.804737854124363,
0.804737854124363,1.,1.,1.,1.,0.804737854124366,0.804737854124366,1.,1.,
1.,1.,0.949252262614822,0.949252262614822,1.,0.949252262614822,0.949252262614822,
1.,1.,1.,1.))
REPRESENTATION_ITEM('')
);
#45=(
BOUNDED_CURVE()
B_SPLINE_CURVE(3,(#9783,#9784,#9785,#9786),.UNSPECIFIED.,.F.,.F.)
B_SPLINE_CURVE_WITH_KNOTS((4,4),(55.8177587090298,55.8675831719152),
 .UNSPECIFIED.)
CURVE()
GEOMETRIC_REPRESENTATION_ITEM()
RATIONAL_B_SPLINE_CURVE((1.,1.,1.,1.))
REPRESENTATION_ITEM('')
);
#46=(
BOUNDED_CURVE()
B_SPLINE_CURVE(1,(#10030,#10031),.UNSPECIFIED.,.F.,.F.)
B_SPLINE_CURVE_WITH_KNOTS((2,2),(-2.31152455113676,0.),.UNSPECIFIED.)
CURVE()
GEOMETRIC_REPRESENTATION_ITEM()
RATIONAL_B_SPLINE_CURVE((1.,1.))
REPRESENTATION_ITEM('')
);
#47=(
BOUNDED_CURVE()
B_SPLINE_CURVE(3,(#10033,#10034,#10035,#10036),.UNSPECIFIED.,.F.,.F.)
B_SPLINE_CURVE_WITH_KNOTS((4,4),(-55.8675831719152,-55.8177587090298),
 .UNSPECIFIED.)
CURVE()
GEOMETRIC_REPRESENTATION_ITEM()
RATIONAL_B_SPLINE_CURVE((1.,1.,1.,1.))
REPRESENTATION_ITEM('')
);
#48=(
BOUNDED_CURVE()
B_SPLINE_CURVE(2,(#12779,#12780,#12781,#12782,#12783,#12784,#12785,#12786,
#12787,#12788,#12789,#12790,#12791,#12792,#12793,#12794,#12795,#12796,#12797,
#12798,#12799),.UNSPECIFIED.,.F.,.F.)
B_SPLINE_CURVE_WITH_KNOTS((3,2,2,2,2,2,2,2,2,2,3),(-125.7,-120.129679141281,
-116.892068184474,-107.874852206337,-103.018435771127,-90.6519681439686,
-85.7955517087584,-76.7783357306211,-73.5407247738143,-67.9812247680882,
-64.7436138112814),.UNSPECIFIED.)
CURVE()
GEOMETRIC_REPRESENTATION_ITEM()
RATIONAL_B_SPLINE_CURVE((1.,1.,1.,0.707106781186549,1.,1.,1.,0.707106781186548,
1.,1.,1.,0.707106781186548,1.,1.,1.,0.707106781186548,1.,1.,1.,0.707106781186548,
1.))
REPRESENTATION_ITEM('')
);
#49=(
BOUNDED_CURVE()
B_SPLINE_CURVE(3,(#13139,#13140,#13141,#13142,#13143,#13144,#13145),
 .UNSPECIFIED.,.F.,.F.)
B_SPLINE_CURVE_WITH_KNOTS((4,1,1,1,4),(0.,0.471226682874532,0.942453365749063,
1.41368004854708,1.8849067313451),.UNSPECIFIED.)
CURVE()
GEOMETRIC_REPRESENTATION_ITEM()
RATIONAL_B_SPLINE_CURVE((1.,1.,1.,0.999999999999999,0.999999999999999,1.,
1.))
REPRESENTATION_ITEM('')
);
#50=(
BOUNDED_CURVE()
B_SPLINE_CURVE(3,(#13146,#13147,#13148,#13149,#13150,#13151,#13152),
 .UNSPECIFIED.,.F.,.F.)
B_SPLINE_CURVE_WITH_KNOTS((4,1,1,1,4),(1.8849067313451,2.35613341414217,
2.82736009693923,3.29858677981376,3.76981346268829),.UNSPECIFIED.)
CURVE()
GEOMETRIC_REPRESENTATION_ITEM()
RATIONAL_B_SPLINE_CURVE((1.,1.,1.,1.,0.999999999999998,1.,1.))
REPRESENTATION_ITEM('')
);
#51=(
BOUNDED_CURVE()
B_SPLINE_CURVE(3,(#13185,#13186,#13187,#13188,#13189,#13190,#13191),
 .UNSPECIFIED.,.F.,.F.)
B_SPLINE_CURVE_WITH_KNOTS((4,1,1,1,4),(0.,0.471226682874533,0.942453365749066,
1.41368004854613,1.88490673134319),.UNSPECIFIED.)
CURVE()
GEOMETRIC_REPRESENTATION_ITEM()
RATIONAL_B_SPLINE_CURVE((1.,1.,1.,0.999999999999999,1.,1.,1.))
REPRESENTATION_ITEM('')
);
#52=(
BOUNDED_CURVE()
B_SPLINE_CURVE(3,(#13311,#13312,#13313,#13314,#13315,#13316,#13317,#13318,
#13319,#13320,#13321,#13322,#13323,#13324,#13325,#13326,#13327,#13328,#13329,
#13330,#13331,#13332,#13333,#13334,#13335,#13336,#13337,#13338,#13339,#13340,
#13341,#13342,#13343,#13344,#13345,#13346,#13347,#13348,#13349,#13350,#13351),
 .UNSPECIFIED.,.F.,.F.)
B_SPLINE_CURVE_WITH_KNOTS((4,3,3,3,3,3,3,3,3,3,3,3,1,1,1,1,4),(-55.8177587090298,
-54.2875101359533,-52.7079025798823,-51.1282950238113,-41.7761843503247,
-38.6169188572211,-28.1586639984221,-24.9993985053186,-13.6361023593931,
-10.4768368676437,-5.27258012863606,-3.29904387195086,-2.92131826121604,
-2.61296320911346,-2.05438743049496,-0.978706174275767,0.),
 .UNSPECIFIED.)
CURVE()
GEOMETRIC_REPRESENTATION_ITEM()
RATIONAL_B_SPLINE_CURVE((1.,1.,1.,1.,0.949252262614822,0.949252262614822,
1.,0.949252262614822,0.949252262614822,1.,1.,1.,1.,0.804737854124365,0.804737854124365,
1.,1.,1.,1.,0.804737854124363,0.804737854124363,1.,1.,1.,1.,0.804737854283037,
0.804737854283037,1.,1.,1.,1.,0.921355845856854,0.921355845856854,1.,1.,
1.,1.,1.,1.,1.,1.))
REPRESENTATION_ITEM('')
);
#53=(
BOUNDED_CURVE()
B_SPLINE_CURVE(2,(#13589,#13590,#13591,#13592,#13593,#13594,#13595,#13596,
#13597,#13598,#13599,#13600,#13601),.UNSPECIFIED.,.F.,.F.)
B_SPLINE_CURVE_WITH_KNOTS((3,2,2,2,2,2,3),(0.,3.23761095680681,14.8827013057155,
18.1203122625224,49.8609125055658,53.0985234623726,64.7436138112814),
 .UNSPECIFIED.)
CURVE()
GEOMETRIC_REPRESENTATION_ITEM()
RATIONAL_B_SPLINE_CURVE((1.,0.707106781186557,1.,1.,1.,0.707106781186539,
1.,1.,1.,0.707106781186544,1.,1.,1.))
REPRESENTATION_ITEM('')
);
#54=B_SPLINE_SURFACE_WITH_KNOTS('',3,3,((#9346,#9347,#9348,#9349),(#9350,
#9351,#9352,#9353),(#9354,#9355,#9356,#9357),(#9358,#9359,#9360,#9361),
(#9362,#9363,#9364,#9365)),.UNSPECIFIED.,.F.,.F.,.F.,(4,1,4),(4,4),(0.,
0.571428571428571,1.),(0.,1.),.UNSPECIFIED.);
#55=B_SPLINE_SURFACE_WITH_KNOTS('',3,3,((#9371,#9372,#9373,#9374),(#9375,
#9376,#9377,#9378),(#9379,#9380,#9381,#9382),(#9383,#9384,#9385,#9386),
(#9387,#9388,#9389,#9390)),.UNSPECIFIED.,.F.,.F.,.F.,(4,1,4),(4,4),(0.,
0.571428571428571,1.),(0.,1.),.UNSPECIFIED.);
#56=B_SPLINE_SURFACE_WITH_KNOTS('',3,3,((#9394,#9395,#9396,#9397),(#9398,
#9399,#9400,#9401),(#9402,#9403,#9404,#9405),(#9406,#9407,#9408,#9409),
(#9410,#9411,#9412,#9413)),.UNSPECIFIED.,.F.,.F.,.F.,(4,1,4),(4,4),(0.,
0.571428571428571,1.),(0.,1.),.UNSPECIFIED.);
#57=B_SPLINE_SURFACE_WITH_KNOTS('',3,3,((#9417,#9418,#9419,#9420),(#9421,
#9422,#9423,#9424),(#9425,#9426,#9427,#9428),(#9429,#9430,#9431,#9432),
(#9433,#9434,#9435,#9436)),.UNSPECIFIED.,.F.,.F.,.F.,(4,1,4),(4,4),(0.,
0.571428571428571,1.),(0.,1.),.UNSPECIFIED.);
#58=B_SPLINE_SURFACE_WITH_KNOTS('',3,3,((#9438,#9439,#9440,#9441),(#9442,
#9443,#9444,#9445),(#9446,#9447,#9448,#9449),(#9450,#9451,#9452,#9453),
(#9454,#9455,#9456,#9457)),.UNSPECIFIED.,.F.,.F.,.F.,(4,1,4),(4,4),(0.,
0.571428571428571,1.),(0.,1.),.UNSPECIFIED.);
#59=B_SPLINE_SURFACE_WITH_KNOTS('',3,3,((#9463,#9464,#9465,#9466),(#9467,
#9468,#9469,#9470),(#9471,#9472,#9473,#9474),(#9475,#9476,#9477,#9478),
(#9479,#9480,#9481,#9482)),.UNSPECIFIED.,.F.,.F.,.F.,(4,1,4),(4,4),(0.,
0.571428571428571,1.),(0.,1.),.UNSPECIFIED.);
#60=B_SPLINE_SURFACE_WITH_KNOTS('',3,3,((#9486,#9487,#9488,#9489),(#9490,
#9491,#9492,#9493),(#9494,#9495,#9496,#9497),(#9498,#9499,#9500,#9501),
(#9502,#9503,#9504,#9505)),.UNSPECIFIED.,.F.,.F.,.F.,(4,1,4),(4,4),(0.,
0.571428571428571,1.),(0.,1.),.UNSPECIFIED.);
#61=B_SPLINE_SURFACE_WITH_KNOTS('',3,3,((#9509,#9510,#9511,#9512),(#9513,
#9514,#9515,#9516),(#9517,#9518,#9519,#9520),(#9521,#9522,#9523,#9524),
(#9525,#9526,#9527,#9528)),.UNSPECIFIED.,.F.,.F.,.F.,(4,1,4),(4,4),(0.,
0.571428571428571,1.),(0.,1.),.UNSPECIFIED.);
#62=B_SPLINE_SURFACE_WITH_KNOTS('',3,3,((#9530,#9531,#9532,#9533),(#9534,
#9535,#9536,#9537),(#9538,#9539,#9540,#9541),(#9542,#9543,#9544,#9545),
(#9546,#9547,#9548,#9549)),.UNSPECIFIED.,.F.,.F.,.F.,(4,1,4),(4,4),(0.,
0.571428571428571,1.),(0.,1.),.UNSPECIFIED.);
#63=B_SPLINE_SURFACE_WITH_KNOTS('',3,3,((#9555,#9556,#9557,#9558),(#9559,
#9560,#9561,#9562),(#9563,#9564,#9565,#9566),(#9567,#9568,#9569,#9570),
(#9571,#9572,#9573,#9574)),.UNSPECIFIED.,.F.,.F.,.F.,(4,1,4),(4,4),(0.,
0.571428571428571,1.),(0.,1.),.UNSPECIFIED.);
#64=B_SPLINE_SURFACE_WITH_KNOTS('',3,3,((#9578,#9579,#9580,#9581),(#9582,
#9583,#9584,#9585),(#9586,#9587,#9588,#9589),(#9590,#9591,#9592,#9593),
(#9594,#9595,#9596,#9597)),.UNSPECIFIED.,.F.,.F.,.F.,(4,1,4),(4,4),(0.,
0.571428571428571,1.),(0.,1.),.UNSPECIFIED.);
#65=B_SPLINE_SURFACE_WITH_KNOTS('',3,3,((#9601,#9602,#9603,#9604),(#9605,
#9606,#9607,#9608),(#9609,#9610,#9611,#9612),(#9613,#9614,#9615,#9616),
(#9617,#9618,#9619,#9620)),.UNSPECIFIED.,.F.,.F.,.F.,(4,1,4),(4,4),(0.,
0.571428571428571,1.),(0.,1.),.UNSPECIFIED.);
#66=B_SPLINE_SURFACE_WITH_KNOTS('',3,3,((#10075,#10076,#10077,#10078,#10079,
#10080),(#10081,#10082,#10083,#10084,#10085,#10086),(#10087,#10088,#10089,
#10090,#10091,#10092),(#10093,#10094,#10095,#10096,#10097,#10098)),
 .UNSPECIFIED.,.F.,.F.,.F.,(4,4),(4,2,4),(0.,1.),(-0.00114929905296059,
0.,0.230651732901707),.UNSPECIFIED.);
#67=B_SPLINE_SURFACE_WITH_KNOTS('',3,3,((#10114,#10115,#10116,#10117),(#10118,
#10119,#10120,#10121),(#10122,#10123,#10124,#10125),(#10126,#10127,#10128,
#10129),(#10130,#10131,#10132,#10133)),.UNSPECIFIED.,.F.,.F.,.F.,(4,1,4),
(4,4),(-1.55431223447522E-15,0.5,1.),(-5.36029554076833E-16,0.189504712711944),
 .UNSPECIFIED.);
#68=B_SPLINE_SURFACE_WITH_KNOTS('',3,3,((#10154,#10155,#10156,#10157,#10158),
(#10159,#10160,#10161,#10162,#10163),(#10164,#10165,#10166,#10167,#10168),
(#10169,#10170,#10171,#10172,#10173),(#10174,#10175,#10176,#10177,#10178)),
 .UNSPECIFIED.,.F.,.F.,.F.,(4,1,4),(4,1,4),(-7.94503351997378E-16,0.571428571428571,
1.00000000000001),(-3.41932038239179E-12,0.240099973707364,0.560233271983411),
 .UNSPECIFIED.);
#69=B_SPLINE_SURFACE_WITH_KNOTS('',3,3,((#10226,#10227,#10228,#10229,#10230,
#10231),(#10232,#10233,#10234,#10235,#10236,#10237),(#10238,#10239,#10240,
#10241,#10242,#10243),(#10244,#10245,#10246,#10247,#10248,#10249)),
 .UNSPECIFIED.,.F.,.F.,.F.,(4,4),(4,2,4),(0.,1.),(-0.0012041264501109,0.,
0.230597508508529),.UNSPECIFIED.);
#70=B_SPLINE_SURFACE_WITH_KNOTS('',3,3,((#10265,#10266,#10267,#10268),(#10269,
#10270,#10271,#10272),(#10273,#10274,#10275,#10276),(#10277,#10278,#10279,
#10280),(#10281,#10282,#10283,#10284)),.UNSPECIFIED.,.F.,.F.,.F.,(4,1,4),
(4,4),(-1.19626530903361E-14,0.5,1.00000000000006),(1.69655955950532E-15,
0.189504712711943),.UNSPECIFIED.);
#71=B_SPLINE_SURFACE_WITH_KNOTS('',3,3,((#10305,#10306,#10307,#10308,#10309),
(#10310,#10311,#10312,#10313,#10314),(#10315,#10316,#10317,#10318,#10319),
(#10320,#10321,#10322,#10323,#10324),(#10325,#10326,#10327,#10328,#10329)),
 .UNSPECIFIED.,.F.,.F.,.F.,(4,1,4),(4,1,4),(-4.24313362223927E-15,0.571428571428571,
1.00000000000006),(-3.40966838097145E-12,0.240099973707362,0.560233271983408),
 .UNSPECIFIED.);
#72=B_SPLINE_SURFACE_WITH_KNOTS('',3,3,((#10376,#10377,#10378,#10379,#10380,
#10381),(#10382,#10383,#10384,#10385,#10386,#10387),(#10388,#10389,#10390,
#10391,#10392,#10393),(#10394,#10395,#10396,#10397,#10398,#10399)),
 .UNSPECIFIED.,.F.,.F.,.F.,(4,4),(4,2,4),(0.,1.),(-0.0011492990535036,0.,
0.230651732901167),.UNSPECIFIED.);
#73=B_SPLINE_SURFACE_WITH_KNOTS('',3,3,((#10415,#10416,#10417,#10418),(#10419,
#10420,#10421,#10422),(#10423,#10424,#10425,#10426),(#10427,#10428,#10429,
#10430),(#10431,#10432,#10433,#10434)),.UNSPECIFIED.,.F.,.F.,.F.,(4,1,4),
(4,4),(0.,0.5,1.),(2.14846643059326E-15,0.189504712711961),
 .UNSPECIFIED.);
#74=B_SPLINE_SURFACE_WITH_KNOTS('',3,3,((#10455,#10456,#10457,#10458,#10459),
(#10460,#10461,#10462,#10463,#10464),(#10465,#10466,#10467,#10468,#10469),
(#10470,#10471,#10472,#10473,#10474),(#10475,#10476,#10477,#10478,#10479)),
 .UNSPECIFIED.,.F.,.F.,.F.,(4,1,4),(4,1,4),(-6.37684349769074E-14,0.571428571428571,
1.00000000000008),(-3.41948344639853E-12,0.320133298276366,0.560233271983396),
 .UNSPECIFIED.);
#75=B_SPLINE_SURFACE_WITH_KNOTS('',3,3,((#10495,#10496,#10497,#10498,#10499,
#10500),(#10501,#10502,#10503,#10504,#10505,#10506),(#10507,#10508,#10509,
#10510,#10511,#10512),(#10513,#10514,#10515,#10516,#10517,#10518)),
 .UNSPECIFIED.,.F.,.F.,.F.,(4,4),(4,2,4),(0.,1.),(-0.00120412644987999,
0.,0.23059750850876),.UNSPECIFIED.);
#76=B_SPLINE_SURFACE_WITH_KNOTS('',3,3,((#10534,#10535,#10536,#10537),(#10538,
#10539,#10540,#10541),(#10542,#10543,#10544,#10545),(#10546,#10547,#10548,
#10549),(#10550,#10551,#10552,#10553)),.UNSPECIFIED.,.F.,.F.,.F.,(4,1,4),
(4,4),(0.,0.5,1.00000000000001),(1.7503359872606E-15,0.189504712711929),
 .UNSPECIFIED.);
#77=B_SPLINE_SURFACE_WITH_KNOTS('',3,3,((#10574,#10575,#10576,#10577,#10578),
(#10579,#10580,#10581,#10582,#10583),(#10584,#10585,#10586,#10587,#10588),
(#10589,#10590,#10591,#10592,#10593),(#10594,#10595,#10596,#10597,#10598)),
 .UNSPECIFIED.,.F.,.F.,.F.,(4,1,4),(4,1,4),(0.,0.571428571428571,1.00000000000006),
(-3.40873163029443E-12,0.320133298276381,0.560233271983421),
 .UNSPECIFIED.);
#78=B_SPLINE_SURFACE_WITH_KNOTS('',3,3,((#10613,#10614,#10615,#10616,#10617,
#10618),(#10619,#10620,#10621,#10622,#10623,#10624),(#10625,#10626,#10627,
#10628,#10629,#10630),(#10631,#10632,#10633,#10634,#10635,#10636)),
 .UNSPECIFIED.,.F.,.F.,.F.,(4,4),(4,2,4),(0.,1.),(-0.00116882270859838,
0.,0.230632424002065),.UNSPECIFIED.);
#79=B_SPLINE_SURFACE_WITH_KNOTS('',3,3,((#10652,#10653,#10654,#10655),(#10656,
#10657,#10658,#10659),(#10660,#10661,#10662,#10663),(#10664,#10665,#10666,
#10667),(#10668,#10669,#10670,#10671)),.UNSPECIFIED.,.F.,.F.,.F.,(4,1,4),
(4,4),(-9.69710423071035E-15,0.5,1.),(-6.76542155630955E-16,0.189504712711946),
 .UNSPECIFIED.);
#80=B_SPLINE_SURFACE_WITH_KNOTS('',3,3,((#10692,#10693,#10694,#10695,#10696),
(#10697,#10698,#10699,#10700,#10701),(#10702,#10703,#10704,#10705,#10706),
(#10707,#10708,#10709,#10710,#10711),(#10712,#10713,#10714,#10715,#10716)),
 .UNSPECIFIED.,.F.,.F.,.F.,(4,1,4),(4,1,4),(-6.15826833971767E-14,0.571428571428571,
1.),(-3.40975511714525E-12,0.240099973707362,0.560233271983408),
 .UNSPECIFIED.);
#81=B_SPLINE_SURFACE_WITH_KNOTS('',3,3,((#10764,#10765,#10766,#10767,#10768,
#10769),(#10770,#10771,#10772,#10773,#10774,#10775),(#10776,#10777,#10778,
#10779,#10780,#10781),(#10782,#10783,#10784,#10785,#10786,#10787)),
 .UNSPECIFIED.,.F.,.F.,.F.,(4,4),(4,2,4),(0.,1.),(-0.00120412645074291,
0.,0.230597508507897),.UNSPECIFIED.);
#82=B_SPLINE_SURFACE_WITH_KNOTS('',3,3,((#10803,#10804,#10805,#10806),(#10807,
#10808,#10809,#10810),(#10811,#10812,#10813,#10814),(#10815,#10816,#10817,
#10818),(#10819,#10820,#10821,#10822)),.UNSPECIFIED.,.F.,.F.,.F.,(4,1,4),
(4,4),(-3.98986399474666E-15,0.5,1.00000000000001),(8.41340885848751E-16,
0.18950471271193),.UNSPECIFIED.);
#83=B_SPLINE_SURFACE_WITH_KNOTS('',3,3,((#10843,#10844,#10845,#10846,#10847),
(#10848,#10849,#10850,#10851,#10852),(#10853,#10854,#10855,#10856,#10857),
(#10858,#10859,#10860,#10861,#10862),(#10863,#10864,#10865,#10866,#10867)),
 .UNSPECIFIED.,.F.,.F.,.F.,(4,1,4),(4,1,4),(0.,0.571428571428571,1.00000000000006),
(-3.40914102503476E-12,0.24009997370737,0.560233271983427),
 .UNSPECIFIED.);
#84=B_SPLINE_SURFACE_WITH_KNOTS('',3,3,((#10914,#10915,#10916,#10917,#10918,
#10919),(#10920,#10921,#10922,#10923,#10924,#10925),(#10926,#10927,#10928,
#10929,#10930,#10931),(#10932,#10933,#10934,#10935,#10936,#10937)),
 .UNSPECIFIED.,.F.,.F.,.F.,(4,4),(4,2,4),(0.,1.),(-0.00114924473597792,
0.,0.230651786621219),.UNSPECIFIED.);
#85=B_SPLINE_SURFACE_WITH_KNOTS('',3,3,((#10953,#10954,#10955,#10956),(#10957,
#10958,#10959,#10960),(#10961,#10962,#10963,#10964),(#10965,#10966,#10967,
#10968),(#10969,#10970,#10971,#10972)),.UNSPECIFIED.,.F.,.F.,.F.,(4,1,4),
(4,4),(0.,0.5,1.),(2.51672212770439E-15,0.189504712711937),
 .UNSPECIFIED.);
#86=B_SPLINE_SURFACE_WITH_KNOTS('',3,3,((#10993,#10994,#10995,#10996,#10997),
(#10998,#10999,#11000,#11001,#11002),(#11003,#11004,#11005,#11006,#11007),
(#11008,#11009,#11010,#11011,#11012),(#11013,#11014,#11015,#11016,#11017)),
 .UNSPECIFIED.,.F.,.F.,.F.,(4,1,4),(4,1,4),(-6.92154666914746E-14,0.571428571428571,
1.),(-3.41098330136624E-12,0.240099973707353,0.560233271983388),
 .UNSPECIFIED.);
#87=B_SPLINE_SURFACE_WITH_KNOTS('',3,3,((#11065,#11066,#11067,#11068,#11069,
#11070),(#11071,#11072,#11073,#11074,#11075,#11076),(#11077,#11078,#11079,
#11080,#11081,#11082),(#11083,#11084,#11085,#11086,#11087,#11088)),
 .UNSPECIFIED.,.F.,.F.,.F.,(4,4),(4,2,4),(0.,1.),(-0.00120408271279978,
0.,0.23059755176498),.UNSPECIFIED.);
#88=B_SPLINE_SURFACE_WITH_KNOTS('',3,3,((#11104,#11105,#11106,#11107),(#11108,
#11109,#11110,#11111),(#11112,#11113,#11114,#11115),(#11116,#11117,#11118,
#11119),(#11120,#11121,#11122,#11123)),.UNSPECIFIED.,.F.,.F.,.F.,(4,1,4),
(4,4),(-2.65967803336764E-14,0.5,1.),(2.22639079620392E-17,0.189504712711921),
 .UNSPECIFIED.);
#89=B_SPLINE_SURFACE_WITH_KNOTS('',3,3,((#11144,#11145,#11146,#11147,#11148),
(#11149,#11150,#11151,#11152,#11153),(#11154,#11155,#11156,#11157,#11158),
(#11159,#11160,#11161,#11162,#11163),(#11164,#11165,#11166,#11167,#11168)),
 .UNSPECIFIED.,.F.,.F.,.F.,(4,1,4),(4,1,4),(0.,0.571428571428571,1.00000000000013),
(-3.40961980871413E-12,0.320133298276365,0.560233271983392),
 .UNSPECIFIED.);
#90=B_SPLINE_SURFACE_WITH_KNOTS('',3,3,((#11183,#11184,#11185,#11186,#11187,
#11188),(#11189,#11190,#11191,#11192,#11193,#11194),(#11195,#11196,#11197,
#11198,#11199,#11200),(#11201,#11202,#11203,#11204,#11205,#11206)),
 .UNSPECIFIED.,.F.,.F.,.F.,(4,4),(4,2,4),(0.,1.),(-0.00120412645023485,
0.,0.2305975085084),.UNSPECIFIED.);
#91=B_SPLINE_SURFACE_WITH_KNOTS('',3,3,((#11222,#11223,#11224,#11225),(#11226,
#11227,#11228,#11229),(#11230,#11231,#11232,#11233),(#11234,#11235,#11236,
#11237),(#11238,#11239,#11240,#11241)),.UNSPECIFIED.,.F.,.F.,.F.,(4,1,4),
(4,4),(-6.81295297955131E-14,0.5,1.00000000000001),(-9.99374194510239E-15,
0.189504712711952),.UNSPECIFIED.);
#92=B_SPLINE_SURFACE_WITH_KNOTS('',3,3,((#11262,#11263,#11264,#11265,#11266),
(#11267,#11268,#11269,#11270,#11271),(#11272,#11273,#11274,#11275,#11276),
(#11277,#11278,#11279,#11280,#11281),(#11282,#11283,#11284,#11285,#11286)),
 .UNSPECIFIED.,.F.,.F.,.F.,(4,1,4),(4,1,4),(0.,0.571428571428571,1.),(-3.40891898042983E-12,
0.320133298276369,0.5602332719834),.UNSPECIFIED.);
#93=B_SPLINE_SURFACE_WITH_KNOTS('',3,3,((#11391,#11392,#11393,#11394,#11395,
#11396),(#11397,#11398,#11399,#11400,#11401,#11402),(#11403,#11404,#11405,
#11406,#11407,#11408),(#11409,#11410,#11411,#11412,#11413,#11414)),
 .UNSPECIFIED.,.F.,.F.,.F.,(4,4),(4,2,4),(0.,1.),(-0.00114929905136068,
0.,0.230651732903288),.UNSPECIFIED.);
#94=B_SPLINE_SURFACE_WITH_KNOTS('',3,3,((#11430,#11431,#11432,#11433),(#11434,
#11435,#11436,#11437),(#11438,#11439,#11440,#11441),(#11442,#11443,#11444,
#11445),(#11446,#11447,#11448,#11449)),.UNSPECIFIED.,.F.,.F.,.F.,(4,1,4),
(4,4),(0.,0.5,1.00000000000003),(-5.63785129692462E-16,0.189504712711968),
 .UNSPECIFIED.);
#95=B_SPLINE_SURFACE_WITH_KNOTS('',3,3,((#11470,#11471,#11472,#11473,#11474),
(#11475,#11476,#11477,#11478,#11479),(#11480,#11481,#11482,#11483,#11484),
(#11485,#11486,#11487,#11488,#11489),(#11490,#11491,#11492,#11493,#11494)),
 .UNSPECIFIED.,.F.,.F.,.F.,(4,1,4),(4,1,4),(0.,0.571428571428571,1.00000000000001),
(-3.41079595123084E-12,0.240099973707357,0.560233271983397),
 .UNSPECIFIED.);
#96=B_SPLINE_SURFACE_WITH_KNOTS('',3,3,((#11542,#11543,#11544,#11545,#11546,
#11547),(#11548,#11549,#11550,#11551,#11552,#11553),(#11554,#11555,#11556,
#11557,#11558,#11559),(#11560,#11561,#11562,#11563,#11564,#11565)),
 .UNSPECIFIED.,.F.,.F.,.F.,(4,4),(4,2,4),(0.,1.),(-0.00116882270788227,
0.,0.230632424002766),.UNSPECIFIED.);
#97=B_SPLINE_SURFACE_WITH_KNOTS('',3,3,((#11581,#11582,#11583,#11584),(#11585,
#11586,#11587,#11588),(#11589,#11590,#11591,#11592),(#11593,#11594,#11595,
#11596),(#11597,#11598,#11599,#11600)),.UNSPECIFIED.,.F.,.F.,.F.,(4,1,4),
(4,4),(0.,0.5,1.00000000000001),(0.,0.189504712711968),.UNSPECIFIED.);
#98=B_SPLINE_SURFACE_WITH_KNOTS('',3,3,((#11621,#11622,#11623,#11624,#11625),
(#11626,#11627,#11628,#11629,#11630),(#11631,#11632,#11633,#11634,#11635),
(#11636,#11637,#11638,#11639,#11640),(#11641,#11642,#11643,#11644,#11645)),
 .UNSPECIFIED.,.F.,.F.,.F.,(4,1,4),(4,1,4),(0.,0.571428571428571,1.00000000000008),
(-3.41626379962712E-12,0.24009997370736,0.560233271983404),
 .UNSPECIFIED.);
#99=B_SPLINE_SURFACE_WITH_KNOTS('',3,3,((#11693,#11694,#11695,#11696,#11697,
#11698),(#11699,#11700,#11701,#11702,#11703,#11704),(#11705,#11706,#11707,
#11708,#11709,#11710),(#11711,#11712,#11713,#11714,#11715,#11716)),
 .UNSPECIFIED.,.F.,.F.,.F.,(4,4),(4,2,4),(0.,1.),(-0.00120412645115915,
0.,0.23059750850745),.UNSPECIFIED.);
#100=B_SPLINE_SURFACE_WITH_KNOTS('',3,3,((#11732,#11733,#11734,#11735),
(#11736,#11737,#11738,#11739),(#11740,#11741,#11742,#11743),(#11744,#11745,
#11746,#11747),(#11748,#11749,#11750,#11751)),.UNSPECIFIED.,.F.,.F.,.F.,
(4,1,4),(4,4),(-8.84362028052976E-15,0.5,1.0000000000001),(1.15879528195251E-15,
0.189504712711983),.UNSPECIFIED.);
#101=B_SPLINE_SURFACE_WITH_KNOTS('',3,3,((#11772,#11773,#11774,#11775,#11776),
(#11777,#11778,#11779,#11780,#11781),(#11782,#11783,#11784,#11785,#11786),
(#11787,#11788,#11789,#11790,#11791),(#11792,#11793,#11794,#11795,#11796)),
 .UNSPECIFIED.,.F.,.F.,.F.,(4,1,4),(4,1,4),(-1.47173939701872E-14,0.571428571428571,
1.),(-3.4093977641092E-12,0.320133298276367,0.560233271983397),
 .UNSPECIFIED.);
#102=B_SPLINE_SURFACE_WITH_KNOTS('',3,3,((#11811,#11812,#11813,#11814,#11815,
#11816),(#11817,#11818,#11819,#11820,#11821,#11822),(#11823,#11824,#11825,
#11826,#11827,#11828),(#11829,#11830,#11831,#11832,#11833,#11834)),
 .UNSPECIFIED.,.F.,.F.,.F.,(4,4),(4,2,4),(0.,1.),(-0.00114929905104541,
0.,0.230651732903599),.UNSPECIFIED.);
#103=B_SPLINE_SURFACE_WITH_KNOTS('',3,3,((#11850,#11851,#11852,#11853),
(#11854,#11855,#11856,#11857),(#11858,#11859,#11860,#11861),(#11862,#11863,
#11864,#11865),(#11866,#11867,#11868,#11869)),.UNSPECIFIED.,.F.,.F.,.F.,
(4,1,4),(4,4),(0.,0.5,1.00000000000007),(-1.03528297046296E-14,0.189504712711971),
 .UNSPECIFIED.);
#104=B_SPLINE_SURFACE_WITH_KNOTS('',3,3,((#11890,#11891,#11892,#11893,#11894),
(#11895,#11896,#11897,#11898,#11899),(#11900,#11901,#11902,#11903,#11904),
(#11905,#11906,#11907,#11908,#11909),(#11910,#11911,#11912,#11913,#11914)),
 .UNSPECIFIED.,.F.,.F.,.F.,(4,1,4),(4,1,4),(0.,0.571428571428571,1.00000000000006),
(-3.40953654198728E-12,0.320133298276365,0.560233271983393),
 .UNSPECIFIED.);
#105=B_SPLINE_SURFACE_WITH_KNOTS('',3,3,((#11930,#11931,#11932,#11933,#11934,
#11935),(#11936,#11937,#11938,#11939,#11940,#11941),(#11942,#11943,#11944,
#11945,#11946,#11947),(#11948,#11949,#11950,#11951,#11952,#11953)),
 .UNSPECIFIED.,.F.,.F.,.F.,(4,4),(4,2,4),(0.,1.),(-0.00120412645104001,
0.,0.230597508507568),.UNSPECIFIED.);
#106=B_SPLINE_SURFACE_WITH_KNOTS('',3,3,((#11969,#11970,#11971,#11972),
(#11973,#11974,#11975,#11976),(#11977,#11978,#11979,#11980),(#11981,#11982,
#11983,#11984),(#11985,#11986,#11987,#11988)),.UNSPECIFIED.,.F.,.F.,.F.,
(4,1,4),(4,4),(0.,0.5,1.0000000000001),(-1.84227633148737E-15,0.189504712711984),
 .UNSPECIFIED.);
#107=B_SPLINE_SURFACE_WITH_KNOTS('',3,3,((#12009,#12010,#12011,#12012,#12013),
(#12014,#12015,#12016,#12017,#12018),(#12019,#12020,#12021,#12022,#12023),
(#12024,#12025,#12026,#12027,#12028),(#12029,#12030,#12031,#12032,#12033)),
 .UNSPECIFIED.,.F.,.F.,.F.,(4,1,4),(4,1,4),(0.,0.571428571428571,1.),(-3.40928674180674E-12,
0.320133298276365,0.560233271983393),.UNSPECIFIED.);
#108=B_SPLINE_SURFACE_WITH_KNOTS('',3,3,((#12048,#12049,#12050,#12051,#12052,
#12053),(#12054,#12055,#12056,#12057,#12058,#12059),(#12060,#12061,#12062,
#12063,#12064,#12065),(#12066,#12067,#12068,#12069,#12070,#12071)),
 .UNSPECIFIED.,.F.,.F.,.F.,(4,4),(4,2,4),(0.,1.),(-0.00120408271811239,
0.,0.230597551759618),.UNSPECIFIED.);
#109=B_SPLINE_SURFACE_WITH_KNOTS('',3,3,((#12087,#12088,#12089,#12090),
(#12091,#12092,#12093,#12094),(#12095,#12096,#12097,#12098),(#12099,#12100,
#12101,#12102),(#12103,#12104,#12105,#12106)),.UNSPECIFIED.,.F.,.F.,.F.,
(4,1,4),(4,4),(0.,0.5,1.),(-1.06165076729781E-15,0.189504712711982),
 .UNSPECIFIED.);
#110=B_SPLINE_SURFACE_WITH_KNOTS('',3,3,((#12127,#12128,#12129,#12130,#12131),
(#12132,#12133,#12134,#12135,#12136),(#12137,#12138,#12139,#12140,#12141),
(#12142,#12143,#12144,#12145,#12146),(#12147,#12148,#12149,#12150,#12151)),
 .UNSPECIFIED.,.F.,.F.,.F.,(4,1,4),(4,1,4),(-1.24553145575135E-14,0.571428571428571,
1.),(-3.40872816084747E-12,0.240099973707355,0.560233271983392),
 .UNSPECIFIED.);
#111=B_SPLINE_SURFACE_WITH_KNOTS('',3,3,((#12198,#12199,#12200,#12201,#12202,
#12203),(#12204,#12205,#12206,#12207,#12208,#12209),(#12210,#12211,#12212,
#12213,#12214,#12215),(#12216,#12217,#12218,#12219,#12220,#12221)),
 .UNSPECIFIED.,.F.,.F.,.F.,(4,4),(4,2,4),(0.,1.),(-0.00120396564888272,
0.,0.230597667541617),.UNSPECIFIED.);
#112=B_SPLINE_SURFACE_WITH_KNOTS('',3,3,((#12237,#12238,#12239,#12240),
(#12241,#12242,#12243,#12244),(#12245,#12246,#12247,#12248),(#12249,#12250,
#12251,#12252),(#12253,#12254,#12255,#12256)),.UNSPECIFIED.,.F.,.F.,.F.,
(4,1,4),(4,4),(-2.74086309204336E-15,0.5,1.),(-3.56659146660832E-15,0.189504712711976),
 .UNSPECIFIED.);
#113=B_SPLINE_SURFACE_WITH_KNOTS('',3,3,((#12277,#12278,#12279,#12280,#12281),
(#12282,#12283,#12284,#12285,#12286),(#12287,#12288,#12289,#12290,#12291),
(#12292,#12293,#12294,#12295,#12296),(#12297,#12298,#12299,#12300,#12301)),
 .UNSPECIFIED.,.F.,.F.,.F.,(4,1,4),(4,1,4),(-3.88578058618805E-16,0.571428571428571,
1.),(-3.42034039979566E-12,0.320133298276354,0.560233271983373),
 .UNSPECIFIED.);
#114=B_SPLINE_SURFACE_WITH_KNOTS('',3,3,((#12368,#12369,#12370,#12371,#12372,
#12373),(#12374,#12375,#12376,#12377,#12378,#12379),(#12380,#12381,#12382,
#12383,#12384,#12385),(#12386,#12387,#12388,#12389,#12390,#12391)),
 .UNSPECIFIED.,.F.,.F.,.F.,(4,4),(4,2,4),(0.,1.),(-0.00114929956754943,
0.,0.230651732392828),.UNSPECIFIED.);
#115=B_SPLINE_SURFACE_WITH_KNOTS('',3,3,((#12400,#12401,#12402,#12403),
(#12404,#12405,#12406,#12407),(#12408,#12409,#12410,#12411),(#12412,#12413,
#12414,#12415),(#12416,#12417,#12418,#12419)),.UNSPECIFIED.,.F.,.F.,.F.,
(4,1,4),(4,4),(0.,0.5,1.00000000000004),(-1.66533453693773E-16,0.189504712711961),
 .UNSPECIFIED.);
#116=B_SPLINE_SURFACE_WITH_KNOTS('',3,3,((#12432,#12433,#12434,#12435,#12436),
(#12437,#12438,#12439,#12440,#12441),(#12442,#12443,#12444,#12445,#12446),
(#12447,#12448,#12449,#12450,#12451),(#12452,#12453,#12454,#12455,#12456)),
 .UNSPECIFIED.,.F.,.F.,.F.,(4,1,4),(4,1,4),(0.,0.571428571428571,1.),(-3.41954936589062E-12,
0.240099973707349,0.560233271983377),.UNSPECIFIED.);
#117=B_SPLINE_SURFACE_WITH_KNOTS('',3,3,((#12468,#12469,#12470,#12471,#12472,
#12473),(#12474,#12475,#12476,#12477,#12478,#12479),(#12480,#12481,#12482,
#12483,#12484,#12485),(#12486,#12487,#12488,#12489,#12490,#12491)),
 .UNSPECIFIED.,.F.,.F.,.F.,(4,4),(4,2,4),(0.,1.),(-0.000963745087444523,
0.,0.230835244129362),.UNSPECIFIED.);
#118=B_SPLINE_SURFACE_WITH_KNOTS('',3,3,((#12507,#12508,#12509,#12510),
(#12511,#12512,#12513,#12514),(#12515,#12516,#12517,#12518),(#12519,#12520,
#12521,#12522),(#12523,#12524,#12525,#12526)),.UNSPECIFIED.,.F.,.F.,.F.,
(4,1,4),(4,4),(0.,0.5,1.00000000000001),(0.,0.189504712711993),
 .UNSPECIFIED.);
#119=B_SPLINE_SURFACE_WITH_KNOTS('',3,3,((#12547,#12548,#12549,#12550,#12551),
(#12552,#12553,#12554,#12555,#12556),(#12557,#12558,#12559,#12560,#12561),
(#12562,#12563,#12564,#12565,#12566),(#12567,#12568,#12569,#12570,#12571)),
 .UNSPECIFIED.,.F.,.F.,.F.,(4,1,4),(4,1,4),(0.,0.571428571428571,1.),(-3.41834199835134E-12,
0.320133298276357,0.560233271983379),.UNSPECIFIED.);
#120=B_SPLINE_CURVE_WITH_KNOTS('',3,(#9144,#9145,#9146,#9147,#9148,#9149),
 .UNSPECIFIED.,.F.,.F.,(4,2,4),(0.834272028440882,0.892885582381502,1.13576696512202),
 .UNSPECIFIED.);
#121=B_SPLINE_CURVE_WITH_KNOTS('',3,(#9153,#9154,#9155,#9156,#9157,#9158,
#9159,#9160,#9161,#9162,#9163,#9164,#9165,#9166,#9167,#9168,#9169,#9170),
 .UNSPECIFIED.,.F.,.F.,(4,2,2,2,2,2,2,2,4),(2.32905265704695,2.41666608801285,
2.58580451636993,2.71633348522736,2.84686245408479,2.97739142294223,3.10792039179966,
3.27705882015674,3.36467225112264),.UNSPECIFIED.);
#122=B_SPLINE_CURVE_WITH_KNOTS('',3,(#9173,#9174,#9175,#9176,#9177,#9178),
 .UNSPECIFIED.,.F.,.F.,(4,2,4),(1.13576696512202,1.37864834786254,1.43726190180319),
 .UNSPECIFIED.);
#123=B_SPLINE_CURVE_WITH_KNOTS('',3,(#9266,#9267,#9268,#9269,#9270),
 .UNSPECIFIED.,.F.,.F.,(4,1,4),(-1.,-0.571428571428571,0.),
 .UNSPECIFIED.);
#124=B_SPLINE_CURVE_WITH_KNOTS('',3,(#9272,#9273,#9274,#9275,#9276),
 .UNSPECIFIED.,.F.,.F.,(4,1,4),(-1.,-0.571428571428571,0.),
 .UNSPECIFIED.);
#125=B_SPLINE_CURVE_WITH_KNOTS('',3,(#9278,#9279,#9280,#9281,#9282),
 .UNSPECIFIED.,.F.,.F.,(4,1,4),(-1.,-0.571428571428571,0.),
 .UNSPECIFIED.);
#126=B_SPLINE_CURVE_WITH_KNOTS('',3,(#9283,#9284,#9285,#9286,#9287),
 .UNSPECIFIED.,.F.,.F.,(4,1,4),(-1.,-0.571428571428571,0.),
 .UNSPECIFIED.);
#127=B_SPLINE_CURVE_WITH_KNOTS('',3,(#9290,#9291,#9292,#9293,#9294),
 .UNSPECIFIED.,.F.,.F.,(4,1,4),(-1.,-0.571428571428571,0.),
 .UNSPECIFIED.);
#128=B_SPLINE_CURVE_WITH_KNOTS('',3,(#9296,#9297,#9298,#9299,#9300),
 .UNSPECIFIED.,.F.,.F.,(4,1,4),(-1.,-0.571428571428571,0.),
 .UNSPECIFIED.);
#129=B_SPLINE_CURVE_WITH_KNOTS('',3,(#9302,#9303,#9304,#9305,#9306),
 .UNSPECIFIED.,.F.,.F.,(4,1,4),(-1.,-0.571428571428571,0.),
 .UNSPECIFIED.);
#130=B_SPLINE_CURVE_WITH_KNOTS('',3,(#9307,#9308,#9309,#9310,#9311),
 .UNSPECIFIED.,.F.,.F.,(4,1,4),(-1.,-0.571428571428571,0.),
 .UNSPECIFIED.);
#131=B_SPLINE_CURVE_WITH_KNOTS('',3,(#9314,#9315,#9316,#9317,#9318),
 .UNSPECIFIED.,.F.,.F.,(4,1,4),(-1.,-0.571428571428571,0.),
 .UNSPECIFIED.);
#132=B_SPLINE_CURVE_WITH_KNOTS('',3,(#9320,#9321,#9322,#9323,#9324),
 .UNSPECIFIED.,.F.,.F.,(4,1,4),(-1.,-0.571428571428571,0.),
 .UNSPECIFIED.);
#133=B_SPLINE_CURVE_WITH_KNOTS('',3,(#9326,#9327,#9328,#9329,#9330),
 .UNSPECIFIED.,.F.,.F.,(4,1,4),(-1.,-0.571428571428571,0.),
 .UNSPECIFIED.);
#134=B_SPLINE_CURVE_WITH_KNOTS('',3,(#9331,#9332,#9333,#9334,#9335),
 .UNSPECIFIED.,.F.,.F.,(4,1,4),(-1.,-0.571428571428571,0.),
 .UNSPECIFIED.);
#135=B_SPLINE_CURVE_WITH_KNOTS('',3,(#10102,#10103,#10104,#10105,#10106,
#10107),.UNSPECIFIED.,.F.,.F.,(4,2,4),(-0.230651732901707,2.25514051876985E-17,
0.00114929905296059),.UNSPECIFIED.);
#136=B_SPLINE_CURVE_WITH_KNOTS('',3,(#10108,#10109,#10110,#10111,#10112,
#10113),.UNSPECIFIED.,.F.,.F.,(4,2,4),(-0.00114929905296059,-6.50521303491303E-19,
0.230651732901707),.UNSPECIFIED.);
#137=B_SPLINE_CURVE_WITH_KNOTS('',3,(#10137,#10138,#10139,#10140),
 .UNSPECIFIED.,.F.,.F.,(4,4),(0.,1.55188065929565),.UNSPECIFIED.);
#138=B_SPLINE_CURVE_WITH_KNOTS('',3,(#10141,#10142,#10143,#10144),
 .UNSPECIFIED.,.F.,.F.,(4,4),(0.,1.62426204761538),.UNSPECIFIED.);
#139=B_SPLINE_CURVE_WITH_KNOTS('',3,(#10179,#10180,#10181,#10182,#10183),
 .UNSPECIFIED.,.F.,.F.,(4,1,4),(0.,3.0903972765456,5.40819523395482),
 .UNSPECIFIED.);
#140=B_SPLINE_CURVE_WITH_KNOTS('',3,(#10184,#10185,#10186,#10187,#10188,
#10189,#10190,#10191,#10192,#10193,#10194,#10195,#10196,#10197,#10198,#10199,
#10200,#10201,#10202,#10203,#10204,#10205,#10206,#10207,#10208,#10209,#10210,
#10211,#10212,#10213,#10214,#10215,#10216,#10217,#10218,#10219,#10220),
 .UNSPECIFIED.,.F.,.F.,(4,3,3,3,3,3,3,3,3,3,3,3,4),(0.,0.385880868982669,
0.771245249169327,1.15616037185659,1.5408179633088,1.92534403269876,2.04368768503664,
2.48926379604736,2.93465379886363,3.39314149876302,3.83832824453682,4.303466421499,
4.76860459846118),.UNSPECIFIED.);
#141=B_SPLINE_CURVE_WITH_KNOTS('',3,(#10253,#10254,#10255,#10256,#10257,
#10258),.UNSPECIFIED.,.F.,.F.,(4,2,4),(-0.230597508508529,1.32272665043232E-17,
0.0012041264501109),.UNSPECIFIED.);
#142=B_SPLINE_CURVE_WITH_KNOTS('',3,(#10259,#10260,#10261,#10262,#10263,
#10264),.UNSPECIFIED.,.F.,.F.,(4,2,4),(-0.0012041264501109,-4.33680868994202E-19,
0.230597508508529),.UNSPECIFIED.);
#143=B_SPLINE_CURVE_WITH_KNOTS('',3,(#10288,#10289,#10290,#10291),
 .UNSPECIFIED.,.F.,.F.,(4,4),(0.,1.62426204761537),.UNSPECIFIED.);
#144=B_SPLINE_CURVE_WITH_KNOTS('',3,(#10292,#10293,#10294,#10295),
 .UNSPECIFIED.,.F.,.F.,(4,4),(0.,1.55188065929565),.UNSPECIFIED.);
#145=B_SPLINE_CURVE_WITH_KNOTS('',3,(#10330,#10331,#10332,#10333,#10334,
#10335,#10336,#10337,#10338,#10339,#10340,#10341,#10342,#10343,#10344,#10345,
#10346,#10347,#10348,#10349,#10350,#10351,#10352,#10353,#10354,#10355,#10356,
#10357,#10358,#10359,#10360,#10361,#10362,#10363,#10364,#10365,#10366),
 .UNSPECIFIED.,.F.,.F.,(4,3,3,3,3,3,3,3,3,3,3,3,4),(0.,0.445179103236729,
0.890319571992781,1.34896664965454,1.79426790916382,2.25958789590181,2.7249078826398,
3.10949788871498,3.49417153154276,3.87926514960176,4.26460684892355,4.65055321585127,
4.76858879458791),.UNSPECIFIED.);
#146=B_SPLINE_CURVE_WITH_KNOTS('',3,(#10367,#10368,#10369,#10370,#10371),
 .UNSPECIFIED.,.F.,.F.,(4,1,4),(0.,2.31778154880877,5.40815694722046),
 .UNSPECIFIED.);
#147=B_SPLINE_CURVE_WITH_KNOTS('',3,(#10403,#10404,#10405,#10406,#10407,
#10408),.UNSPECIFIED.,.F.,.F.,(4,2,4),(-0.230651732901167,1.56125112837913E-17,
0.0011492990535036),.UNSPECIFIED.);
#148=B_SPLINE_CURVE_WITH_KNOTS('',3,(#10409,#10410,#10411,#10412,#10413,
#10414),.UNSPECIFIED.,.F.,.F.,(4,2,4),(-0.0011492990535036,2.38524477946811E-18,
0.230651732901167),.UNSPECIFIED.);
#149=B_SPLINE_CURVE_WITH_KNOTS('',3,(#10438,#10439,#10440,#10441),
 .UNSPECIFIED.,.F.,.F.,(4,4),(0.,1.55188065929577),.UNSPECIFIED.);
#150=B_SPLINE_CURVE_WITH_KNOTS('',3,(#10442,#10443,#10444,#10445),
 .UNSPECIFIED.,.F.,.F.,(4,4),(0.,1.62426204761551),.UNSPECIFIED.);
#151=B_SPLINE_CURVE_WITH_KNOTS('',3,(#10480,#10481,#10482,#10483,#10484),
 .UNSPECIFIED.,.F.,.F.,(4,1,4),(0.,2.31802807261949,5.40873216944547),
 .UNSPECIFIED.);
#152=B_SPLINE_CURVE_WITH_KNOTS('',3,(#10485,#10486,#10487,#10488,#10489),
 .UNSPECIFIED.,.F.,.F.,(4,1,4),(0.,2.72538367354083,4.76942142872027),
 .UNSPECIFIED.);
#153=B_SPLINE_CURVE_WITH_KNOTS('',3,(#10522,#10523,#10524,#10525,#10526,
#10527),.UNSPECIFIED.,.F.,.F.,(4,2,4),(-0.23059750850876,9.10729824887824E-18,
0.00120412644987999),.UNSPECIFIED.);
#154=B_SPLINE_CURVE_WITH_KNOTS('',3,(#10528,#10529,#10530,#10531,#10532,
#10533),.UNSPECIFIED.,.F.,.F.,(4,2,4),(-0.00120412644987999,-1.0842021724855E-18,
0.23059750850876),.UNSPECIFIED.);
#155=B_SPLINE_CURVE_WITH_KNOTS('',3,(#10557,#10558,#10559,#10560),
 .UNSPECIFIED.,.F.,.F.,(4,4),(0.,1.62426204761522),.UNSPECIFIED.);
#156=B_SPLINE_CURVE_WITH_KNOTS('',3,(#10561,#10562,#10563,#10564),
 .UNSPECIFIED.,.F.,.F.,(4,4),(0.,1.55188065929553),.UNSPECIFIED.);
#157=B_SPLINE_CURVE_WITH_KNOTS('',3,(#10599,#10600,#10601,#10602,#10603),
 .UNSPECIFIED.,.F.,.F.,(4,1,4),(0.,2.04403495787237,4.76941490167052),
 .UNSPECIFIED.);
#158=B_SPLINE_CURVE_WITH_KNOTS('',3,(#10604,#10605,#10606,#10607,#10608),
 .UNSPECIFIED.,.F.,.F.,(4,1,4),(0.,3.09069088702031,5.40870905228554),
 .UNSPECIFIED.);
#159=B_SPLINE_CURVE_WITH_KNOTS('',3,(#10640,#10641,#10642,#10643,#10644,
#10645),.UNSPECIFIED.,.F.,.F.,(4,2,4),(-0.230632424002065,-1.88651178012478E-17,
0.00116882270859838),.UNSPECIFIED.);
#160=B_SPLINE_CURVE_WITH_KNOTS('',3,(#10646,#10647,#10648,#10649,#10650,
#10651),.UNSPECIFIED.,.F.,.F.,(4,2,4),(-0.00116882270859838,-8.67361737988404E-19,
0.230632424002065),.UNSPECIFIED.);
#161=B_SPLINE_CURVE_WITH_KNOTS('',3,(#10675,#10676,#10677,#10678),
 .UNSPECIFIED.,.F.,.F.,(4,4),(0.,1.55188065929575),.UNSPECIFIED.);
#162=B_SPLINE_CURVE_WITH_KNOTS('',3,(#10679,#10680,#10681,#10682),
 .UNSPECIFIED.,.F.,.F.,(4,4),(0.,1.62426204761537),.UNSPECIFIED.);
#163=B_SPLINE_CURVE_WITH_KNOTS('',3,(#10717,#10718,#10719,#10720,#10721),
 .UNSPECIFIED.,.F.,.F.,(4,1,4),(0.,3.09032988508288,5.40807729889504),
 .UNSPECIFIED.);
#164=B_SPLINE_CURVE_WITH_KNOTS('',3,(#10722,#10723,#10724,#10725,#10726,
#10727,#10728,#10729,#10730,#10731,#10732,#10733,#10734,#10735,#10736,#10737,
#10738,#10739,#10740,#10741,#10742,#10743,#10744,#10745,#10746,#10747,#10748,
#10749,#10750,#10751,#10752,#10753,#10754,#10755,#10756,#10757,#10758),
 .UNSPECIFIED.,.F.,.F.,(4,3,3,3,3,3,3,3,3,3,3,3,4),(0.,0.386071880296087,
0.77162669278328,1.15673107008228,1.5415772030218,1.92629043120521,2.04366682294781,
2.4892093173049,2.93456602958876,3.39306350225505,3.83821820302151,4.3033870616377,
4.7685559202539),.UNSPECIFIED.);
#165=B_SPLINE_CURVE_WITH_KNOTS('',3,(#10791,#10792,#10793,#10794,#10795,
#10796),.UNSPECIFIED.,.F.,.F.,(4,2,4),(-0.230597508507897,-1.45283091113058E-17,
0.00120412645074291),.UNSPECIFIED.);
#166=B_SPLINE_CURVE_WITH_KNOTS('',3,(#10797,#10798,#10799,#10800,#10801,
#10802),.UNSPECIFIED.,.F.,.F.,(4,2,4),(-0.00120412645074291,1.95156391047391E-18,
0.230597508507897),.UNSPECIFIED.);
#167=B_SPLINE_CURVE_WITH_KNOTS('',3,(#10826,#10827,#10828,#10829),
 .UNSPECIFIED.,.F.,.F.,(4,4),(0.,1.62426204761525),.UNSPECIFIED.);
#168=B_SPLINE_CURVE_WITH_KNOTS('',3,(#10830,#10831,#10832,#10833),
 .UNSPECIFIED.,.F.,.F.,(4,4),(0.,1.55188065929554),.UNSPECIFIED.);
#169=B_SPLINE_CURVE_WITH_KNOTS('',3,(#10868,#10869,#10870,#10871,#10872,
#10873,#10874,#10875,#10876,#10877,#10878,#10879,#10880,#10881,#10882,#10883,
#10884,#10885,#10886,#10887,#10888,#10889,#10890,#10891,#10892,#10893,#10894,
#10895,#10896,#10897,#10898,#10899,#10900,#10901,#10902,#10903,#10904),
 .UNSPECIFIED.,.F.,.F.,(4,3,3,3,3,3,3,3,3,3,3,3,4),(0.,0.445156173111911,
0.890273144021891,1.34892664994682,1.79420335329083,2.25954526050622,2.72488716772161,
3.10961686933566,3.49443113385243,3.87966639327057,4.2651504096565,4.65123941630975,
4.76855254348102),.UNSPECIFIED.);
#170=B_SPLINE_CURVE_WITH_KNOTS('',3,(#10905,#10906,#10907,#10908,#10909),
 .UNSPECIFIED.,.F.,.F.,(4,1,4),(0.,2.31774390733709,5.40806911711987),
 .UNSPECIFIED.);
#171=B_SPLINE_CURVE_WITH_KNOTS('',3,(#10941,#10942,#10943,#10944,#10945,
#10946),.UNSPECIFIED.,.F.,.F.,(4,2,4),(-0.230651786621219,9.32413868337534E-18,
0.00114924473597792),.UNSPECIFIED.);
#172=B_SPLINE_CURVE_WITH_KNOTS('',3,(#10947,#10948,#10949,#10950,#10951,
#10952),.UNSPECIFIED.,.F.,.F.,(4,2,4),(-0.00114924473597792,-1.0842021724855E-18,
0.230651786621219),.UNSPECIFIED.);
#173=B_SPLINE_CURVE_WITH_KNOTS('',3,(#10976,#10977,#10978,#10979),
 .UNSPECIFIED.,.F.,.F.,(4,4),(0.,1.55188065929563),.UNSPECIFIED.);
#174=B_SPLINE_CURVE_WITH_KNOTS('',3,(#10980,#10981,#10982,#10983),
 .UNSPECIFIED.,.F.,.F.,(4,4),(0.,1.62426204761526),.UNSPECIFIED.);
#175=B_SPLINE_CURVE_WITH_KNOTS('',3,(#11018,#11019,#11020,#11021,#11022),
 .UNSPECIFIED.,.F.,.F.,(4,1,4),(0.,3.09035363152614,5.40811885517074),
 .UNSPECIFIED.);
#176=B_SPLINE_CURVE_WITH_KNOTS('',3,(#11023,#11024,#11025,#11026,#11027,
#11028,#11029,#11030,#11031,#11032,#11033,#11034,#11035,#11036,#11037,#11038,
#11039,#11040,#11041,#11042,#11043,#11044,#11045,#11046,#11047,#11048,#11049,
#11050,#11051,#11052,#11053,#11054,#11055,#11056,#11057,#11058,#11059),
 .UNSPECIFIED.,.F.,.F.,(4,3,3,3,3,3,3,3,3,3,3,3,4),(0.,0.386004507313384,
0.771492152156492,1.15652977855067,1.54130941279425,1.92595663054217,2.0436741736507,
2.48922851401143,2.93459695741768,3.39309098603675,3.83825697916139,4.30341502552767,
4.76857307189394),.UNSPECIFIED.);
#177=B_SPLINE_CURVE_WITH_KNOTS('',3,(#11092,#11093,#11094,#11095,#11096,
#11097),.UNSPECIFIED.,.F.,.F.,(4,2,4),(-0.23059755176498,1.95156391047391E-18,
0.00120408271279978),.UNSPECIFIED.);
#178=B_SPLINE_CURVE_WITH_KNOTS('',3,(#11098,#11099,#11100,#11101,#11102,
#11103),.UNSPECIFIED.,.F.,.F.,(4,2,4),(-0.00120408271279978,1.95156391047391E-18,
0.23059755176498),.UNSPECIFIED.);
#179=B_SPLINE_CURVE_WITH_KNOTS('',3,(#11127,#11128,#11129,#11130),
 .UNSPECIFIED.,.F.,.F.,(4,4),(0.,1.62426204761514),.UNSPECIFIED.);
#180=B_SPLINE_CURVE_WITH_KNOTS('',3,(#11131,#11132,#11133,#11134),
 .UNSPECIFIED.,.F.,.F.,(4,4),(0.,1.55188065929553),.UNSPECIFIED.);
#181=B_SPLINE_CURVE_WITH_KNOTS('',3,(#11169,#11170,#11171,#11172,#11173),
 .UNSPECIFIED.,.F.,.F.,(4,1,4),(0.,2.04404211951035,4.76943161215907),
 .UNSPECIFIED.);
#182=B_SPLINE_CURVE_WITH_KNOTS('',3,(#11174,#11175,#11176,#11177,#11178),
 .UNSPECIFIED.,.F.,.F.,(4,1,4),(0.,3.09072470611105,5.40876823569434),
 .UNSPECIFIED.);
#183=B_SPLINE_CURVE_WITH_KNOTS('',3,(#11210,#11211,#11212,#11213,#11214,
#11215),.UNSPECIFIED.,.F.,.F.,(4,2,4),(-0.2305975085084,-2.16840434497101E-19,
0.00120412645023485),.UNSPECIFIED.);
#184=B_SPLINE_CURVE_WITH_KNOTS('',3,(#11216,#11217,#11218,#11219,#11220,
#11221),.UNSPECIFIED.,.F.,.F.,(4,2,4),(-0.00120412645023485,-1.0842021724855E-18,
0.2305975085084),.UNSPECIFIED.);
#185=B_SPLINE_CURVE_WITH_KNOTS('',3,(#11245,#11246,#11247,#11248),
 .UNSPECIFIED.,.F.,.F.,(4,4),(0.,1.6242620476155),.UNSPECIFIED.);
#186=B_SPLINE_CURVE_WITH_KNOTS('',3,(#11249,#11250,#11251,#11252),
 .UNSPECIFIED.,.F.,.F.,(4,4),(0.,1.55188065929576),.UNSPECIFIED.);
#187=B_SPLINE_CURVE_WITH_KNOTS('',3,(#11287,#11288,#11289,#11290,#11291),
 .UNSPECIFIED.,.F.,.F.,(4,1,4),(0.,2.04403379001681,4.76941217667415),
 .UNSPECIFIED.);
#188=B_SPLINE_CURVE_WITH_KNOTS('',3,(#11292,#11293,#11294,#11295,#11296),
 .UNSPECIFIED.,.F.,.F.,(4,1,4),(0.,3.09068537194383,5.4086994009017),
 .UNSPECIFIED.);
#189=B_SPLINE_CURVE_WITH_KNOTS('',3,(#11418,#11419,#11420,#11421,#11422,
#11423),.UNSPECIFIED.,.F.,.F.,(4,2,4),(-0.230651732903288,2.08166817117217E-17,
0.00114929905136068),.UNSPECIFIED.);
#190=B_SPLINE_CURVE_WITH_KNOTS('',3,(#11424,#11425,#11426,#11427,#11428,
#11429),.UNSPECIFIED.,.F.,.F.,(4,2,4),(-0.00114929905136068,6.50521303491303E-19,
0.230651732903288),.UNSPECIFIED.);
#191=B_SPLINE_CURVE_WITH_KNOTS('',3,(#11453,#11454,#11455,#11456),
 .UNSPECIFIED.,.F.,.F.,(4,4),(0.,1.55188065929597),.UNSPECIFIED.);
#192=B_SPLINE_CURVE_WITH_KNOTS('',3,(#11457,#11458,#11459,#11460),
 .UNSPECIFIED.,.F.,.F.,(4,4),(0.,1.62426204761553),.UNSPECIFIED.);
#193=B_SPLINE_CURVE_WITH_KNOTS('',3,(#11495,#11496,#11497,#11498,#11499),
 .UNSPECIFIED.,.F.,.F.,(4,1,4),(0.,3.09037539841156,5.40815694722023),
 .UNSPECIFIED.);
#194=B_SPLINE_CURVE_WITH_KNOTS('',3,(#11500,#11501,#11502,#11503,#11504,
#11505,#11506,#11507,#11508,#11509,#11510,#11511,#11512,#11513,#11514,#11515,
#11516,#11517,#11518,#11519,#11520,#11521,#11522,#11523,#11524,#11525,#11526,
#11527,#11528,#11529,#11530,#11531,#11532,#11533,#11534,#11535,#11536),
 .UNSPECIFIED.,.F.,.F.,(4,3,3,3,3,3,3,3,3,3,3,3,4),(0.,0.3859428149083,
0.77136895431223,1.15634545557727,1.54106419498866,1.9256509644592,2.04368091194809,
2.48924611018495,2.93462530613153,3.39311617824562,3.83829252161125,4.30344065809956,
4.76858879458787),.UNSPECIFIED.);
#195=B_SPLINE_CURVE_WITH_KNOTS('',3,(#11569,#11570,#11571,#11572,#11573,
#11574),.UNSPECIFIED.,.F.,.F.,(4,2,4),(-0.230632424002766,9.75781955236954E-18,
0.00116882270788227),.UNSPECIFIED.);
#196=B_SPLINE_CURVE_WITH_KNOTS('',3,(#11575,#11576,#11577,#11578,#11579,
#11580),.UNSPECIFIED.,.F.,.F.,(4,2,4),(-0.00116882270788227,-1.30104260698261E-18,
0.230632424002766),.UNSPECIFIED.);
#197=B_SPLINE_CURVE_WITH_KNOTS('',3,(#11604,#11605,#11606,#11607),
 .UNSPECIFIED.,.F.,.F.,(4,4),(0.,1.55188065929586),.UNSPECIFIED.);
#198=B_SPLINE_CURVE_WITH_KNOTS('',3,(#11608,#11609,#11610,#11611),
 .UNSPECIFIED.,.F.,.F.,(4,4),(0.,1.62426204761557),.UNSPECIFIED.);
#199=B_SPLINE_CURVE_WITH_KNOTS('',3,(#11646,#11647,#11648,#11649,#11650),
 .UNSPECIFIED.,.F.,.F.,(4,1,4),(0.,3.09032520978259,5.40806911711953),
 .UNSPECIFIED.);
#200=B_SPLINE_CURVE_WITH_KNOTS('',3,(#11651,#11652,#11653,#11654,#11655,
#11656,#11657,#11658,#11659,#11660,#11661,#11662,#11663,#11664,#11665,#11666,
#11667,#11668,#11669,#11670,#11671,#11672,#11673,#11674,#11675,#11676,#11677,
#11678,#11679,#11680,#11681,#11682,#11683,#11684,#11685,#11686,#11687),
 .UNSPECIFIED.,.F.,.F.,(4,3,3,3,3,3,3,3,3,3,3,3,4),(0.,0.386085153597572,
0.771653198787523,1.15677072651506,1.54162996010866,1.92635619267888,2.04366537575936,
2.4892055377421,2.93455994026605,3.39305809106974,3.83821056844739,4.30338155596411,
4.76855254348084),.UNSPECIFIED.);
#201=B_SPLINE_CURVE_WITH_KNOTS('',3,(#11720,#11721,#11722,#11723,#11724,
#11725),.UNSPECIFIED.,.F.,.F.,(4,2,4),(-0.23059750850745,9.32413868337534E-18,
0.00120412645115915),.UNSPECIFIED.);
#202=B_SPLINE_CURVE_WITH_KNOTS('',3,(#11726,#11727,#11728,#11729,#11730,
#11731),.UNSPECIFIED.,.F.,.F.,(4,2,4),(-0.00120412645115915,1.51788304147971E-18,
0.23059750850745),.UNSPECIFIED.);
#203=B_SPLINE_CURVE_WITH_KNOTS('',3,(#11755,#11756,#11757,#11758),
 .UNSPECIFIED.,.F.,.F.,(4,4),(0.,1.62426204761566),.UNSPECIFIED.);
#204=B_SPLINE_CURVE_WITH_KNOTS('',3,(#11759,#11760,#11761,#11762),
 .UNSPECIFIED.,.F.,.F.,(4,4),(0.,1.55188065929599),.UNSPECIFIED.);
#205=B_SPLINE_CURVE_WITH_KNOTS('',3,(#11797,#11798,#11799,#11800,#11801),
 .UNSPECIFIED.,.F.,.F.,(4,1,4),(0.,2.04403150781643,4.76940685153995),
 .UNSPECIFIED.);
#206=B_SPLINE_CURVE_WITH_KNOTS('',3,(#11802,#11803,#11804,#11805,#11806),
 .UNSPECIFIED.,.F.,.F.,(4,1,4),(0.,3.0906745943578,5.4086805401261),
 .UNSPECIFIED.);
#207=B_SPLINE_CURVE_WITH_KNOTS('',3,(#11838,#11839,#11840,#11841,#11842,
#11843),.UNSPECIFIED.,.F.,.F.,(4,2,4),(-0.230651732903598,-1.86482773667507E-17,
0.00114929905104541),.UNSPECIFIED.);
#208=B_SPLINE_CURVE_WITH_KNOTS('',3,(#11844,#11845,#11846,#11847,#11848,
#11849),.UNSPECIFIED.,.F.,.F.,(4,2,4),(-0.00114929905104541,8.89045781438114E-18,
0.230651732903599),.UNSPECIFIED.);
#209=B_SPLINE_CURVE_WITH_KNOTS('',3,(#11873,#11874,#11875,#11876),
 .UNSPECIFIED.,.F.,.F.,(4,4),(0.,1.55188065929598),.UNSPECIFIED.);
#210=B_SPLINE_CURVE_WITH_KNOTS('',3,(#11877,#11878,#11879,#11880),
 .UNSPECIFIED.,.F.,.F.,(4,4),(0.,1.62426204761573),.UNSPECIFIED.);
#211=B_SPLINE_CURVE_WITH_KNOTS('',3,(#11915,#11916,#11917,#11918,#11919),
 .UNSPECIFIED.,.F.,.F.,(4,1,4),(0.,2.31801816526506,5.40870905228515),
 .UNSPECIFIED.);
#212=B_SPLINE_CURVE_WITH_KNOTS('',3,(#11920,#11921,#11922,#11923,#11924),
 .UNSPECIFIED.,.F.,.F.,(4,1,4),(0.,2.72537994379801,4.76941490167031),
 .UNSPECIFIED.);
#213=B_SPLINE_CURVE_WITH_KNOTS('',3,(#11957,#11958,#11959,#11960,#11961,
#11962),.UNSPECIFIED.,.F.,.F.,(4,2,4),(-0.230597508507568,-1.64798730217797E-17,
0.00120412645104001),.UNSPECIFIED.);
#214=B_SPLINE_CURVE_WITH_KNOTS('',3,(#11963,#11964,#11965,#11966,#11967,
#11968),.UNSPECIFIED.,.F.,.F.,(4,2,4),(-0.00120412645104001,-6.50521303491303E-19,
0.230597508507567),.UNSPECIFIED.);
#215=B_SPLINE_CURVE_WITH_KNOTS('',3,(#11992,#11993,#11994,#11995),
 .UNSPECIFIED.,.F.,.F.,(4,4),(0.,1.62426204761565),.UNSPECIFIED.);
#216=B_SPLINE_CURVE_WITH_KNOTS('',3,(#11996,#11997,#11998,#11999),
 .UNSPECIFIED.,.F.,.F.,(4,4),(0.,1.55188065929609),.UNSPECIFIED.);
#217=B_SPLINE_CURVE_WITH_KNOTS('',3,(#12034,#12035,#12036,#12037,#12038),
 .UNSPECIFIED.,.F.,.F.,(4,1,4),(0.,2.04403775517941,4.76942142872025),
 .UNSPECIFIED.);
#218=B_SPLINE_CURVE_WITH_KNOTS('',3,(#12039,#12040,#12041,#12042,#12043),
 .UNSPECIFIED.,.F.,.F.,(4,1,4),(0.,3.09070409682593,5.40873216944532),
 .UNSPECIFIED.);
#219=B_SPLINE_CURVE_WITH_KNOTS('',3,(#12075,#12076,#12077,#12078,#12079,
#12080),.UNSPECIFIED.,.F.,.F.,(4,2,4),(-0.230597551759618,-1.2793585635329E-17,
0.00120408271811239),.UNSPECIFIED.);
#220=B_SPLINE_CURVE_WITH_KNOTS('',3,(#12081,#12082,#12083,#12084,#12085,
#12086),.UNSPECIFIED.,.F.,.F.,(4,2,4),(-0.00120408271811239,-1.30104260698261E-18,
0.230597551759618),.UNSPECIFIED.);
#221=B_SPLINE_CURVE_WITH_KNOTS('',3,(#12110,#12111,#12112,#12113),
 .UNSPECIFIED.,.F.,.F.,(4,4),(0.,1.62426204761566),.UNSPECIFIED.);
#222=B_SPLINE_CURVE_WITH_KNOTS('',3,(#12114,#12115,#12116,#12117),
 .UNSPECIFIED.,.F.,.F.,(4,4),(0.,1.55188065929609),.UNSPECIFIED.);
#223=B_SPLINE_CURVE_WITH_KNOTS('',3,(#12152,#12153,#12154,#12155,#12156,
#12157,#12158,#12159,#12160,#12161,#12162,#12163,#12164,#12165,#12166,#12167,
#12168,#12169,#12170,#12171,#12172,#12173,#12174,#12175,#12176,#12177,#12178,
#12179,#12180,#12181,#12182,#12183,#12184,#12185,#12186,#12187,#12188),
 .UNSPECIFIED.,.F.,.F.,(4,3,3,3,3,3,3,3,3,3,3,3,4),(0.,0.445189097523982,
0.890339808166762,1.34898408448118,1.79429604741324,2.25960648041884,2.72491691342445,
3.10944611856269,3.49405855831288,3.8790905311199,4.26437029231166,4.65025458260466,
4.76860459846103),.UNSPECIFIED.);
#224=B_SPLINE_CURVE_WITH_KNOTS('',3,(#12189,#12190,#12191,#12192,#12193),
 .UNSPECIFIED.,.F.,.F.,(4,1,4),(0.,2.31779795740909,5.40819523395449),
 .UNSPECIFIED.);
#225=B_SPLINE_CURVE_WITH_KNOTS('',3,(#12225,#12226,#12227,#12228,#12229,
#12230),.UNSPECIFIED.,.F.,.F.,(4,2,4),(-0.230597667541617,-8.23993651088983E-18,
0.00120396564888272),.UNSPECIFIED.);
#226=B_SPLINE_CURVE_WITH_KNOTS('',3,(#12231,#12232,#12233,#12234,#12235,
#12236),.UNSPECIFIED.,.F.,.F.,(4,2,4),(-0.00120396564888272,6.50521303491303E-19,
0.230597667541617),.UNSPECIFIED.);
#227=B_SPLINE_CURVE_WITH_KNOTS('',3,(#12260,#12261,#12262,#12263),
 .UNSPECIFIED.,.F.,.F.,(4,4),(0.,1.62426204761557),.UNSPECIFIED.);
#228=B_SPLINE_CURVE_WITH_KNOTS('',3,(#12264,#12265,#12266,#12267),
 .UNSPECIFIED.,.F.,.F.,(4,4),(0.,1.55188065929599),.UNSPECIFIED.);
#229=B_SPLINE_CURVE_WITH_KNOTS('',3,(#12302,#12303,#12304,#12305,#12306),
 .UNSPECIFIED.,.F.,.F.,(4,1,4),(0.,2.04403829466784,4.76942268752657),
 .UNSPECIFIED.);
#230=B_SPLINE_CURVE_WITH_KNOTS('',3,(#12307,#12308,#12309,#12310,#12311),
 .UNSPECIFIED.,.F.,.F.,(4,1,4),(0.,3.09070664443812,5.40873662776671),
 .UNSPECIFIED.);
#231=B_SPLINE_CURVE_WITH_KNOTS('',3,(#12316,#12317,#12318,#12319,#12320,
#12321,#12322,#12323,#12324,#12325,#12326,#12327,#12328,#12329,#12330,#12331,
#12332,#12333,#12334,#12335,#12336,#12337,#12338,#12339,#12340,#12341,#12342,
#12343,#12344,#12345,#12346,#12347,#12348,#12349,#12350,#12351,#12352),
 .UNSPECIFIED.,.F.,.F.,(4,3,3,3,3,3,3,3,3,3,3,3,4),(-4.76858273782487,-4.32340746521243,
-3.87827092195597,-3.4196227705151,-2.97432561336208,-2.50900196477729,
-2.0436783161925,-1.65906499233571,-1.27436787734906,-0.889250617291217,
-0.503885163454577,-0.11791498858236,0.),.UNSPECIFIED.);
#232=B_SPLINE_CURVE_WITH_KNOTS('',3,(#12354,#12355,#12356,#12357),
 .UNSPECIFIED.,.F.,.F.,(4,4),(-1.62426204761549,0.),.UNSPECIFIED.);
#233=B_SPLINE_CURVE_WITH_KNOTS('',3,(#12358,#12359,#12360,#12361,#12362,
#12363),.UNSPECIFIED.,.F.,.F.,(4,2,4),(-0.230651732392827,1.73472347597681E-18,
0.00114929956754943),.UNSPECIFIED.);
#234=B_SPLINE_CURVE_WITH_KNOTS('',3,(#12394,#12395,#12396,#12397,#12398,
#12399),.UNSPECIFIED.,.F.,.F.,(4,2,4),(-0.230651732392828,-1.01915004213637E-17,
0.00114929956754943),.UNSPECIFIED.);
#235=B_SPLINE_CURVE_WITH_KNOTS('',3,(#12422,#12423,#12424,#12425),
 .UNSPECIFIED.,.F.,.F.,(4,4),(0.,1.55188065929587),.UNSPECIFIED.);
#236=B_SPLINE_CURVE_WITH_KNOTS('',3,(#12457,#12458,#12459,#12460,#12461),
 .UNSPECIFIED.,.F.,.F.,(4,1,4),(0.,3.09036701341336,5.40814227347338),
 .UNSPECIFIED.);
#237=B_SPLINE_CURVE_WITH_KNOTS('',3,(#12495,#12496,#12497,#12498,#12499,
#12500),.UNSPECIFIED.,.F.,.F.,(4,2,4),(-0.230835244129362,8.45677694538693E-18,
0.000963745087444523),.UNSPECIFIED.);
#238=B_SPLINE_CURVE_WITH_KNOTS('',3,(#12501,#12502,#12503,#12504,#12505,
#12506),.UNSPECIFIED.,.F.,.F.,(4,2,4),(-0.000963745087444523,3.25260651745651E-19,
0.230835244129362),.UNSPECIFIED.);
#239=B_SPLINE_CURVE_WITH_KNOTS('',3,(#12530,#12531,#12532,#12533),
 .UNSPECIFIED.,.F.,.F.,(4,4),(0.,1.5518806592961),.UNSPECIFIED.);
#240=B_SPLINE_CURVE_WITH_KNOTS('',3,(#12534,#12535,#12536,#12537),
 .UNSPECIFIED.,.F.,.F.,(4,4),(0.,1.62426204761579),.UNSPECIFIED.);
#241=B_SPLINE_CURVE_WITH_KNOTS('',3,(#12572,#12573,#12574,#12575,#12576),
 .UNSPECIFIED.,.F.,.F.,(4,1,4),(0.,2.3180140289577,5.40869940090138),
 .UNSPECIFIED.);
#242=B_SPLINE_CURVE_WITH_KNOTS('',3,(#12577,#12578,#12579,#12580,#12581),
 .UNSPECIFIED.,.F.,.F.,(4,1,4),(0.,2.72537838665724,4.76941217667398),
 .UNSPECIFIED.);
#243=B_SPLINE_CURVE_WITH_KNOTS('',3,(#12800,#12801,#12802,#12803,#12804,
#12805,#12806,#12807,#12808,#12809,#12810,#12811,#12812,#12813,#12814,#12815,
#12816,#12817,#12818,#12819,#12820,#12821,#12822,#12823,#12824,#12825,#12826,
#12827,#12828,#12829,#12830,#12831,#12832,#12833,#12834,#12835,#12836,#12837,
#12838,#12839,#12840,#12841,#12842,#12843,#12844,#12845,#12846,#12847,#12848,
#12849,#12850,#12851,#12852,#12853,#12854,#12855,#12856,#12857,#12858,#12859,
#12860,#12861,#12862,#12863,#12864,#12865,#12866,#12867,#12868,#12869,#12870,
#12871,#12872,#12873,#12874,#12875,#12876,#12877,#12878,#12879,#12880,#12881,
#12882,#12883,#12884,#12885,#12886,#12887,#12888,#12889,#12890,#12891,#12892,
#12893,#12894,#12895,#12896,#12897,#12898,#12899,#12900,#12901,#12902,#12903,
#12904,#12905,#12906,#12907,#12908,#12909,#12910,#12911,#12912,#12913,#12914,
#12915,#12916,#12917,#12918,#12919,#12920,#12921,#12922,#12923,#12924,#12925,
#12926,#12927,#12928,#12929,#12930,#12931,#12932,#12933,#12934,#12935,#12936,
#12937,#12938,#12939,#12940,#12941,#12942,#12943,#12944,#12945,#12946,#12947,
#12948,#12949,#12950,#12951,#12952,#12953,#12954,#12955,#12956,#12957,#12958,
#12959,#12960,#12961,#12962,#12963,#12964,#12965,#12966,#12967,#12968,#12969,
#12970,#12971,#12972,#12973,#12974,#12975,#12976,#12977,#12978,#12979,#12980,
#12981,#12982,#12983,#12984,#12985,#12986,#12987,#12988,#12989,#12990,#12991,
#12992,#12993,#12994,#12995,#12996,#12997,#12998,#12999,#13000,#13001,#13002,
#13003,#13004,#13005,#13006,#13007,#13008,#13009,#13010,#13011,#13012,#13013,
#13014,#13015,#13016,#13017,#13018,#13019,#13020,#13021,#13022,#13023,#13024,
#13025,#13026,#13027,#13028,#13029,#13030,#13031,#13032,#13033,#13034,#13035,
#13036,#13037,#13038,#13039,#13040,#13041,#13042,#13043,#13044,#13045,#13046,
#13047,#13048,#13049,#13050,#13051,#13052,#13053,#13054,#13055,#13056,#13057,
#13058,#13059,#13060,#13061,#13062,#13063,#13064,#13065,#13066,#13067,#13068,
#13069,#13070,#13071,#13072,#13073,#13074,#13075,#13076),.UNSPECIFIED.,
 .F.,.F.,(4,3,3,3,3,3,3,3,3,3,3,3,3,3,3,3,3,3,3,3,3,3,3,3,3,3,3,3,3,3,3,
3,3,3,3,3,3,3,3,3,3,3,3,3,3,3,3,3,3,3,3,3,3,3,3,3,3,3,3,3,3,3,3,3,3,3,3,
3,3,3,3,3,3,3,3,3,3,3,3,3,3,3,3,3,3,3,3,3,3,3,3,3,4),(-64.7436138112814,
-58.8781779740807,-55.9454600554804,-54.4791010961802,-53.7459216165301,
-53.3793318767051,-53.1960370067925,-53.1145750700051,-53.0782333365371,
-53.01274213688,-52.841226388798,-52.6735213278168,-52.5038931176188,-52.3438260322088,
-52.1860642215831,-52.0302577325227,-51.8760665185346,-51.7231587541741,
-51.5712092311594,-51.41989782258,-51.2689080022777,-51.1179254070795,-50.9662078447843,
-50.8138084339059,-50.6604444503951,-50.5058297594676,-50.3486686536747,
-50.1898823725751,-50.0281535067996,-49.9594699646478,-49.880803086239,
-49.8132287594737,-33.9176565075019,-25.969870381516,-21.995977318523,-20.0090307870265,
-19.0155575212783,-18.5188208884042,-18.2704525719671,-18.1396172556422,
-18.0974447797474,-18.02208425553,-17.8514782395796,-17.6845506404683,-17.5148122877486,
-17.3552253551148,-17.1978303723978,-17.0422804308646,-16.888237938486,
-16.7353729661432,-16.5833616696283,-16.4318847743055,-16.2806261099557,
-16.1292711838002,-15.9770247135155,-15.8239978041509,-15.6699060526164,
-15.5144612755414,-15.3563211800604,-15.196462429717,-15.0335419901738,
-14.968736996954,-14.9053576218006,-14.8469858301584,-8.99940670632623,
-6.07561714441017,-4.61372236345214,-3.88277497297312,-3.51730127773361,
-3.33456443011386,-3.27087555113014,-3.23524166960781,-3.15182758249411,
-2.98207102399199,-2.81584515555848,-2.65271561225735,-2.48692088649126,
-2.32966767807031,-2.17407329166072,-2.01979253719752,-1.86648740002236,
-1.71382531545574,-1.5614775147471,-1.40911742459753,-1.25641910330051,
-1.09936671538795,-0.944256247973155,-0.787795875539687,-0.629680886543177,
-0.468199363906925,-0.304691379745737,-0.137210198617025,0.),
 .UNSPECIFIED.);
#244=B_SPLINE_CURVE_WITH_KNOTS('',3,(#13192,#13193,#13194,#13195,#13196,
#13197,#13198),.UNSPECIFIED.,.F.,.F.,(4,1,1,1,4),(1.88490673134319,2.35613341414121,
2.82736009693923,3.29858677981376,3.76981346268829),.UNSPECIFIED.);
#245=B_SPLINE_CURVE_WITH_KNOTS('',3,(#13605,#13606,#13607,#13608,#13609,
#13610,#13611,#13612,#13613,#13614,#13615,#13616,#13617,#13618,#13619,#13620,
#13621,#13622,#13623,#13624,#13625,#13626,#13627,#13628,#13629,#13630,#13631,
#13632,#13633,#13634,#13635,#13636,#13637,#13638,#13639,#13640,#13641,#13642,
#13643,#13644,#13645,#13646,#13647,#13648,#13649,#13650,#13651,#13652,#13653,
#13654,#13655,#13656,#13657,#13658,#13659,#13660,#13661,#13662,#13663,#13664,
#13665,#13666,#13667,#13668,#13669,#13670,#13671,#13672,#13673,#13674,#13675,
#13676,#13677,#13678,#13679,#13680,#13681,#13682,#13683,#13684,#13685,#13686,
#13687,#13688,#13689,#13690,#13691,#13692,#13693,#13694,#13695,#13696,#13697,
#13698,#13699,#13700,#13701,#13702,#13703,#13704,#13705,#13706,#13707,#13708,
#13709,#13710,#13711,#13712,#13713,#13714,#13715,#13716,#13717,#13718,#13719,
#13720,#13721,#13722,#13723,#13724,#13725,#13726,#13727,#13728,#13729,#13730,
#13731,#13732,#13733,#13734,#13735,#13736,#13737,#13738,#13739,#13740,#13741,
#13742,#13743,#13744,#13745,#13746,#13747,#13748,#13749,#13750,#13751,#13752,
#13753,#13754,#13755,#13756,#13757,#13758,#13759,#13760,#13761,#13762,#13763,
#13764,#13765,#13766,#13767,#13768,#13769,#13770,#13771,#13772,#13773,#13774,
#13775,#13776,#13777,#13778,#13779,#13780,#13781,#13782,#13783,#13784,#13785,
#13786,#13787,#13788,#13789,#13790,#13791,#13792,#13793,#13794,#13795,#13796,
#13797,#13798,#13799,#13800,#13801,#13802,#13803,#13804,#13805,#13806,#13807,
#13808,#13809,#13810,#13811,#13812,#13813,#13814,#13815,#13816,#13817,#13818,
#13819,#13820,#13821,#13822,#13823,#13824,#13825,#13826,#13827,#13828,#13829,
#13830,#13831,#13832,#13833,#13834,#13835,#13836,#13837,#13838,#13839,#13840,
#13841,#13842,#13843,#13844,#13845,#13846,#13847,#13848,#13849,#13850,#13851,
#13852,#13853,#13854,#13855,#13856,#13857,#13858,#13859,#13860,#13861,#13862,
#13863,#13864,#13865,#13866,#13867,#13868,#13869,#13870,#13871,#13872,#13873,
#13874,#13875,#13876,#13877,#13878,#13879,#13880,#13881,#13882,#13883,#13884,
#13885,#13886,#13887,#13888,#13889,#13890,#13891,#13892,#13893,#13894,#13895,
#13896,#13897,#13898,#13899,#13900,#13901,#13902,#13903,#13904,#13905,#13906,
#13907,#13908,#13909,#13910,#13911,#13912,#13913,#13914,#13915,#13916,#13917,
#13918,#13919,#13920,#13921,#13922,#13923,#13924,#13925,#13926,#13927,#13928,
#13929,#13930,#13931,#13932,#13933,#13934,#13935,#13936,#13937,#13938,#13939,
#13940,#13941,#13942,#13943,#13944,#13945,#13946,#13947,#13948,#13949,#13950,
#13951,#13952,#13953,#13954,#13955,#13956,#13957,#13958,#13959,#13960,#13961,
#13962,#13963,#13964,#13965,#13966,#13967,#13968,#13969,#13970,#13971,#13972,
#13973,#13974,#13975,#13976,#13977,#13978,#13979,#13980,#13981,#13982,#13983,
#13984,#13985,#13986,#13987,#13988,#13989,#13990,#13991,#13992,#13993,#13994,
#13995,#13996,#13997,#13998,#13999,#14000,#14001,#14002,#14003,#14004,#14005,
#14006,#14007,#14008,#14009,#14010,#14011,#14012,#14013,#14014,#14015,#14016,
#14017,#14018,#14019),.UNSPECIFIED.,.F.,.F.,(4,3,3,3,3,3,3,3,3,3,3,3,3,
3,3,3,3,3,3,3,3,3,3,3,3,3,3,3,3,3,3,3,3,3,3,3,3,3,3,3,3,3,3,3,3,3,3,3,3,
3,3,3,3,3,3,3,3,3,3,3,3,3,3,3,3,3,3,3,3,3,3,3,3,3,3,3,3,3,3,3,3,3,3,3,3,
3,3,3,3,3,3,3,3,3,3,3,3,3,3,3,3,3,3,3,3,3,3,3,3,3,3,3,3,3,3,3,3,3,3,3,3,
3,3,3,3,3,3,3,3,3,3,3,3,3,3,3,3,3,4),(64.7436138112814,64.9571932806886,
65.1666669160565,65.3726761990853,65.5758390080484,65.7767537471875,65.9760032477818,
66.1741584789582,66.3717821047278,66.5729624376479,66.7719154290994,66.9721107614562,
67.1740530516332,67.3800408581325,67.5885162947383,67.8022093387333,67.9812247680882,
70.9720496891063,72.4674621496153,73.2151683798698,73.4020949374334,73.4721923965198,
73.533845718068,73.5484687924471,73.9628746101243,74.1294062131038,74.2949643079486,
74.4501750218657,74.6002328711451,74.7473818688369,74.8922242984176,75.0353211383362,
75.1772034722825,75.318381962051,75.4593549819079,75.6006159339706,75.7478309085519,
75.8922160184491,76.0384809408688,76.1871240004082,76.3407557222099,76.4975328360502,
76.6605305351314,76.7783357306211,81.3411257208432,83.6225207159543,84.7632182135098,
85.3335669622876,85.6187413366764,85.7613285238709,85.7935979431056,85.8268017636809,
85.9039157110653,86.1369124539826,86.3651785155152,86.5892001234231,86.809443397928,
87.0263566949263,87.2455078569457,87.4560762210121,87.6648211915993,87.8721114266377,
88.0783093647371,88.2837726486577,88.4888555016273,88.6939100666994,88.8992877189408,
89.1060200571236,89.313833011724,89.5230460087112,89.7339826243491,89.9483667417057,
90.1648599266469,90.3853342186839,90.5327752872377,90.6326433773308,90.6877762136222,
96.9125386413682,100.024919855241,101.581110462178,102.359205765646,102.74825341738,
102.942777243247,103.01107806826,103.048367068597,103.137301069114,103.369615964341,
103.597288973665,103.820802501186,104.040619349914,104.257185021597,104.476499336791,
104.68690445674,104.895556689619,105.102823636607,105.309066976061,105.514643875722,
105.719908360439,105.925212645448,106.130908444831,106.338063919446,106.546365628364,
106.756134170067,106.967694503122,107.182803907533,107.400084648624,107.621430607691,
107.766214064705,107.866596241595,107.910176124652,112.632035388145,114.992965019891,
116.173429835765,116.763662243701,116.837441294693,116.869719629502,116.890283160968,
116.902519944028,117.353894651638,117.517344488735,117.680615404519,117.833681888066,
117.982230198487,118.12815667273,118.272027257318,118.414375773645,118.555713110792,
118.69653506897,118.837329315857,118.978581858465,119.122469018817,119.267176635781,
119.413900037471,119.563138348154,119.717466273692,119.875054347726,120.038759884062,
120.129679141281,125.7),.UNSPECIFIED.);
#246=CONICAL_SURFACE('',#6622,6.14228465894146,1.0471975511966);
#247=CONICAL_SURFACE('',#6628,0.552769164491998,0.226798761497989);
#248=CONICAL_SURFACE('',#6651,4.75,0.785398163397448);
#249=CONICAL_SURFACE('',#6655,4.75,0.78539816339745);
#250=CONICAL_SURFACE('',#7088,1.10000000000006,0.588002603547413);
#251=CONICAL_SURFACE('',#7090,1.10000000000012,0.588002603547361);
#252=CONICAL_SURFACE('',#7092,1.10000000000004,0.588002603547499);
#253=CONICAL_SURFACE('',#7094,1.10000000000015,0.588002603547304);
#254=CONICAL_SURFACE('',#7101,1.1000000000018,0.58800260354581);
#255=CONICAL_SURFACE('',#7103,1.09999999999969,0.588002603547848);
#256=CONICAL_SURFACE('',#7105,1.10000000000003,0.588002603547584);
#257=CONICAL_SURFACE('',#7107,1.10000000000267,0.58800260354512);
#258=CONICAL_SURFACE('',#7114,1.10000000000175,0.588002603545854);
#259=CONICAL_SURFACE('',#7116,1.10000000000107,0.588002603546473);
#260=CONICAL_SURFACE('',#7118,1.10000000000072,0.58800260354687);
#261=CONICAL_SURFACE('',#7120,1.1000000000013,0.588002603546228);
#262=CONICAL_SURFACE('',#7127,1.10000000000003,0.588002603547452);
#263=CONICAL_SURFACE('',#7129,1.09999999999996,0.588002603547602);
#264=CONICAL_SURFACE('',#7131,1.09999999999995,0.588002603547655);
#265=CONICAL_SURFACE('',#7133,1.10000000000018,0.588002603547424);
#266=CONICAL_SURFACE('',#7140,1.10000000000009,0.588002603547389);
#267=CONICAL_SURFACE('',#7142,1.10000000000005,0.588002603547506);
#268=CONICAL_SURFACE('',#7144,1.10000000000003,0.588002603547525);
#269=CONICAL_SURFACE('',#7146,1.09999999999984,0.588002603547811);
#270=FACE_BOUND('',#825,.T.);
#271=FACE_BOUND('',#827,.T.);
#272=FACE_BOUND('',#828,.T.);
#273=FACE_BOUND('',#830,.T.);
#274=FACE_BOUND('',#831,.T.);
#275=FACE_BOUND('',#832,.T.);
#276=FACE_BOUND('',#840,.T.);
#277=FACE_BOUND('',#841,.T.);
#278=FACE_BOUND('',#842,.T.);
#279=FACE_BOUND('',#880,.T.);
#280=FACE_BOUND('',#881,.T.);
#281=FACE_BOUND('',#890,.T.);
#282=FACE_BOUND('',#902,.T.);
#283=FACE_BOUND('',#917,.T.);
#284=FACE_BOUND('',#931,.T.);
#285=FACE_BOUND('',#1101,.T.);
#286=FACE_BOUND('',#1107,.T.);
#287=FACE_BOUND('',#1116,.T.);
#288=FACE_BOUND('',#1123,.T.);
#289=FACE_BOUND('',#1128,.T.);
#290=FACE_BOUND('',#1129,.T.);
#291=FACE_BOUND('',#1149,.T.);
#292=FACE_BOUND('',#1165,.T.);
#293=PLANE('',#6582);
#294=PLANE('',#6583);
#295=PLANE('',#6584);
#296=PLANE('',#6590);
#297=PLANE('',#6599);
#298=PLANE('',#6612);
#299=PLANE('',#6614);
#300=PLANE('',#6615);
#301=PLANE('',#6619);
#302=PLANE('',#6621);
#303=PLANE('',#6625);
#304=PLANE('',#6630);
#305=PLANE('',#6633);
#306=PLANE('',#6634);
#307=PLANE('',#6635);
#308=PLANE('',#6636);
#309=PLANE('',#6637);
#310=PLANE('',#6638);
#311=PLANE('',#6639);
#312=PLANE('',#6640);
#313=PLANE('',#6641);
#314=PLANE('',#6642);
#315=PLANE('',#6643);
#316=PLANE('',#6644);
#317=PLANE('',#6645);
#318=PLANE('',#6646);
#319=PLANE('',#6647);
#320=PLANE('',#6648);
#321=PLANE('',#6649);
#322=PLANE('',#6650);
#323=PLANE('',#6657);
#324=PLANE('',#6662);
#325=PLANE('',#6666);
#326=PLANE('',#6670);
#327=PLANE('',#6671);
#328=PLANE('',#6672);
#329=PLANE('',#6673);
#330=PLANE('',#6680);
#331=PLANE('',#6681);
#332=PLANE('',#6682);
#333=PLANE('',#6683);
#334=PLANE('',#6684);
#335=PLANE('',#6685);
#336=PLANE('',#6686);
#337=PLANE('',#6687);
#338=PLANE('',#6688);
#339=PLANE('',#6689);
#340=PLANE('',#6690);
#341=PLANE('',#6691);
#342=PLANE('',#6692);
#343=PLANE('',#6693);
#344=PLANE('',#6695);
#345=PLANE('',#6697);
#346=PLANE('',#6702);
#347=PLANE('',#6706);
#348=PLANE('',#6710);
#349=PLANE('',#6714);
#350=PLANE('',#6715);
#351=PLANE('',#6720);
#352=PLANE('',#6722);
#353=PLANE('',#6724);
#354=PLANE('',#6726);
#355=PLANE('',#6728);
#356=PLANE('',#6729);
#357=PLANE('',#6730);
#358=PLANE('',#6731);
#359=PLANE('',#6732);
#360=PLANE('',#6734);
#361=PLANE('',#6735);
#362=PLANE('',#6736);
#363=PLANE('',#6737);
#364=PLANE('',#6738);
#365=PLANE('',#6754);
#366=PLANE('',#6770);
#367=PLANE('',#6786);
#368=PLANE('',#6802);
#369=PLANE('',#6810);
#370=PLANE('',#6816);
#371=PLANE('',#6828);
#372=PLANE('',#6840);
#373=PLANE('',#6853);
#374=PLANE('',#6890);
#375=PLANE('',#6906);
#376=PLANE('',#6913);
#377=PLANE('',#6920);
#378=PLANE('',#6946);
#379=PLANE('',#6952);
#380=PLANE('',#6964);
#381=PLANE('',#6988);
#382=PLANE('',#6992);
#383=PLANE('',#6993);
#384=PLANE('',#6994);
#385=PLANE('',#6995);
#386=PLANE('',#6996);
#387=PLANE('',#6997);
#388=PLANE('',#6998);
#389=PLANE('',#6999);
#390=PLANE('',#7000);
#391=PLANE('',#7018);
#392=PLANE('',#7022);
#393=PLANE('',#7027);
#394=PLANE('',#7028);
#395=PLANE('',#7032);
#396=PLANE('',#7036);
#397=PLANE('',#7037);
#398=PLANE('',#7038);
#399=PLANE('',#7040);
#400=PLANE('',#7041);
#401=PLANE('',#7055);
#402=PLANE('',#7056);
#403=PLANE('',#7057);
#404=PLANE('',#7058);
#405=PLANE('',#7064);
#406=PLANE('',#7065);
#407=PLANE('',#7068);
#408=PLANE('',#7073);
#409=PLANE('',#7077);
#410=PLANE('',#7078);
#411=PLANE('',#7081);
#412=PLANE('',#7083);
#413=PLANE('',#7084);
#414=PLANE('',#7085);
#415=PLANE('',#7086);
#416=PLANE('',#7087);
#417=PLANE('',#7096);
#418=PLANE('',#7097);
#419=PLANE('',#7098);
#420=PLANE('',#7099);
#421=PLANE('',#7100);
#422=PLANE('',#7109);
#423=PLANE('',#7110);
#424=PLANE('',#7111);
#425=PLANE('',#7112);
#426=PLANE('',#7113);
#427=PLANE('',#7122);
#428=PLANE('',#7123);
#429=PLANE('',#7124);
#430=PLANE('',#7125);
#431=PLANE('',#7126);
#432=PLANE('',#7135);
#433=PLANE('',#7136);
#434=PLANE('',#7137);
#435=PLANE('',#7138);
#436=PLANE('',#7139);
#437=PLANE('',#7148);
#438=PLANE('',#7149);
#439=PLANE('',#7150);
#440=PLANE('',#7151);
#441=PLANE('',#7152);
#442=PLANE('',#7153);
#443=FACE_OUTER_BOUND('',#820,.T.);
#444=FACE_OUTER_BOUND('',#821,.T.);
#445=FACE_OUTER_BOUND('',#822,.T.);
#446=FACE_OUTER_BOUND('',#823,.T.);
#447=FACE_OUTER_BOUND('',#824,.T.);
#448=FACE_OUTER_BOUND('',#826,.T.);
#449=FACE_OUTER_BOUND('',#829,.T.);
#450=FACE_OUTER_BOUND('',#833,.T.);
#451=FACE_OUTER_BOUND('',#834,.T.);
#452=FACE_OUTER_BOUND('',#835,.T.);
#453=FACE_OUTER_BOUND('',#836,.T.);
#454=FACE_OUTER_BOUND('',#837,.T.);
#455=FACE_OUTER_BOUND('',#838,.T.);
#456=FACE_OUTER_BOUND('',#839,.T.);
#457=FACE_OUTER_BOUND('',#843,.T.);
#458=FACE_OUTER_BOUND('',#844,.T.);
#459=FACE_OUTER_BOUND('',#845,.T.);
#460=FACE_OUTER_BOUND('',#846,.T.);
#461=FACE_OUTER_BOUND('',#847,.T.);
#462=FACE_OUTER_BOUND('',#848,.T.);
#463=FACE_OUTER_BOUND('',#849,.T.);
#464=FACE_OUTER_BOUND('',#850,.T.);
#465=FACE_OUTER_BOUND('',#851,.T.);
#466=FACE_OUTER_BOUND('',#852,.T.);
#467=FACE_OUTER_BOUND('',#853,.T.);
#468=FACE_OUTER_BOUND('',#854,.T.);
#469=FACE_OUTER_BOUND('',#855,.T.);
#470=FACE_OUTER_BOUND('',#856,.T.);
#471=FACE_OUTER_BOUND('',#857,.T.);
#472=FACE_OUTER_BOUND('',#858,.T.);
#473=FACE_OUTER_BOUND('',#859,.T.);
#474=FACE_OUTER_BOUND('',#860,.T.);
#475=FACE_OUTER_BOUND('',#861,.T.);
#476=FACE_OUTER_BOUND('',#862,.T.);
#477=FACE_OUTER_BOUND('',#863,.T.);
#478=FACE_OUTER_BOUND('',#864,.T.);
#479=FACE_OUTER_BOUND('',#865,.T.);
#480=FACE_OUTER_BOUND('',#866,.T.);
#481=FACE_OUTER_BOUND('',#867,.T.);
#482=FACE_OUTER_BOUND('',#868,.T.);
#483=FACE_OUTER_BOUND('',#869,.T.);
#484=FACE_OUTER_BOUND('',#870,.T.);
#485=FACE_OUTER_BOUND('',#871,.T.);
#486=FACE_OUTER_BOUND('',#872,.T.);
#487=FACE_OUTER_BOUND('',#873,.T.);
#488=FACE_OUTER_BOUND('',#874,.T.);
#489=FACE_OUTER_BOUND('',#875,.T.);
#490=FACE_OUTER_BOUND('',#876,.T.);
#491=FACE_OUTER_BOUND('',#877,.T.);
#492=FACE_OUTER_BOUND('',#878,.T.);
#493=FACE_OUTER_BOUND('',#879,.T.);
#494=FACE_OUTER_BOUND('',#882,.T.);
#495=FACE_OUTER_BOUND('',#883,.T.);
#496=FACE_OUTER_BOUND('',#884,.T.);
#497=FACE_OUTER_BOUND('',#885,.T.);
#498=FACE_OUTER_BOUND('',#886,.T.);
#499=FACE_OUTER_BOUND('',#887,.T.);
#500=FACE_OUTER_BOUND('',#888,.T.);
#501=FACE_OUTER_BOUND('',#889,.T.);
#502=FACE_OUTER_BOUND('',#891,.T.);
#503=FACE_OUTER_BOUND('',#892,.T.);
#504=FACE_OUTER_BOUND('',#893,.T.);
#505=FACE_OUTER_BOUND('',#894,.T.);
#506=FACE_OUTER_BOUND('',#895,.T.);
#507=FACE_OUTER_BOUND('',#896,.T.);
#508=FACE_OUTER_BOUND('',#897,.T.);
#509=FACE_OUTER_BOUND('',#898,.T.);
#510=FACE_OUTER_BOUND('',#899,.T.);
#511=FACE_OUTER_BOUND('',#900,.T.);
#512=FACE_OUTER_BOUND('',#901,.T.);
#513=FACE_OUTER_BOUND('',#903,.T.);
#514=FACE_OUTER_BOUND('',#904,.T.);
#515=FACE_OUTER_BOUND('',#905,.T.);
#516=FACE_OUTER_BOUND('',#906,.T.);
#517=FACE_OUTER_BOUND('',#907,.T.);
#518=FACE_OUTER_BOUND('',#908,.T.);
#519=FACE_OUTER_BOUND('',#909,.T.);
#520=FACE_OUTER_BOUND('',#910,.T.);
#521=FACE_OUTER_BOUND('',#911,.T.);
#522=FACE_OUTER_BOUND('',#912,.T.);
#523=FACE_OUTER_BOUND('',#913,.T.);
#524=FACE_OUTER_BOUND('',#914,.T.);
#525=FACE_OUTER_BOUND('',#915,.T.);
#526=FACE_OUTER_BOUND('',#916,.T.);
#527=FACE_OUTER_BOUND('',#918,.T.);
#528=FACE_OUTER_BOUND('',#919,.T.);
#529=FACE_OUTER_BOUND('',#920,.T.);
#530=FACE_OUTER_BOUND('',#921,.T.);
#531=FACE_OUTER_BOUND('',#922,.T.);
#532=FACE_OUTER_BOUND('',#923,.T.);
#533=FACE_OUTER_BOUND('',#924,.T.);
#534=FACE_OUTER_BOUND('',#925,.T.);
#535=FACE_OUTER_BOUND('',#926,.T.);
#536=FACE_OUTER_BOUND('',#927,.T.);
#537=FACE_OUTER_BOUND('',#928,.T.);
#538=FACE_OUTER_BOUND('',#929,.T.);
#539=FACE_OUTER_BOUND('',#930,.T.);
#540=FACE_OUTER_BOUND('',#932,.T.);
#541=FACE_OUTER_BOUND('',#933,.T.);
#542=FACE_OUTER_BOUND('',#934,.T.);
#543=FACE_OUTER_BOUND('',#935,.T.);
#544=FACE_OUTER_BOUND('',#936,.T.);
#545=FACE_OUTER_BOUND('',#937,.T.);
#546=FACE_OUTER_BOUND('',#938,.T.);
#547=FACE_OUTER_BOUND('',#939,.T.);
#548=FACE_OUTER_BOUND('',#940,.T.);
#549=FACE_OUTER_BOUND('',#941,.T.);
#550=FACE_OUTER_BOUND('',#942,.T.);
#551=FACE_OUTER_BOUND('',#943,.T.);
#552=FACE_OUTER_BOUND('',#944,.T.);
#553=FACE_OUTER_BOUND('',#945,.T.);
#554=FACE_OUTER_BOUND('',#946,.T.);
#555=FACE_OUTER_BOUND('',#947,.T.);
#556=FACE_OUTER_BOUND('',#948,.T.);
#557=FACE_OUTER_BOUND('',#949,.T.);
#558=FACE_OUTER_BOUND('',#950,.T.);
#559=FACE_OUTER_BOUND('',#951,.T.);
#560=FACE_OUTER_BOUND('',#952,.T.);
#561=FACE_OUTER_BOUND('',#953,.T.);
#562=FACE_OUTER_BOUND('',#954,.T.);
#563=FACE_OUTER_BOUND('',#955,.T.);
#564=FACE_OUTER_BOUND('',#956,.T.);
#565=FACE_OUTER_BOUND('',#957,.T.);
#566=FACE_OUTER_BOUND('',#958,.T.);
#567=FACE_OUTER_BOUND('',#959,.T.);
#568=FACE_OUTER_BOUND('',#960,.T.);
#569=FACE_OUTER_BOUND('',#961,.T.);
#570=FACE_OUTER_BOUND('',#962,.T.);
#571=FACE_OUTER_BOUND('',#963,.T.);
#572=FACE_OUTER_BOUND('',#964,.T.);
#573=FACE_OUTER_BOUND('',#965,.T.);
#574=FACE_OUTER_BOUND('',#966,.T.);
#575=FACE_OUTER_BOUND('',#967,.T.);
#576=FACE_OUTER_BOUND('',#968,.T.);
#577=FACE_OUTER_BOUND('',#969,.T.);
#578=FACE_OUTER_BOUND('',#970,.T.);
#579=FACE_OUTER_BOUND('',#971,.T.);
#580=FACE_OUTER_BOUND('',#972,.T.);
#581=FACE_OUTER_BOUND('',#973,.T.);
#582=FACE_OUTER_BOUND('',#974,.T.);
#583=FACE_OUTER_BOUND('',#975,.T.);
#584=FACE_OUTER_BOUND('',#976,.T.);
#585=FACE_OUTER_BOUND('',#977,.T.);
#586=FACE_OUTER_BOUND('',#978,.T.);
#587=FACE_OUTER_BOUND('',#979,.T.);
#588=FACE_OUTER_BOUND('',#980,.T.);
#589=FACE_OUTER_BOUND('',#981,.T.);
#590=FACE_OUTER_BOUND('',#982,.T.);
#591=FACE_OUTER_BOUND('',#983,.T.);
#592=FACE_OUTER_BOUND('',#984,.T.);
#593=FACE_OUTER_BOUND('',#985,.T.);
#594=FACE_OUTER_BOUND('',#986,.T.);
#595=FACE_OUTER_BOUND('',#987,.T.);
#596=FACE_OUTER_BOUND('',#988,.T.);
#597=FACE_OUTER_BOUND('',#989,.T.);
#598=FACE_OUTER_BOUND('',#990,.T.);
#599=FACE_OUTER_BOUND('',#991,.T.);
#600=FACE_OUTER_BOUND('',#992,.T.);
#601=FACE_OUTER_BOUND('',#993,.T.);
#602=FACE_OUTER_BOUND('',#994,.T.);
#603=FACE_OUTER_BOUND('',#995,.T.);
#604=FACE_OUTER_BOUND('',#996,.T.);
#605=FACE_OUTER_BOUND('',#997,.T.);
#606=FACE_OUTER_BOUND('',#998,.T.);
#607=FACE_OUTER_BOUND('',#999,.T.);
#608=FACE_OUTER_BOUND('',#1000,.T.);
#609=FACE_OUTER_BOUND('',#1001,.T.);
#610=FACE_OUTER_BOUND('',#1002,.T.);
#611=FACE_OUTER_BOUND('',#1003,.T.);
#612=FACE_OUTER_BOUND('',#1004,.T.);
#613=FACE_OUTER_BOUND('',#1005,.T.);
#614=FACE_OUTER_BOUND('',#1006,.T.);
#615=FACE_OUTER_BOUND('',#1007,.T.);
#616=FACE_OUTER_BOUND('',#1008,.T.);
#617=FACE_OUTER_BOUND('',#1009,.T.);
#618=FACE_OUTER_BOUND('',#1010,.T.);
#619=FACE_OUTER_BOUND('',#1011,.T.);
#620=FACE_OUTER_BOUND('',#1012,.T.);
#621=FACE_OUTER_BOUND('',#1013,.T.);
#622=FACE_OUTER_BOUND('',#1014,.T.);
#623=FACE_OUTER_BOUND('',#1015,.T.);
#624=FACE_OUTER_BOUND('',#1016,.T.);
#625=FACE_OUTER_BOUND('',#1017,.T.);
#626=FACE_OUTER_BOUND('',#1018,.T.);
#627=FACE_OUTER_BOUND('',#1019,.T.);
#628=FACE_OUTER_BOUND('',#1020,.T.);
#629=FACE_OUTER_BOUND('',#1021,.T.);
#630=FACE_OUTER_BOUND('',#1022,.T.);
#631=FACE_OUTER_BOUND('',#1023,.T.);
#632=FACE_OUTER_BOUND('',#1024,.T.);
#633=FACE_OUTER_BOUND('',#1025,.T.);
#634=FACE_OUTER_BOUND('',#1026,.T.);
#635=FACE_OUTER_BOUND('',#1027,.T.);
#636=FACE_OUTER_BOUND('',#1028,.T.);
#637=FACE_OUTER_BOUND('',#1029,.T.);
#638=FACE_OUTER_BOUND('',#1030,.T.);
#639=FACE_OUTER_BOUND('',#1031,.T.);
#640=FACE_OUTER_BOUND('',#1032,.T.);
#641=FACE_OUTER_BOUND('',#1033,.T.);
#642=FACE_OUTER_BOUND('',#1034,.T.);
#643=FACE_OUTER_BOUND('',#1035,.T.);
#644=FACE_OUTER_BOUND('',#1036,.T.);
#645=FACE_OUTER_BOUND('',#1037,.T.);
#646=FACE_OUTER_BOUND('',#1038,.T.);
#647=FACE_OUTER_BOUND('',#1039,.T.);
#648=FACE_OUTER_BOUND('',#1040,.T.);
#649=FACE_OUTER_BOUND('',#1041,.T.);
#650=FACE_OUTER_BOUND('',#1042,.T.);
#651=FACE_OUTER_BOUND('',#1043,.T.);
#652=FACE_OUTER_BOUND('',#1044,.T.);
#653=FACE_OUTER_BOUND('',#1045,.T.);
#654=FACE_OUTER_BOUND('',#1046,.T.);
#655=FACE_OUTER_BOUND('',#1047,.T.);
#656=FACE_OUTER_BOUND('',#1048,.T.);
#657=FACE_OUTER_BOUND('',#1049,.T.);
#658=FACE_OUTER_BOUND('',#1050,.T.);
#659=FACE_OUTER_BOUND('',#1051,.T.);
#660=FACE_OUTER_BOUND('',#1052,.T.);
#661=FACE_OUTER_BOUND('',#1053,.T.);
#662=FACE_OUTER_BOUND('',#1054,.T.);
#663=FACE_OUTER_BOUND('',#1055,.T.);
#664=FACE_OUTER_BOUND('',#1056,.T.);
#665=FACE_OUTER_BOUND('',#1057,.T.);
#666=FACE_OUTER_BOUND('',#1058,.T.);
#667=FACE_OUTER_BOUND('',#1059,.T.);
#668=FACE_OUTER_BOUND('',#1060,.T.);
#669=FACE_OUTER_BOUND('',#1061,.T.);
#670=FACE_OUTER_BOUND('',#1062,.T.);
#671=FACE_OUTER_BOUND('',#1063,.T.);
#672=FACE_OUTER_BOUND('',#1064,.T.);
#673=FACE_OUTER_BOUND('',#1065,.T.);
#674=FACE_OUTER_BOUND('',#1066,.T.);
#675=FACE_OUTER_BOUND('',#1067,.T.);
#676=FACE_OUTER_BOUND('',#1068,.T.);
#677=FACE_OUTER_BOUND('',#1069,.T.);
#678=FACE_OUTER_BOUND('',#1070,.T.);
#679=FACE_OUTER_BOUND('',#1071,.T.);
#680=FACE_OUTER_BOUND('',#1072,.T.);
#681=FACE_OUTER_BOUND('',#1073,.T.);
#682=FACE_OUTER_BOUND('',#1074,.T.);
#683=FACE_OUTER_BOUND('',#1075,.T.);
#684=FACE_OUTER_BOUND('',#1076,.T.);
#685=FACE_OUTER_BOUND('',#1077,.T.);
#686=FACE_OUTER_BOUND('',#1078,.T.);
#687=FACE_OUTER_BOUND('',#1079,.T.);
#688=FACE_OUTER_BOUND('',#1080,.T.);
#689=FACE_OUTER_BOUND('',#1081,.T.);
#690=FACE_OUTER_BOUND('',#1082,.T.);
#691=FACE_OUTER_BOUND('',#1083,.T.);
#692=FACE_OUTER_BOUND('',#1084,.T.);
#693=FACE_OUTER_BOUND('',#1085,.T.);
#694=FACE_OUTER_BOUND('',#1086,.T.);
#695=FACE_OUTER_BOUND('',#1087,.T.);
#696=FACE_OUTER_BOUND('',#1088,.T.);
#697=FACE_OUTER_BOUND('',#1089,.T.);
#698=FACE_OUTER_BOUND('',#1090,.T.);
#699=FACE_OUTER_BOUND('',#1091,.T.);
#700=FACE_OUTER_BOUND('',#1092,.T.);
#701=FACE_OUTER_BOUND('',#1093,.T.);
#702=FACE_OUTER_BOUND('',#1094,.T.);
#703=FACE_OUTER_BOUND('',#1095,.T.);
#704=FACE_OUTER_BOUND('',#1096,.T.);
#705=FACE_OUTER_BOUND('',#1097,.T.);
#706=FACE_OUTER_BOUND('',#1098,.T.);
#707=FACE_OUTER_BOUND('',#1099,.T.);
#708=FACE_OUTER_BOUND('',#1100,.T.);
#709=FACE_OUTER_BOUND('',#1102,.T.);
#710=FACE_OUTER_BOUND('',#1103,.T.);
#711=FACE_OUTER_BOUND('',#1104,.T.);
#712=FACE_OUTER_BOUND('',#1105,.T.);
#713=FACE_OUTER_BOUND('',#1106,.T.);
#714=FACE_OUTER_BOUND('',#1108,.T.);
#715=FACE_OUTER_BOUND('',#1109,.T.);
#716=FACE_OUTER_BOUND('',#1110,.T.);
#717=FACE_OUTER_BOUND('',#1111,.T.);
#718=FACE_OUTER_BOUND('',#1112,.T.);
#719=FACE_OUTER_BOUND('',#1113,.T.);
#720=FACE_OUTER_BOUND('',#1114,.T.);
#721=FACE_OUTER_BOUND('',#1115,.T.);
#722=FACE_OUTER_BOUND('',#1117,.T.);
#723=FACE_OUTER_BOUND('',#1118,.T.);
#724=FACE_OUTER_BOUND('',#1119,.T.);
#725=FACE_OUTER_BOUND('',#1120,.T.);
#726=FACE_OUTER_BOUND('',#1121,.T.);
#727=FACE_OUTER_BOUND('',#1122,.T.);
#728=FACE_OUTER_BOUND('',#1124,.T.);
#729=FACE_OUTER_BOUND('',#1125,.T.);
#730=FACE_OUTER_BOUND('',#1126,.T.);
#731=FACE_OUTER_BOUND('',#1127,.T.);
#732=FACE_OUTER_BOUND('',#1130,.T.);
#733=FACE_OUTER_BOUND('',#1131,.T.);
#734=FACE_OUTER_BOUND('',#1132,.T.);
#735=FACE_OUTER_BOUND('',#1133,.T.);
#736=FACE_OUTER_BOUND('',#1134,.T.);
#737=FACE_OUTER_BOUND('',#1135,.T.);
#738=FACE_OUTER_BOUND('',#1136,.T.);
#739=FACE_OUTER_BOUND('',#1137,.T.);
#740=FACE_OUTER_BOUND('',#1138,.T.);
#741=FACE_OUTER_BOUND('',#1139,.T.);
#742=FACE_OUTER_BOUND('',#1140,.T.);
#743=FACE_OUTER_BOUND('',#1141,.T.);
#744=FACE_OUTER_BOUND('',#1142,.T.);
#745=FACE_OUTER_BOUND('',#1143,.T.);
#746=FACE_OUTER_BOUND('',#1144,.T.);
#747=FACE_OUTER_BOUND('',#1145,.T.);
#748=FACE_OUTER_BOUND('',#1146,.T.);
#749=FACE_OUTER_BOUND('',#1147,.T.);
#750=FACE_OUTER_BOUND('',#1148,.T.);
#751=FACE_OUTER_BOUND('',#1150,.T.);
#752=FACE_OUTER_BOUND('',#1151,.T.);
#753=FACE_OUTER_BOUND('',#1152,.T.);
#754=FACE_OUTER_BOUND('',#1153,.T.);
#755=FACE_OUTER_BOUND('',#1154,.T.);
#756=FACE_OUTER_BOUND('',#1155,.T.);
#757=FACE_OUTER_BOUND('',#1156,.T.);
#758=FACE_OUTER_BOUND('',#1157,.T.);
#759=FACE_OUTER_BOUND('',#1158,.T.);
#760=FACE_OUTER_BOUND('',#1159,.T.);
#761=FACE_OUTER_BOUND('',#1160,.T.);
#762=FACE_OUTER_BOUND('',#1161,.T.);
#763=FACE_OUTER_BOUND('',#1162,.T.);
#764=FACE_OUTER_BOUND('',#1163,.T.);
#765=FACE_OUTER_BOUND('',#1164,.T.);
#766=FACE_OUTER_BOUND('',#1166,.T.);
#767=FACE_OUTER_BOUND('',#1167,.T.);
#768=FACE_OUTER_BOUND('',#1168,.T.);
#769=FACE_OUTER_BOUND('',#1169,.T.);
#770=FACE_OUTER_BOUND('',#1170,.T.);
#771=FACE_OUTER_BOUND('',#1171,.T.);
#772=FACE_OUTER_BOUND('',#1172,.T.);
#773=FACE_OUTER_BOUND('',#1173,.T.);
#774=FACE_OUTER_BOUND('',#1174,.T.);
#775=FACE_OUTER_BOUND('',#1175,.T.);
#776=FACE_OUTER_BOUND('',#1176,.T.);
#777=FACE_OUTER_BOUND('',#1177,.T.);
#778=FACE_OUTER_BOUND('',#1178,.T.);
#779=FACE_OUTER_BOUND('',#1179,.T.);
#780=FACE_OUTER_BOUND('',#1180,.T.);
#781=FACE_OUTER_BOUND('',#1181,.T.);
#782=FACE_OUTER_BOUND('',#1182,.T.);
#783=FACE_OUTER_BOUND('',#1183,.T.);
#784=FACE_OUTER_BOUND('',#1184,.T.);
#785=FACE_OUTER_BOUND('',#1185,.T.);
#786=FACE_OUTER_BOUND('',#1186,.T.);
#787=FACE_OUTER_BOUND('',#1187,.T.);
#788=FACE_OUTER_BOUND('',#1188,.T.);
#789=FACE_OUTER_BOUND('',#1189,.T.);
#790=FACE_OUTER_BOUND('',#1190,.T.);
#791=FACE_OUTER_BOUND('',#1191,.T.);
#792=FACE_OUTER_BOUND('',#1192,.T.);
#793=FACE_OUTER_BOUND('',#1193,.T.);
#794=FACE_OUTER_BOUND('',#1194,.T.);
#795=FACE_OUTER_BOUND('',#1195,.T.);
#796=FACE_OUTER_BOUND('',#1196,.T.);
#797=FACE_OUTER_BOUND('',#1197,.T.);
#798=FACE_OUTER_BOUND('',#1198,.T.);
#799=FACE_OUTER_BOUND('',#1199,.T.);
#800=FACE_OUTER_BOUND('',#1200,.T.);
#801=FACE_OUTER_BOUND('',#1201,.T.);
#802=FACE_OUTER_BOUND('',#1202,.T.);
#803=FACE_OUTER_BOUND('',#1203,.T.);
#804=FACE_OUTER_BOUND('',#1204,.T.);
#805=FACE_OUTER_BOUND('',#1205,.T.);
#806=FACE_OUTER_BOUND('',#1206,.T.);
#807=FACE_OUTER_BOUND('',#1207,.T.);
#808=FACE_OUTER_BOUND('',#1208,.T.);
#809=FACE_OUTER_BOUND('',#1209,.T.);
#810=FACE_OUTER_BOUND('',#1210,.T.);
#811=FACE_OUTER_BOUND('',#1211,.T.);
#812=FACE_OUTER_BOUND('',#1212,.T.);
#813=FACE_OUTER_BOUND('',#1213,.T.);
#814=FACE_OUTER_BOUND('',#1214,.T.);
#815=FACE_OUTER_BOUND('',#1215,.T.);
#816=FACE_OUTER_BOUND('',#1216,.T.);
#817=FACE_OUTER_BOUND('',#1217,.T.);
#818=FACE_OUTER_BOUND('',#1218,.T.);
#819=FACE_OUTER_BOUND('',#1219,.T.);
#820=EDGE_LOOP('',(#4151,#4152,#4153,#4154,#4155,#4156,#4157));
#821=EDGE_LOOP('',(#4158,#4159,#4160));
#822=EDGE_LOOP('',(#4161,#4162,#4163,#4164,#4165,#4166,#4167));
#823=EDGE_LOOP('',(#4168,#4169,#4170,#4171,#4172,#4173));
#824=EDGE_LOOP('',(#4174,#4175,#4176,#4177,#4178,#4179,#4180,#4181,#4182,
#4183,#4184,#4185));
#825=EDGE_LOOP('',(#4186));
#826=EDGE_LOOP('',(#4187,#4188,#4189,#4190,#4191,#4192,#4193,#4194,#4195,
#4196,#4197,#4198,#4199,#4200,#4201,#4202));
#827=EDGE_LOOP('',(#4203,#4204,#4205,#4206,#4207,#4208,#4209,#4210));
#828=EDGE_LOOP('',(#4211,#4212,#4213,#4214,#4215,#4216,#4217,#4218));
#829=EDGE_LOOP('',(#4219,#4220,#4221,#4222,#4223,#4224,#4225,#4226,#4227,
#4228));
#830=EDGE_LOOP('',(#4229,#4230,#4231,#4232,#4233,#4234,#4235,#4236));
#831=EDGE_LOOP('',(#4237,#4238,#4239,#4240,#4241,#4242,#4243,#4244));
#832=EDGE_LOOP('',(#4245,#4246,#4247,#4248,#4249,#4250,#4251,#4252));
#833=EDGE_LOOP('',(#4253,#4254,#4255,#4256,#4257));
#834=EDGE_LOOP('',(#4258,#4259,#4260,#4261,#4262,#4263));
#835=EDGE_LOOP('',(#4264,#4265,#4266,#4267,#4268,#4269,#4270,#4271,#4272,
#4273,#4274,#4275,#4276,#4277,#4278,#4279,#4280,#4281,#4282,#4283,#4284,
#4285,#4286,#4287,#4288,#4289,#4290,#4291));
#836=EDGE_LOOP('',(#4292,#4293,#4294,#4295,#4296,#4297,#4298,#4299,#4300,
#4301,#4302,#4303,#4304));
#837=EDGE_LOOP('',(#4305,#4306,#4307,#4308));
#838=EDGE_LOOP('',(#4309,#4310,#4311,#4312,#4313,#4314,#4315,#4316));
#839=EDGE_LOOP('',(#4317,#4318,#4319,#4320,#4321,#4322,#4323,#4324,#4325,
#4326,#4327,#4328,#4329,#4330,#4331,#4332,#4333,#4334,#4335,#4336,#4337,
#4338,#4339,#4340,#4341,#4342,#4343,#4344,#4345,#4346,#4347,#4348,#4349,
#4350,#4351,#4352,#4353,#4354,#4355,#4356,#4357,#4358,#4359,#4360,#4361));
#840=EDGE_LOOP('',(#4362,#4363,#4364,#4365));
#841=EDGE_LOOP('',(#4366,#4367,#4368,#4369));
#842=EDGE_LOOP('',(#4370,#4371,#4372,#4373));
#843=EDGE_LOOP('',(#4374,#4375,#4376,#4377,#4378,#4379));
#844=EDGE_LOOP('',(#4380,#4381,#4382,#4383));
#845=EDGE_LOOP('',(#4384,#4385,#4386,#4387));
#846=EDGE_LOOP('',(#4388,#4389,#4390,#4391));
#847=EDGE_LOOP('',(#4392,#4393,#4394,#4395));
#848=EDGE_LOOP('',(#4396,#4397,#4398,#4399));
#849=EDGE_LOOP('',(#4400,#4401,#4402,#4403));
#850=EDGE_LOOP('',(#4404,#4405,#4406,#4407));
#851=EDGE_LOOP('',(#4408,#4409,#4410,#4411));
#852=EDGE_LOOP('',(#4412,#4413,#4414,#4415));
#853=EDGE_LOOP('',(#4416,#4417,#4418,#4419));
#854=EDGE_LOOP('',(#4420,#4421,#4422,#4423));
#855=EDGE_LOOP('',(#4424,#4425,#4426,#4427));
#856=EDGE_LOOP('',(#4428,#4429,#4430,#4431));
#857=EDGE_LOOP('',(#4432,#4433,#4434,#4435));
#858=EDGE_LOOP('',(#4436,#4437,#4438,#4439));
#859=EDGE_LOOP('',(#4440,#4441,#4442,#4443));
#860=EDGE_LOOP('',(#4444,#4445,#4446,#4447));
#861=EDGE_LOOP('',(#4448,#4449,#4450,#4451));
#862=EDGE_LOOP('',(#4452,#4453,#4454));
#863=EDGE_LOOP('',(#4455,#4456,#4457,#4458));
#864=EDGE_LOOP('',(#4459,#4460,#4461));
#865=EDGE_LOOP('',(#4462,#4463,#4464));
#866=EDGE_LOOP('',(#4465,#4466,#4467,#4468));
#867=EDGE_LOOP('',(#4469,#4470,#4471,#4472));
#868=EDGE_LOOP('',(#4473,#4474,#4475,#4476));
#869=EDGE_LOOP('',(#4477,#4478,#4479,#4480));
#870=EDGE_LOOP('',(#4481,#4482,#4483));
#871=EDGE_LOOP('',(#4484,#4485,#4486,#4487));
#872=EDGE_LOOP('',(#4488,#4489,#4490,#4491));
#873=EDGE_LOOP('',(#4492,#4493,#4494,#4495));
#874=EDGE_LOOP('',(#4496,#4497,#4498,#4499));
#875=EDGE_LOOP('',(#4500,#4501,#4502,#4503));
#876=EDGE_LOOP('',(#4504,#4505,#4506,#4507));
#877=EDGE_LOOP('',(#4508,#4509,#4510,#4511));
#878=EDGE_LOOP('',(#4512,#4513,#4514,#4515));
#879=EDGE_LOOP('',(#4516,#4517,#4518,#4519,#4520,#4521,#4522,#4523,#4524,
#4525,#4526,#4527));
#880=EDGE_LOOP('',(#4528,#4529,#4530));
#881=EDGE_LOOP('',(#4531));
#882=EDGE_LOOP('',(#4532,#4533,#4534,#4535,#4536,#4537,#4538,#4539,#4540));
#883=EDGE_LOOP('',(#4541,#4542,#4543,#4544,#4545,#4546));
#884=EDGE_LOOP('',(#4547,#4548));
#885=EDGE_LOOP('',(#4549,#4550,#4551,#4552,#4553,#4554));
#886=EDGE_LOOP('',(#4555,#4556));
#887=EDGE_LOOP('',(#4557,#4558,#4559,#4560));
#888=EDGE_LOOP('',(#4561,#4562,#4563,#4564));
#889=EDGE_LOOP('',(#4565,#4566,#4567,#4568,#4569,#4570,#4571,#4572,#4573,
#4574,#4575,#4576,#4577,#4578,#4579,#4580,#4581,#4582,#4583,#4584,#4585,
#4586,#4587,#4588));
#890=EDGE_LOOP('',(#4589,#4590,#4591,#4592,#4593,#4594,#4595,#4596));
#891=EDGE_LOOP('',(#4597,#4598,#4599,#4600));
#892=EDGE_LOOP('',(#4601,#4602,#4603,#4604));
#893=EDGE_LOOP('',(#4605,#4606,#4607,#4608));
#894=EDGE_LOOP('',(#4609,#4610,#4611,#4612));
#895=EDGE_LOOP('',(#4613,#4614,#4615,#4616));
#896=EDGE_LOOP('',(#4617,#4618,#4619,#4620));
#897=EDGE_LOOP('',(#4621,#4622,#4623,#4624));
#898=EDGE_LOOP('',(#4625,#4626,#4627,#4628));
#899=EDGE_LOOP('',(#4629,#4630,#4631,#4632));
#900=EDGE_LOOP('',(#4633,#4634,#4635,#4636));
#901=EDGE_LOOP('',(#4637,#4638,#4639,#4640));
#902=EDGE_LOOP('',(#4641,#4642,#4643,#4644));
#903=EDGE_LOOP('',(#4645,#4646,#4647,#4648));
#904=EDGE_LOOP('',(#4649,#4650,#4651,#4652));
#905=EDGE_LOOP('',(#4653,#4654,#4655,#4656));
#906=EDGE_LOOP('',(#4657,#4658,#4659,#4660,#4661,#4662,#4663,#4664,#4665,
#4666,#4667));
#907=EDGE_LOOP('',(#4668,#4669,#4670,#4671,#4672,#4673,#4674,#4675,#4676,
#4677,#4678));
#908=EDGE_LOOP('',(#4679,#4680,#4681,#4682));
#909=EDGE_LOOP('',(#4683,#4684,#4685,#4686));
#910=EDGE_LOOP('',(#4687,#4688,#4689,#4690));
#911=EDGE_LOOP('',(#4691,#4692,#4693,#4694));
#912=EDGE_LOOP('',(#4695,#4696,#4697,#4698));
#913=EDGE_LOOP('',(#4699,#4700,#4701,#4702));
#914=EDGE_LOOP('',(#4703,#4704,#4705,#4706));
#915=EDGE_LOOP('',(#4707,#4708,#4709,#4710));
#916=EDGE_LOOP('',(#4711,#4712,#4713,#4714,#4715,#4716,#4717,#4718));
#917=EDGE_LOOP('',(#4719,#4720,#4721,#4722,#4723,#4724,#4725,#4726));
#918=EDGE_LOOP('',(#4727,#4728,#4729,#4730));
#919=EDGE_LOOP('',(#4731,#4732,#4733,#4734));
#920=EDGE_LOOP('',(#4735,#4736,#4737,#4738));
#921=EDGE_LOOP('',(#4739,#4740,#4741,#4742));
#922=EDGE_LOOP('',(#4743,#4744,#4745,#4746));
#923=EDGE_LOOP('',(#4747,#4748,#4749,#4750));
#924=EDGE_LOOP('',(#4751,#4752,#4753,#4754));
#925=EDGE_LOOP('',(#4755,#4756,#4757,#4758));
#926=EDGE_LOOP('',(#4759,#4760,#4761,#4762));
#927=EDGE_LOOP('',(#4763,#4764,#4765,#4766));
#928=EDGE_LOOP('',(#4767,#4768,#4769,#4770,#4771));
#929=EDGE_LOOP('',(#4772,#4773,#4774,#4775));
#930=EDGE_LOOP('',(#4776,#4777,#4778,#4779,#4780,#4781,#4782,#4783,#4784,
#4785));
#931=EDGE_LOOP('',(#4786,#4787,#4788,#4789));
#932=EDGE_LOOP('',(#4790,#4791,#4792,#4793,#4794,#4795,#4796,#4797));
#933=EDGE_LOOP('',(#4798,#4799,#4800,#4801));
#934=EDGE_LOOP('',(#4802,#4803,#4804,#4805,#4806));
#935=EDGE_LOOP('',(#4807,#4808,#4809,#4810));
#936=EDGE_LOOP('',(#4811,#4812,#4813,#4814));
#937=EDGE_LOOP('',(#4815,#4816,#4817));
#938=EDGE_LOOP('',(#4818,#4819,#4820,#4821));
#939=EDGE_LOOP('',(#4822,#4823,#4824,#4825));
#940=EDGE_LOOP('',(#4826,#4827,#4828,#4829));
#941=EDGE_LOOP('',(#4830,#4831,#4832,#4833,#4834));
#942=EDGE_LOOP('',(#4835,#4836,#4837));
#943=EDGE_LOOP('',(#4838,#4839,#4840,#4841));
#944=EDGE_LOOP('',(#4842,#4843,#4844,#4845));
#945=EDGE_LOOP('',(#4846,#4847,#4848,#4849));
#946=EDGE_LOOP('',(#4850,#4851,#4852,#4853,#4854,#4855,#4856,#4857));
#947=EDGE_LOOP('',(#4858,#4859,#4860,#4861));
#948=EDGE_LOOP('',(#4862,#4863,#4864));
#949=EDGE_LOOP('',(#4865,#4866,#4867,#4868));
#950=EDGE_LOOP('',(#4869,#4870,#4871,#4872));
#951=EDGE_LOOP('',(#4873,#4874,#4875,#4876));
#952=EDGE_LOOP('',(#4877,#4878,#4879,#4880,#4881));
#953=EDGE_LOOP('',(#4882,#4883,#4884));
#954=EDGE_LOOP('',(#4885,#4886,#4887,#4888));
#955=EDGE_LOOP('',(#4889,#4890,#4891,#4892));
#956=EDGE_LOOP('',(#4893,#4894,#4895,#4896));
#957=EDGE_LOOP('',(#4897,#4898,#4899,#4900,#4901,#4902,#4903,#4904));
#958=EDGE_LOOP('',(#4905,#4906,#4907,#4908));
#959=EDGE_LOOP('',(#4909,#4910,#4911));
#960=EDGE_LOOP('',(#4912,#4913,#4914,#4915));
#961=EDGE_LOOP('',(#4916,#4917,#4918,#4919));
#962=EDGE_LOOP('',(#4920,#4921,#4922,#4923));
#963=EDGE_LOOP('',(#4924,#4925,#4926,#4927,#4928));
#964=EDGE_LOOP('',(#4929,#4930,#4931));
#965=EDGE_LOOP('',(#4932,#4933,#4934,#4935));
#966=EDGE_LOOP('',(#4936,#4937,#4938,#4939));
#967=EDGE_LOOP('',(#4940,#4941,#4942,#4943));
#968=EDGE_LOOP('',(#4944,#4945,#4946,#4947,#4948,#4949,#4950,#4951));
#969=EDGE_LOOP('',(#4952,#4953,#4954,#4955));
#970=EDGE_LOOP('',(#4956,#4957,#4958));
#971=EDGE_LOOP('',(#4959,#4960,#4961,#4962));
#972=EDGE_LOOP('',(#4963,#4964,#4965,#4966));
#973=EDGE_LOOP('',(#4967,#4968,#4969,#4970));
#974=EDGE_LOOP('',(#4971,#4972,#4973,#4974,#4975));
#975=EDGE_LOOP('',(#4976,#4977,#4978));
#976=EDGE_LOOP('',(#4979,#4980,#4981,#4982));
#977=EDGE_LOOP('',(#4983,#4984,#4985,#4986));
#978=EDGE_LOOP('',(#4987,#4988,#4989,#4990));
#979=EDGE_LOOP('',(#4991,#4992,#4993,#4994,#4995,#4996,#4997,#4998));
#980=EDGE_LOOP('',(#4999,#5000,#5001,#5002));
#981=EDGE_LOOP('',(#5003,#5004,#5005));
#982=EDGE_LOOP('',(#5006,#5007,#5008,#5009));
#983=EDGE_LOOP('',(#5010,#5011,#5012,#5013));
#984=EDGE_LOOP('',(#5014,#5015,#5016,#5017));
#985=EDGE_LOOP('',(#5018,#5019,#5020,#5021,#5022,#5023));
#986=EDGE_LOOP('',(#5024,#5025,#5026,#5027));
#987=EDGE_LOOP('',(#5028,#5029,#5030,#5031));
#988=EDGE_LOOP('',(#5032,#5033,#5034));
#989=EDGE_LOOP('',(#5035,#5036,#5037,#5038));
#990=EDGE_LOOP('',(#5039,#5040,#5041,#5042));
#991=EDGE_LOOP('',(#5043,#5044,#5045,#5046));
#992=EDGE_LOOP('',(#5047,#5048,#5049,#5050,#5051));
#993=EDGE_LOOP('',(#5052,#5053,#5054));
#994=EDGE_LOOP('',(#5055,#5056,#5057,#5058));
#995=EDGE_LOOP('',(#5059,#5060,#5061));
#996=EDGE_LOOP('',(#5062,#5063,#5064,#5065));
#997=EDGE_LOOP('',(#5066,#5067,#5068,#5069));
#998=EDGE_LOOP('',(#5070,#5071,#5072,#5073));
#999=EDGE_LOOP('',(#5074,#5075,#5076,#5077,#5078));
#1000=EDGE_LOOP('',(#5079,#5080,#5081));
#1001=EDGE_LOOP('',(#5082,#5083,#5084,#5085));
#1002=EDGE_LOOP('',(#5086,#5087,#5088));
#1003=EDGE_LOOP('',(#5089,#5090,#5091,#5092));
#1004=EDGE_LOOP('',(#5093,#5094,#5095,#5096));
#1005=EDGE_LOOP('',(#5097,#5098,#5099,#5100));
#1006=EDGE_LOOP('',(#5101,#5102,#5103,#5104,#5105));
#1007=EDGE_LOOP('',(#5106,#5107,#5108));
#1008=EDGE_LOOP('',(#5109,#5110,#5111,#5112));
#1009=EDGE_LOOP('',(#5113,#5114,#5115));
#1010=EDGE_LOOP('',(#5116,#5117,#5118,#5119));
#1011=EDGE_LOOP('',(#5120,#5121,#5122,#5123));
#1012=EDGE_LOOP('',(#5124,#5125,#5126,#5127));
#1013=EDGE_LOOP('',(#5128,#5129,#5130,#5131,#5132));
#1014=EDGE_LOOP('',(#5133,#5134,#5135));
#1015=EDGE_LOOP('',(#5136,#5137,#5138,#5139));
#1016=EDGE_LOOP('',(#5140,#5141,#5142,#5143,#5144));
#1017=EDGE_LOOP('',(#5145,#5146,#5147));
#1018=EDGE_LOOP('',(#5148,#5149,#5150));
#1019=EDGE_LOOP('',(#5151,#5152,#5153,#5154));
#1020=EDGE_LOOP('',(#5155,#5156,#5157,#5158));
#1021=EDGE_LOOP('',(#5159,#5160,#5161,#5162));
#1022=EDGE_LOOP('',(#5163,#5164,#5165,#5166,#5167));
#1023=EDGE_LOOP('',(#5168,#5169,#5170));
#1024=EDGE_LOOP('',(#5171,#5172,#5173,#5174));
#1025=EDGE_LOOP('',(#5175,#5176,#5177,#5178));
#1026=EDGE_LOOP('',(#5179,#5180,#5181,#5182));
#1027=EDGE_LOOP('',(#5183,#5184,#5185,#5186,#5187));
#1028=EDGE_LOOP('',(#5188,#5189,#5190));
#1029=EDGE_LOOP('',(#5191,#5192,#5193,#5194));
#1030=EDGE_LOOP('',(#5195,#5196,#5197,#5198));
#1031=EDGE_LOOP('',(#5199,#5200,#5201,#5202));
#1032=EDGE_LOOP('',(#5203,#5204,#5205,#5206,#5207,#5208,#5209,#5210));
#1033=EDGE_LOOP('',(#5211,#5212,#5213,#5214));
#1034=EDGE_LOOP('',(#5215,#5216,#5217));
#1035=EDGE_LOOP('',(#5218,#5219,#5220,#5221));
#1036=EDGE_LOOP('',(#5222,#5223,#5224,#5225));
#1037=EDGE_LOOP('',(#5226,#5227,#5228,#5229));
#1038=EDGE_LOOP('',(#5230,#5231,#5232,#5233,#5234));
#1039=EDGE_LOOP('',(#5235,#5236,#5237));
#1040=EDGE_LOOP('',(#5238,#5239,#5240,#5241));
#1041=EDGE_LOOP('',(#5242,#5243,#5244,#5245));
#1042=EDGE_LOOP('',(#5246,#5247,#5248,#5249));
#1043=EDGE_LOOP('',(#5250,#5251,#5252,#5253,#5254,#5255,#5256,#5257));
#1044=EDGE_LOOP('',(#5258,#5259,#5260,#5261));
#1045=EDGE_LOOP('',(#5262,#5263,#5264));
#1046=EDGE_LOOP('',(#5265,#5266,#5267,#5268));
#1047=EDGE_LOOP('',(#5269,#5270,#5271,#5272));
#1048=EDGE_LOOP('',(#5273,#5274,#5275,#5276));
#1049=EDGE_LOOP('',(#5277,#5278,#5279,#5280,#5281,#5282,#5283,#5284));
#1050=EDGE_LOOP('',(#5285,#5286,#5287,#5288));
#1051=EDGE_LOOP('',(#5289,#5290,#5291));
#1052=EDGE_LOOP('',(#5292,#5293,#5294,#5295));
#1053=EDGE_LOOP('',(#5296,#5297,#5298,#5299));
#1054=EDGE_LOOP('',(#5300,#5301,#5302,#5303));
#1055=EDGE_LOOP('',(#5304,#5305,#5306,#5307,#5308,#5309,#5310,#5311));
#1056=EDGE_LOOP('',(#5312,#5313,#5314,#5315));
#1057=EDGE_LOOP('',(#5316,#5317,#5318));
#1058=EDGE_LOOP('',(#5319,#5320,#5321,#5322));
#1059=EDGE_LOOP('',(#5323,#5324,#5325,#5326));
#1060=EDGE_LOOP('',(#5327,#5328,#5329,#5330));
#1061=EDGE_LOOP('',(#5331,#5332,#5333));
#1062=EDGE_LOOP('',(#5334,#5335,#5336,#5337,#5338));
#1063=EDGE_LOOP('',(#5339,#5340,#5341));
#1064=EDGE_LOOP('',(#5342,#5343,#5344,#5345));
#1065=EDGE_LOOP('',(#5346,#5347,#5348,#5349));
#1066=EDGE_LOOP('',(#5350,#5351,#5352,#5353));
#1067=EDGE_LOOP('',(#5354,#5355,#5356));
#1068=EDGE_LOOP('',(#5357,#5358,#5359,#5360,#5361));
#1069=EDGE_LOOP('',(#5362,#5363,#5364,#5365));
#1070=EDGE_LOOP('',(#5366,#5367,#5368));
#1071=EDGE_LOOP('',(#5369,#5370,#5371,#5372));
#1072=EDGE_LOOP('',(#5373,#5374,#5375,#5376));
#1073=EDGE_LOOP('',(#5377,#5378,#5379,#5380));
#1074=EDGE_LOOP('',(#5381,#5382,#5383));
#1075=EDGE_LOOP('',(#5384,#5385,#5386,#5387));
#1076=EDGE_LOOP('',(#5388,#5389,#5390,#5391));
#1077=EDGE_LOOP('',(#5392,#5393,#5394,#5395));
#1078=EDGE_LOOP('',(#5396,#5397,#5398,#5399,#5400));
#1079=EDGE_LOOP('',(#5401,#5402,#5403));
#1080=EDGE_LOOP('',(#5404,#5405,#5406,#5407));
#1081=EDGE_LOOP('',(#5408,#5409,#5410));
#1082=EDGE_LOOP('',(#5411,#5412,#5413,#5414));
#1083=EDGE_LOOP('',(#5415,#5416,#5417,#5418));
#1084=EDGE_LOOP('',(#5419,#5420,#5421,#5422));
#1085=EDGE_LOOP('',(#5423,#5424,#5425,#5426,#5427));
#1086=EDGE_LOOP('',(#5428,#5429,#5430));
#1087=EDGE_LOOP('',(#5431,#5432,#5433,#5434));
#1088=EDGE_LOOP('',(#5435,#5436,#5437,#5438,#5439));
#1089=EDGE_LOOP('',(#5440,#5441,#5442));
#1090=EDGE_LOOP('',(#5443,#5444,#5445,#5446));
#1091=EDGE_LOOP('',(#5447,#5448,#5449,#5450,#5451));
#1092=EDGE_LOOP('',(#5452,#5453,#5454));
#1093=EDGE_LOOP('',(#5455,#5456,#5457,#5458));
#1094=EDGE_LOOP('',(#5459,#5460,#5461,#5462));
#1095=EDGE_LOOP('',(#5463,#5464,#5465,#5466));
#1096=EDGE_LOOP('',(#5467,#5468,#5469,#5470));
#1097=EDGE_LOOP('',(#5471,#5472,#5473,#5474));
#1098=EDGE_LOOP('',(#5475,#5476,#5477,#5478));
#1099=EDGE_LOOP('',(#5479,#5480,#5481,#5482));
#1100=EDGE_LOOP('',(#5483,#5484,#5485,#5486));
#1101=EDGE_LOOP('',(#5487));
#1102=EDGE_LOOP('',(#5488,#5489,#5490,#5491));
#1103=EDGE_LOOP('',(#5492,#5493,#5494,#5495));
#1104=EDGE_LOOP('',(#5496,#5497,#5498,#5499));
#1105=EDGE_LOOP('',(#5500,#5501,#5502,#5503));
#1106=EDGE_LOOP('',(#5504,#5505,#5506,#5507,#5508));
#1107=EDGE_LOOP('',(#5509,#5510,#5511,#5512));
#1108=EDGE_LOOP('',(#5513,#5514,#5515,#5516));
#1109=EDGE_LOOP('',(#5517,#5518,#5519,#5520));
#1110=EDGE_LOOP('',(#5521,#5522,#5523,#5524));
#1111=EDGE_LOOP('',(#5525,#5526,#5527,#5528));
#1112=EDGE_LOOP('',(#5529,#5530,#5531,#5532));
#1113=EDGE_LOOP('',(#5533,#5534,#5535,#5536));
#1114=EDGE_LOOP('',(#5537,#5538,#5539,#5540));
#1115=EDGE_LOOP('',(#5541,#5542,#5543,#5544));
#1116=EDGE_LOOP('',(#5545,#5546));
#1117=EDGE_LOOP('',(#5547,#5548,#5549,#5550));
#1118=EDGE_LOOP('',(#5551,#5552,#5553,#5554));
#1119=EDGE_LOOP('',(#5555,#5556,#5557,#5558));
#1120=EDGE_LOOP('',(#5559,#5560,#5561,#5562));
#1121=EDGE_LOOP('',(#5563,#5564,#5565,#5566,#5567,#5568,#5569,#5570,#5571,
#5572,#5573));
#1122=EDGE_LOOP('',(#5574,#5575,#5576,#5577));
#1123=EDGE_LOOP('',(#5578,#5579));
#1124=EDGE_LOOP('',(#5580,#5581,#5582,#5583));
#1125=EDGE_LOOP('',(#5584,#5585,#5586,#5587));
#1126=EDGE_LOOP('',(#5588,#5589,#5590,#5591));
#1127=EDGE_LOOP('',(#5592,#5593,#5594,#5595,#5596,#5597));
#1128=EDGE_LOOP('',(#5598,#5599,#5600,#5601,#5602,#5603,#5604,#5605));
#1129=EDGE_LOOP('',(#5606,#5607));
#1130=EDGE_LOOP('',(#5608,#5609,#5610,#5611));
#1131=EDGE_LOOP('',(#5612,#5613,#5614,#5615,#5616,#5617));
#1132=EDGE_LOOP('',(#5618,#5619,#5620,#5621,#5622));
#1133=EDGE_LOOP('',(#5623,#5624,#5625,#5626,#5627));
#1134=EDGE_LOOP('',(#5628,#5629,#5630,#5631));
#1135=EDGE_LOOP('',(#5632,#5633,#5634,#5635));
#1136=EDGE_LOOP('',(#5636,#5637,#5638,#5639));
#1137=EDGE_LOOP('',(#5640,#5641,#5642,#5643));
#1138=EDGE_LOOP('',(#5644,#5645,#5646,#5647));
#1139=EDGE_LOOP('',(#5648,#5649,#5650,#5651,#5652,#5653,#5654));
#1140=EDGE_LOOP('',(#5655,#5656,#5657,#5658));
#1141=EDGE_LOOP('',(#5659,#5660,#5661,#5662));
#1142=EDGE_LOOP('',(#5663,#5664,#5665,#5666));
#1143=EDGE_LOOP('',(#5667,#5668,#5669,#5670,#5671,#5672));
#1144=EDGE_LOOP('',(#5673,#5674,#5675,#5676));
#1145=EDGE_LOOP('',(#5677,#5678,#5679,#5680));
#1146=EDGE_LOOP('',(#5681,#5682,#5683,#5684,#5685,#5686));
#1147=EDGE_LOOP('',(#5687,#5688,#5689,#5690));
#1148=EDGE_LOOP('',(#5691,#5692,#5693,#5694,#5695,#5696,#5697,#5698,#5699,
#5700,#5701,#5702,#5703,#5704,#5705,#5706,#5707,#5708,#5709,#5710,#5711,
#5712,#5713,#5714,#5715,#5716,#5717,#5718,#5719,#5720,#5721,#5722,#5723,
#5724,#5725,#5726,#5727,#5728,#5729,#5730,#5731,#5732,#5733,#5734,#5735,
#5736,#5737,#5738,#5739,#5740,#5741,#5742,#5743,#5744,#5745,#5746,#5747,
#5748,#5749,#5750,#5751,#5752,#5753,#5754,#5755,#5756));
#1149=EDGE_LOOP('',(#5757,#5758,#5759,#5760));
#1150=EDGE_LOOP('',(#5761,#5762,#5763,#5764));
#1151=EDGE_LOOP('',(#5765,#5766));
#1152=EDGE_LOOP('',(#5767,#5768,#5769,#5770));
#1153=EDGE_LOOP('',(#5771,#5772,#5773,#5774));
#1154=EDGE_LOOP('',(#5775,#5776));
#1155=EDGE_LOOP('',(#5777,#5778,#5779,#5780));
#1156=EDGE_LOOP('',(#5781,#5782,#5783,#5784));
#1157=EDGE_LOOP('',(#5785,#5786,#5787,#5788));
#1158=EDGE_LOOP('',(#5789,#5790,#5791));
#1159=EDGE_LOOP('',(#5792,#5793,#5794,#5795,#5796,#5797));
#1160=EDGE_LOOP('',(#5798,#5799,#5800,#5801));
#1161=EDGE_LOOP('',(#5802,#5803,#5804,#5805,#5806,#5807));
#1162=EDGE_LOOP('',(#5808,#5809,#5810,#5811));
#1163=EDGE_LOOP('',(#5812,#5813,#5814,#5815,#5816,#5817,#5818,#5819,#5820,
#5821,#5822));
#1164=EDGE_LOOP('',(#5823,#5824,#5825,#5826,#5827,#5828,#5829,#5830,#5831,
#5832));
#1165=EDGE_LOOP('',(#5833,#5834,#5835,#5836));
#1166=EDGE_LOOP('',(#5837,#5838,#5839,#5840,#5841,#5842,#5843,#5844));
#1167=EDGE_LOOP('',(#5845,#5846,#5847,#5848));
#1168=EDGE_LOOP('',(#5849,#5850,#5851,#5852));
#1169=EDGE_LOOP('',(#5853,#5854,#5855,#5856));
#1170=EDGE_LOOP('',(#5857,#5858,#5859,#5860));
#1171=EDGE_LOOP('',(#5861,#5862,#5863,#5864));
#1172=EDGE_LOOP('',(#5865,#5866,#5867,#5868));
#1173=EDGE_LOOP('',(#5869,#5870,#5871,#5872));
#1174=EDGE_LOOP('',(#5873,#5874,#5875,#5876));
#1175=EDGE_LOOP('',(#5877,#5878,#5879,#5880));
#1176=EDGE_LOOP('',(#5881,#5882,#5883,#5884,#5885,#5886,#5887,#5888));
#1177=EDGE_LOOP('',(#5889,#5890,#5891,#5892));
#1178=EDGE_LOOP('',(#5893,#5894,#5895,#5896));
#1179=EDGE_LOOP('',(#5897,#5898,#5899,#5900));
#1180=EDGE_LOOP('',(#5901,#5902,#5903,#5904));
#1181=EDGE_LOOP('',(#5905,#5906,#5907,#5908));
#1182=EDGE_LOOP('',(#5909,#5910,#5911,#5912));
#1183=EDGE_LOOP('',(#5913,#5914,#5915,#5916));
#1184=EDGE_LOOP('',(#5917,#5918,#5919,#5920));
#1185=EDGE_LOOP('',(#5921,#5922,#5923,#5924,#5925,#5926,#5927,#5928));
#1186=EDGE_LOOP('',(#5929,#5930,#5931,#5932));
#1187=EDGE_LOOP('',(#5933,#5934,#5935,#5936));
#1188=EDGE_LOOP('',(#5937,#5938,#5939,#5940));
#1189=EDGE_LOOP('',(#5941,#5942,#5943,#5944));
#1190=EDGE_LOOP('',(#5945,#5946,#5947,#5948));
#1191=EDGE_LOOP('',(#5949,#5950,#5951,#5952));
#1192=EDGE_LOOP('',(#5953,#5954,#5955,#5956));
#1193=EDGE_LOOP('',(#5957,#5958,#5959,#5960));
#1194=EDGE_LOOP('',(#5961,#5962,#5963,#5964,#5965,#5966,#5967,#5968));
#1195=EDGE_LOOP('',(#5969,#5970,#5971,#5972));
#1196=EDGE_LOOP('',(#5973,#5974,#5975,#5976));
#1197=EDGE_LOOP('',(#5977,#5978,#5979,#5980));
#1198=EDGE_LOOP('',(#5981,#5982,#5983,#5984));
#1199=EDGE_LOOP('',(#5985,#5986,#5987,#5988));
#1200=EDGE_LOOP('',(#5989,#5990,#5991,#5992));
#1201=EDGE_LOOP('',(#5993,#5994,#5995,#5996));
#1202=EDGE_LOOP('',(#5997,#5998,#5999,#6000));
#1203=EDGE_LOOP('',(#6001,#6002,#6003,#6004,#6005,#6006,#6007,#6008));
#1204=EDGE_LOOP('',(#6009,#6010,#6011,#6012));
#1205=EDGE_LOOP('',(#6013,#6014,#6015,#6016));
#1206=EDGE_LOOP('',(#6017,#6018,#6019,#6020));
#1207=EDGE_LOOP('',(#6021,#6022,#6023,#6024));
#1208=EDGE_LOOP('',(#6025,#6026,#6027,#6028));
#1209=EDGE_LOOP('',(#6029,#6030,#6031,#6032));
#1210=EDGE_LOOP('',(#6033,#6034,#6035,#6036));
#1211=EDGE_LOOP('',(#6037,#6038,#6039,#6040));
#1212=EDGE_LOOP('',(#6041,#6042,#6043,#6044,#6045,#6046,#6047,#6048));
#1213=EDGE_LOOP('',(#6049,#6050,#6051,#6052));
#1214=EDGE_LOOP('',(#6053,#6054));
#1215=EDGE_LOOP('',(#6055,#6056,#6057,#6058));
#1216=EDGE_LOOP('',(#6059,#6060,#6061,#6062));
#1217=EDGE_LOOP('',(#6063,#6064,#6065,#6066));
#1218=EDGE_LOOP('',(#6067,#6068,#6069,#6070));
#1219=EDGE_LOOP('',(#6071,#6072,#6073,#6074));
#1220=ELLIPSE('',#6577,28.9352721227967,5.);
#1221=ELLIPSE('',#6580,28.9352721227967,5.);
#1222=ELLIPSE('',#6658,0.559017614753358,0.500002358444783);
#1223=ELLIPSE('',#6659,0.559017633042642,0.500002707411254);
#1224=ELLIPSE('',#7059,0.559016999624566,0.500000001497501);
#1225=ELLIPSE('',#7060,0.559016969388733,0.500000105493838);
#1226=ELLIPSE('',#7069,0.50030299192186,0.500000000214288);
#1227=ELLIPSE('',#7074,0.500302991921187,0.500000000213492);
#1228=LINE('',#8877,#1775);
#1229=LINE('',#8883,#1776);
#1230=LINE('',#8891,#1777);
#1231=LINE('',#8893,#1778);
#1232=LINE('',#8895,#1779);
#1233=LINE('',#8897,#1780);
#1234=LINE('',#8898,#1781);
#1235=LINE('',#8901,#1782);
#1236=LINE('',#8903,#1783);
#1237=LINE('',#8905,#1784);
#1238=LINE('',#8907,#1785);
#1239=LINE('',#8908,#1786);
#1240=LINE('',#8912,#1787);
#1241=LINE('',#8914,#1788);
#1242=LINE('',#8918,#1789);
#1243=LINE('',#8922,#1790);
#1244=LINE('',#8924,#1791);
#1245=LINE('',#8926,#1792);
#1246=LINE('',#8930,#1793);
#1247=LINE('',#8933,#1794);
#1248=LINE('',#8938,#1795);
#1249=LINE('',#8940,#1796);
#1250=LINE('',#8942,#1797);
#1251=LINE('',#8944,#1798);
#1252=LINE('',#8946,#1799);
#1253=LINE('',#8948,#1800);
#1254=LINE('',#8950,#1801);
#1255=LINE('',#8952,#1802);
#1256=LINE('',#8954,#1803);
#1257=LINE('',#8956,#1804);
#1258=LINE('',#8958,#1805);
#1259=LINE('',#8960,#1806);
#1260=LINE('',#8962,#1807);
#1261=LINE('',#8964,#1808);
#1262=LINE('',#8965,#1809);
#1263=LINE('',#8970,#1810);
#1264=LINE('',#8974,#1811);
#1265=LINE('',#8978,#1812);
#1266=LINE('',#8981,#1813);
#1267=LINE('',#8984,#1814);
#1268=LINE('',#8988,#1815);
#1269=LINE('',#8992,#1816);
#1270=LINE('',#8996,#1817);
#1271=LINE('',#9001,#1818);
#1272=LINE('',#9002,#1819);
#1273=LINE('',#9004,#1820);
#1274=LINE('',#9006,#1821);
#1275=LINE('',#9008,#1822);
#1276=LINE('',#9010,#1823);
#1277=LINE('',#9012,#1824);
#1278=LINE('',#9014,#1825);
#1279=LINE('',#9015,#1826);
#1280=LINE('',#9018,#1827);
#1281=LINE('',#9022,#1828);
#1282=LINE('',#9026,#1829);
#1283=LINE('',#9030,#1830);
#1284=LINE('',#9036,#1831);
#1285=LINE('',#9040,#1832);
#1286=LINE('',#9044,#1833);
#1287=LINE('',#9047,#1834);
#1288=LINE('',#9050,#1835);
#1289=LINE('',#9054,#1836);
#1290=LINE('',#9058,#1837);
#1291=LINE('',#9062,#1838);
#1292=LINE('',#9067,#1839);
#1293=LINE('',#9069,#1840);
#1294=LINE('',#9070,#1841);
#1295=LINE('',#9073,#1842);
#1296=LINE('',#9075,#1843);
#1297=LINE('',#9077,#1844);
#1298=LINE('',#9078,#1845);
#1299=LINE('',#9081,#1846);
#1300=LINE('',#9083,#1847);
#1301=LINE('',#9087,#1848);
#1302=LINE('',#9089,#1849);
#1303=LINE('',#9091,#1850);
#1304=LINE('',#9093,#1851);
#1305=LINE('',#9097,#1852);
#1306=LINE('',#9099,#1853);
#1307=LINE('',#9101,#1854);
#1308=LINE('',#9103,#1855);
#1309=LINE('',#9105,#1856);
#1310=LINE('',#9107,#1857);
#1311=LINE('',#9109,#1858);
#1312=LINE('',#9113,#1859);
#1313=LINE('',#9115,#1860);
#1314=LINE('',#9117,#1861);
#1315=LINE('',#9119,#1862);
#1316=LINE('',#9121,#1863);
#1317=LINE('',#9123,#1864);
#1318=LINE('',#9125,#1865);
#1319=LINE('',#9127,#1866);
#1320=LINE('',#9129,#1867);
#1321=LINE('',#9130,#1868);
#1322=LINE('',#9133,#1869);
#1323=LINE('',#9136,#1870);
#1324=LINE('',#9138,#1871);
#1325=LINE('',#9139,#1872);
#1326=LINE('',#9142,#1873);
#1327=LINE('',#9184,#1874);
#1328=LINE('',#9186,#1875);
#1329=LINE('',#9188,#1876);
#1330=LINE('',#9190,#1877);
#1331=LINE('',#9192,#1878);
#1332=LINE('',#9194,#1879);
#1333=LINE('',#9196,#1880);
#1334=LINE('',#9198,#1881);
#1335=LINE('',#9200,#1882);
#1336=LINE('',#9202,#1883);
#1337=LINE('',#9204,#1884);
#1338=LINE('',#9206,#1885);
#1339=LINE('',#9208,#1886);
#1340=LINE('',#9210,#1887);
#1341=LINE('',#9212,#1888);
#1342=LINE('',#9214,#1889);
#1343=LINE('',#9216,#1890);
#1344=LINE('',#9218,#1891);
#1345=LINE('',#9220,#1892);
#1346=LINE('',#9222,#1893);
#1347=LINE('',#9224,#1894);
#1348=LINE('',#9226,#1895);
#1349=LINE('',#9228,#1896);
#1350=LINE('',#9230,#1897);
#1351=LINE('',#9232,#1898);
#1352=LINE('',#9234,#1899);
#1353=LINE('',#9236,#1900);
#1354=LINE('',#9238,#1901);
#1355=LINE('',#9240,#1902);
#1356=LINE('',#9242,#1903);
#1357=LINE('',#9244,#1904);
#1358=LINE('',#9246,#1905);
#1359=LINE('',#9248,#1906);
#1360=LINE('',#9250,#1907);
#1361=LINE('',#9252,#1908);
#1362=LINE('',#9254,#1909);
#1363=LINE('',#9256,#1910);
#1364=LINE('',#9258,#1911);
#1365=LINE('',#9260,#1912);
#1366=LINE('',#9262,#1913);
#1367=LINE('',#9263,#1914);
#1368=LINE('',#9339,#1915);
#1369=LINE('',#9342,#1916);
#1370=LINE('',#9343,#1917);
#1371=LINE('',#9367,#1918);
#1372=LINE('',#9369,#1919);
#1373=LINE('',#9370,#1920);
#1374=LINE('',#9392,#1921);
#1375=LINE('',#9393,#1922);
#1376=LINE('',#9415,#1923);
#1377=LINE('',#9416,#1924);
#1378=LINE('',#9437,#1925);
#1379=LINE('',#9459,#1926);
#1380=LINE('',#9461,#1927);
#1381=LINE('',#9462,#1928);
#1382=LINE('',#9484,#1929);
#1383=LINE('',#9485,#1930);
#1384=LINE('',#9507,#1931);
#1385=LINE('',#9508,#1932);
#1386=LINE('',#9529,#1933);
#1387=LINE('',#9551,#1934);
#1388=LINE('',#9553,#1935);
#1389=LINE('',#9554,#1936);
#1390=LINE('',#9576,#1937);
#1391=LINE('',#9577,#1938);
#1392=LINE('',#9599,#1939);
#1393=LINE('',#9600,#1940);
#1394=LINE('',#9621,#1941);
#1395=LINE('',#9624,#1942);
#1396=LINE('',#9626,#1943);
#1397=LINE('',#9627,#1944);
#1398=LINE('',#9630,#1945);
#1399=LINE('',#9631,#1946);
#1400=LINE('',#9634,#1947);
#1401=LINE('',#9635,#1948);
#1402=LINE('',#9637,#1949);
#1403=LINE('',#9641,#1950);
#1404=LINE('',#9643,#1951);
#1405=LINE('',#9644,#1952);
#1406=LINE('',#9647,#1953);
#1407=LINE('',#9649,#1954);
#1408=LINE('',#9650,#1955);
#1409=LINE('',#9653,#1956);
#1410=LINE('',#9654,#1957);
#1411=LINE('',#9658,#1958);
#1412=LINE('',#9660,#1959);
#1413=LINE('',#9661,#1960);
#1414=LINE('',#9664,#1961);
#1415=LINE('',#9666,#1962);
#1416=LINE('',#9667,#1963);
#1417=LINE('',#9670,#1964);
#1418=LINE('',#9671,#1965);
#1419=LINE('',#9674,#1966);
#1420=LINE('',#9675,#1967);
#1421=LINE('',#9677,#1968);
#1422=LINE('',#9681,#1969);
#1423=LINE('',#9683,#1970);
#1424=LINE('',#9684,#1971);
#1425=LINE('',#9686,#1972);
#1426=LINE('',#9687,#1973);
#1427=LINE('',#9691,#1974);
#1428=LINE('',#9692,#1975);
#1429=LINE('',#9693,#1976);
#1430=LINE('',#9696,#1977);
#1431=LINE('',#9697,#1978);
#1432=LINE('',#9700,#1979);
#1433=LINE('',#9701,#1980);
#1434=LINE('',#9703,#1981);
#1435=LINE('',#9706,#1982);
#1436=LINE('',#9711,#1983);
#1437=LINE('',#9715,#1984);
#1438=LINE('',#9721,#1985);
#1439=LINE('',#9725,#1986);
#1440=LINE('',#9727,#1987);
#1441=LINE('',#9729,#1988);
#1442=LINE('',#9733,#1989);
#1443=LINE('',#9737,#1990);
#1444=LINE('',#9739,#1991);
#1445=LINE('',#9740,#1992);
#1446=LINE('',#9787,#1993);
#1447=LINE('',#9789,#1994);
#1448=LINE('',#9791,#1995);
#1449=LINE('',#9793,#1996);
#1450=LINE('',#9794,#1997);
#1451=LINE('',#9799,#1998);
#1452=LINE('',#9804,#1999);
#1453=LINE('',#9809,#2000);
#1454=LINE('',#9810,#2001);
#1455=LINE('',#9813,#2002);
#1456=LINE('',#9814,#2003);
#1457=LINE('',#9818,#2004);
#1458=LINE('',#9820,#2005);
#1459=LINE('',#9822,#2006);
#1460=LINE('',#9824,#2007);
#1461=LINE('',#9826,#2008);
#1462=LINE('',#9827,#2009);
#1463=LINE('',#9829,#2010);
#1464=LINE('',#9831,#2011);
#1465=LINE('',#9833,#2012);
#1466=LINE('',#9835,#2013);
#1467=LINE('',#9837,#2014);
#1468=LINE('',#9838,#2015);
#1469=LINE('',#9840,#2016);
#1470=LINE('',#9845,#2017);
#1471=LINE('',#9849,#2018);
#1472=LINE('',#9853,#2019);
#1473=LINE('',#9856,#2020);
#1474=LINE('',#9860,#2021);
#1475=LINE('',#9862,#2022);
#1476=LINE('',#9864,#2023);
#1477=LINE('',#9865,#2024);
#1478=LINE('',#9867,#2025);
#1479=LINE('',#9868,#2026);
#1480=LINE('',#9872,#2027);
#1481=LINE('',#9874,#2028);
#1482=LINE('',#9876,#2029);
#1483=LINE('',#9877,#2030);
#1484=LINE('',#9879,#2031);
#1485=LINE('',#9880,#2032);
#1486=LINE('',#9884,#2033);
#1487=LINE('',#9886,#2034);
#1488=LINE('',#9888,#2035);
#1489=LINE('',#9889,#2036);
#1490=LINE('',#9891,#2037);
#1491=LINE('',#9892,#2038);
#1492=LINE('',#9895,#2039);
#1493=LINE('',#9897,#2040);
#1494=LINE('',#9898,#2041);
#1495=LINE('',#9902,#2042);
#1496=LINE('',#9904,#2043);
#1497=LINE('',#9906,#2044);
#1498=LINE('',#9907,#2045);
#1499=LINE('',#9909,#2046);
#1500=LINE('',#9910,#2047);
#1501=LINE('',#9913,#2048);
#1502=LINE('',#9915,#2049);
#1503=LINE('',#9916,#2050);
#1504=LINE('',#9920,#2051);
#1505=LINE('',#9922,#2052);
#1506=LINE('',#9924,#2053);
#1507=LINE('',#9925,#2054);
#1508=LINE('',#9928,#2055);
#1509=LINE('',#9930,#2056);
#1510=LINE('',#9931,#2057);
#1511=LINE('',#9933,#2058);
#1512=LINE('',#9934,#2059);
#1513=LINE('',#9939,#2060);
#1514=LINE('',#9940,#2061);
#1515=LINE('',#9943,#2062);
#1516=LINE('',#9946,#2063);
#1517=LINE('',#9952,#2064);
#1518=LINE('',#9955,#2065);
#1519=LINE('',#9958,#2066);
#1520=LINE('',#9960,#2067);
#1521=LINE('',#9961,#2068);
#1522=LINE('',#9967,#2069);
#1523=LINE('',#9970,#2070);
#1524=LINE('',#9973,#2071);
#1525=LINE('',#9975,#2072);
#1526=LINE('',#9976,#2073);
#1527=LINE('',#9982,#2074);
#1528=LINE('',#9984,#2075);
#1529=LINE('',#9985,#2076);
#1530=LINE('',#9991,#2077);
#1531=LINE('',#9993,#2078);
#1532=LINE('',#9994,#2079);
#1533=LINE('',#10000,#2080);
#1534=LINE('',#10004,#2081);
#1535=LINE('',#10008,#2082);
#1536=LINE('',#10011,#2083);
#1537=LINE('',#10013,#2084);
#1538=LINE('',#10014,#2085);
#1539=LINE('',#10016,#2086);
#1540=LINE('',#10018,#2087);
#1541=LINE('',#10020,#2088);
#1542=LINE('',#10022,#2089);
#1543=LINE('',#10024,#2090);
#1544=LINE('',#10026,#2091);
#1545=LINE('',#10037,#2092);
#1546=LINE('',#10040,#2093);
#1547=LINE('',#10042,#2094);
#1548=LINE('',#10043,#2095);
#1549=LINE('',#10046,#2096);
#1550=LINE('',#10048,#2097);
#1551=LINE('',#10049,#2098);
#1552=LINE('',#10051,#2099);
#1553=LINE('',#10053,#2100);
#1554=LINE('',#10055,#2101);
#1555=LINE('',#10057,#2102);
#1556=LINE('',#10061,#2103);
#1557=LINE('',#10062,#2104);
#1558=LINE('',#10065,#2105);
#1559=LINE('',#10067,#2106);
#1560=LINE('',#10068,#2107);
#1561=LINE('',#10071,#2108);
#1562=LINE('',#10072,#2109);
#1563=LINE('',#10074,#2110);
#1564=LINE('',#10148,#2111);
#1565=LINE('',#10152,#2112);
#1566=LINE('',#10299,#2113);
#1567=LINE('',#10303,#2114);
#1568=LINE('',#10373,#2115);
#1569=LINE('',#10375,#2116);
#1570=LINE('',#10449,#2117);
#1571=LINE('',#10453,#2118);
#1572=LINE('',#10568,#2119);
#1573=LINE('',#10572,#2120);
#1574=LINE('',#10610,#2121);
#1575=LINE('',#10612,#2122);
#1576=LINE('',#10686,#2123);
#1577=LINE('',#10690,#2124);
#1578=LINE('',#10837,#2125);
#1579=LINE('',#10841,#2126);
#1580=LINE('',#10911,#2127);
#1581=LINE('',#10913,#2128);
#1582=LINE('',#10987,#2129);
#1583=LINE('',#10991,#2130);
#1584=LINE('',#11138,#2131);
#1585=LINE('',#11142,#2132);
#1586=LINE('',#11180,#2133);
#1587=LINE('',#11182,#2134);
#1588=LINE('',#11256,#2135);
#1589=LINE('',#11260,#2136);
#1590=LINE('',#11299,#2137);
#1591=LINE('',#11303,#2138);
#1592=LINE('',#11304,#2139);
#1593=LINE('',#11308,#2140);
#1594=LINE('',#11312,#2141);
#1595=LINE('',#11316,#2142);
#1596=LINE('',#11317,#2143);
#1597=LINE('',#11323,#2144);
#1598=LINE('',#11331,#2145);
#1599=LINE('',#11334,#2146);
#1600=LINE('',#11336,#2147);
#1601=LINE('',#11342,#2148);
#1602=LINE('',#11350,#2149);
#1603=LINE('',#11353,#2150);
#1604=LINE('',#11355,#2151);
#1605=LINE('',#11361,#2152);
#1606=LINE('',#11369,#2153);
#1607=LINE('',#11373,#2154);
#1608=LINE('',#11377,#2155);
#1609=LINE('',#11378,#2156);
#1610=LINE('',#11464,#2157);
#1611=LINE('',#11468,#2158);
#1612=LINE('',#11615,#2159);
#1613=LINE('',#11619,#2160);
#1614=LINE('',#11766,#2161);
#1615=LINE('',#11770,#2162);
#1616=LINE('',#11808,#2163);
#1617=LINE('',#11810,#2164);
#1618=LINE('',#11884,#2165);
#1619=LINE('',#11888,#2166);
#1620=LINE('',#12003,#2167);
#1621=LINE('',#12007,#2168);
#1622=LINE('',#12045,#2169);
#1623=LINE('',#12047,#2170);
#1624=LINE('',#12121,#2171);
#1625=LINE('',#12125,#2172);
#1626=LINE('',#12195,#2173);
#1627=LINE('',#12197,#2174);
#1628=LINE('',#12271,#2175);
#1629=LINE('',#12275,#2176);
#1630=LINE('',#12314,#2177);
#1631=LINE('',#12366,#2178);
#1632=LINE('',#12367,#2179);
#1633=LINE('',#12430,#2180);
#1634=LINE('',#12541,#2181);
#1635=LINE('',#12545,#2182);
#1636=LINE('',#12591,#2183);
#1637=LINE('',#12595,#2184);
#1638=LINE('',#12599,#2185);
#1639=LINE('',#12600,#2186);
#1640=LINE('',#12604,#2187);
#1641=LINE('',#12608,#2188);
#1642=LINE('',#12612,#2189);
#1643=LINE('',#12613,#2190);
#1644=LINE('',#12619,#2191);
#1645=LINE('',#12627,#2192);
#1646=LINE('',#12630,#2193);
#1647=LINE('',#12632,#2194);
#1648=LINE('',#12644,#2195);
#1649=LINE('',#12654,#2196);
#1650=LINE('',#12662,#2197);
#1651=LINE('',#12664,#2198);
#1652=LINE('',#12666,#2199);
#1653=LINE('',#12670,#2200);
#1654=LINE('',#12672,#2201);
#1655=LINE('',#12674,#2202);
#1656=LINE('',#12677,#2203);
#1657=LINE('',#12679,#2204);
#1658=LINE('',#12680,#2205);
#1659=LINE('',#12684,#2206);
#1660=LINE('',#12686,#2207);
#1661=LINE('',#12688,#2208);
#1662=LINE('',#12689,#2209);
#1663=LINE('',#12692,#2210);
#1664=LINE('',#12694,#2211);
#1665=LINE('',#12695,#2212);
#1666=LINE('',#12698,#2213);
#1667=LINE('',#12699,#2214);
#1668=LINE('',#12702,#2215);
#1669=LINE('',#12703,#2216);
#1670=LINE('',#12705,#2217);
#1671=LINE('',#12707,#2218);
#1672=LINE('',#12725,#2219);
#1673=LINE('',#12727,#2220);
#1674=LINE('',#12732,#2221);
#1675=LINE('',#12734,#2222);
#1676=LINE('',#12739,#2223);
#1677=LINE('',#12743,#2224);
#1678=LINE('',#12746,#2225);
#1679=LINE('',#12752,#2226);
#1680=LINE('',#12757,#2227);
#1681=LINE('',#12761,#2228);
#1682=LINE('',#12764,#2229);
#1683=LINE('',#12770,#2230);
#1684=LINE('',#12774,#2231);
#1685=LINE('',#12776,#2232);
#1686=LINE('',#13078,#2233);
#1687=LINE('',#13082,#2234);
#1688=LINE('',#13084,#2235);
#1689=LINE('',#13098,#2236);
#1690=LINE('',#13103,#2237);
#1691=LINE('',#13105,#2238);
#1692=LINE('',#13106,#2239);
#1693=LINE('',#13109,#2240);
#1694=LINE('',#13111,#2241);
#1695=LINE('',#13112,#2242);
#1696=LINE('',#13115,#2243);
#1697=LINE('',#13117,#2244);
#1698=LINE('',#13118,#2245);
#1699=LINE('',#13120,#2246);
#1700=LINE('',#13126,#2247);
#1701=LINE('',#13128,#2248);
#1702=LINE('',#13132,#2249);
#1703=LINE('',#13135,#2250);
#1704=LINE('',#13178,#2251);
#1705=LINE('',#13181,#2252);
#1706=LINE('',#13310,#2253);
#1707=LINE('',#13353,#2254);
#1708=LINE('',#13357,#2255);
#1709=LINE('',#13360,#2256);
#1710=LINE('',#13362,#2257);
#1711=LINE('',#13366,#2258);
#1712=LINE('',#13367,#2259);
#1713=LINE('',#13372,#2260);
#1714=LINE('',#13374,#2261);
#1715=LINE('',#13378,#2262);
#1716=LINE('',#13380,#2263);
#1717=LINE('',#13384,#2264);
#1718=LINE('',#13386,#2265);
#1719=LINE('',#13390,#2266);
#1720=LINE('',#13392,#2267);
#1721=LINE('',#13395,#2268);
#1722=LINE('',#13397,#2269);
#1723=LINE('',#13399,#2270);
#1724=LINE('',#13401,#2271);
#1725=LINE('',#13407,#2272);
#1726=LINE('',#13408,#2273);
#1727=LINE('',#13413,#2274);
#1728=LINE('',#13414,#2275);
#1729=LINE('',#13419,#2276);
#1730=LINE('',#13420,#2277);
#1731=LINE('',#13425,#2278);
#1732=LINE('',#13426,#2279);
#1733=LINE('',#13428,#2280);
#1734=LINE('',#13430,#2281);
#1735=LINE('',#13432,#2282);
#1736=LINE('',#13434,#2283);
#1737=LINE('',#13440,#2284);
#1738=LINE('',#13441,#2285);
#1739=LINE('',#13446,#2286);
#1740=LINE('',#13447,#2287);
#1741=LINE('',#13452,#2288);
#1742=LINE('',#13453,#2289);
#1743=LINE('',#13458,#2290);
#1744=LINE('',#13459,#2291);
#1745=LINE('',#13461,#2292);
#1746=LINE('',#13463,#2293);
#1747=LINE('',#13465,#2294);
#1748=LINE('',#13467,#2295);
#1749=LINE('',#13471,#2296);
#1750=LINE('',#13473,#2297);
#1751=LINE('',#13477,#2298);
#1752=LINE('',#13479,#2299);
#1753=LINE('',#13483,#2300);
#1754=LINE('',#13485,#2301);
#1755=LINE('',#13489,#2302);
#1756=LINE('',#13491,#2303);
#1757=LINE('',#13494,#2304);
#1758=LINE('',#13496,#2305);
#1759=LINE('',#13498,#2306);
#1760=LINE('',#13500,#2307);
#1761=LINE('',#13504,#2308);
#1762=LINE('',#13506,#2309);
#1763=LINE('',#13510,#2310);
#1764=LINE('',#13512,#2311);
#1765=LINE('',#13516,#2312);
#1766=LINE('',#13518,#2313);
#1767=LINE('',#13522,#2314);
#1768=LINE('',#13524,#2315);
#1769=LINE('',#13527,#2316);
#1770=LINE('',#13529,#2317);
#1771=LINE('',#13531,#2318);
#1772=LINE('',#13533,#2319);
#1773=LINE('',#13602,#2320);
#1774=LINE('',#13603,#2321);
#1775=VECTOR('',#7163,5.);
#1776=VECTOR('',#7168,10.);
#1777=VECTOR('',#7179,10.);
#1778=VECTOR('',#7180,10.);
#1779=VECTOR('',#7181,10.);
#1780=VECTOR('',#7182,10.);
#1781=VECTOR('',#7183,10.);
#1782=VECTOR('',#7186,10.);
#1783=VECTOR('',#7187,10.);
#1784=VECTOR('',#7188,10.);
#1785=VECTOR('',#7189,10.);
#1786=VECTOR('',#7190,10.);
#1787=VECTOR('',#7193,10.);
#1788=VECTOR('',#7194,10.);
#1789=VECTOR('',#7197,10.);
#1790=VECTOR('',#7200,10.);
#1791=VECTOR('',#7201,10.);
#1792=VECTOR('',#7202,10.);
#1793=VECTOR('',#7205,10.);
#1794=VECTOR('',#7208,10.);
#1795=VECTOR('',#7213,10.);
#1796=VECTOR('',#7214,10.);
#1797=VECTOR('',#7215,10.);
#1798=VECTOR('',#7216,10.);
#1799=VECTOR('',#7217,10.);
#1800=VECTOR('',#7218,10.);
#1801=VECTOR('',#7219,10.);
#1802=VECTOR('',#7220,10.);
#1803=VECTOR('',#7221,10.);
#1804=VECTOR('',#7222,10.);
#1805=VECTOR('',#7223,10.);
#1806=VECTOR('',#7224,10.);
#1807=VECTOR('',#7225,10.);
#1808=VECTOR('',#7226,10.);
#1809=VECTOR('',#7227,10.);
#1810=VECTOR('',#7230,10.);
#1811=VECTOR('',#7233,10.);
#1812=VECTOR('',#7236,10.);
#1813=VECTOR('',#7239,10.);
#1814=VECTOR('',#7240,10.);
#1815=VECTOR('',#7243,10.);
#1816=VECTOR('',#7246,10.);
#1817=VECTOR('',#7249,10.);
#1818=VECTOR('',#7254,10.);
#1819=VECTOR('',#7255,10.);
#1820=VECTOR('',#7256,10.);
#1821=VECTOR('',#7257,10.);
#1822=VECTOR('',#7258,10.);
#1823=VECTOR('',#7259,10.);
#1824=VECTOR('',#7260,10.);
#1825=VECTOR('',#7261,10.);
#1826=VECTOR('',#7262,10.);
#1827=VECTOR('',#7263,10.);
#1828=VECTOR('',#7266,10.);
#1829=VECTOR('',#7269,10.);
#1830=VECTOR('',#7272,10.);
#1831=VECTOR('',#7277,10.);
#1832=VECTOR('',#7280,10.);
#1833=VECTOR('',#7283,10.);
#1834=VECTOR('',#7286,10.);
#1835=VECTOR('',#7287,10.);
#1836=VECTOR('',#7290,10.);
#1837=VECTOR('',#7293,10.);
#1838=VECTOR('',#7296,10.);
#1839=VECTOR('',#7301,10.);
#1840=VECTOR('',#7302,10.);
#1841=VECTOR('',#7303,10.);
#1842=VECTOR('',#7308,10.);
#1843=VECTOR('',#7309,10.);
#1844=VECTOR('',#7310,10.);
#1845=VECTOR('',#7311,10.);
#1846=VECTOR('',#7314,10.);
#1847=VECTOR('',#7315,10.);
#1848=VECTOR('',#7318,10.);
#1849=VECTOR('',#7319,10.);
#1850=VECTOR('',#7320,10.);
#1851=VECTOR('',#7321,10.);
#1852=VECTOR('',#7324,10.);
#1853=VECTOR('',#7325,10.);
#1854=VECTOR('',#7326,10.);
#1855=VECTOR('',#7327,10.);
#1856=VECTOR('',#7328,10.);
#1857=VECTOR('',#7329,10.);
#1858=VECTOR('',#7330,10.);
#1859=VECTOR('',#7333,10.);
#1860=VECTOR('',#7334,10.);
#1861=VECTOR('',#7335,10.);
#1862=VECTOR('',#7336,10.);
#1863=VECTOR('',#7337,10.);
#1864=VECTOR('',#7338,10.);
#1865=VECTOR('',#7339,10.);
#1866=VECTOR('',#7340,10.);
#1867=VECTOR('',#7341,10.);
#1868=VECTOR('',#7342,10.);
#1869=VECTOR('',#7345,10.);
#1870=VECTOR('',#7350,10.);
#1871=VECTOR('',#7351,10.);
#1872=VECTOR('',#7352,10.);
#1873=VECTOR('',#7355,6.14228465894146);
#1874=VECTOR('',#7366,10.);
#1875=VECTOR('',#7367,10.);
#1876=VECTOR('',#7368,10.);
#1877=VECTOR('',#7369,10.);
#1878=VECTOR('',#7370,10.);
#1879=VECTOR('',#7371,10.);
#1880=VECTOR('',#7372,10.);
#1881=VECTOR('',#7373,10.);
#1882=VECTOR('',#7374,10.);
#1883=VECTOR('',#7375,10.);
#1884=VECTOR('',#7376,10.);
#1885=VECTOR('',#7377,10.);
#1886=VECTOR('',#7378,10.);
#1887=VECTOR('',#7379,10.);
#1888=VECTOR('',#7380,10.);
#1889=VECTOR('',#7381,10.);
#1890=VECTOR('',#7382,10.);
#1891=VECTOR('',#7383,10.);
#1892=VECTOR('',#7384,10.);
#1893=VECTOR('',#7385,10.);
#1894=VECTOR('',#7386,10.);
#1895=VECTOR('',#7387,10.);
#1896=VECTOR('',#7388,10.);
#1897=VECTOR('',#7389,10.);
#1898=VECTOR('',#7390,10.);
#1899=VECTOR('',#7391,10.);
#1900=VECTOR('',#7392,10.);
#1901=VECTOR('',#7393,10.);
#1902=VECTOR('',#7394,10.);
#1903=VECTOR('',#7395,10.);
#1904=VECTOR('',#7396,10.);
#1905=VECTOR('',#7397,10.);
#1906=VECTOR('',#7398,10.);
#1907=VECTOR('',#7399,10.);
#1908=VECTOR('',#7400,10.);
#1909=VECTOR('',#7401,10.);
#1910=VECTOR('',#7402,10.);
#1911=VECTOR('',#7403,10.);
#1912=VECTOR('',#7404,10.);
#1913=VECTOR('',#7405,10.);
#1914=VECTOR('',#7406,10.);
#1915=VECTOR('',#7411,0.552769164491998);
#1916=VECTOR('',#7414,10.);
#1917=VECTOR('',#7415,10.);
#1918=VECTOR('',#7420,0.704309127278238);
#1919=VECTOR('',#7421,10.);
#1920=VECTOR('',#7422,0.704309127278238);
#1921=VECTOR('',#7423,0.704309127278236);
#1922=VECTOR('',#7424,10.);
#1923=VECTOR('',#7425,0.704309127278236);
#1924=VECTOR('',#7426,10.);
#1925=VECTOR('',#7427,10.);
#1926=VECTOR('',#7428,0.704309127280757);
#1927=VECTOR('',#7429,10.);
#1928=VECTOR('',#7430,0.704309127285616);
#1929=VECTOR('',#7431,0.704309127270858);
#1930=VECTOR('',#7432,10.);
#1931=VECTOR('',#7433,0.704309127275718);
#1932=VECTOR('',#7434,10.);
#1933=VECTOR('',#7435,10.);
#1934=VECTOR('',#7436,0.704309127278237);
#1935=VECTOR('',#7437,10.);
#1936=VECTOR('',#7438,0.704309127278237);
#1937=VECTOR('',#7439,0.704309127278237);
#1938=VECTOR('',#7440,10.);
#1939=VECTOR('',#7441,0.704309127278238);
#1940=VECTOR('',#7442,10.);
#1941=VECTOR('',#7443,10.);
#1942=VECTOR('',#7446,10.);
#1943=VECTOR('',#7447,10.);
#1944=VECTOR('',#7448,10.);
#1945=VECTOR('',#7451,10.);
#1946=VECTOR('',#7452,10.);
#1947=VECTOR('',#7455,10.);
#1948=VECTOR('',#7456,10.);
#1949=VECTOR('',#7459,10.);
#1950=VECTOR('',#7462,10.);
#1951=VECTOR('',#7463,10.);
#1952=VECTOR('',#7464,10.);
#1953=VECTOR('',#7467,10.);
#1954=VECTOR('',#7468,10.);
#1955=VECTOR('',#7469,10.);
#1956=VECTOR('',#7472,10.);
#1957=VECTOR('',#7473,10.);
#1958=VECTOR('',#7476,10.);
#1959=VECTOR('',#7477,10.);
#1960=VECTOR('',#7478,10.);
#1961=VECTOR('',#7481,10.);
#1962=VECTOR('',#7482,10.);
#1963=VECTOR('',#7483,10.);
#1964=VECTOR('',#7486,10.);
#1965=VECTOR('',#7487,10.);
#1966=VECTOR('',#7490,10.);
#1967=VECTOR('',#7491,10.);
#1968=VECTOR('',#7494,10.);
#1969=VECTOR('',#7497,10.);
#1970=VECTOR('',#7498,10.);
#1971=VECTOR('',#7499,10.);
#1972=VECTOR('',#7502,10.);
#1973=VECTOR('',#7503,10.);
#1974=VECTOR('',#7506,10.);
#1975=VECTOR('',#7507,10.);
#1976=VECTOR('',#7508,10.);
#1977=VECTOR('',#7511,10.);
#1978=VECTOR('',#7512,10.);
#1979=VECTOR('',#7515,10.);
#1980=VECTOR('',#7516,10.);
#1981=VECTOR('',#7519,10.);
#1982=VECTOR('',#7522,4.75);
#1983=VECTOR('',#7529,4.25);
#1984=VECTOR('',#7534,4.75);
#1985=VECTOR('',#7539,10.);
#1986=VECTOR('',#7542,10.);
#1987=VECTOR('',#7543,10.);
#1988=VECTOR('',#7544,10.);
#1989=VECTOR('',#7547,10.);
#1990=VECTOR('',#7550,10.);
#1991=VECTOR('',#7551,10.);
#1992=VECTOR('',#7552,10.);
#1993=VECTOR('',#7553,10.);
#1994=VECTOR('',#7556,10.);
#1995=VECTOR('',#7557,10.);
#1996=VECTOR('',#7558,10.);
#1997=VECTOR('',#7559,10.);
#1998=VECTOR('',#7566,10.);
#1999=VECTOR('',#7573,10.);
#2000=VECTOR('',#7580,10.);
#2001=VECTOR('',#7581,10.);
#2002=VECTOR('',#7584,10.);
#2003=VECTOR('',#7585,10.);
#2004=VECTOR('',#7590,10.);
#2005=VECTOR('',#7591,10.);
#2006=VECTOR('',#7592,10.);
#2007=VECTOR('',#7593,10.);
#2008=VECTOR('',#7594,10.);
#2009=VECTOR('',#7595,10.);
#2010=VECTOR('',#7596,10.);
#2011=VECTOR('',#7597,10.);
#2012=VECTOR('',#7598,10.);
#2013=VECTOR('',#7599,10.);
#2014=VECTOR('',#7600,10.);
#2015=VECTOR('',#7601,10.);
#2016=VECTOR('',#7604,10.);
#2017=VECTOR('',#7607,10.);
#2018=VECTOR('',#7610,10.);
#2019=VECTOR('',#7613,10.);
#2020=VECTOR('',#7616,10.);
#2021=VECTOR('',#7619,10.);
#2022=VECTOR('',#7620,10.);
#2023=VECTOR('',#7621,10.);
#2024=VECTOR('',#7622,10.);
#2025=VECTOR('',#7625,10.);
#2026=VECTOR('',#7626,10.);
#2027=VECTOR('',#7629,10.);
#2028=VECTOR('',#7630,10.);
#2029=VECTOR('',#7631,10.);
#2030=VECTOR('',#7632,10.);
#2031=VECTOR('',#7635,10.);
#2032=VECTOR('',#7636,10.);
#2033=VECTOR('',#7639,10.);
#2034=VECTOR('',#7640,10.);
#2035=VECTOR('',#7641,10.);
#2036=VECTOR('',#7642,10.);
#2037=VECTOR('',#7645,10.);
#2038=VECTOR('',#7646,10.);
#2039=VECTOR('',#7649,10.);
#2040=VECTOR('',#7650,10.);
#2041=VECTOR('',#7651,10.);
#2042=VECTOR('',#7654,10.);
#2043=VECTOR('',#7655,10.);
#2044=VECTOR('',#7656,10.);
#2045=VECTOR('',#7657,10.);
#2046=VECTOR('',#7660,10.);
#2047=VECTOR('',#7661,10.);
#2048=VECTOR('',#7664,10.);
#2049=VECTOR('',#7665,10.);
#2050=VECTOR('',#7666,10.);
#2051=VECTOR('',#7669,10.);
#2052=VECTOR('',#7670,10.);
#2053=VECTOR('',#7671,10.);
#2054=VECTOR('',#7672,10.);
#2055=VECTOR('',#7675,10.);
#2056=VECTOR('',#7676,10.);
#2057=VECTOR('',#7677,10.);
#2058=VECTOR('',#7680,10.);
#2059=VECTOR('',#7681,10.);
#2060=VECTOR('',#7686,10.);
#2061=VECTOR('',#7687,10.);
#2062=VECTOR('',#7692,10.);
#2063=VECTOR('',#7697,10.);
#2064=VECTOR('',#7702,10.);
#2065=VECTOR('',#7705,10.);
#2066=VECTOR('',#7708,10.);
#2067=VECTOR('',#7709,10.);
#2068=VECTOR('',#7710,10.);
#2069=VECTOR('',#7715,10.);
#2070=VECTOR('',#7718,10.);
#2071=VECTOR('',#7721,10.);
#2072=VECTOR('',#7722,10.);
#2073=VECTOR('',#7723,10.);
#2074=VECTOR('',#7730,10.);
#2075=VECTOR('',#7733,10.);
#2076=VECTOR('',#7734,10.);
#2077=VECTOR('',#7741,10.);
#2078=VECTOR('',#7744,10.);
#2079=VECTOR('',#7745,10.);
#2080=VECTOR('',#7750,10.);
#2081=VECTOR('',#7753,10.);
#2082=VECTOR('',#7756,10.);
#2083=VECTOR('',#7759,10.);
#2084=VECTOR('',#7762,10.);
#2085=VECTOR('',#7763,0.999999999999996);
#2086=VECTOR('',#7766,0.999999999999996);
#2087=VECTOR('',#7769,10.);
#2088=VECTOR('',#7772,10.);
#2089=VECTOR('',#7775,10.);
#2090=VECTOR('',#7778,10.);
#2091=VECTOR('',#7781,10.);
#2092=VECTOR('',#7786,10.);
#2093=VECTOR('',#7789,10.);
#2094=VECTOR('',#7790,10.);
#2095=VECTOR('',#7791,10.);
#2096=VECTOR('',#7794,10.);
#2097=VECTOR('',#7795,10.);
#2098=VECTOR('',#7796,10.);
#2099=VECTOR('',#7799,10.);
#2100=VECTOR('',#7802,10.);
#2101=VECTOR('',#7803,10.);
#2102=VECTOR('',#7806,10.);
#2103=VECTOR('',#7811,10.);
#2104=VECTOR('',#7812,10.);
#2105=VECTOR('',#7815,10.);
#2106=VECTOR('',#7816,10.);
#2107=VECTOR('',#7817,10.);
#2108=VECTOR('',#7820,10.);
#2109=VECTOR('',#7821,10.);
#2110=VECTOR('',#7824,10.);
#2111=VECTOR('',#7831,10.);
#2112=VECTOR('',#7834,10.);
#2113=VECTOR('',#7851,10.);
#2114=VECTOR('',#7854,10.);
#2115=VECTOR('',#7859,10.);
#2116=VECTOR('',#7862,10.);
#2117=VECTOR('',#7869,10.);
#2118=VECTOR('',#7872,10.);
#2119=VECTOR('',#7889,10.);
#2120=VECTOR('',#7892,10.);
#2121=VECTOR('',#7897,10.);
#2122=VECTOR('',#7900,10.);
#2123=VECTOR('',#7907,10.);
#2124=VECTOR('',#7910,10.);
#2125=VECTOR('',#7927,10.);
#2126=VECTOR('',#7930,10.);
#2127=VECTOR('',#7935,10.);
#2128=VECTOR('',#7938,10.);
#2129=VECTOR('',#7945,10.);
#2130=VECTOR('',#7948,10.);
#2131=VECTOR('',#7965,10.);
#2132=VECTOR('',#7968,10.);
#2133=VECTOR('',#7973,10.);
#2134=VECTOR('',#7976,10.);
#2135=VECTOR('',#7983,10.);
#2136=VECTOR('',#7986,10.);
#2137=VECTOR('',#7991,10.);
#2138=VECTOR('',#7996,10.);
#2139=VECTOR('',#7997,10.);
#2140=VECTOR('',#8002,10.);
#2141=VECTOR('',#8007,10.);
#2142=VECTOR('',#8012,10.);
#2143=VECTOR('',#8013,10.);
#2144=VECTOR('',#8020,10.);
#2145=VECTOR('',#8033,10.);
#2146=VECTOR('',#8038,10.);
#2147=VECTOR('',#8041,10.);
#2148=VECTOR('',#8048,10.);
#2149=VECTOR('',#8061,10.);
#2150=VECTOR('',#8066,10.);
#2151=VECTOR('',#8069,10.);
#2152=VECTOR('',#8076,10.);
#2153=VECTOR('',#8089,10.);
#2154=VECTOR('',#8094,10.);
#2155=VECTOR('',#8099,10.);
#2156=VECTOR('',#8100,10.);
#2157=VECTOR('',#8131,10.);
#2158=VECTOR('',#8134,10.);
#2159=VECTOR('',#8151,10.);
#2160=VECTOR('',#8154,10.);
#2161=VECTOR('',#8171,10.);
#2162=VECTOR('',#8174,10.);
#2163=VECTOR('',#8179,10.);
#2164=VECTOR('',#8182,10.);
#2165=VECTOR('',#8189,10.);
#2166=VECTOR('',#8192,10.);
#2167=VECTOR('',#8209,10.);
#2168=VECTOR('',#8212,10.);
#2169=VECTOR('',#8217,10.);
#2170=VECTOR('',#8220,10.);
#2171=VECTOR('',#8227,10.);
#2172=VECTOR('',#8230,10.);
#2173=VECTOR('',#8235,10.);
#2174=VECTOR('',#8238,10.);
#2175=VECTOR('',#8245,10.);
#2176=VECTOR('',#8248,10.);
#2177=VECTOR('',#8253,10.);
#2178=VECTOR('',#8256,10.);
#2179=VECTOR('',#8257,10.);
#2180=VECTOR('',#8266,10.);
#2181=VECTOR('',#8285,10.);
#2182=VECTOR('',#8288,10.);
#2183=VECTOR('',#8305,10.);
#2184=VECTOR('',#8310,10.);
#2185=VECTOR('',#8315,10.);
#2186=VECTOR('',#8316,10.);
#2187=VECTOR('',#8321,10.);
#2188=VECTOR('',#8326,10.);
#2189=VECTOR('',#8331,10.);
#2190=VECTOR('',#8332,10.);
#2191=VECTOR('',#8339,10.);
#2192=VECTOR('',#8352,10.);
#2193=VECTOR('',#8357,10.);
#2194=VECTOR('',#8360,10.);
#2195=VECTOR('',#8379,10.);
#2196=VECTOR('',#8394,10.);
#2197=VECTOR('',#8407,10.);
#2198=VECTOR('',#8410,10.);
#2199=VECTOR('',#8413,10.);
#2200=VECTOR('',#8418,10.);
#2201=VECTOR('',#8421,10.);
#2202=VECTOR('',#8424,10.);
#2203=VECTOR('',#8427,10.);
#2204=VECTOR('',#8428,10.);
#2205=VECTOR('',#8429,10.);
#2206=VECTOR('',#8432,10.);
#2207=VECTOR('',#8433,10.);
#2208=VECTOR('',#8434,10.);
#2209=VECTOR('',#8435,10.);
#2210=VECTOR('',#8438,10.);
#2211=VECTOR('',#8439,10.);
#2212=VECTOR('',#8440,10.);
#2213=VECTOR('',#8443,10.);
#2214=VECTOR('',#8444,10.);
#2215=VECTOR('',#8447,10.);
#2216=VECTOR('',#8448,10.);
#2217=VECTOR('',#8451,10.);
#2218=VECTOR('',#8454,10.);
#2219=VECTOR('',#8477,10.);
#2220=VECTOR('',#8478,10.);
#2221=VECTOR('',#8485,10.);
#2222=VECTOR('',#8488,10.);
#2223=VECTOR('',#8493,10.);
#2224=VECTOR('',#8498,10.);
#2225=VECTOR('',#8501,10.);
#2226=VECTOR('',#8508,10.);
#2227=VECTOR('',#8517,10.);
#2228=VECTOR('',#8522,10.);
#2229=VECTOR('',#8525,10.);
#2230=VECTOR('',#8532,10.);
#2231=VECTOR('',#8539,10.);
#2232=VECTOR('',#8542,10.);
#2233=VECTOR('',#8545,10.);
#2234=VECTOR('',#8552,10.);
#2235=VECTOR('',#8555,10.);
#2236=VECTOR('',#8578,10.);
#2237=VECTOR('',#8585,10.);
#2238=VECTOR('',#8586,10.);
#2239=VECTOR('',#8587,10.);
#2240=VECTOR('',#8590,10.);
#2241=VECTOR('',#8591,10.);
#2242=VECTOR('',#8592,10.);
#2243=VECTOR('',#8595,10.);
#2244=VECTOR('',#8596,10.);
#2245=VECTOR('',#8597,10.);
#2246=VECTOR('',#8600,10.);
#2247=VECTOR('',#8611,10.);
#2248=VECTOR('',#8614,10.);
#2249=VECTOR('',#8619,10.);
#2250=VECTOR('',#8622,10.);
#2251=VECTOR('',#8631,10.);
#2252=VECTOR('',#8634,10.);
#2253=VECTOR('',#8643,10.);
#2254=VECTOR('',#8646,10.);
#2255=VECTOR('',#8651,10.);
#2256=VECTOR('',#8656,10.);
#2257=VECTOR('',#8659,10.);
#2258=VECTOR('',#8666,10.);
#2259=VECTOR('',#8667,10.);
#2260=VECTOR('',#8674,10.);
#2261=VECTOR('',#8675,10.);
#2262=VECTOR('',#8680,10.);
#2263=VECTOR('',#8681,10.);
#2264=VECTOR('',#8686,10.);
#2265=VECTOR('',#8687,10.);
#2266=VECTOR('',#8692,10.);
#2267=VECTOR('',#8693,10.);
#2268=VECTOR('',#8698,10.);
#2269=VECTOR('',#8701,10.);
#2270=VECTOR('',#8704,10.);
#2271=VECTOR('',#8707,10.);
#2272=VECTOR('',#8714,10.);
#2273=VECTOR('',#8715,10.);
#2274=VECTOR('',#8720,10.);
#2275=VECTOR('',#8721,10.);
#2276=VECTOR('',#8726,10.);
#2277=VECTOR('',#8727,10.);
#2278=VECTOR('',#8732,10.);
#2279=VECTOR('',#8733,10.);
#2280=VECTOR('',#8736,10.);
#2281=VECTOR('',#8739,10.);
#2282=VECTOR('',#8742,10.);
#2283=VECTOR('',#8745,10.);
#2284=VECTOR('',#8752,10.);
#2285=VECTOR('',#8753,10.);
#2286=VECTOR('',#8758,10.);
#2287=VECTOR('',#8759,10.);
#2288=VECTOR('',#8764,10.);
#2289=VECTOR('',#8765,10.);
#2290=VECTOR('',#8770,10.);
#2291=VECTOR('',#8771,10.);
#2292=VECTOR('',#8774,10.);
#2293=VECTOR('',#8777,10.);
#2294=VECTOR('',#8780,10.);
#2295=VECTOR('',#8783,10.);
#2296=VECTOR('',#8788,10.);
#2297=VECTOR('',#8789,10.);
#2298=VECTOR('',#8794,10.);
#2299=VECTOR('',#8795,10.);
#2300=VECTOR('',#8800,10.);
#2301=VECTOR('',#8801,10.);
#2302=VECTOR('',#8806,10.);
#2303=VECTOR('',#8807,10.);
#2304=VECTOR('',#8812,10.);
#2305=VECTOR('',#8815,10.);
#2306=VECTOR('',#8818,10.);
#2307=VECTOR('',#8821,10.);
#2308=VECTOR('',#8826,10.);
#2309=VECTOR('',#8827,10.);
#2310=VECTOR('',#8832,10.);
#2311=VECTOR('',#8833,10.);
#2312=VECTOR('',#8838,10.);
#2313=VECTOR('',#8839,10.);
#2314=VECTOR('',#8844,10.);
#2315=VECTOR('',#8845,10.);
#2316=VECTOR('',#8850,10.);
#2317=VECTOR('',#8853,10.);
#2318=VECTOR('',#8856,10.);
#2319=VECTOR('',#8859,10.);
#2320=VECTOR('',#8862,10.);
#2321=VECTOR('',#8863,10.);
#2322=CIRCLE('',#6575,5.);
#2323=CIRCLE('',#6576,5.);
#2324=CIRCLE('',#6578,5.);
#2325=CIRCLE('',#6581,5.);
#2326=CIRCLE('',#6585,0.925);
#2327=CIRCLE('',#6586,0.925);
#2328=CIRCLE('',#6587,0.925);
#2329=CIRCLE('',#6588,0.925);
#2330=CIRCLE('',#6589,5.25);
#2331=CIRCLE('',#6591,2.00000000000003);
#2332=CIRCLE('',#6592,2.00000000000001);
#2333=CIRCLE('',#6593,2.);
#2334=CIRCLE('',#6594,2.00000000000001);
#2335=CIRCLE('',#6595,2.00000000000001);
#2336=CIRCLE('',#6596,1.99999999999999);
#2337=CIRCLE('',#6597,2.00000000000001);
#2338=CIRCLE('',#6598,2.00000000000002);
#2339=CIRCLE('',#6600,2.00000000000001);
#2340=CIRCLE('',#6601,1.99999999999999);
#2341=CIRCLE('',#6602,2.);
#2342=CIRCLE('',#6603,2.00000000000002);
#2343=CIRCLE('',#6604,2.00000000000002);
#2344=CIRCLE('',#6605,2.00000000000001);
#2345=CIRCLE('',#6606,1.99999999999999);
#2346=CIRCLE('',#6607,2.00000000000001);
#2347=CIRCLE('',#6608,2.00000000000001);
#2348=CIRCLE('',#6609,2.);
#2349=CIRCLE('',#6610,2.00000000000001);
#2350=CIRCLE('',#6611,2.00000000000003);
#2351=CIRCLE('',#6613,1.99999999999999);
#2352=CIRCLE('',#6616,2.00000000000006);
#2353=CIRCLE('',#6617,2.00000000000007);
#2354=CIRCLE('',#6618,2.00000000000007);
#2355=CIRCLE('',#6620,5.);
#2356=CIRCLE('',#6623,9.37342293265552);
#2357=CIRCLE('',#6624,9.37342293265552);
#2358=CIRCLE('',#6626,4.99999940742503);
#2359=CIRCLE('',#6627,4.99999940742503);
#2360=CIRCLE('',#6629,3.5);
#2361=CIRCLE('',#6632,5.);
#2362=CIRCLE('',#6652,4.25);
#2363=CIRCLE('',#6654,4.25);
#2364=CIRCLE('',#6656,5.25);
#2365=CIRCLE('',#6660,4.00000000000001);
#2366=CIRCLE('',#6661,3.99999999999999);
#2367=CIRCLE('',#6664,0.925);
#2368=CIRCLE('',#6665,0.925);
#2369=CIRCLE('',#6668,0.925);
#2370=CIRCLE('',#6669,0.925);
#2371=CIRCLE('',#6674,2.);
#2372=CIRCLE('',#6675,2.);
#2373=CIRCLE('',#6676,1.);
#2374=CIRCLE('',#6677,0.999999999999961);
#2375=CIRCLE('',#6678,0.999999999999966);
#2376=CIRCLE('',#6679,0.999999999999994);
#2377=CIRCLE('',#6694,2.00000000000004);
#2378=CIRCLE('',#6696,2.00000000000011);
#2379=CIRCLE('',#6698,2.);
#2380=CIRCLE('',#6700,1.5);
#2381=CIRCLE('',#6701,1.5);
#2382=CIRCLE('',#6704,1.5);
#2383=CIRCLE('',#6705,1.5);
#2384=CIRCLE('',#6708,1.5);
#2385=CIRCLE('',#6709,1.5);
#2386=CIRCLE('',#6712,1.5);
#2387=CIRCLE('',#6713,1.5);
#2388=CIRCLE('',#6716,1.);
#2389=CIRCLE('',#6717,0.999999999999996);
#2390=CIRCLE('',#6718,0.999999999999996);
#2391=CIRCLE('',#6719,1.);
#2392=CIRCLE('',#6733,2.00000000000004);
#2393=CIRCLE('',#6739,1.0000000000001);
#2394=CIRCLE('',#6740,1.00000000000006);
#2395=CIRCLE('',#6742,1.00000000000008);
#2396=CIRCLE('',#6743,0.999999999999996);
#2397=CIRCLE('',#6745,0.999999999999997);
#2398=CIRCLE('',#6746,4.99999999999937);
#2399=CIRCLE('',#6747,1.00000000000003);
#2400=CIRCLE('',#6748,1.00000000000009);
#2401=CIRCLE('',#6749,1.00000000000003);
#2402=CIRCLE('',#6751,1.00000000000004);
#2403=CIRCLE('',#6752,1.00000000000001);
#2404=CIRCLE('',#6755,1.00000000000013);
#2405=CIRCLE('',#6756,1.00000000000003);
#2406=CIRCLE('',#6758,0.999999999999989);
#2407=CIRCLE('',#6759,0.999999999999989);
#2408=CIRCLE('',#6761,1.);
#2409=CIRCLE('',#6762,5.00000000000012);
#2410=CIRCLE('',#6763,1.00000000000003);
#2411=CIRCLE('',#6764,1.00000000000027);
#2412=CIRCLE('',#6765,0.99999999999994);
#2413=CIRCLE('',#6767,1.);
#2414=CIRCLE('',#6768,1.00000000000001);
#2415=CIRCLE('',#6771,1.00000000000009);
#2416=CIRCLE('',#6772,1.00000000000004);
#2417=CIRCLE('',#6774,1.);
#2418=CIRCLE('',#6775,0.999999999999979);
#2419=CIRCLE('',#6777,1.);
#2420=CIRCLE('',#6778,4.99999999999922);
#2421=CIRCLE('',#6779,1.00000000000002);
#2422=CIRCLE('',#6780,1.00000000000005);
#2423=CIRCLE('',#6781,0.999999999999973);
#2424=CIRCLE('',#6783,1.00000000000001);
#2425=CIRCLE('',#6784,1.00000000000001);
#2426=CIRCLE('',#6787,1.00000000000003);
#2427=CIRCLE('',#6788,1.0000000000001);
#2428=CIRCLE('',#6790,1.00000000000009);
#2429=CIRCLE('',#6791,1.0000000000001);
#2430=CIRCLE('',#6793,1.);
#2431=CIRCLE('',#6794,5.00000000000003);
#2432=CIRCLE('',#6795,0.999999999999993);
#2433=CIRCLE('',#6796,1.00000000000001);
#2434=CIRCLE('',#6797,1.00000000000007);
#2435=CIRCLE('',#6799,1.00000000000006);
#2436=CIRCLE('',#6800,1.00000000000005);
#2437=CIRCLE('',#6803,1.00000000000008);
#2438=CIRCLE('',#6804,1.00000000000005);
#2439=CIRCLE('',#6806,0.999999999999904);
#2440=CIRCLE('',#6807,0.999999999999996);
#2441=CIRCLE('',#6809,4.99999999999999);
#2442=CIRCLE('',#6812,0.999999999999925);
#2443=CIRCLE('',#6815,5.);
#2444=CIRCLE('',#6818,1.00000000000005);
#2445=CIRCLE('',#6819,1.);
#2446=CIRCLE('',#6821,1.00000000000031);
#2447=CIRCLE('',#6822,5.00000000000053);
#2448=CIRCLE('',#6825,0.999999999999996);
#2449=CIRCLE('',#6830,1.00000000000009);
#2450=CIRCLE('',#6831,1.);
#2451=CIRCLE('',#6833,1.0000000000003);
#2452=CIRCLE('',#6834,5.00000000000061);
#2453=CIRCLE('',#6837,0.999999999999986);
#2454=CIRCLE('',#6842,1.00000000000008);
#2455=CIRCLE('',#6843,0.999999999999993);
#2456=CIRCLE('',#6845,1.00000000000039);
#2457=CIRCLE('',#6846,4.99999999999904);
#2458=CIRCLE('',#6849,0.999999999999908);
#2459=CIRCLE('',#6852,4.99999999999999);
#2460=CIRCLE('',#6855,1.00000000000009);
#2461=CIRCLE('',#6856,0.999999999999998);
#2462=CIRCLE('',#6858,1.00000000000026);
#2463=CIRCLE('',#6861,1.00000000000007);
#2464=CIRCLE('',#6862,0.999999999999993);
#2465=CIRCLE('',#6864,1.00000000000021);
#2466=CIRCLE('',#6866,0.999999999999979);
#2467=CIRCLE('',#6867,0.999999999999992);
#2468=CIRCLE('',#6869,1.00000000000004);
#2469=CIRCLE('',#6870,1.00000000000011);
#2470=CIRCLE('',#6872,1.);
#2471=CIRCLE('',#6873,5.00000000000002);
#2472=CIRCLE('',#6874,1.00000000000001);
#2473=CIRCLE('',#6875,0.999999999999748);
#2474=CIRCLE('',#6876,1.00000000000011);
#2475=CIRCLE('',#6878,0.999999999999986);
#2476=CIRCLE('',#6879,1.00000000000011);
#2477=CIRCLE('',#6881,0.999999999999986);
#2478=CIRCLE('',#6882,4.99999999999999);
#2479=CIRCLE('',#6883,1.00000000000005);
#2480=CIRCLE('',#6884,1.00000000000012);
#2481=CIRCLE('',#6885,1.00000000000006);
#2482=CIRCLE('',#6887,1.00000000000001);
#2483=CIRCLE('',#6888,0.999999999999986);
#2484=CIRCLE('',#6891,0.99999999999997);
#2485=CIRCLE('',#6892,0.999999999999855);
#2486=CIRCLE('',#6894,1.);
#2487=CIRCLE('',#6895,1.00000000000011);
#2488=CIRCLE('',#6897,0.999999999999993);
#2489=CIRCLE('',#6898,5.00000000000003);
#2490=CIRCLE('',#6899,1.0000000000001);
#2491=CIRCLE('',#6900,1.00000000000014);
#2492=CIRCLE('',#6901,1.00000000000001);
#2493=CIRCLE('',#6903,0.999999999999993);
#2494=CIRCLE('',#6904,0.999999999999982);
#2495=CIRCLE('',#6907,0.999999999999969);
#2496=CIRCLE('',#6908,0.999999999999993);
#2497=CIRCLE('',#6910,1.00000000000006);
#2498=CIRCLE('',#6911,0.999999999999982);
#2499=CIRCLE('',#6914,1.00000000000013);
#2500=CIRCLE('',#6915,1.00000000000025);
#2501=CIRCLE('',#6917,1.0000000000001);
#2502=CIRCLE('',#6918,0.999999999999993);
#2503=CIRCLE('',#6921,0.999999999999935);
#2504=CIRCLE('',#6922,0.999999999999977);
#2505=CIRCLE('',#6924,1.00000000000009);
#2506=CIRCLE('',#6925,1.00000000000015);
#2507=CIRCLE('',#6927,0.99999999999997);
#2508=CIRCLE('',#6929,0.999999999999998);
#2509=CIRCLE('',#6930,5.00000000000001);
#2510=CIRCLE('',#6931,0.99999999999983);
#2511=CIRCLE('',#6932,0.999999999999982);
#2512=CIRCLE('',#6934,1.00000000000001);
#2513=CIRCLE('',#6935,1.);
#2514=CIRCLE('',#6937,1.00000000000014);
#2515=CIRCLE('',#6939,0.999999999999993);
#2516=CIRCLE('',#6940,5.00000000000027);
#2517=CIRCLE('',#6942,1.00000000000007);
#2518=CIRCLE('',#6945,5.00000000000001);
#2519=CIRCLE('',#6948,1.00000000000009);
#2520=CIRCLE('',#6951,5.);
#2521=CIRCLE('',#6954,0.999999999999996);
#2522=CIRCLE('',#6955,0.999999999999996);
#2523=CIRCLE('',#6957,0.999999999999806);
#2524=CIRCLE('',#6958,4.99999999999969);
#2525=CIRCLE('',#6961,1.0000000000001);
#2526=CIRCLE('',#6966,0.999999999999996);
#2527=CIRCLE('',#6967,1.);
#2528=CIRCLE('',#6969,0.999999999999712);
#2529=CIRCLE('',#6972,0.99999999999994);
#2530=CIRCLE('',#6973,1.);
#2531=CIRCLE('',#6975,0.999999999999799);
#2532=CIRCLE('',#6976,4.9999999999995);
#2533=CIRCLE('',#6979,0.999999999999908);
#2534=CIRCLE('',#6980,1.);
#2535=CIRCLE('',#6982,0.999999999999684);
#2536=CIRCLE('',#6983,4.99999999999948);
#2537=CIRCLE('',#6986,1.00000000000007);
#2538=CIRCLE('',#6990,0.999999999999993);
#2539=CIRCLE('',#7002,4.00000000000001);
#2540=CIRCLE('',#7003,1.00000000000009);
#2541=CIRCLE('',#7004,5.00000000000001);
#2542=CIRCLE('',#7005,0.999999999999999);
#2543=CIRCLE('',#7007,3.99999999999999);
#2544=CIRCLE('',#7008,0.999999999999993);
#2545=CIRCLE('',#7009,0.999999999999993);
#2546=CIRCLE('',#7011,0.999999999999986);
#2547=CIRCLE('',#7013,0.999999999999972);
#2548=CIRCLE('',#7016,2.);
#2549=CIRCLE('',#7017,2.);
#2550=CIRCLE('',#7019,2.00000000000007);
#2551=CIRCLE('',#7020,1.09999992290699);
#2552=CIRCLE('',#7021,1.09999992290699);
#2553=CIRCLE('',#7024,2.00000000000007);
#2554=CIRCLE('',#7029,2.00000000000006);
#2555=CIRCLE('',#7030,1.09999992290699);
#2556=CIRCLE('',#7031,1.09999992290699);
#2557=CIRCLE('',#7034,2.);
#2558=CIRCLE('',#7039,2.);
#2559=CIRCLE('',#7044,0.999999999999998);
#2560=CIRCLE('',#7045,0.999999999999968);
#2561=CIRCLE('',#7047,0.999999999999964);
#2562=CIRCLE('',#7048,5.00000000000001);
#2563=CIRCLE('',#7049,1.00000000000002);
#2564=CIRCLE('',#7051,0.999999999999979);
#2565=CIRCLE('',#7053,0.999999999999993);
#2566=CIRCLE('',#7067,1.09999992290698);
#2567=CIRCLE('',#7070,0.500000000000007);
#2568=CIRCLE('',#7072,1.09999992290698);
#2569=CIRCLE('',#7075,0.500000000000014);
#2570=CIRCLE('',#7076,1.09999992290698);
#2571=CIRCLE('',#7080,2.00000000000003);
#2572=CIRCLE('',#7089,1.00000000000004);
#2573=CIRCLE('',#7091,0.999999999999972);
#2574=CIRCLE('',#7093,1.);
#2575=CIRCLE('',#7095,1.);
#2576=CIRCLE('',#7102,1.00000000000003);
#2577=CIRCLE('',#7104,0.99999999999999);
#2578=CIRCLE('',#7106,1.);
#2579=CIRCLE('',#7108,1.);
#2580=CIRCLE('',#7115,1.00000000000004);
#2581=CIRCLE('',#7117,0.999999999999972);
#2582=CIRCLE('',#7119,1.);
#2583=CIRCLE('',#7121,1.);
#2584=CIRCLE('',#7128,1.00000000000003);
#2585=CIRCLE('',#7130,0.99999999999999);
#2586=CIRCLE('',#7132,1.);
#2587=CIRCLE('',#7134,1.);
#2588=CIRCLE('',#7141,1.00000000000002);
#2589=CIRCLE('',#7143,0.999999999999994);
#2590=CIRCLE('',#7145,1.00000000000001);
#2591=CIRCLE('',#7147,1.);
#2592=CIRCLE('',#7155,1.09999992290698);
#2593=VERTEX_POINT('',#8874);
#2594=VERTEX_POINT('',#8876);
#2595=VERTEX_POINT('',#8878);
#2596=VERTEX_POINT('',#8880);
#2597=VERTEX_POINT('',#8882);
#2598=VERTEX_POINT('',#8886);
#2599=VERTEX_POINT('',#8890);
#2600=VERTEX_POINT('',#8892);
#2601=VERTEX_POINT('',#8894);
#2602=VERTEX_POINT('',#8896);
#2603=VERTEX_POINT('',#8900);
#2604=VERTEX_POINT('',#8902);
#2605=VERTEX_POINT('',#8904);
#2606=VERTEX_POINT('',#8906);
#2607=VERTEX_POINT('',#8910);
#2608=VERTEX_POINT('',#8911);
#2609=VERTEX_POINT('',#8913);
#2610=VERTEX_POINT('',#8915);
#2611=VERTEX_POINT('',#8917);
#2612=VERTEX_POINT('',#8919);
#2613=VERTEX_POINT('',#8921);
#2614=VERTEX_POINT('',#8923);
#2615=VERTEX_POINT('',#8925);
#2616=VERTEX_POINT('',#8927);
#2617=VERTEX_POINT('',#8929);
#2618=VERTEX_POINT('',#8931);
#2619=VERTEX_POINT('',#8934);
#2620=VERTEX_POINT('',#8937);
#2621=VERTEX_POINT('',#8939);
#2622=VERTEX_POINT('',#8941);
#2623=VERTEX_POINT('',#8943);
#2624=VERTEX_POINT('',#8945);
#2625=VERTEX_POINT('',#8947);
#2626=VERTEX_POINT('',#8949);
#2627=VERTEX_POINT('',#8951);
#2628=VERTEX_POINT('',#8953);
#2629=VERTEX_POINT('',#8955);
#2630=VERTEX_POINT('',#8957);
#2631=VERTEX_POINT('',#8959);
#2632=VERTEX_POINT('',#8961);
#2633=VERTEX_POINT('',#8963);
#2634=VERTEX_POINT('',#8966);
#2635=VERTEX_POINT('',#8967);
#2636=VERTEX_POINT('',#8969);
#2637=VERTEX_POINT('',#8971);
#2638=VERTEX_POINT('',#8973);
#2639=VERTEX_POINT('',#8975);
#2640=VERTEX_POINT('',#8977);
#2641=VERTEX_POINT('',#8979);
#2642=VERTEX_POINT('',#8982);
#2643=VERTEX_POINT('',#8983);
#2644=VERTEX_POINT('',#8985);
#2645=VERTEX_POINT('',#8987);
#2646=VERTEX_POINT('',#8989);
#2647=VERTEX_POINT('',#8991);
#2648=VERTEX_POINT('',#8993);
#2649=VERTEX_POINT('',#8995);
#2650=VERTEX_POINT('',#8999);
#2651=VERTEX_POINT('',#9000);
#2652=VERTEX_POINT('',#9003);
#2653=VERTEX_POINT('',#9005);
#2654=VERTEX_POINT('',#9007);
#2655=VERTEX_POINT('',#9009);
#2656=VERTEX_POINT('',#9011);
#2657=VERTEX_POINT('',#9013);
#2658=VERTEX_POINT('',#9016);
#2659=VERTEX_POINT('',#9017);
#2660=VERTEX_POINT('',#9019);
#2661=VERTEX_POINT('',#9021);
#2662=VERTEX_POINT('',#9023);
#2663=VERTEX_POINT('',#9025);
#2664=VERTEX_POINT('',#9027);
#2665=VERTEX_POINT('',#9029);
#2666=VERTEX_POINT('',#9032);
#2667=VERTEX_POINT('',#9033);
#2668=VERTEX_POINT('',#9035);
#2669=VERTEX_POINT('',#9037);
#2670=VERTEX_POINT('',#9039);
#2671=VERTEX_POINT('',#9041);
#2672=VERTEX_POINT('',#9043);
#2673=VERTEX_POINT('',#9045);
#2674=VERTEX_POINT('',#9048);
#2675=VERTEX_POINT('',#9049);
#2676=VERTEX_POINT('',#9051);
#2677=VERTEX_POINT('',#9053);
#2678=VERTEX_POINT('',#9055);
#2679=VERTEX_POINT('',#9057);
#2680=VERTEX_POINT('',#9059);
#2681=VERTEX_POINT('',#9061);
#2682=VERTEX_POINT('',#9065);
#2683=VERTEX_POINT('',#9066);
#2684=VERTEX_POINT('',#9068);
#2685=VERTEX_POINT('',#9074);
#2686=VERTEX_POINT('',#9076);
#2687=VERTEX_POINT('',#9080);
#2688=VERTEX_POINT('',#9082);
#2689=VERTEX_POINT('',#9084);
#2690=VERTEX_POINT('',#9086);
#2691=VERTEX_POINT('',#9088);
#2692=VERTEX_POINT('',#9090);
#2693=VERTEX_POINT('',#9092);
#2694=VERTEX_POINT('',#9094);
#2695=VERTEX_POINT('',#9096);
#2696=VERTEX_POINT('',#9098);
#2697=VERTEX_POINT('',#9100);
#2698=VERTEX_POINT('',#9102);
#2699=VERTEX_POINT('',#9104);
#2700=VERTEX_POINT('',#9106);
#2701=VERTEX_POINT('',#9108);
#2702=VERTEX_POINT('',#9110);
#2703=VERTEX_POINT('',#9112);
#2704=VERTEX_POINT('',#9114);
#2705=VERTEX_POINT('',#9116);
#2706=VERTEX_POINT('',#9118);
#2707=VERTEX_POINT('',#9120);
#2708=VERTEX_POINT('',#9122);
#2709=VERTEX_POINT('',#9124);
#2710=VERTEX_POINT('',#9126);
#2711=VERTEX_POINT('',#9128);
#2712=VERTEX_POINT('',#9132);
#2713=VERTEX_POINT('',#9137);
#2714=VERTEX_POINT('',#9141);
#2715=VERTEX_POINT('',#9143);
#2716=VERTEX_POINT('',#9150);
#2717=VERTEX_POINT('',#9152);
#2718=VERTEX_POINT('',#9171);
#2719=VERTEX_POINT('',#9180);
#2720=VERTEX_POINT('',#9183);
#2721=VERTEX_POINT('',#9185);
#2722=VERTEX_POINT('',#9187);
#2723=VERTEX_POINT('',#9189);
#2724=VERTEX_POINT('',#9191);
#2725=VERTEX_POINT('',#9193);
#2726=VERTEX_POINT('',#9195);
#2727=VERTEX_POINT('',#9197);
#2728=VERTEX_POINT('',#9199);
#2729=VERTEX_POINT('',#9201);
#2730=VERTEX_POINT('',#9203);
#2731=VERTEX_POINT('',#9205);
#2732=VERTEX_POINT('',#9207);
#2733=VERTEX_POINT('',#9209);
#2734=VERTEX_POINT('',#9211);
#2735=VERTEX_POINT('',#9213);
#2736=VERTEX_POINT('',#9215);
#2737=VERTEX_POINT('',#9217);
#2738=VERTEX_POINT('',#9219);
#2739=VERTEX_POINT('',#9221);
#2740=VERTEX_POINT('',#9223);
#2741=VERTEX_POINT('',#9225);
#2742=VERTEX_POINT('',#9227);
#2743=VERTEX_POINT('',#9229);
#2744=VERTEX_POINT('',#9231);
#2745=VERTEX_POINT('',#9233);
#2746=VERTEX_POINT('',#9235);
#2747=VERTEX_POINT('',#9237);
#2748=VERTEX_POINT('',#9239);
#2749=VERTEX_POINT('',#9241);
#2750=VERTEX_POINT('',#9243);
#2751=VERTEX_POINT('',#9245);
#2752=VERTEX_POINT('',#9247);
#2753=VERTEX_POINT('',#9249);
#2754=VERTEX_POINT('',#9251);
#2755=VERTEX_POINT('',#9253);
#2756=VERTEX_POINT('',#9255);
#2757=VERTEX_POINT('',#9257);
#2758=VERTEX_POINT('',#9259);
#2759=VERTEX_POINT('',#9261);
#2760=VERTEX_POINT('',#9264);
#2761=VERTEX_POINT('',#9265);
#2762=VERTEX_POINT('',#9271);
#2763=VERTEX_POINT('',#9277);
#2764=VERTEX_POINT('',#9288);
#2765=VERTEX_POINT('',#9289);
#2766=VERTEX_POINT('',#9295);
#2767=VERTEX_POINT('',#9301);
#2768=VERTEX_POINT('',#9312);
#2769=VERTEX_POINT('',#9313);
#2770=VERTEX_POINT('',#9319);
#2771=VERTEX_POINT('',#9325);
#2772=VERTEX_POINT('',#9337);
#2773=VERTEX_POINT('',#9341);
#2774=VERTEX_POINT('',#9366);
#2775=VERTEX_POINT('',#9368);
#2776=VERTEX_POINT('',#9391);
#2777=VERTEX_POINT('',#9414);
#2778=VERTEX_POINT('',#9458);
#2779=VERTEX_POINT('',#9460);
#2780=VERTEX_POINT('',#9483);
#2781=VERTEX_POINT('',#9506);
#2782=VERTEX_POINT('',#9550);
#2783=VERTEX_POINT('',#9552);
#2784=VERTEX_POINT('',#9575);
#2785=VERTEX_POINT('',#9598);
#2786=VERTEX_POINT('',#9623);
#2787=VERTEX_POINT('',#9625);
#2788=VERTEX_POINT('',#9629);
#2789=VERTEX_POINT('',#9633);
#2790=VERTEX_POINT('',#9639);
#2791=VERTEX_POINT('',#9640);
#2792=VERTEX_POINT('',#9642);
#2793=VERTEX_POINT('',#9646);
#2794=VERTEX_POINT('',#9648);
#2795=VERTEX_POINT('',#9652);
#2796=VERTEX_POINT('',#9656);
#2797=VERTEX_POINT('',#9657);
#2798=VERTEX_POINT('',#9659);
#2799=VERTEX_POINT('',#9663);
#2800=VERTEX_POINT('',#9665);
#2801=VERTEX_POINT('',#9669);
#2802=VERTEX_POINT('',#9673);
#2803=VERTEX_POINT('',#9679);
#2804=VERTEX_POINT('',#9680);
#2805=VERTEX_POINT('',#9682);
#2806=VERTEX_POINT('',#9689);
#2807=VERTEX_POINT('',#9690);
#2808=VERTEX_POINT('',#9695);
#2809=VERTEX_POINT('',#9699);
#2810=VERTEX_POINT('',#9705);
#2811=VERTEX_POINT('',#9709);
#2812=VERTEX_POINT('',#9713);
#2813=VERTEX_POINT('',#9717);
#2814=VERTEX_POINT('',#9718);
#2815=VERTEX_POINT('',#9720);
#2816=VERTEX_POINT('',#9722);
#2817=VERTEX_POINT('',#9724);
#2818=VERTEX_POINT('',#9726);
#2819=VERTEX_POINT('',#9728);
#2820=VERTEX_POINT('',#9730);
#2821=VERTEX_POINT('',#9732);
#2822=VERTEX_POINT('',#9734);
#2823=VERTEX_POINT('',#9736);
#2824=VERTEX_POINT('',#9738);
#2825=VERTEX_POINT('',#9741);
#2826=VERTEX_POINT('',#9742);
#2827=VERTEX_POINT('',#9782);
#2828=VERTEX_POINT('',#9790);
#2829=VERTEX_POINT('',#9792);
#2830=VERTEX_POINT('',#9797);
#2831=VERTEX_POINT('',#9803);
#2832=VERTEX_POINT('',#9808);
#2833=VERTEX_POINT('',#9812);
#2834=VERTEX_POINT('',#9817);
#2835=VERTEX_POINT('',#9819);
#2836=VERTEX_POINT('',#9821);
#2837=VERTEX_POINT('',#9823);
#2838=VERTEX_POINT('',#9825);
#2839=VERTEX_POINT('',#9828);
#2840=VERTEX_POINT('',#9830);
#2841=VERTEX_POINT('',#9832);
#2842=VERTEX_POINT('',#9834);
#2843=VERTEX_POINT('',#9836);
#2844=VERTEX_POINT('',#9841);
#2845=VERTEX_POINT('',#9842);
#2846=VERTEX_POINT('',#9844);
#2847=VERTEX_POINT('',#9846);
#2848=VERTEX_POINT('',#9848);
#2849=VERTEX_POINT('',#9850);
#2850=VERTEX_POINT('',#9852);
#2851=VERTEX_POINT('',#9854);
#2852=VERTEX_POINT('',#9858);
#2853=VERTEX_POINT('',#9859);
#2854=VERTEX_POINT('',#9861);
#2855=VERTEX_POINT('',#9863);
#2856=VERTEX_POINT('',#9870);
#2857=VERTEX_POINT('',#9871);
#2858=VERTEX_POINT('',#9873);
#2859=VERTEX_POINT('',#9875);
#2860=VERTEX_POINT('',#9882);
#2861=VERTEX_POINT('',#9883);
#2862=VERTEX_POINT('',#9885);
#2863=VERTEX_POINT('',#9887);
#2864=VERTEX_POINT('',#9894);
#2865=VERTEX_POINT('',#9896);
#2866=VERTEX_POINT('',#9900);
#2867=VERTEX_POINT('',#9901);
#2868=VERTEX_POINT('',#9903);
#2869=VERTEX_POINT('',#9905);
#2870=VERTEX_POINT('',#9912);
#2871=VERTEX_POINT('',#9914);
#2872=VERTEX_POINT('',#9918);
#2873=VERTEX_POINT('',#9919);
#2874=VERTEX_POINT('',#9921);
#2875=VERTEX_POINT('',#9923);
#2876=VERTEX_POINT('',#9927);
#2877=VERTEX_POINT('',#9929);
#2878=VERTEX_POINT('',#9936);
#2879=VERTEX_POINT('',#9937);
#2880=VERTEX_POINT('',#9948);
#2881=VERTEX_POINT('',#9949);
#2882=VERTEX_POINT('',#9951);
#2883=VERTEX_POINT('',#9953);
#2884=VERTEX_POINT('',#9957);
#2885=VERTEX_POINT('',#9959);
#2886=VERTEX_POINT('',#9963);
#2887=VERTEX_POINT('',#9964);
#2888=VERTEX_POINT('',#9966);
#2889=VERTEX_POINT('',#9968);
#2890=VERTEX_POINT('',#9972);
#2891=VERTEX_POINT('',#9974);
#2892=VERTEX_POINT('',#9978);
#2893=VERTEX_POINT('',#9980);
#2894=VERTEX_POINT('',#9987);
#2895=VERTEX_POINT('',#9989);
#2896=VERTEX_POINT('',#9996);
#2897=VERTEX_POINT('',#9997);
#2898=VERTEX_POINT('',#9999);
#2899=VERTEX_POINT('',#10001);
#2900=VERTEX_POINT('',#10003);
#2901=VERTEX_POINT('',#10005);
#2902=VERTEX_POINT('',#10007);
#2903=VERTEX_POINT('',#10009);
#2904=VERTEX_POINT('',#10029);
#2905=VERTEX_POINT('',#10032);
#2906=VERTEX_POINT('',#10039);
#2907=VERTEX_POINT('',#10041);
#2908=VERTEX_POINT('',#10045);
#2909=VERTEX_POINT('',#10047);
#2910=VERTEX_POINT('',#10054);
#2911=VERTEX_POINT('',#10060);
#2912=VERTEX_POINT('',#10064);
#2913=VERTEX_POINT('',#10066);
#2914=VERTEX_POINT('',#10070);
#2915=VERTEX_POINT('',#10099);
#2916=VERTEX_POINT('',#10100);
#2917=VERTEX_POINT('',#10134);
#2918=VERTEX_POINT('',#10135);
#2919=VERTEX_POINT('',#10146);
#2920=VERTEX_POINT('',#10147);
#2921=VERTEX_POINT('',#10149);
#2922=VERTEX_POINT('',#10151);
#2923=VERTEX_POINT('',#10222);
#2924=VERTEX_POINT('',#10250);
#2925=VERTEX_POINT('',#10251);
#2926=VERTEX_POINT('',#10285);
#2927=VERTEX_POINT('',#10286);
#2928=VERTEX_POINT('',#10297);
#2929=VERTEX_POINT('',#10298);
#2930=VERTEX_POINT('',#10300);
#2931=VERTEX_POINT('',#10302);
#2932=VERTEX_POINT('',#10400);
#2933=VERTEX_POINT('',#10401);
#2934=VERTEX_POINT('',#10435);
#2935=VERTEX_POINT('',#10436);
#2936=VERTEX_POINT('',#10447);
#2937=VERTEX_POINT('',#10448);
#2938=VERTEX_POINT('',#10450);
#2939=VERTEX_POINT('',#10452);
#2940=VERTEX_POINT('',#10491);
#2941=VERTEX_POINT('',#10519);
#2942=VERTEX_POINT('',#10520);
#2943=VERTEX_POINT('',#10554);
#2944=VERTEX_POINT('',#10555);
#2945=VERTEX_POINT('',#10566);
#2946=VERTEX_POINT('',#10567);
#2947=VERTEX_POINT('',#10569);
#2948=VERTEX_POINT('',#10571);
#2949=VERTEX_POINT('',#10637);
#2950=VERTEX_POINT('',#10638);
#2951=VERTEX_POINT('',#10672);
#2952=VERTEX_POINT('',#10673);
#2953=VERTEX_POINT('',#10684);
#2954=VERTEX_POINT('',#10685);
#2955=VERTEX_POINT('',#10687);
#2956=VERTEX_POINT('',#10689);
#2957=VERTEX_POINT('',#10760);
#2958=VERTEX_POINT('',#10788);
#2959=VERTEX_POINT('',#10789);
#2960=VERTEX_POINT('',#10823);
#2961=VERTEX_POINT('',#10824);
#2962=VERTEX_POINT('',#10835);
#2963=VERTEX_POINT('',#10836);
#2964=VERTEX_POINT('',#10838);
#2965=VERTEX_POINT('',#10840);
#2966=VERTEX_POINT('',#10938);
#2967=VERTEX_POINT('',#10939);
#2968=VERTEX_POINT('',#10973);
#2969=VERTEX_POINT('',#10974);
#2970=VERTEX_POINT('',#10985);
#2971=VERTEX_POINT('',#10986);
#2972=VERTEX_POINT('',#10988);
#2973=VERTEX_POINT('',#10990);
#2974=VERTEX_POINT('',#11061);
#2975=VERTEX_POINT('',#11089);
#2976=VERTEX_POINT('',#11090);
#2977=VERTEX_POINT('',#11124);
#2978=VERTEX_POINT('',#11125);
#2979=VERTEX_POINT('',#11136);
#2980=VERTEX_POINT('',#11137);
#2981=VERTEX_POINT('',#11139);
#2982=VERTEX_POINT('',#11141);
#2983=VERTEX_POINT('',#11207);
#2984=VERTEX_POINT('',#11208);
#2985=VERTEX_POINT('',#11242);
#2986=VERTEX_POINT('',#11243);
#2987=VERTEX_POINT('',#11254);
#2988=VERTEX_POINT('',#11255);
#2989=VERTEX_POINT('',#11257);
#2990=VERTEX_POINT('',#11259);
#2991=VERTEX_POINT('',#11298);
#2992=VERTEX_POINT('',#11302);
#2993=VERTEX_POINT('',#11306);
#2994=VERTEX_POINT('',#11311);
#2995=VERTEX_POINT('',#11315);
#2996=VERTEX_POINT('',#11319);
#2997=VERTEX_POINT('',#11321);
#2998=VERTEX_POINT('',#11329);
#2999=VERTEX_POINT('',#11338);
#3000=VERTEX_POINT('',#11340);
#3001=VERTEX_POINT('',#11348);
#3002=VERTEX_POINT('',#11357);
#3003=VERTEX_POINT('',#11359);
#3004=VERTEX_POINT('',#11367);
#3005=VERTEX_POINT('',#11372);
#3006=VERTEX_POINT('',#11376);
#3007=VERTEX_POINT('',#11415);
#3008=VERTEX_POINT('',#11416);
#3009=VERTEX_POINT('',#11450);
#3010=VERTEX_POINT('',#11451);
#3011=VERTEX_POINT('',#11462);
#3012=VERTEX_POINT('',#11463);
#3013=VERTEX_POINT('',#11465);
#3014=VERTEX_POINT('',#11467);
#3015=VERTEX_POINT('',#11538);
#3016=VERTEX_POINT('',#11566);
#3017=VERTEX_POINT('',#11567);
#3018=VERTEX_POINT('',#11601);
#3019=VERTEX_POINT('',#11602);
#3020=VERTEX_POINT('',#11613);
#3021=VERTEX_POINT('',#11614);
#3022=VERTEX_POINT('',#11616);
#3023=VERTEX_POINT('',#11618);
#3024=VERTEX_POINT('',#11689);
#3025=VERTEX_POINT('',#11717);
#3026=VERTEX_POINT('',#11718);
#3027=VERTEX_POINT('',#11752);
#3028=VERTEX_POINT('',#11753);
#3029=VERTEX_POINT('',#11764);
#3030=VERTEX_POINT('',#11765);
#3031=VERTEX_POINT('',#11767);
#3032=VERTEX_POINT('',#11769);
#3033=VERTEX_POINT('',#11835);
#3034=VERTEX_POINT('',#11836);
#3035=VERTEX_POINT('',#11870);
#3036=VERTEX_POINT('',#11871);
#3037=VERTEX_POINT('',#11882);
#3038=VERTEX_POINT('',#11883);
#3039=VERTEX_POINT('',#11885);
#3040=VERTEX_POINT('',#11887);
#3041=VERTEX_POINT('',#11926);
#3042=VERTEX_POINT('',#11954);
#3043=VERTEX_POINT('',#11955);
#3044=VERTEX_POINT('',#11989);
#3045=VERTEX_POINT('',#11990);
#3046=VERTEX_POINT('',#12001);
#3047=VERTEX_POINT('',#12002);
#3048=VERTEX_POINT('',#12004);
#3049=VERTEX_POINT('',#12006);
#3050=VERTEX_POINT('',#12072);
#3051=VERTEX_POINT('',#12073);
#3052=VERTEX_POINT('',#12107);
#3053=VERTEX_POINT('',#12108);
#3054=VERTEX_POINT('',#12119);
#3055=VERTEX_POINT('',#12120);
#3056=VERTEX_POINT('',#12122);
#3057=VERTEX_POINT('',#12124);
#3058=VERTEX_POINT('',#12222);
#3059=VERTEX_POINT('',#12223);
#3060=VERTEX_POINT('',#12257);
#3061=VERTEX_POINT('',#12258);
#3062=VERTEX_POINT('',#12269);
#3063=VERTEX_POINT('',#12270);
#3064=VERTEX_POINT('',#12272);
#3065=VERTEX_POINT('',#12274);
#3066=VERTEX_POINT('',#12313);
#3067=VERTEX_POINT('',#12315);
#3068=VERTEX_POINT('',#12353);
#3069=VERTEX_POINT('',#12365);
#3070=VERTEX_POINT('',#12392);
#3071=VERTEX_POINT('',#12420);
#3072=VERTEX_POINT('',#12427);
#3073=VERTEX_POINT('',#12429);
#3074=VERTEX_POINT('',#12465);
#3075=VERTEX_POINT('',#12492);
#3076=VERTEX_POINT('',#12493);
#3077=VERTEX_POINT('',#12527);
#3078=VERTEX_POINT('',#12528);
#3079=VERTEX_POINT('',#12539);
#3080=VERTEX_POINT('',#12540);
#3081=VERTEX_POINT('',#12542);
#3082=VERTEX_POINT('',#12544);
#3083=VERTEX_POINT('',#12585);
#3084=VERTEX_POINT('',#12589);
#3085=VERTEX_POINT('',#12594);
#3086=VERTEX_POINT('',#12598);
#3087=VERTEX_POINT('',#12602);
#3088=VERTEX_POINT('',#12607);
#3089=VERTEX_POINT('',#12611);
#3090=VERTEX_POINT('',#12615);
#3091=VERTEX_POINT('',#12617);
#3092=VERTEX_POINT('',#12625);
#3093=VERTEX_POINT('',#12640);
#3094=VERTEX_POINT('',#12642);
#3095=VERTEX_POINT('',#12650);
#3096=VERTEX_POINT('',#12652);
#3097=VERTEX_POINT('',#12660);
#3098=VERTEX_POINT('',#12668);
#3099=VERTEX_POINT('',#12676);
#3100=VERTEX_POINT('',#12678);
#3101=VERTEX_POINT('',#12682);
#3102=VERTEX_POINT('',#12683);
#3103=VERTEX_POINT('',#12685);
#3104=VERTEX_POINT('',#12687);
#3105=VERTEX_POINT('',#12691);
#3106=VERTEX_POINT('',#12693);
#3107=VERTEX_POINT('',#12697);
#3108=VERTEX_POINT('',#12701);
#3109=VERTEX_POINT('',#12710);
#3110=VERTEX_POINT('',#12711);
#3111=VERTEX_POINT('',#12713);
#3112=VERTEX_POINT('',#12718);
#3113=VERTEX_POINT('',#12719);
#3114=VERTEX_POINT('',#12724);
#3115=VERTEX_POINT('',#12726);
#3116=VERTEX_POINT('',#12730);
#3117=VERTEX_POINT('',#12736);
#3118=VERTEX_POINT('',#12738);
#3119=VERTEX_POINT('',#12742);
#3120=VERTEX_POINT('',#12744);
#3121=VERTEX_POINT('',#12747);
#3122=VERTEX_POINT('',#12748);
#3123=VERTEX_POINT('',#12760);
#3124=VERTEX_POINT('',#12762);
#3125=VERTEX_POINT('',#12765);
#3126=VERTEX_POINT('',#12766);
#3127=VERTEX_POINT('',#12777);
#3128=VERTEX_POINT('',#12778);
#3129=VERTEX_POINT('',#13090);
#3130=VERTEX_POINT('',#13097);
#3131=VERTEX_POINT('',#13102);
#3132=VERTEX_POINT('',#13104);
#3133=VERTEX_POINT('',#13108);
#3134=VERTEX_POINT('',#13110);
#3135=VERTEX_POINT('',#13114);
#3136=VERTEX_POINT('',#13116);
#3137=VERTEX_POINT('',#13131);
#3138=VERTEX_POINT('',#13133);
#3139=VERTEX_POINT('',#13137);
#3140=VERTEX_POINT('',#13138);
#3141=VERTEX_POINT('',#13177);
#3142=VERTEX_POINT('',#13179);
#3143=VERTEX_POINT('',#13183);
#3144=VERTEX_POINT('',#13184);
#3145=VERTEX_POINT('',#13309);
#3146=VERTEX_POINT('',#13356);
#3147=VERTEX_POINT('',#13371);
#3148=VERTEX_POINT('',#13373);
#3149=VERTEX_POINT('',#13377);
#3150=VERTEX_POINT('',#13379);
#3151=VERTEX_POINT('',#13383);
#3152=VERTEX_POINT('',#13385);
#3153=VERTEX_POINT('',#13389);
#3154=VERTEX_POINT('',#13391);
#3155=VERTEX_POINT('',#13404);
#3156=VERTEX_POINT('',#13405);
#3157=VERTEX_POINT('',#13410);
#3158=VERTEX_POINT('',#13411);
#3159=VERTEX_POINT('',#13416);
#3160=VERTEX_POINT('',#13417);
#3161=VERTEX_POINT('',#13422);
#3162=VERTEX_POINT('',#13423);
#3163=VERTEX_POINT('',#13437);
#3164=VERTEX_POINT('',#13438);
#3165=VERTEX_POINT('',#13443);
#3166=VERTEX_POINT('',#13444);
#3167=VERTEX_POINT('',#13449);
#3168=VERTEX_POINT('',#13450);
#3169=VERTEX_POINT('',#13455);
#3170=VERTEX_POINT('',#13456);
#3171=VERTEX_POINT('',#13470);
#3172=VERTEX_POINT('',#13472);
#3173=VERTEX_POINT('',#13476);
#3174=VERTEX_POINT('',#13478);
#3175=VERTEX_POINT('',#13482);
#3176=VERTEX_POINT('',#13484);
#3177=VERTEX_POINT('',#13488);
#3178=VERTEX_POINT('',#13490);
#3179=VERTEX_POINT('',#13503);
#3180=VERTEX_POINT('',#13505);
#3181=VERTEX_POINT('',#13509);
#3182=VERTEX_POINT('',#13511);
#3183=VERTEX_POINT('',#13515);
#3184=VERTEX_POINT('',#13517);
#3185=VERTEX_POINT('',#13521);
#3186=VERTEX_POINT('',#13523);
#3187=VERTEX_POINT('',#13587);
#3188=VERTEX_POINT('',#13588);
#3189=EDGE_CURVE('',#2593,#2593,#2322,.T.);
#3190=EDGE_CURVE('',#2593,#2594,#1228,.T.);
#3191=EDGE_CURVE('',#2595,#2594,#2323,.T.);
#3192=EDGE_CURVE('',#2596,#2595,#1220,.T.);
#3193=EDGE_CURVE('',#2597,#2596,#1229,.T.);
#3194=EDGE_CURVE('',#2594,#2597,#2324,.T.);
#3195=EDGE_CURVE('',#2598,#2596,#1221,.T.);
#3196=EDGE_CURVE('',#2598,#2597,#2325,.T.);
#3197=EDGE_CURVE('',#2595,#2599,#1230,.T.);
#3198=EDGE_CURVE('',#2599,#2600,#1231,.T.);
#3199=EDGE_CURVE('',#2600,#2601,#1232,.T.);
#3200=EDGE_CURVE('',#2602,#2601,#1233,.T.);
#3201=EDGE_CURVE('',#2602,#2598,#1234,.T.);
#3202=EDGE_CURVE('',#2603,#2602,#1235,.T.);
#3203=EDGE_CURVE('',#2601,#2604,#1236,.T.);
#3204=EDGE_CURVE('',#2604,#2605,#1237,.T.);
#3205=EDGE_CURVE('',#2605,#2606,#1238,.T.);
#3206=EDGE_CURVE('',#2606,#2603,#1239,.T.);
#3207=EDGE_CURVE('',#2607,#2608,#1240,.T.);
#3208=EDGE_CURVE('',#2608,#2609,#1241,.T.);
#3209=EDGE_CURVE('',#2609,#2610,#2326,.T.);
#3210=EDGE_CURVE('',#2610,#2611,#1242,.T.);
#3211=EDGE_CURVE('',#2611,#2612,#2327,.T.);
#3212=EDGE_CURVE('',#2612,#2613,#1243,.T.);
#3213=EDGE_CURVE('',#2613,#2614,#1244,.T.);
#3214=EDGE_CURVE('',#2614,#2615,#1245,.T.);
#3215=EDGE_CURVE('',#2615,#2616,#2328,.T.);
#3216=EDGE_CURVE('',#2616,#2617,#1246,.T.);
#3217=EDGE_CURVE('',#2617,#2618,#2329,.T.);
#3218=EDGE_CURVE('',#2618,#2607,#1247,.T.);
#3219=EDGE_CURVE('',#2619,#2619,#2330,.T.);
#3220=EDGE_CURVE('',#2608,#2620,#1248,.T.);
#3221=EDGE_CURVE('',#2621,#2620,#1249,.T.);
#3222=EDGE_CURVE('',#2622,#2621,#1250,.T.);
#3223=EDGE_CURVE('',#2623,#2622,#1251,.T.);
#3224=EDGE_CURVE('',#2623,#2624,#1252,.T.);
#3225=EDGE_CURVE('',#2625,#2624,#1253,.T.);
#3226=EDGE_CURVE('',#2626,#2625,#1254,.T.);
#3227=EDGE_CURVE('',#2627,#2626,#1255,.T.);
#3228=EDGE_CURVE('',#2627,#2628,#1256,.T.);
#3229=EDGE_CURVE('',#2628,#2629,#1257,.T.);
#3230=EDGE_CURVE('',#2629,#2630,#1258,.T.);
#3231=EDGE_CURVE('',#2630,#2631,#1259,.T.);
#3232=EDGE_CURVE('',#2631,#2632,#1260,.T.);
#3233=EDGE_CURVE('',#2633,#2632,#1261,.T.);
#3234=EDGE_CURVE('',#2633,#2609,#1262,.T.);
#3235=EDGE_CURVE('',#2634,#2635,#2331,.T.);
#3236=EDGE_CURVE('',#2635,#2636,#1263,.T.);
#3237=EDGE_CURVE('',#2636,#2637,#2332,.T.);
#3238=EDGE_CURVE('',#2637,#2638,#1264,.T.);
#3239=EDGE_CURVE('',#2638,#2639,#2333,.T.);
#3240=EDGE_CURVE('',#2639,#2640,#1265,.T.);
#3241=EDGE_CURVE('',#2640,#2641,#2334,.T.);
#3242=EDGE_CURVE('',#2641,#2634,#1266,.T.);
#3243=EDGE_CURVE('',#2642,#2643,#1267,.T.);
#3244=EDGE_CURVE('',#2644,#2642,#2335,.T.);
#3245=EDGE_CURVE('',#2645,#2644,#1268,.T.);
#3246=EDGE_CURVE('',#2646,#2645,#2336,.T.);
#3247=EDGE_CURVE('',#2647,#2646,#1269,.T.);
#3248=EDGE_CURVE('',#2648,#2647,#2337,.T.);
#3249=EDGE_CURVE('',#2649,#2648,#1270,.T.);
#3250=EDGE_CURVE('',#2643,#2649,#2338,.T.);
#3251=EDGE_CURVE('',#2650,#2651,#1271,.T.);
#3252=EDGE_CURVE('',#2651,#2607,#1272,.T.);
#3253=EDGE_CURVE('',#2618,#2652,#1273,.T.);
#3254=EDGE_CURVE('',#2653,#2652,#1274,.T.);
#3255=EDGE_CURVE('',#2653,#2654,#1275,.T.);
#3256=EDGE_CURVE('',#2654,#2655,#1276,.T.);
#3257=EDGE_CURVE('',#2655,#2656,#1277,.T.);
#3258=EDGE_CURVE('',#2656,#2657,#1278,.T.);
#3259=EDGE_CURVE('',#2657,#2650,#1279,.T.);
#3260=EDGE_CURVE('',#2658,#2659,#1280,.T.);
#3261=EDGE_CURVE('',#2660,#2658,#2339,.T.);
#3262=EDGE_CURVE('',#2661,#2660,#1281,.T.);
#3263=EDGE_CURVE('',#2662,#2661,#2340,.T.);
#3264=EDGE_CURVE('',#2663,#2662,#1282,.T.);
#3265=EDGE_CURVE('',#2664,#2663,#2341,.T.);
#3266=EDGE_CURVE('',#2665,#2664,#1283,.T.);
#3267=EDGE_CURVE('',#2659,#2665,#2342,.T.);
#3268=EDGE_CURVE('',#2666,#2667,#2343,.T.);
#3269=EDGE_CURVE('',#2667,#2668,#1284,.T.);
#3270=EDGE_CURVE('',#2668,#2669,#2344,.T.);
#3271=EDGE_CURVE('',#2669,#2670,#1285,.T.);
#3272=EDGE_CURVE('',#2670,#2671,#2345,.T.);
#3273=EDGE_CURVE('',#2671,#2672,#1286,.T.);
#3274=EDGE_CURVE('',#2672,#2673,#2346,.T.);
#3275=EDGE_CURVE('',#2673,#2666,#1287,.T.);
#3276=EDGE_CURVE('',#2674,#2675,#1288,.T.);
#3277=EDGE_CURVE('',#2676,#2674,#2347,.T.);
#3278=EDGE_CURVE('',#2677,#2676,#1289,.T.);
#3279=EDGE_CURVE('',#2678,#2677,#2348,.T.);
#3280=EDGE_CURVE('',#2679,#2678,#1290,.T.);
#3281=EDGE_CURVE('',#2680,#2679,#2349,.T.);
#3282=EDGE_CURVE('',#2681,#2680,#1291,.T.);
#3283=EDGE_CURVE('',#2675,#2681,#2350,.T.);
#3284=EDGE_CURVE('',#2682,#2683,#1292,.T.);
#3285=EDGE_CURVE('',#2684,#2682,#1293,.T.);
#3286=EDGE_CURVE('',#2684,#2651,#1294,.T.);
#3287=EDGE_CURVE('',#2683,#2650,#2351,.T.);
#3288=EDGE_CURVE('',#2599,#2684,#1295,.T.);
#3289=EDGE_CURVE('',#2682,#2685,#1296,.T.);
#3290=EDGE_CURVE('',#2686,#2685,#1297,.T.);
#3291=EDGE_CURVE('',#2600,#2686,#1298,.T.);
#3292=EDGE_CURVE('',#2683,#2687,#1299,.T.);
#3293=EDGE_CURVE('',#2687,#2688,#1300,.T.);
#3294=EDGE_CURVE('',#2689,#2688,#2352,.T.);
#3295=EDGE_CURVE('',#2690,#2689,#1301,.T.);
#3296=EDGE_CURVE('',#2690,#2691,#1302,.T.);
#3297=EDGE_CURVE('',#2692,#2691,#1303,.T.);
#3298=EDGE_CURVE('',#2693,#2692,#1304,.T.);
#3299=EDGE_CURVE('',#2694,#2693,#2353,.T.);
#3300=EDGE_CURVE('',#2695,#2694,#1305,.T.);
#3301=EDGE_CURVE('',#2696,#2695,#1306,.T.);
#3302=EDGE_CURVE('',#2697,#2696,#1307,.T.);
#3303=EDGE_CURVE('',#2698,#2697,#1308,.T.);
#3304=EDGE_CURVE('',#2699,#2698,#1309,.T.);
#3305=EDGE_CURVE('',#2700,#2699,#1310,.T.);
#3306=EDGE_CURVE('',#2701,#2700,#1311,.T.);
#3307=EDGE_CURVE('',#2702,#2701,#2354,.T.);
#3308=EDGE_CURVE('',#2703,#2702,#1312,.T.);
#3309=EDGE_CURVE('',#2704,#2703,#1313,.T.);
#3310=EDGE_CURVE('',#2704,#2705,#1314,.T.);
#3311=EDGE_CURVE('',#2706,#2705,#1315,.T.);
#3312=EDGE_CURVE('',#2707,#2706,#1316,.T.);
#3313=EDGE_CURVE('',#2708,#2707,#1317,.T.);
#3314=EDGE_CURVE('',#2708,#2709,#1318,.T.);
#3315=EDGE_CURVE('',#2709,#2710,#1319,.T.);
#3316=EDGE_CURVE('',#2710,#2711,#1320,.T.);
#3317=EDGE_CURVE('',#2711,#2685,#1321,.T.);
#3318=EDGE_CURVE('',#2620,#2712,#1322,.T.);
#3319=EDGE_CURVE('',#2712,#2603,#2355,.T.);
#3320=EDGE_CURVE('',#2710,#2604,#1323,.T.);
#3321=EDGE_CURVE('',#2604,#2713,#1324,.T.);
#3322=EDGE_CURVE('',#2713,#2711,#1325,.T.);
#3323=EDGE_CURVE('',#2593,#2714,#1326,.T.);
#3324=EDGE_CURVE('',#2715,#2714,#120,.T.);
#3325=EDGE_CURVE('',#2716,#2715,#2356,.T.);
#3326=EDGE_CURVE('',#2716,#2717,#121,.T.);
#3327=EDGE_CURVE('',#2718,#2717,#2357,.T.);
#3328=EDGE_CURVE('',#2714,#2718,#122,.T.);
#3329=EDGE_CURVE('',#2717,#2719,#2358,.T.);
#3330=EDGE_CURVE('',#2719,#2716,#2359,.T.);
#3331=EDGE_CURVE('',#2715,#2720,#1327,.T.);
#3332=EDGE_CURVE('',#2720,#2721,#1328,.T.);
#3333=EDGE_CURVE('',#2721,#2722,#1329,.T.);
#3334=EDGE_CURVE('',#2722,#2723,#1330,.T.);
#3335=EDGE_CURVE('',#2723,#2724,#1331,.T.);
#3336=EDGE_CURVE('',#2724,#2725,#1332,.T.);
#3337=EDGE_CURVE('',#2725,#2726,#1333,.T.);
#3338=EDGE_CURVE('',#2726,#2727,#1334,.T.);
#3339=EDGE_CURVE('',#2727,#2728,#1335,.T.);
#3340=EDGE_CURVE('',#2728,#2729,#1336,.T.);
#3341=EDGE_CURVE('',#2729,#2730,#1337,.T.);
#3342=EDGE_CURVE('',#2730,#2731,#1338,.T.);
#3343=EDGE_CURVE('',#2731,#2732,#1339,.T.);
#3344=EDGE_CURVE('',#2732,#2733,#1340,.T.);
#3345=EDGE_CURVE('',#2733,#2734,#1341,.T.);
#3346=EDGE_CURVE('',#2734,#2735,#1342,.T.);
#3347=EDGE_CURVE('',#2735,#2736,#1343,.T.);
#3348=EDGE_CURVE('',#2736,#2737,#1344,.T.);
#3349=EDGE_CURVE('',#2737,#2738,#1345,.T.);
#3350=EDGE_CURVE('',#2738,#2739,#1346,.T.);
#3351=EDGE_CURVE('',#2739,#2740,#1347,.T.);
#3352=EDGE_CURVE('',#2740,#2741,#1348,.T.);
#3353=EDGE_CURVE('',#2741,#2742,#1349,.T.);
#3354=EDGE_CURVE('',#2743,#2742,#1350,.T.);
#3355=EDGE_CURVE('',#2744,#2743,#1351,.T.);
#3356=EDGE_CURVE('',#2744,#2745,#1352,.T.);
#3357=EDGE_CURVE('',#2745,#2746,#1353,.T.);
#3358=EDGE_CURVE('',#2747,#2746,#1354,.T.);
#3359=EDGE_CURVE('',#2747,#2748,#1355,.T.);
#3360=EDGE_CURVE('',#2748,#2749,#1356,.T.);
#3361=EDGE_CURVE('',#2749,#2750,#1357,.T.);
#3362=EDGE_CURVE('',#2751,#2750,#1358,.T.);
#3363=EDGE_CURVE('',#2752,#2751,#1359,.T.);
#3364=EDGE_CURVE('',#2752,#2753,#1360,.T.);
#3365=EDGE_CURVE('',#2753,#2754,#1361,.T.);
#3366=EDGE_CURVE('',#2755,#2754,#1362,.T.);
#3367=EDGE_CURVE('',#2756,#2755,#1363,.T.);
#3368=EDGE_CURVE('',#2756,#2757,#1364,.T.);
#3369=EDGE_CURVE('',#2757,#2758,#1365,.T.);
#3370=EDGE_CURVE('',#2759,#2758,#1366,.T.);
#3371=EDGE_CURVE('',#2759,#2718,#1367,.T.);
#3372=EDGE_CURVE('',#2760,#2761,#123,.T.);
#3373=EDGE_CURVE('',#2761,#2762,#124,.T.);
#3374=EDGE_CURVE('',#2762,#2763,#125,.T.);
#3375=EDGE_CURVE('',#2763,#2760,#126,.T.);
#3376=EDGE_CURVE('',#2764,#2765,#127,.T.);
#3377=EDGE_CURVE('',#2765,#2766,#128,.T.);
#3378=EDGE_CURVE('',#2766,#2767,#129,.T.);
#3379=EDGE_CURVE('',#2767,#2764,#130,.T.);
#3380=EDGE_CURVE('',#2768,#2769,#131,.T.);
#3381=EDGE_CURVE('',#2769,#2770,#132,.T.);
#3382=EDGE_CURVE('',#2770,#2771,#133,.T.);
#3383=EDGE_CURVE('',#2771,#2768,#134,.T.);
#3384=EDGE_CURVE('',#2772,#2772,#2360,.T.);
#3385=EDGE_CURVE('',#2772,#2719,#1368,.T.);
#3386=EDGE_CURVE('',#2712,#2773,#1369,.T.);
#3387=EDGE_CURVE('',#2773,#2621,#1370,.T.);
#3388=EDGE_CURVE('',#2773,#2606,#2361,.T.);
#3389=EDGE_CURVE('',#2768,#2774,#1371,.T.);
#3390=EDGE_CURVE('',#2774,#2775,#1372,.T.);
#3391=EDGE_CURVE('',#2769,#2775,#1373,.T.);
#3392=EDGE_CURVE('',#2771,#2776,#1374,.T.);
#3393=EDGE_CURVE('',#2776,#2774,#1375,.T.);
#3394=EDGE_CURVE('',#2770,#2777,#1376,.T.);
#3395=EDGE_CURVE('',#2777,#2776,#1377,.T.);
#3396=EDGE_CURVE('',#2775,#2777,#1378,.T.);
#3397=EDGE_CURVE('',#2764,#2778,#1379,.T.);
#3398=EDGE_CURVE('',#2778,#2779,#1380,.T.);
#3399=EDGE_CURVE('',#2765,#2779,#1381,.T.);
#3400=EDGE_CURVE('',#2767,#2780,#1382,.T.);
#3401=EDGE_CURVE('',#2780,#2778,#1383,.T.);
#3402=EDGE_CURVE('',#2766,#2781,#1384,.T.);
#3403=EDGE_CURVE('',#2781,#2780,#1385,.T.);
#3404=EDGE_CURVE('',#2779,#2781,#1386,.T.);
#3405=EDGE_CURVE('',#2760,#2782,#1387,.T.);
#3406=EDGE_CURVE('',#2782,#2783,#1388,.T.);
#3407=EDGE_CURVE('',#2761,#2783,#1389,.T.);
#3408=EDGE_CURVE('',#2763,#2784,#1390,.T.);
#3409=EDGE_CURVE('',#2784,#2782,#1391,.T.);
#3410=EDGE_CURVE('',#2762,#2785,#1392,.T.);
#3411=EDGE_CURVE('',#2785,#2784,#1393,.T.);
#3412=EDGE_CURVE('',#2783,#2785,#1394,.T.);
#3413=EDGE_CURVE('',#2786,#2776,#1395,.T.);
#3414=EDGE_CURVE('',#2787,#2786,#1396,.T.);
#3415=EDGE_CURVE('',#2774,#2787,#1397,.T.);
#3416=EDGE_CURVE('',#2788,#2787,#1398,.T.);
#3417=EDGE_CURVE('',#2775,#2788,#1399,.T.);
#3418=EDGE_CURVE('',#2789,#2788,#1400,.T.);
#3419=EDGE_CURVE('',#2777,#2789,#1401,.T.);
#3420=EDGE_CURVE('',#2786,#2789,#1402,.T.);
#3421=EDGE_CURVE('',#2790,#2791,#1403,.T.);
#3422=EDGE_CURVE('',#2792,#2790,#1404,.T.);
#3423=EDGE_CURVE('',#2791,#2792,#1405,.T.);
#3424=EDGE_CURVE('',#2791,#2793,#1406,.T.);
#3425=EDGE_CURVE('',#2794,#2792,#1407,.T.);
#3426=EDGE_CURVE('',#2793,#2794,#1408,.T.);
#3427=EDGE_CURVE('',#2793,#2795,#1409,.T.);
#3428=EDGE_CURVE('',#2795,#2794,#1410,.T.);
#3429=EDGE_CURVE('',#2796,#2797,#1411,.T.);
#3430=EDGE_CURVE('',#2797,#2798,#1412,.T.);
#3431=EDGE_CURVE('',#2796,#2798,#1413,.T.);
#3432=EDGE_CURVE('',#2799,#2780,#1414,.T.);
#3433=EDGE_CURVE('',#2800,#2799,#1415,.T.);
#3434=EDGE_CURVE('',#2778,#2800,#1416,.T.);
#3435=EDGE_CURVE('',#2801,#2800,#1417,.T.);
#3436=EDGE_CURVE('',#2779,#2801,#1418,.T.);
#3437=EDGE_CURVE('',#2802,#2801,#1419,.T.);
#3438=EDGE_CURVE('',#2781,#2802,#1420,.T.);
#3439=EDGE_CURVE('',#2799,#2802,#1421,.T.);
#3440=EDGE_CURVE('',#2803,#2804,#1422,.T.);
#3441=EDGE_CURVE('',#2805,#2804,#1423,.T.);
#3442=EDGE_CURVE('',#2803,#2805,#1424,.T.);
#3443=EDGE_CURVE('',#2797,#2803,#1425,.T.);
#3444=EDGE_CURVE('',#2798,#2805,#1426,.T.);
#3445=EDGE_CURVE('',#2806,#2807,#1427,.T.);
#3446=EDGE_CURVE('',#2785,#2807,#1428,.T.);
#3447=EDGE_CURVE('',#2783,#2806,#1429,.T.);
#3448=EDGE_CURVE('',#2807,#2808,#1430,.T.);
#3449=EDGE_CURVE('',#2808,#2784,#1431,.T.);
#3450=EDGE_CURVE('',#2808,#2809,#1432,.T.);
#3451=EDGE_CURVE('',#2782,#2809,#1433,.T.);
#3452=EDGE_CURVE('',#2809,#2806,#1434,.T.);
#3453=EDGE_CURVE('',#2619,#2810,#1435,.T.);
#3454=EDGE_CURVE('',#2810,#2810,#2362,.T.);
#3455=EDGE_CURVE('',#2811,#2811,#2363,.T.);
#3456=EDGE_CURVE('',#2811,#2810,#1436,.T.);
#3457=EDGE_CURVE('',#2812,#2812,#2364,.T.);
#3458=EDGE_CURVE('',#2812,#2811,#1437,.T.);
#3459=EDGE_CURVE('',#2813,#2814,#1222,.T.);
#3460=EDGE_CURVE('',#2815,#2814,#1438,.T.);
#3461=EDGE_CURVE('',#2815,#2816,#1223,.T.);
#3462=EDGE_CURVE('',#2817,#2816,#1439,.T.);
#3463=EDGE_CURVE('',#2817,#2818,#1440,.T.);
#3464=EDGE_CURVE('',#2819,#2818,#1441,.T.);
#3465=EDGE_CURVE('',#2820,#2819,#2365,.T.);
#3466=EDGE_CURVE('',#2820,#2821,#1442,.T.);
#3467=EDGE_CURVE('',#2822,#2821,#2366,.T.);
#3468=EDGE_CURVE('',#2823,#2822,#1443,.T.);
#3469=EDGE_CURVE('',#2823,#2824,#1444,.T.);
#3470=EDGE_CURVE('',#2813,#2824,#1445,.T.);
#3471=EDGE_CURVE('',#2825,#2826,#44,.T.);
#3472=EDGE_CURVE('',#2826,#2827,#45,.T.);
#3473=EDGE_CURVE('',#2827,#2825,#1446,.T.);
#3474=EDGE_CURVE('',#2626,#2605,#1447,.T.);
#3475=EDGE_CURVE('',#2828,#2625,#1448,.T.);
#3476=EDGE_CURVE('',#2829,#2828,#1449,.T.);
#3477=EDGE_CURVE('',#2622,#2829,#1450,.T.);
#3478=EDGE_CURVE('',#2611,#2610,#2367,.T.);
#3479=EDGE_CURVE('',#2633,#2830,#2368,.T.);
#3480=EDGE_CURVE('',#2612,#2830,#1451,.T.);
#3481=EDGE_CURVE('',#2617,#2616,#2369,.T.);
#3482=EDGE_CURVE('',#2831,#2615,#1452,.T.);
#3483=EDGE_CURVE('',#2831,#2652,#2370,.T.);
#3484=EDGE_CURVE('',#2832,#2830,#1453,.T.);
#3485=EDGE_CURVE('',#2832,#2613,#1454,.T.);
#3486=EDGE_CURVE('',#2614,#2833,#1455,.T.);
#3487=EDGE_CURVE('',#2831,#2833,#1456,.T.);
#3488=EDGE_CURVE('',#2632,#2704,#2371,.T.);
#3489=EDGE_CURVE('',#2703,#2834,#1457,.T.);
#3490=EDGE_CURVE('',#2834,#2835,#1458,.T.);
#3491=EDGE_CURVE('',#2835,#2836,#1459,.T.);
#3492=EDGE_CURVE('',#2837,#2836,#1460,.T.);
#3493=EDGE_CURVE('',#2837,#2838,#1461,.T.);
#3494=EDGE_CURVE('',#2698,#2838,#1462,.T.);
#3495=EDGE_CURVE('',#2697,#2839,#1463,.T.);
#3496=EDGE_CURVE('',#2839,#2840,#1464,.T.);
#3497=EDGE_CURVE('',#2841,#2840,#1465,.T.);
#3498=EDGE_CURVE('',#2841,#2842,#1466,.T.);
#3499=EDGE_CURVE('',#2842,#2843,#1467,.T.);
#3500=EDGE_CURVE('',#2843,#2692,#1468,.T.);
#3501=EDGE_CURVE('',#2691,#2653,#2372,.T.);
#3502=EDGE_CURVE('',#2833,#2832,#1469,.T.);
#3503=EDGE_CURVE('',#2844,#2845,#2373,.T.);
#3504=EDGE_CURVE('',#2845,#2846,#1470,.T.);
#3505=EDGE_CURVE('',#2846,#2847,#2374,.T.);
#3506=EDGE_CURVE('',#2847,#2848,#1471,.T.);
#3507=EDGE_CURVE('',#2848,#2849,#2375,.T.);
#3508=EDGE_CURVE('',#2849,#2850,#1472,.T.);
#3509=EDGE_CURVE('',#2850,#2851,#2376,.T.);
#3510=EDGE_CURVE('',#2851,#2844,#1473,.T.);
#3511=EDGE_CURVE('',#2852,#2853,#1474,.T.);
#3512=EDGE_CURVE('',#2852,#2854,#1475,.T.);
#3513=EDGE_CURVE('',#2855,#2854,#1476,.T.);
#3514=EDGE_CURVE('',#2853,#2855,#1477,.T.);
#3515=EDGE_CURVE('',#2629,#2855,#1478,.T.);
#3516=EDGE_CURVE('',#2854,#2630,#1479,.T.);
#3517=EDGE_CURVE('',#2856,#2857,#1480,.T.);
#3518=EDGE_CURVE('',#2856,#2858,#1481,.T.);
#3519=EDGE_CURVE('',#2859,#2858,#1482,.T.);
#3520=EDGE_CURVE('',#2857,#2859,#1483,.T.);
#3521=EDGE_CURVE('',#2655,#2859,#1484,.T.);
#3522=EDGE_CURVE('',#2858,#2656,#1485,.T.);
#3523=EDGE_CURVE('',#2860,#2861,#1486,.T.);
#3524=EDGE_CURVE('',#2860,#2862,#1487,.T.);
#3525=EDGE_CURVE('',#2863,#2862,#1488,.T.);
#3526=EDGE_CURVE('',#2861,#2863,#1489,.T.);
#3527=EDGE_CURVE('',#2853,#2863,#1490,.T.);
#3528=EDGE_CURVE('',#2862,#2852,#1491,.T.);
#3529=EDGE_CURVE('',#2861,#2864,#1492,.T.);
#3530=EDGE_CURVE('',#2864,#2865,#1493,.T.);
#3531=EDGE_CURVE('',#2865,#2860,#1494,.T.);
#3532=EDGE_CURVE('',#2866,#2867,#1495,.T.);
#3533=EDGE_CURVE('',#2866,#2868,#1496,.T.);
#3534=EDGE_CURVE('',#2869,#2868,#1497,.T.);
#3535=EDGE_CURVE('',#2867,#2869,#1498,.T.);
#3536=EDGE_CURVE('',#2857,#2869,#1499,.T.);
#3537=EDGE_CURVE('',#2868,#2856,#1500,.T.);
#3538=EDGE_CURVE('',#2867,#2870,#1501,.T.);
#3539=EDGE_CURVE('',#2870,#2871,#1502,.T.);
#3540=EDGE_CURVE('',#2871,#2866,#1503,.T.);
#3541=EDGE_CURVE('',#2872,#2873,#1504,.T.);
#3542=EDGE_CURVE('',#2874,#2872,#1505,.T.);
#3543=EDGE_CURVE('',#2875,#2874,#1506,.T.);
#3544=EDGE_CURVE('',#2873,#2875,#1507,.T.);
#3545=EDGE_CURVE('',#2876,#2870,#1508,.T.);
#3546=EDGE_CURVE('',#2876,#2877,#1509,.T.);
#3547=EDGE_CURVE('',#2871,#2877,#1510,.T.);
#3548=EDGE_CURVE('',#2875,#2864,#1511,.T.);
#3549=EDGE_CURVE('',#2865,#2874,#1512,.T.);
#3550=EDGE_CURVE('',#2878,#2879,#2377,.T.);
#3551=EDGE_CURVE('',#2877,#2878,#1513,.T.);
#3552=EDGE_CURVE('',#2879,#2876,#1514,.T.);
#3553=EDGE_CURVE('',#2654,#2690,#2378,.T.);
#3554=EDGE_CURVE('',#2879,#2689,#1515,.T.);
#3555=EDGE_CURVE('',#2628,#2708,#2379,.T.);
#3556=EDGE_CURVE('',#2707,#2873,#1516,.T.);
#3557=EDGE_CURVE('',#2880,#2881,#2380,.T.);
#3558=EDGE_CURVE('',#2880,#2882,#1517,.T.);
#3559=EDGE_CURVE('',#2882,#2883,#2381,.T.);
#3560=EDGE_CURVE('',#2883,#2881,#1518,.T.);
#3561=EDGE_CURVE('',#2884,#2883,#1519,.T.);
#3562=EDGE_CURVE('',#2885,#2884,#1520,.T.);
#3563=EDGE_CURVE('',#2885,#2881,#1521,.T.);
#3564=EDGE_CURVE('',#2886,#2887,#2382,.T.);
#3565=EDGE_CURVE('',#2886,#2888,#1522,.T.);
#3566=EDGE_CURVE('',#2888,#2889,#2383,.T.);
#3567=EDGE_CURVE('',#2889,#2887,#1523,.T.);
#3568=EDGE_CURVE('',#2890,#2889,#1524,.T.);
#3569=EDGE_CURVE('',#2891,#2890,#1525,.T.);
#3570=EDGE_CURVE('',#2891,#2887,#1526,.T.);
#3571=EDGE_CURVE('',#2891,#2892,#2384,.T.);
#3572=EDGE_CURVE('',#2890,#2893,#2385,.T.);
#3573=EDGE_CURVE('',#2893,#2892,#1527,.T.);
#3574=EDGE_CURVE('',#2880,#2892,#1528,.T.);
#3575=EDGE_CURVE('',#2882,#2893,#1529,.T.);
#3576=EDGE_CURVE('',#2885,#2894,#2386,.T.);
#3577=EDGE_CURVE('',#2884,#2895,#2387,.T.);
#3578=EDGE_CURVE('',#2895,#2894,#1530,.T.);
#3579=EDGE_CURVE('',#2886,#2894,#1531,.T.);
#3580=EDGE_CURVE('',#2888,#2895,#1532,.T.);
#3581=EDGE_CURVE('',#2896,#2897,#2388,.T.);
#3582=EDGE_CURVE('',#2898,#2896,#1533,.T.);
#3583=EDGE_CURVE('',#2899,#2898,#2389,.T.);
#3584=EDGE_CURVE('',#2900,#2899,#1534,.T.);
#3585=EDGE_CURVE('',#2901,#2900,#2390,.T.);
#3586=EDGE_CURVE('',#2902,#2901,#1535,.T.);
#3587=EDGE_CURVE('',#2903,#2902,#2391,.T.);
#3588=EDGE_CURVE('',#2897,#2903,#1536,.T.);
#3589=EDGE_CURVE('',#2899,#2850,#1537,.T.);
#3590=EDGE_CURVE('',#2900,#2849,#1538,.T.);
#3591=EDGE_CURVE('',#2898,#2851,#1539,.T.);
#3592=EDGE_CURVE('',#2896,#2844,#1540,.T.);
#3593=EDGE_CURVE('',#2845,#2897,#1541,.T.);
#3594=EDGE_CURVE('',#2903,#2846,#1542,.T.);
#3595=EDGE_CURVE('',#2847,#2902,#1543,.T.);
#3596=EDGE_CURVE('',#2901,#2848,#1544,.T.);
#3597=EDGE_CURVE('',#2904,#2826,#46,.T.);
#3598=EDGE_CURVE('',#2905,#2904,#47,.T.);
#3599=EDGE_CURVE('',#2827,#2905,#1545,.T.);
#3600=EDGE_CURVE('',#2700,#2906,#1546,.T.);
#3601=EDGE_CURVE('',#2907,#2906,#1547,.T.);
#3602=EDGE_CURVE('',#2907,#2701,#1548,.T.);
#3603=EDGE_CURVE('',#2699,#2908,#1549,.T.);
#3604=EDGE_CURVE('',#2908,#2909,#1550,.T.);
#3605=EDGE_CURVE('',#2906,#2909,#1551,.T.);
#3606=EDGE_CURVE('',#2908,#2838,#1552,.T.);
#3607=EDGE_CURVE('',#2790,#2837,#1553,.T.);
#3608=EDGE_CURVE('',#2836,#2910,#1554,.T.);
#3609=EDGE_CURVE('',#2910,#2907,#2392,.T.);
#3610=EDGE_CURVE('',#2909,#2795,#1555,.T.);
#3611=EDGE_CURVE('',#2696,#2911,#1556,.T.);
#3612=EDGE_CURVE('',#2839,#2911,#1557,.T.);
#3613=EDGE_CURVE('',#2695,#2912,#1558,.T.);
#3614=EDGE_CURVE('',#2913,#2912,#1559,.T.);
#3615=EDGE_CURVE('',#2913,#2911,#1560,.T.);
#3616=EDGE_CURVE('',#2694,#2914,#1561,.T.);
#3617=EDGE_CURVE('',#2912,#2914,#1562,.T.);
#3618=EDGE_CURVE('',#2706,#2872,#1563,.T.);
#3619=EDGE_CURVE('',#2915,#2916,#2393,.T.);
#3620=EDGE_CURVE('',#2916,#2751,#135,.T.);
#3621=EDGE_CURVE('',#2751,#2915,#136,.T.);
#3622=EDGE_CURVE('',#2917,#2918,#2394,.T.);
#3623=EDGE_CURVE('',#2918,#2916,#137,.T.);
#3624=EDGE_CURVE('',#2915,#2917,#138,.T.);
#3625=EDGE_CURVE('',#2919,#2920,#1564,.T.);
#3626=EDGE_CURVE('',#2921,#2919,#2395,.T.);
#3627=EDGE_CURVE('',#2922,#2921,#1565,.T.);
#3628=EDGE_CURVE('',#2920,#2922,#2396,.T.);
#3629=EDGE_CURVE('',#2922,#2918,#139,.T.);
#3630=EDGE_CURVE('',#2917,#2920,#140,.T.);
#3631=EDGE_CURVE('',#2922,#2923,#2397,.T.);
#3632=EDGE_CURVE('',#2923,#2752,#2398,.T.);
#3633=EDGE_CURVE('',#2752,#2916,#2399,.T.);
#3634=EDGE_CURVE('',#2924,#2925,#2400,.T.);
#3635=EDGE_CURVE('',#2925,#2750,#141,.T.);
#3636=EDGE_CURVE('',#2750,#2924,#142,.T.);
#3637=EDGE_CURVE('',#2926,#2927,#2401,.T.);
#3638=EDGE_CURVE('',#2927,#2925,#143,.T.);
#3639=EDGE_CURVE('',#2924,#2926,#144,.T.);
#3640=EDGE_CURVE('',#2928,#2929,#1566,.T.);
#3641=EDGE_CURVE('',#2930,#2928,#2402,.T.);
#3642=EDGE_CURVE('',#2931,#2930,#1567,.T.);
#3643=EDGE_CURVE('',#2929,#2931,#2403,.T.);
#3644=EDGE_CURVE('',#2931,#2927,#145,.T.);
#3645=EDGE_CURVE('',#2926,#2929,#146,.T.);
#3646=EDGE_CURVE('',#2931,#2920,#1568,.T.);
#3647=EDGE_CURVE('',#2930,#2919,#1569,.T.);
#3648=EDGE_CURVE('',#2932,#2933,#2404,.T.);
#3649=EDGE_CURVE('',#2933,#2747,#147,.T.);
#3650=EDGE_CURVE('',#2747,#2932,#148,.T.);
#3651=EDGE_CURVE('',#2934,#2935,#2405,.T.);
#3652=EDGE_CURVE('',#2935,#2933,#149,.T.);
#3653=EDGE_CURVE('',#2932,#2934,#150,.T.);
#3654=EDGE_CURVE('',#2936,#2937,#1570,.T.);
#3655=EDGE_CURVE('',#2938,#2936,#2406,.T.);
#3656=EDGE_CURVE('',#2939,#2938,#1571,.T.);
#3657=EDGE_CURVE('',#2937,#2939,#2407,.T.);
#3658=EDGE_CURVE('',#2939,#2935,#151,.T.);
#3659=EDGE_CURVE('',#2934,#2937,#152,.T.);
#3660=EDGE_CURVE('',#2939,#2940,#2408,.T.);
#3661=EDGE_CURVE('',#2940,#2748,#2409,.T.);
#3662=EDGE_CURVE('',#2748,#2933,#2410,.T.);
#3663=EDGE_CURVE('',#2941,#2942,#2411,.T.);
#3664=EDGE_CURVE('',#2942,#2746,#153,.T.);
#3665=EDGE_CURVE('',#2746,#2941,#154,.T.);
#3666=EDGE_CURVE('',#2943,#2944,#2412,.T.);
#3667=EDGE_CURVE('',#2944,#2942,#155,.T.);
#3668=EDGE_CURVE('',#2941,#2943,#156,.T.);
#3669=EDGE_CURVE('',#2945,#2946,#1572,.T.);
#3670=EDGE_CURVE('',#2947,#2945,#2413,.T.);
#3671=EDGE_CURVE('',#2948,#2947,#1573,.T.);
#3672=EDGE_CURVE('',#2946,#2948,#2414,.T.);
#3673=EDGE_CURVE('',#2948,#2944,#157,.T.);
#3674=EDGE_CURVE('',#2943,#2946,#158,.T.);
#3675=EDGE_CURVE('',#2948,#2937,#1574,.T.);
#3676=EDGE_CURVE('',#2947,#2936,#1575,.T.);
#3677=EDGE_CURVE('',#2949,#2950,#2415,.T.);
#3678=EDGE_CURVE('',#2950,#2743,#159,.T.);
#3679=EDGE_CURVE('',#2743,#2949,#160,.T.);
#3680=EDGE_CURVE('',#2951,#2952,#2416,.T.);
#3681=EDGE_CURVE('',#2952,#2950,#161,.T.);
#3682=EDGE_CURVE('',#2949,#2951,#162,.T.);
#3683=EDGE_CURVE('',#2953,#2954,#1576,.T.);
#3684=EDGE_CURVE('',#2955,#2953,#2417,.T.);
#3685=EDGE_CURVE('',#2956,#2955,#1577,.T.);
#3686=EDGE_CURVE('',#2954,#2956,#2418,.T.);
#3687=EDGE_CURVE('',#2956,#2952,#163,.T.);
#3688=EDGE_CURVE('',#2951,#2954,#164,.T.);
#3689=EDGE_CURVE('',#2956,#2957,#2419,.T.);
#3690=EDGE_CURVE('',#2957,#2744,#2420,.T.);
#3691=EDGE_CURVE('',#2744,#2950,#2421,.T.);
#3692=EDGE_CURVE('',#2958,#2959,#2422,.T.);
#3693=EDGE_CURVE('',#2959,#2742,#165,.T.);
#3694=EDGE_CURVE('',#2742,#2958,#166,.T.);
#3695=EDGE_CURVE('',#2960,#2961,#2423,.T.);
#3696=EDGE_CURVE('',#2961,#2959,#167,.T.);
#3697=EDGE_CURVE('',#2958,#2960,#168,.T.);
#3698=EDGE_CURVE('',#2962,#2963,#1578,.T.);
#3699=EDGE_CURVE('',#2964,#2962,#2424,.T.);
#3700=EDGE_CURVE('',#2965,#2964,#1579,.T.);
#3701=EDGE_CURVE('',#2963,#2965,#2425,.T.);
#3702=EDGE_CURVE('',#2965,#2961,#169,.T.);
#3703=EDGE_CURVE('',#2960,#2963,#170,.T.);
#3704=EDGE_CURVE('',#2965,#2954,#1580,.T.);
#3705=EDGE_CURVE('',#2964,#2953,#1581,.T.);
#3706=EDGE_CURVE('',#2966,#2967,#2426,.T.);
#3707=EDGE_CURVE('',#2967,#2755,#171,.T.);
#3708=EDGE_CURVE('',#2755,#2966,#172,.T.);
#3709=EDGE_CURVE('',#2968,#2969,#2427,.T.);
#3710=EDGE_CURVE('',#2969,#2967,#173,.T.);
#3711=EDGE_CURVE('',#2966,#2968,#174,.T.);
#3712=EDGE_CURVE('',#2970,#2971,#1582,.T.);
#3713=EDGE_CURVE('',#2972,#2970,#2428,.T.);
#3714=EDGE_CURVE('',#2973,#2972,#1583,.T.);
#3715=EDGE_CURVE('',#2971,#2973,#2429,.T.);
#3716=EDGE_CURVE('',#2973,#2969,#175,.T.);
#3717=EDGE_CURVE('',#2968,#2971,#176,.T.);
#3718=EDGE_CURVE('',#2973,#2974,#2430,.T.);
#3719=EDGE_CURVE('',#2974,#2756,#2431,.T.);
#3720=EDGE_CURVE('',#2756,#2967,#2432,.T.);
#3721=EDGE_CURVE('',#2975,#2976,#2433,.T.);
#3722=EDGE_CURVE('',#2976,#2754,#177,.T.);
#3723=EDGE_CURVE('',#2754,#2975,#178,.T.);
#3724=EDGE_CURVE('',#2977,#2978,#2434,.T.);
#3725=EDGE_CURVE('',#2978,#2976,#179,.T.);
#3726=EDGE_CURVE('',#2975,#2977,#180,.T.);
#3727=EDGE_CURVE('',#2979,#2980,#1584,.T.);
#3728=EDGE_CURVE('',#2981,#2979,#2435,.T.);
#3729=EDGE_CURVE('',#2982,#2981,#1585,.T.);
#3730=EDGE_CURVE('',#2980,#2982,#2436,.T.);
#3731=EDGE_CURVE('',#2982,#2978,#181,.T.);
#3732=EDGE_CURVE('',#2977,#2980,#182,.T.);
#3733=EDGE_CURVE('',#2982,#2971,#1586,.T.);
#3734=EDGE_CURVE('',#2981,#2970,#1587,.T.);
#3735=EDGE_CURVE('',#2983,#2984,#2437,.T.);
#3736=EDGE_CURVE('',#2984,#2758,#183,.T.);
#3737=EDGE_CURVE('',#2758,#2983,#184,.T.);
#3738=EDGE_CURVE('',#2985,#2986,#2438,.T.);
#3739=EDGE_CURVE('',#2986,#2984,#185,.T.);
#3740=EDGE_CURVE('',#2983,#2985,#186,.T.);
#3741=EDGE_CURVE('',#2987,#2988,#1588,.T.);
#3742=EDGE_CURVE('',#2989,#2987,#2439,.T.);
#3743=EDGE_CURVE('',#2990,#2989,#1589,.T.);
#3744=EDGE_CURVE('',#2988,#2990,#2440,.T.);
#3745=EDGE_CURVE('',#2990,#2986,#187,.T.);
#3746=EDGE_CURVE('',#2985,#2988,#188,.T.);
#3747=EDGE_CURVE('',#2990,#2991,#1590,.T.);
#3748=EDGE_CURVE('',#2991,#2759,#2441,.T.);
#3749=EDGE_CURVE('',#2989,#2992,#1591,.T.);
#3750=EDGE_CURVE('',#2992,#2991,#1592,.T.);
#3751=EDGE_CURVE('',#2921,#2993,#2442,.T.);
#3752=EDGE_CURVE('',#2993,#2923,#1593,.T.);
#3753=EDGE_CURVE('',#2923,#2994,#1594,.T.);
#3754=EDGE_CURVE('',#2994,#2753,#2443,.T.);
#3755=EDGE_CURVE('',#2993,#2995,#1595,.T.);
#3756=EDGE_CURVE('',#2995,#2994,#1596,.T.);
#3757=EDGE_CURVE('',#2996,#2928,#2444,.T.);
#3758=EDGE_CURVE('',#2929,#2997,#2445,.T.);
#3759=EDGE_CURVE('',#2997,#2996,#1597,.T.);
#3760=EDGE_CURVE('',#2749,#2924,#2446,.T.);
#3761=EDGE_CURVE('',#2997,#2749,#2447,.T.);
#3762=EDGE_CURVE('',#2938,#2998,#2448,.T.);
#3763=EDGE_CURVE('',#2998,#2940,#1598,.T.);
#3764=EDGE_CURVE('',#2997,#2940,#1599,.T.);
#3765=EDGE_CURVE('',#2998,#2996,#1600,.T.);
#3766=EDGE_CURVE('',#2999,#2945,#2449,.T.);
#3767=EDGE_CURVE('',#2946,#3000,#2450,.T.);
#3768=EDGE_CURVE('',#3000,#2999,#1601,.T.);
#3769=EDGE_CURVE('',#2745,#2941,#2451,.T.);
#3770=EDGE_CURVE('',#3000,#2745,#2452,.T.);
#3771=EDGE_CURVE('',#2955,#3001,#2453,.T.);
#3772=EDGE_CURVE('',#3001,#2957,#1602,.T.);
#3773=EDGE_CURVE('',#3000,#2957,#1603,.T.);
#3774=EDGE_CURVE('',#3001,#2999,#1604,.T.);
#3775=EDGE_CURVE('',#3002,#2962,#2454,.T.);
#3776=EDGE_CURVE('',#2963,#3003,#2455,.T.);
#3777=EDGE_CURVE('',#3003,#3002,#1605,.T.);
#3778=EDGE_CURVE('',#2958,#2741,#2456,.T.);
#3779=EDGE_CURVE('',#3003,#2741,#2457,.T.);
#3780=EDGE_CURVE('',#2972,#3004,#2458,.T.);
#3781=EDGE_CURVE('',#3004,#2974,#1606,.T.);
#3782=EDGE_CURVE('',#2974,#3005,#1607,.T.);
#3783=EDGE_CURVE('',#3005,#2757,#2459,.T.);
#3784=EDGE_CURVE('',#3004,#3006,#1608,.T.);
#3785=EDGE_CURVE('',#3006,#3005,#1609,.T.);
#3786=EDGE_CURVE('',#2995,#2979,#2460,.T.);
#3787=EDGE_CURVE('',#2980,#2994,#2461,.T.);
#3788=EDGE_CURVE('',#2753,#2975,#2462,.T.);
#3789=EDGE_CURVE('',#3006,#2987,#2463,.T.);
#3790=EDGE_CURVE('',#2988,#3005,#2464,.T.);
#3791=EDGE_CURVE('',#2757,#2983,#2465,.T.);
#3792=EDGE_CURVE('',#3007,#3008,#2466,.T.);
#3793=EDGE_CURVE('',#3008,#2729,#189,.T.);
#3794=EDGE_CURVE('',#2729,#3007,#190,.T.);
#3795=EDGE_CURVE('',#3009,#3010,#2467,.T.);
#3796=EDGE_CURVE('',#3010,#3008,#191,.T.);
#3797=EDGE_CURVE('',#3007,#3009,#192,.T.);
#3798=EDGE_CURVE('',#3011,#3012,#1610,.T.);
#3799=EDGE_CURVE('',#3013,#3011,#2468,.T.);
#3800=EDGE_CURVE('',#3014,#3013,#1611,.T.);
#3801=EDGE_CURVE('',#3012,#3014,#2469,.T.);
#3802=EDGE_CURVE('',#3014,#3010,#193,.T.);
#3803=EDGE_CURVE('',#3009,#3012,#194,.T.);
#3804=EDGE_CURVE('',#3014,#3015,#2470,.T.);
#3805=EDGE_CURVE('',#3015,#2730,#2471,.T.);
#3806=EDGE_CURVE('',#2730,#3008,#2472,.T.);
#3807=EDGE_CURVE('',#3016,#3017,#2473,.T.);
#3808=EDGE_CURVE('',#3017,#2737,#195,.T.);
#3809=EDGE_CURVE('',#2737,#3016,#196,.T.);
#3810=EDGE_CURVE('',#3018,#3019,#2474,.T.);
#3811=EDGE_CURVE('',#3019,#3017,#197,.T.);
#3812=EDGE_CURVE('',#3016,#3018,#198,.T.);
#3813=EDGE_CURVE('',#3020,#3021,#1612,.T.);
#3814=EDGE_CURVE('',#3022,#3020,#2475,.T.);
#3815=EDGE_CURVE('',#3023,#3022,#1613,.T.);
#3816=EDGE_CURVE('',#3021,#3023,#2476,.T.);
#3817=EDGE_CURVE('',#3023,#3019,#199,.T.);
#3818=EDGE_CURVE('',#3018,#3021,#200,.T.);
#3819=EDGE_CURVE('',#3023,#3024,#2477,.T.);
#3820=EDGE_CURVE('',#3024,#2738,#2478,.T.);
#3821=EDGE_CURVE('',#2738,#3017,#2479,.T.);
#3822=EDGE_CURVE('',#3025,#3026,#2480,.T.);
#3823=EDGE_CURVE('',#3026,#2736,#201,.T.);
#3824=EDGE_CURVE('',#2736,#3025,#202,.T.);
#3825=EDGE_CURVE('',#3027,#3028,#2481,.T.);
#3826=EDGE_CURVE('',#3028,#3026,#203,.T.);
#3827=EDGE_CURVE('',#3025,#3027,#204,.T.);
#3828=EDGE_CURVE('',#3029,#3030,#1614,.T.);
#3829=EDGE_CURVE('',#3031,#3029,#2482,.T.);
#3830=EDGE_CURVE('',#3032,#3031,#1615,.T.);
#3831=EDGE_CURVE('',#3030,#3032,#2483,.T.);
#3832=EDGE_CURVE('',#3032,#3028,#205,.T.);
#3833=EDGE_CURVE('',#3027,#3030,#206,.T.);
#3834=EDGE_CURVE('',#3032,#3021,#1616,.T.);
#3835=EDGE_CURVE('',#3031,#3020,#1617,.T.);
#3836=EDGE_CURVE('',#3033,#3034,#2484,.T.);
#3837=EDGE_CURVE('',#3034,#2733,#207,.T.);
#3838=EDGE_CURVE('',#2733,#3033,#208,.T.);
#3839=EDGE_CURVE('',#3035,#3036,#2485,.T.);
#3840=EDGE_CURVE('',#3036,#3034,#209,.T.);
#3841=EDGE_CURVE('',#3033,#3035,#210,.T.);
#3842=EDGE_CURVE('',#3037,#3038,#1618,.T.);
#3843=EDGE_CURVE('',#3039,#3037,#2486,.T.);
#3844=EDGE_CURVE('',#3040,#3039,#1619,.T.);
#3845=EDGE_CURVE('',#3038,#3040,#2487,.T.);
#3846=EDGE_CURVE('',#3040,#3036,#211,.T.);
#3847=EDGE_CURVE('',#3035,#3038,#212,.T.);
#3848=EDGE_CURVE('',#3040,#3041,#2488,.T.);
#3849=EDGE_CURVE('',#3041,#2734,#2489,.T.);
#3850=EDGE_CURVE('',#2734,#3034,#2490,.T.);
#3851=EDGE_CURVE('',#3042,#3043,#2491,.T.);
#3852=EDGE_CURVE('',#3043,#2732,#213,.T.);
#3853=EDGE_CURVE('',#2732,#3042,#214,.T.);
#3854=EDGE_CURVE('',#3044,#3045,#2492,.T.);
#3855=EDGE_CURVE('',#3045,#3043,#215,.T.);
#3856=EDGE_CURVE('',#3042,#3044,#216,.T.);
#3857=EDGE_CURVE('',#3046,#3047,#1620,.T.);
#3858=EDGE_CURVE('',#3048,#3046,#2493,.T.);
#3859=EDGE_CURVE('',#3049,#3048,#1621,.T.);
#3860=EDGE_CURVE('',#3047,#3049,#2494,.T.);
#3861=EDGE_CURVE('',#3049,#3045,#217,.T.);
#3862=EDGE_CURVE('',#3044,#3047,#218,.T.);
#3863=EDGE_CURVE('',#3049,#3038,#1622,.T.);
#3864=EDGE_CURVE('',#3048,#3037,#1623,.T.);
#3865=EDGE_CURVE('',#3050,#3051,#2495,.T.);
#3866=EDGE_CURVE('',#3051,#2728,#219,.T.);
#3867=EDGE_CURVE('',#2728,#3050,#220,.T.);
#3868=EDGE_CURVE('',#3052,#3053,#2496,.T.);
#3869=EDGE_CURVE('',#3053,#3051,#221,.T.);
#3870=EDGE_CURVE('',#3050,#3052,#222,.T.);
#3871=EDGE_CURVE('',#3054,#3055,#1624,.T.);
#3872=EDGE_CURVE('',#3056,#3054,#2497,.T.);
#3873=EDGE_CURVE('',#3057,#3056,#1625,.T.);
#3874=EDGE_CURVE('',#3055,#3057,#2498,.T.);
#3875=EDGE_CURVE('',#3057,#3053,#223,.T.);
#3876=EDGE_CURVE('',#3052,#3055,#224,.T.);
#3877=EDGE_CURVE('',#3057,#3012,#1626,.T.);
#3878=EDGE_CURVE('',#3056,#3011,#1627,.T.);
#3879=EDGE_CURVE('',#3058,#3059,#2499,.T.);
#3880=EDGE_CURVE('',#3059,#2724,#225,.T.);
#3881=EDGE_CURVE('',#2724,#3058,#226,.T.);
#3882=EDGE_CURVE('',#3060,#3061,#2500,.T.);
#3883=EDGE_CURVE('',#3061,#3059,#227,.T.);
#3884=EDGE_CURVE('',#3058,#3060,#228,.T.);
#3885=EDGE_CURVE('',#3062,#3063,#1628,.T.);
#3886=EDGE_CURVE('',#3064,#3062,#2501,.T.);
#3887=EDGE_CURVE('',#3065,#3064,#1629,.T.);
#3888=EDGE_CURVE('',#3063,#3065,#2502,.T.);
#3889=EDGE_CURVE('',#3065,#3061,#229,.T.);
#3890=EDGE_CURVE('',#3060,#3063,#230,.T.);
#3891=EDGE_CURVE('',#3065,#3066,#1630,.T.);
#3892=EDGE_CURVE('',#3066,#3067,#231,.T.);
#3893=EDGE_CURVE('',#3067,#3068,#232,.T.);
#3894=EDGE_CURVE('',#3068,#2725,#233,.T.);
#3895=EDGE_CURVE('',#3064,#3069,#1631,.T.);
#3896=EDGE_CURVE('',#3069,#3066,#1632,.T.);
#3897=EDGE_CURVE('',#3068,#3070,#2503,.T.);
#3898=EDGE_CURVE('',#3070,#2725,#234,.T.);
#3899=EDGE_CURVE('',#3067,#3071,#2504,.T.);
#3900=EDGE_CURVE('',#3071,#3070,#235,.T.);
#3901=EDGE_CURVE('',#3072,#3069,#2505,.T.);
#3902=EDGE_CURVE('',#3073,#3072,#1633,.T.);
#3903=EDGE_CURVE('',#3066,#3073,#2506,.T.);
#3904=EDGE_CURVE('',#3073,#3071,#236,.T.);
#3905=EDGE_CURVE('',#3070,#2726,#2507,.T.);
#3906=EDGE_CURVE('',#3073,#3074,#2508,.T.);
#3907=EDGE_CURVE('',#3074,#2726,#2509,.T.);
#3908=EDGE_CURVE('',#3075,#3076,#2510,.T.);
#3909=EDGE_CURVE('',#3076,#2721,#237,.T.);
#3910=EDGE_CURVE('',#2721,#3075,#238,.T.);
#3911=EDGE_CURVE('',#3077,#3078,#2511,.T.);
#3912=EDGE_CURVE('',#3078,#3076,#239,.T.);
#3913=EDGE_CURVE('',#3075,#3077,#240,.T.);
#3914=EDGE_CURVE('',#3079,#3080,#1634,.T.);
#3915=EDGE_CURVE('',#3081,#3079,#2512,.T.);
#3916=EDGE_CURVE('',#3082,#3081,#1635,.T.);
#3917=EDGE_CURVE('',#3080,#3082,#2513,.T.);
#3918=EDGE_CURVE('',#3082,#3078,#241,.T.);
#3919=EDGE_CURVE('',#3077,#3080,#242,.T.);
#3920=EDGE_CURVE('',#3076,#2722,#2514,.T.);
#3921=EDGE_CURVE('',#3082,#3083,#2515,.T.);
#3922=EDGE_CURVE('',#3083,#2722,#2516,.T.);
#3923=EDGE_CURVE('',#3013,#3084,#2517,.T.);
#3924=EDGE_CURVE('',#3084,#3015,#1636,.T.);
#3925=EDGE_CURVE('',#3015,#3085,#1637,.T.);
#3926=EDGE_CURVE('',#3085,#2731,#2518,.T.);
#3927=EDGE_CURVE('',#3084,#3086,#1638,.T.);
#3928=EDGE_CURVE('',#3086,#3085,#1639,.T.);
#3929=EDGE_CURVE('',#3022,#3087,#2519,.T.);
#3930=EDGE_CURVE('',#3087,#3024,#1640,.T.);
#3931=EDGE_CURVE('',#3024,#3088,#1641,.T.);
#3932=EDGE_CURVE('',#3088,#2739,#2520,.T.);
#3933=EDGE_CURVE('',#3087,#3089,#1642,.T.);
#3934=EDGE_CURVE('',#3089,#3088,#1643,.T.);
#3935=EDGE_CURVE('',#3090,#3029,#2521,.T.);
#3936=EDGE_CURVE('',#3030,#3091,#2522,.T.);
#3937=EDGE_CURVE('',#3091,#3090,#1644,.T.);
#3938=EDGE_CURVE('',#3025,#2735,#2523,.T.);
#3939=EDGE_CURVE('',#3091,#2735,#2524,.T.);
#3940=EDGE_CURVE('',#3039,#3092,#2525,.T.);
#3941=EDGE_CURVE('',#3092,#3041,#1645,.T.);
#3942=EDGE_CURVE('',#3041,#3091,#1646,.T.);
#3943=EDGE_CURVE('',#3092,#3090,#1647,.T.);
#3944=EDGE_CURVE('',#3086,#3046,#2526,.T.);
#3945=EDGE_CURVE('',#3047,#3085,#2527,.T.);
#3946=EDGE_CURVE('',#3042,#2731,#2528,.T.);
#3947=EDGE_CURVE('',#3093,#3054,#2529,.T.);
#3948=EDGE_CURVE('',#3055,#3094,#2530,.T.);
#3949=EDGE_CURVE('',#3094,#3093,#1648,.T.);
#3950=EDGE_CURVE('',#3050,#2727,#2531,.T.);
#3951=EDGE_CURVE('',#3094,#2727,#2532,.T.);
#3952=EDGE_CURVE('',#3095,#3062,#2533,.T.);
#3953=EDGE_CURVE('',#3063,#3096,#2534,.T.);
#3954=EDGE_CURVE('',#3096,#3095,#1649,.T.);
#3955=EDGE_CURVE('',#3058,#2723,#2535,.T.);
#3956=EDGE_CURVE('',#3096,#2723,#2536,.T.);
#3957=EDGE_CURVE('',#3072,#3097,#2537,.T.);
#3958=EDGE_CURVE('',#3097,#3074,#1650,.T.);
#3959=EDGE_CURVE('',#3074,#3094,#1651,.T.);
#3960=EDGE_CURVE('',#3097,#3093,#1652,.T.);
#3961=EDGE_CURVE('',#3081,#3098,#2538,.T.);
#3962=EDGE_CURVE('',#3098,#3083,#1653,.T.);
#3963=EDGE_CURVE('',#3083,#3096,#1654,.T.);
#3964=EDGE_CURVE('',#3098,#3095,#1655,.T.);
#3965=EDGE_CURVE('',#3099,#2829,#1656,.T.);
#3966=EDGE_CURVE('',#2828,#3100,#1657,.T.);
#3967=EDGE_CURVE('',#3100,#3099,#1658,.T.);
#3968=EDGE_CURVE('',#3101,#3102,#1659,.T.);
#3969=EDGE_CURVE('',#3102,#3103,#1660,.T.);
#3970=EDGE_CURVE('',#3103,#3104,#1661,.T.);
#3971=EDGE_CURVE('',#3104,#3101,#1662,.T.);
#3972=EDGE_CURVE('',#3105,#3102,#1663,.T.);
#3973=EDGE_CURVE('',#3101,#3106,#1664,.T.);
#3974=EDGE_CURVE('',#3106,#3105,#1665,.T.);
#3975=EDGE_CURVE('',#3107,#3103,#1666,.T.);
#3976=EDGE_CURVE('',#3105,#3107,#1667,.T.);
#3977=EDGE_CURVE('',#3108,#3104,#1668,.T.);
#3978=EDGE_CURVE('',#3107,#3108,#1669,.T.);
#3979=EDGE_CURVE('',#3108,#3106,#1670,.T.);
#3980=EDGE_CURVE('',#2686,#2713,#1671,.T.);
#3981=EDGE_CURVE('',#3109,#3110,#2539,.T.);
#3982=EDGE_CURVE('',#3110,#3111,#2540,.T.);
#3983=EDGE_CURVE('',#3111,#2740,#2541,.T.);
#3984=EDGE_CURVE('',#2740,#3109,#2542,.T.);
#3985=EDGE_CURVE('',#3112,#3113,#2543,.T.);
#3986=EDGE_CURVE('',#3113,#2739,#2544,.T.);
#3987=EDGE_CURVE('',#3088,#3112,#2545,.T.);
#3988=EDGE_CURVE('',#3114,#3111,#1672,.T.);
#3989=EDGE_CURVE('',#3110,#3115,#1673,.T.);
#3990=EDGE_CURVE('',#3115,#3114,#2546,.T.);
#3991=EDGE_CURVE('',#3089,#3116,#2547,.T.);
#3992=EDGE_CURVE('',#3116,#3112,#1674,.T.);
#3993=EDGE_CURVE('',#3109,#3113,#1675,.T.);
#3994=EDGE_CURVE('',#3117,#2623,#2548,.T.);
#3995=EDGE_CURVE('',#3118,#3117,#1676,.T.);
#3996=EDGE_CURVE('',#2624,#3118,#2549,.T.);
#3997=EDGE_CURVE('',#2834,#3119,#1677,.T.);
#3998=EDGE_CURVE('',#3119,#3120,#2550,.T.);
#3999=EDGE_CURVE('',#3120,#2835,#1678,.T.);
#4000=EDGE_CURVE('',#3121,#3122,#2551,.T.);
#4001=EDGE_CURVE('',#3122,#3121,#2552,.T.);
#4002=EDGE_CURVE('',#3119,#2702,#1679,.T.);
#4003=EDGE_CURVE('',#2687,#2657,#2553,.T.);
#4004=EDGE_CURVE('',#2688,#2878,#1680,.T.);
#4005=EDGE_CURVE('',#2842,#3123,#1681,.T.);
#4006=EDGE_CURVE('',#3123,#3124,#2554,.T.);
#4007=EDGE_CURVE('',#3124,#2843,#1682,.T.);
#4008=EDGE_CURVE('',#3125,#3126,#2555,.T.);
#4009=EDGE_CURVE('',#3126,#3125,#2556,.T.);
#4010=EDGE_CURVE('',#2693,#3124,#1683,.T.);
#4011=EDGE_CURVE('',#2705,#2631,#2557,.T.);
#4012=EDGE_CURVE('',#3003,#3111,#1684,.T.);
#4013=EDGE_CURVE('',#3116,#3115,#1685,.T.);
#4014=EDGE_CURVE('',#3127,#3128,#48,.T.);
#4015=EDGE_CURVE('',#3128,#3127,#243,.T.);
#4016=EDGE_CURVE('',#3114,#3002,#1686,.T.);
#4017=EDGE_CURVE('',#2709,#2627,#2558,.T.);
#4018=EDGE_CURVE('',#3099,#3117,#1687,.T.);
#4019=EDGE_CURVE('',#3118,#3100,#1688,.T.);
#4020=EDGE_CURVE('',#2759,#2821,#2559,.T.);
#4021=EDGE_CURVE('',#2991,#2822,#2560,.T.);
#4022=EDGE_CURVE('',#2819,#3129,#2561,.T.);
#4023=EDGE_CURVE('',#3129,#2720,#2562,.T.);
#4024=EDGE_CURVE('',#2720,#2820,#2563,.T.);
#4025=EDGE_CURVE('',#2992,#2823,#2564,.T.);
#4026=EDGE_CURVE('',#3130,#3129,#1689,.T.);
#4027=EDGE_CURVE('',#2818,#3130,#2565,.T.);
#4028=EDGE_CURVE('',#2816,#3131,#1690,.T.);
#4029=EDGE_CURVE('',#3131,#3132,#1691,.T.);
#4030=EDGE_CURVE('',#3132,#2817,#1692,.T.);
#4031=EDGE_CURVE('',#2814,#3133,#1693,.T.);
#4032=EDGE_CURVE('',#3133,#3134,#1694,.T.);
#4033=EDGE_CURVE('',#3134,#2815,#1695,.T.);
#4034=EDGE_CURVE('',#2824,#3135,#1696,.T.);
#4035=EDGE_CURVE('',#3135,#3136,#1697,.T.);
#4036=EDGE_CURVE('',#3136,#2813,#1698,.T.);
#4037=EDGE_CURVE('',#3135,#3132,#1699,.T.);
#4038=EDGE_CURVE('',#3131,#3134,#1224,.T.);
#4039=EDGE_CURVE('',#3133,#3136,#1225,.T.);
#4040=EDGE_CURVE('',#3129,#3080,#1700,.T.);
#4041=EDGE_CURVE('',#3079,#3130,#1701,.T.);
#4042=EDGE_CURVE('',#3125,#3137,#1702,.T.);
#4043=EDGE_CURVE('',#3138,#3137,#2566,.T.);
#4044=EDGE_CURVE('',#3126,#3138,#1703,.T.);
#4045=EDGE_CURVE('',#3139,#3140,#49,.T.);
#4046=EDGE_CURVE('',#3140,#3139,#50,.T.);
#4047=EDGE_CURVE('',#3137,#3140,#1226,.T.);
#4048=EDGE_CURVE('',#3138,#3139,#2567,.T.);
#4049=EDGE_CURVE('',#3121,#3141,#1704,.T.);
#4050=EDGE_CURVE('',#3142,#3141,#2568,.T.);
#4051=EDGE_CURVE('',#3122,#3142,#1705,.T.);
#4052=EDGE_CURVE('',#3143,#3144,#51,.T.);
#4053=EDGE_CURVE('',#3144,#3143,#244,.T.);
#4054=EDGE_CURVE('',#3142,#3144,#1227,.T.);
#4055=EDGE_CURVE('',#3141,#3143,#2569,.T.);
#4056=EDGE_CURVE('',#3141,#3142,#2570,.T.);
#4057=EDGE_CURVE('',#2825,#3145,#1706,.T.);
#4058=EDGE_CURVE('',#2904,#3145,#52,.T.);
#4059=EDGE_CURVE('',#3145,#2905,#1707,.T.);
#4060=EDGE_CURVE('',#3123,#3146,#1708,.T.);
#4061=EDGE_CURVE('',#2914,#3146,#2571,.T.);
#4062=EDGE_CURVE('',#3146,#2841,#1709,.T.);
#4063=EDGE_CURVE('',#2910,#3120,#1710,.T.);
#4064=EDGE_CURVE('',#2804,#2913,#1711,.T.);
#4065=EDGE_CURVE('',#2840,#2796,#1712,.T.);
#4066=EDGE_CURVE('',#3147,#2675,#1713,.T.);
#4067=EDGE_CURVE('',#2681,#3148,#1714,.T.);
#4068=EDGE_CURVE('',#3148,#3147,#2572,.T.);
#4069=EDGE_CURVE('',#3149,#2680,#1715,.T.);
#4070=EDGE_CURVE('',#2679,#3150,#1716,.T.);
#4071=EDGE_CURVE('',#3150,#3149,#2573,.T.);
#4072=EDGE_CURVE('',#3151,#2678,#1717,.T.);
#4073=EDGE_CURVE('',#2677,#3152,#1718,.T.);
#4074=EDGE_CURVE('',#3152,#3151,#2574,.T.);
#4075=EDGE_CURVE('',#3153,#2676,#1719,.T.);
#4076=EDGE_CURVE('',#2674,#3154,#1720,.T.);
#4077=EDGE_CURVE('',#3154,#3153,#2575,.T.);
#4078=EDGE_CURVE('',#3147,#3154,#1721,.T.);
#4079=EDGE_CURVE('',#3153,#3152,#1722,.T.);
#4080=EDGE_CURVE('',#3151,#3150,#1723,.T.);
#4081=EDGE_CURVE('',#3149,#3148,#1724,.T.);
#4082=EDGE_CURVE('',#3155,#3156,#2576,.T.);
#4083=EDGE_CURVE('',#2667,#3155,#1725,.T.);
#4084=EDGE_CURVE('',#3156,#2666,#1726,.T.);
#4085=EDGE_CURVE('',#3157,#3158,#2577,.T.);
#4086=EDGE_CURVE('',#2669,#3157,#1727,.T.);
#4087=EDGE_CURVE('',#3158,#2668,#1728,.T.);
#4088=EDGE_CURVE('',#3159,#3160,#2578,.T.);
#4089=EDGE_CURVE('',#2671,#3159,#1729,.T.);
#4090=EDGE_CURVE('',#3160,#2670,#1730,.T.);
#4091=EDGE_CURVE('',#3161,#3162,#2579,.T.);
#4092=EDGE_CURVE('',#2673,#3161,#1731,.T.);
#4093=EDGE_CURVE('',#3162,#2672,#1732,.T.);
#4094=EDGE_CURVE('',#3156,#3161,#1733,.T.);
#4095=EDGE_CURVE('',#3162,#3159,#1734,.T.);
#4096=EDGE_CURVE('',#3160,#3157,#1735,.T.);
#4097=EDGE_CURVE('',#3158,#3155,#1736,.T.);
#4098=EDGE_CURVE('',#3163,#3164,#2580,.T.);
#4099=EDGE_CURVE('',#2635,#3163,#1737,.T.);
#4100=EDGE_CURVE('',#3164,#2634,#1738,.T.);
#4101=EDGE_CURVE('',#3165,#3166,#2581,.T.);
#4102=EDGE_CURVE('',#2637,#3165,#1739,.T.);
#4103=EDGE_CURVE('',#3166,#2636,#1740,.T.);
#4104=EDGE_CURVE('',#3167,#3168,#2582,.T.);
#4105=EDGE_CURVE('',#2639,#3167,#1741,.T.);
#4106=EDGE_CURVE('',#3168,#2638,#1742,.T.);
#4107=EDGE_CURVE('',#3169,#3170,#2583,.T.);
#4108=EDGE_CURVE('',#2641,#3169,#1743,.T.);
#4109=EDGE_CURVE('',#3170,#2640,#1744,.T.);
#4110=EDGE_CURVE('',#3164,#3169,#1745,.T.);
#4111=EDGE_CURVE('',#3170,#3167,#1746,.T.);
#4112=EDGE_CURVE('',#3168,#3165,#1747,.T.);
#4113=EDGE_CURVE('',#3166,#3163,#1748,.T.);
#4114=EDGE_CURVE('',#3171,#2643,#1749,.T.);
#4115=EDGE_CURVE('',#2649,#3172,#1750,.T.);
#4116=EDGE_CURVE('',#3172,#3171,#2584,.T.);
#4117=EDGE_CURVE('',#3173,#2648,#1751,.T.);
#4118=EDGE_CURVE('',#2647,#3174,#1752,.T.);
#4119=EDGE_CURVE('',#3174,#3173,#2585,.T.);
#4120=EDGE_CURVE('',#3175,#2646,#1753,.T.);
#4121=EDGE_CURVE('',#2645,#3176,#1754,.T.);
#4122=EDGE_CURVE('',#3176,#3175,#2586,.T.);
#4123=EDGE_CURVE('',#3177,#2644,#1755,.T.);
#4124=EDGE_CURVE('',#2642,#3178,#1756,.T.);
#4125=EDGE_CURVE('',#3178,#3177,#2587,.T.);
#4126=EDGE_CURVE('',#3171,#3178,#1757,.T.);
#4127=EDGE_CURVE('',#3177,#3176,#1758,.T.);
#4128=EDGE_CURVE('',#3175,#3174,#1759,.T.);
#4129=EDGE_CURVE('',#3173,#3172,#1760,.T.);
#4130=EDGE_CURVE('',#3179,#2659,#1761,.T.);
#4131=EDGE_CURVE('',#2665,#3180,#1762,.T.);
#4132=EDGE_CURVE('',#3180,#3179,#2588,.T.);
#4133=EDGE_CURVE('',#3181,#2664,#1763,.T.);
#4134=EDGE_CURVE('',#2663,#3182,#1764,.T.);
#4135=EDGE_CURVE('',#3182,#3181,#2589,.T.);
#4136=EDGE_CURVE('',#3183,#2662,#1765,.T.);
#4137=EDGE_CURVE('',#2661,#3184,#1766,.T.);
#4138=EDGE_CURVE('',#3184,#3183,#2590,.T.);
#4139=EDGE_CURVE('',#3185,#2660,#1767,.T.);
#4140=EDGE_CURVE('',#2658,#3186,#1768,.T.);
#4141=EDGE_CURVE('',#3186,#3185,#2591,.T.);
#4142=EDGE_CURVE('',#3179,#3186,#1769,.T.);
#4143=EDGE_CURVE('',#3185,#3184,#1770,.T.);
#4144=EDGE_CURVE('',#3183,#3182,#1771,.T.);
#4145=EDGE_CURVE('',#3181,#3180,#1772,.T.);
#4146=EDGE_CURVE('',#3187,#3188,#53,.T.);
#4147=EDGE_CURVE('',#3187,#3127,#1773,.T.);
#4148=EDGE_CURVE('',#3188,#3128,#1774,.T.);
#4149=EDGE_CURVE('',#3188,#3187,#245,.T.);
#4150=EDGE_CURVE('',#3137,#3138,#2592,.T.);
#4151=ORIENTED_EDGE('',*,*,#3189,.T.);
#4152=ORIENTED_EDGE('',*,*,#3190,.T.);
#4153=ORIENTED_EDGE('',*,*,#3191,.F.);
#4154=ORIENTED_EDGE('',*,*,#3192,.F.);
#4155=ORIENTED_EDGE('',*,*,#3193,.F.);
#4156=ORIENTED_EDGE('',*,*,#3194,.F.);
#4157=ORIENTED_EDGE('',*,*,#3190,.F.);
#4158=ORIENTED_EDGE('',*,*,#3193,.T.);
#4159=ORIENTED_EDGE('',*,*,#3195,.F.);
#4160=ORIENTED_EDGE('',*,*,#3196,.T.);
#4161=ORIENTED_EDGE('',*,*,#3192,.T.);
#4162=ORIENTED_EDGE('',*,*,#3197,.T.);
#4163=ORIENTED_EDGE('',*,*,#3198,.T.);
#4164=ORIENTED_EDGE('',*,*,#3199,.T.);
#4165=ORIENTED_EDGE('',*,*,#3200,.F.);
#4166=ORIENTED_EDGE('',*,*,#3201,.T.);
#4167=ORIENTED_EDGE('',*,*,#3195,.T.);
#4168=ORIENTED_EDGE('',*,*,#3202,.T.);
#4169=ORIENTED_EDGE('',*,*,#3200,.T.);
#4170=ORIENTED_EDGE('',*,*,#3203,.T.);
#4171=ORIENTED_EDGE('',*,*,#3204,.T.);
#4172=ORIENTED_EDGE('',*,*,#3205,.T.);
#4173=ORIENTED_EDGE('',*,*,#3206,.T.);
#4174=ORIENTED_EDGE('',*,*,#3207,.T.);
#4175=ORIENTED_EDGE('',*,*,#3208,.T.);
#4176=ORIENTED_EDGE('',*,*,#3209,.T.);
#4177=ORIENTED_EDGE('',*,*,#3210,.T.);
#4178=ORIENTED_EDGE('',*,*,#3211,.T.);
#4179=ORIENTED_EDGE('',*,*,#3212,.T.);
#4180=ORIENTED_EDGE('',*,*,#3213,.T.);
#4181=ORIENTED_EDGE('',*,*,#3214,.T.);
#4182=ORIENTED_EDGE('',*,*,#3215,.T.);
#4183=ORIENTED_EDGE('',*,*,#3216,.T.);
#4184=ORIENTED_EDGE('',*,*,#3217,.T.);
#4185=ORIENTED_EDGE('',*,*,#3218,.T.);
#4186=ORIENTED_EDGE('',*,*,#3219,.F.);
#4187=ORIENTED_EDGE('',*,*,#3220,.T.);
#4188=ORIENTED_EDGE('',*,*,#3221,.F.);
#4189=ORIENTED_EDGE('',*,*,#3222,.F.);
#4190=ORIENTED_EDGE('',*,*,#3223,.F.);
#4191=ORIENTED_EDGE('',*,*,#3224,.T.);
#4192=ORIENTED_EDGE('',*,*,#3225,.F.);
#4193=ORIENTED_EDGE('',*,*,#3226,.F.);
#4194=ORIENTED_EDGE('',*,*,#3227,.F.);
#4195=ORIENTED_EDGE('',*,*,#3228,.T.);
#4196=ORIENTED_EDGE('',*,*,#3229,.T.);
#4197=ORIENTED_EDGE('',*,*,#3230,.T.);
#4198=ORIENTED_EDGE('',*,*,#3231,.T.);
#4199=ORIENTED_EDGE('',*,*,#3232,.T.);
#4200=ORIENTED_EDGE('',*,*,#3233,.F.);
#4201=ORIENTED_EDGE('',*,*,#3234,.T.);
#4202=ORIENTED_EDGE('',*,*,#3208,.F.);
#4203=ORIENTED_EDGE('',*,*,#3235,.T.);
#4204=ORIENTED_EDGE('',*,*,#3236,.T.);
#4205=ORIENTED_EDGE('',*,*,#3237,.T.);
#4206=ORIENTED_EDGE('',*,*,#3238,.T.);
#4207=ORIENTED_EDGE('',*,*,#3239,.T.);
#4208=ORIENTED_EDGE('',*,*,#3240,.T.);
#4209=ORIENTED_EDGE('',*,*,#3241,.T.);
#4210=ORIENTED_EDGE('',*,*,#3242,.T.);
#4211=ORIENTED_EDGE('',*,*,#3243,.F.);
#4212=ORIENTED_EDGE('',*,*,#3244,.F.);
#4213=ORIENTED_EDGE('',*,*,#3245,.F.);
#4214=ORIENTED_EDGE('',*,*,#3246,.F.);
#4215=ORIENTED_EDGE('',*,*,#3247,.F.);
#4216=ORIENTED_EDGE('',*,*,#3248,.F.);
#4217=ORIENTED_EDGE('',*,*,#3249,.F.);
#4218=ORIENTED_EDGE('',*,*,#3250,.F.);
#4219=ORIENTED_EDGE('',*,*,#3251,.T.);
#4220=ORIENTED_EDGE('',*,*,#3252,.T.);
#4221=ORIENTED_EDGE('',*,*,#3218,.F.);
#4222=ORIENTED_EDGE('',*,*,#3253,.T.);
#4223=ORIENTED_EDGE('',*,*,#3254,.F.);
#4224=ORIENTED_EDGE('',*,*,#3255,.T.);
#4225=ORIENTED_EDGE('',*,*,#3256,.T.);
#4226=ORIENTED_EDGE('',*,*,#3257,.T.);
#4227=ORIENTED_EDGE('',*,*,#3258,.T.);
#4228=ORIENTED_EDGE('',*,*,#3259,.T.);
#4229=ORIENTED_EDGE('',*,*,#3260,.F.);
#4230=ORIENTED_EDGE('',*,*,#3261,.F.);
#4231=ORIENTED_EDGE('',*,*,#3262,.F.);
#4232=ORIENTED_EDGE('',*,*,#3263,.F.);
#4233=ORIENTED_EDGE('',*,*,#3264,.F.);
#4234=ORIENTED_EDGE('',*,*,#3265,.F.);
#4235=ORIENTED_EDGE('',*,*,#3266,.F.);
#4236=ORIENTED_EDGE('',*,*,#3267,.F.);
#4237=ORIENTED_EDGE('',*,*,#3268,.T.);
#4238=ORIENTED_EDGE('',*,*,#3269,.T.);
#4239=ORIENTED_EDGE('',*,*,#3270,.T.);
#4240=ORIENTED_EDGE('',*,*,#3271,.T.);
#4241=ORIENTED_EDGE('',*,*,#3272,.T.);
#4242=ORIENTED_EDGE('',*,*,#3273,.T.);
#4243=ORIENTED_EDGE('',*,*,#3274,.T.);
#4244=ORIENTED_EDGE('',*,*,#3275,.T.);
#4245=ORIENTED_EDGE('',*,*,#3276,.F.);
#4246=ORIENTED_EDGE('',*,*,#3277,.F.);
#4247=ORIENTED_EDGE('',*,*,#3278,.F.);
#4248=ORIENTED_EDGE('',*,*,#3279,.F.);
#4249=ORIENTED_EDGE('',*,*,#3280,.F.);
#4250=ORIENTED_EDGE('',*,*,#3281,.F.);
#4251=ORIENTED_EDGE('',*,*,#3282,.F.);
#4252=ORIENTED_EDGE('',*,*,#3283,.F.);
#4253=ORIENTED_EDGE('',*,*,#3284,.F.);
#4254=ORIENTED_EDGE('',*,*,#3285,.F.);
#4255=ORIENTED_EDGE('',*,*,#3286,.T.);
#4256=ORIENTED_EDGE('',*,*,#3251,.F.);
#4257=ORIENTED_EDGE('',*,*,#3287,.F.);
#4258=ORIENTED_EDGE('',*,*,#3288,.T.);
#4259=ORIENTED_EDGE('',*,*,#3285,.T.);
#4260=ORIENTED_EDGE('',*,*,#3289,.T.);
#4261=ORIENTED_EDGE('',*,*,#3290,.F.);
#4262=ORIENTED_EDGE('',*,*,#3291,.F.);
#4263=ORIENTED_EDGE('',*,*,#3198,.F.);
#4264=ORIENTED_EDGE('',*,*,#3284,.T.);
#4265=ORIENTED_EDGE('',*,*,#3292,.T.);
#4266=ORIENTED_EDGE('',*,*,#3293,.T.);
#4267=ORIENTED_EDGE('',*,*,#3294,.F.);
#4268=ORIENTED_EDGE('',*,*,#3295,.F.);
#4269=ORIENTED_EDGE('',*,*,#3296,.T.);
#4270=ORIENTED_EDGE('',*,*,#3297,.F.);
#4271=ORIENTED_EDGE('',*,*,#3298,.F.);
#4272=ORIENTED_EDGE('',*,*,#3299,.F.);
#4273=ORIENTED_EDGE('',*,*,#3300,.F.);
#4274=ORIENTED_EDGE('',*,*,#3301,.F.);
#4275=ORIENTED_EDGE('',*,*,#3302,.F.);
#4276=ORIENTED_EDGE('',*,*,#3303,.F.);
#4277=ORIENTED_EDGE('',*,*,#3304,.F.);
#4278=ORIENTED_EDGE('',*,*,#3305,.F.);
#4279=ORIENTED_EDGE('',*,*,#3306,.F.);
#4280=ORIENTED_EDGE('',*,*,#3307,.F.);
#4281=ORIENTED_EDGE('',*,*,#3308,.F.);
#4282=ORIENTED_EDGE('',*,*,#3309,.F.);
#4283=ORIENTED_EDGE('',*,*,#3310,.T.);
#4284=ORIENTED_EDGE('',*,*,#3311,.F.);
#4285=ORIENTED_EDGE('',*,*,#3312,.F.);
#4286=ORIENTED_EDGE('',*,*,#3313,.F.);
#4287=ORIENTED_EDGE('',*,*,#3314,.T.);
#4288=ORIENTED_EDGE('',*,*,#3315,.T.);
#4289=ORIENTED_EDGE('',*,*,#3316,.T.);
#4290=ORIENTED_EDGE('',*,*,#3317,.T.);
#4291=ORIENTED_EDGE('',*,*,#3289,.F.);
#4292=ORIENTED_EDGE('',*,*,#3318,.F.);
#4293=ORIENTED_EDGE('',*,*,#3220,.F.);
#4294=ORIENTED_EDGE('',*,*,#3207,.F.);
#4295=ORIENTED_EDGE('',*,*,#3252,.F.);
#4296=ORIENTED_EDGE('',*,*,#3286,.F.);
#4297=ORIENTED_EDGE('',*,*,#3288,.F.);
#4298=ORIENTED_EDGE('',*,*,#3197,.F.);
#4299=ORIENTED_EDGE('',*,*,#3191,.T.);
#4300=ORIENTED_EDGE('',*,*,#3194,.T.);
#4301=ORIENTED_EDGE('',*,*,#3196,.F.);
#4302=ORIENTED_EDGE('',*,*,#3201,.F.);
#4303=ORIENTED_EDGE('',*,*,#3202,.F.);
#4304=ORIENTED_EDGE('',*,*,#3319,.F.);
#4305=ORIENTED_EDGE('',*,*,#3320,.T.);
#4306=ORIENTED_EDGE('',*,*,#3321,.T.);
#4307=ORIENTED_EDGE('',*,*,#3322,.T.);
#4308=ORIENTED_EDGE('',*,*,#3316,.F.);
#4309=ORIENTED_EDGE('',*,*,#3189,.F.);
#4310=ORIENTED_EDGE('',*,*,#3323,.T.);
#4311=ORIENTED_EDGE('',*,*,#3324,.F.);
#4312=ORIENTED_EDGE('',*,*,#3325,.F.);
#4313=ORIENTED_EDGE('',*,*,#3326,.T.);
#4314=ORIENTED_EDGE('',*,*,#3327,.F.);
#4315=ORIENTED_EDGE('',*,*,#3328,.F.);
#4316=ORIENTED_EDGE('',*,*,#3323,.F.);
#4317=ORIENTED_EDGE('',*,*,#3327,.T.);
#4318=ORIENTED_EDGE('',*,*,#3329,.T.);
#4319=ORIENTED_EDGE('',*,*,#3330,.T.);
#4320=ORIENTED_EDGE('',*,*,#3325,.T.);
#4321=ORIENTED_EDGE('',*,*,#3331,.T.);
#4322=ORIENTED_EDGE('',*,*,#3332,.T.);
#4323=ORIENTED_EDGE('',*,*,#3333,.T.);
#4324=ORIENTED_EDGE('',*,*,#3334,.T.);
#4325=ORIENTED_EDGE('',*,*,#3335,.T.);
#4326=ORIENTED_EDGE('',*,*,#3336,.T.);
#4327=ORIENTED_EDGE('',*,*,#3337,.T.);
#4328=ORIENTED_EDGE('',*,*,#3338,.T.);
#4329=ORIENTED_EDGE('',*,*,#3339,.T.);
#4330=ORIENTED_EDGE('',*,*,#3340,.T.);
#4331=ORIENTED_EDGE('',*,*,#3341,.T.);
#4332=ORIENTED_EDGE('',*,*,#3342,.T.);
#4333=ORIENTED_EDGE('',*,*,#3343,.T.);
#4334=ORIENTED_EDGE('',*,*,#3344,.T.);
#4335=ORIENTED_EDGE('',*,*,#3345,.T.);
#4336=ORIENTED_EDGE('',*,*,#3346,.T.);
#4337=ORIENTED_EDGE('',*,*,#3347,.T.);
#4338=ORIENTED_EDGE('',*,*,#3348,.T.);
#4339=ORIENTED_EDGE('',*,*,#3349,.T.);
#4340=ORIENTED_EDGE('',*,*,#3350,.T.);
#4341=ORIENTED_EDGE('',*,*,#3351,.T.);
#4342=ORIENTED_EDGE('',*,*,#3352,.T.);
#4343=ORIENTED_EDGE('',*,*,#3353,.T.);
#4344=ORIENTED_EDGE('',*,*,#3354,.F.);
#4345=ORIENTED_EDGE('',*,*,#3355,.F.);
#4346=ORIENTED_EDGE('',*,*,#3356,.T.);
#4347=ORIENTED_EDGE('',*,*,#3357,.T.);
#4348=ORIENTED_EDGE('',*,*,#3358,.F.);
#4349=ORIENTED_EDGE('',*,*,#3359,.T.);
#4350=ORIENTED_EDGE('',*,*,#3360,.T.);
#4351=ORIENTED_EDGE('',*,*,#3361,.T.);
#4352=ORIENTED_EDGE('',*,*,#3362,.F.);
#4353=ORIENTED_EDGE('',*,*,#3363,.F.);
#4354=ORIENTED_EDGE('',*,*,#3364,.T.);
#4355=ORIENTED_EDGE('',*,*,#3365,.T.);
#4356=ORIENTED_EDGE('',*,*,#3366,.F.);
#4357=ORIENTED_EDGE('',*,*,#3367,.F.);
#4358=ORIENTED_EDGE('',*,*,#3368,.T.);
#4359=ORIENTED_EDGE('',*,*,#3369,.T.);
#4360=ORIENTED_EDGE('',*,*,#3370,.F.);
#4361=ORIENTED_EDGE('',*,*,#3371,.T.);
#4362=ORIENTED_EDGE('',*,*,#3372,.T.);
#4363=ORIENTED_EDGE('',*,*,#3373,.T.);
#4364=ORIENTED_EDGE('',*,*,#3374,.T.);
#4365=ORIENTED_EDGE('',*,*,#3375,.T.);
#4366=ORIENTED_EDGE('',*,*,#3376,.T.);
#4367=ORIENTED_EDGE('',*,*,#3377,.T.);
#4368=ORIENTED_EDGE('',*,*,#3378,.T.);
#4369=ORIENTED_EDGE('',*,*,#3379,.T.);
#4370=ORIENTED_EDGE('',*,*,#3380,.T.);
#4371=ORIENTED_EDGE('',*,*,#3381,.T.);
#4372=ORIENTED_EDGE('',*,*,#3382,.T.);
#4373=ORIENTED_EDGE('',*,*,#3383,.T.);
#4374=ORIENTED_EDGE('',*,*,#3384,.F.);
#4375=ORIENTED_EDGE('',*,*,#3385,.T.);
#4376=ORIENTED_EDGE('',*,*,#3329,.F.);
#4377=ORIENTED_EDGE('',*,*,#3326,.F.);
#4378=ORIENTED_EDGE('',*,*,#3330,.F.);
#4379=ORIENTED_EDGE('',*,*,#3385,.F.);
#4380=ORIENTED_EDGE('',*,*,#3318,.T.);
#4381=ORIENTED_EDGE('',*,*,#3386,.T.);
#4382=ORIENTED_EDGE('',*,*,#3387,.T.);
#4383=ORIENTED_EDGE('',*,*,#3221,.T.);
#4384=ORIENTED_EDGE('',*,*,#3319,.T.);
#4385=ORIENTED_EDGE('',*,*,#3206,.F.);
#4386=ORIENTED_EDGE('',*,*,#3388,.F.);
#4387=ORIENTED_EDGE('',*,*,#3386,.F.);
#4388=ORIENTED_EDGE('',*,*,#3380,.F.);
#4389=ORIENTED_EDGE('',*,*,#3389,.T.);
#4390=ORIENTED_EDGE('',*,*,#3390,.T.);
#4391=ORIENTED_EDGE('',*,*,#3391,.F.);
#4392=ORIENTED_EDGE('',*,*,#3383,.F.);
#4393=ORIENTED_EDGE('',*,*,#3392,.T.);
#4394=ORIENTED_EDGE('',*,*,#3393,.T.);
#4395=ORIENTED_EDGE('',*,*,#3389,.F.);
#4396=ORIENTED_EDGE('',*,*,#3382,.F.);
#4397=ORIENTED_EDGE('',*,*,#3394,.T.);
#4398=ORIENTED_EDGE('',*,*,#3395,.T.);
#4399=ORIENTED_EDGE('',*,*,#3392,.F.);
#4400=ORIENTED_EDGE('',*,*,#3381,.F.);
#4401=ORIENTED_EDGE('',*,*,#3391,.T.);
#4402=ORIENTED_EDGE('',*,*,#3396,.T.);
#4403=ORIENTED_EDGE('',*,*,#3394,.F.);
#4404=ORIENTED_EDGE('',*,*,#3376,.F.);
#4405=ORIENTED_EDGE('',*,*,#3397,.T.);
#4406=ORIENTED_EDGE('',*,*,#3398,.T.);
#4407=ORIENTED_EDGE('',*,*,#3399,.F.);
#4408=ORIENTED_EDGE('',*,*,#3379,.F.);
#4409=ORIENTED_EDGE('',*,*,#3400,.T.);
#4410=ORIENTED_EDGE('',*,*,#3401,.T.);
#4411=ORIENTED_EDGE('',*,*,#3397,.F.);
#4412=ORIENTED_EDGE('',*,*,#3378,.F.);
#4413=ORIENTED_EDGE('',*,*,#3402,.T.);
#4414=ORIENTED_EDGE('',*,*,#3403,.T.);
#4415=ORIENTED_EDGE('',*,*,#3400,.F.);
#4416=ORIENTED_EDGE('',*,*,#3377,.F.);
#4417=ORIENTED_EDGE('',*,*,#3399,.T.);
#4418=ORIENTED_EDGE('',*,*,#3404,.T.);
#4419=ORIENTED_EDGE('',*,*,#3402,.F.);
#4420=ORIENTED_EDGE('',*,*,#3372,.F.);
#4421=ORIENTED_EDGE('',*,*,#3405,.T.);
#4422=ORIENTED_EDGE('',*,*,#3406,.T.);
#4423=ORIENTED_EDGE('',*,*,#3407,.F.);
#4424=ORIENTED_EDGE('',*,*,#3375,.F.);
#4425=ORIENTED_EDGE('',*,*,#3408,.T.);
#4426=ORIENTED_EDGE('',*,*,#3409,.T.);
#4427=ORIENTED_EDGE('',*,*,#3405,.F.);
#4428=ORIENTED_EDGE('',*,*,#3374,.F.);
#4429=ORIENTED_EDGE('',*,*,#3410,.T.);
#4430=ORIENTED_EDGE('',*,*,#3411,.T.);
#4431=ORIENTED_EDGE('',*,*,#3408,.F.);
#4432=ORIENTED_EDGE('',*,*,#3373,.F.);
#4433=ORIENTED_EDGE('',*,*,#3407,.T.);
#4434=ORIENTED_EDGE('',*,*,#3412,.T.);
#4435=ORIENTED_EDGE('',*,*,#3410,.F.);
#4436=ORIENTED_EDGE('',*,*,#3413,.F.);
#4437=ORIENTED_EDGE('',*,*,#3414,.F.);
#4438=ORIENTED_EDGE('',*,*,#3415,.F.);
#4439=ORIENTED_EDGE('',*,*,#3393,.F.);
#4440=ORIENTED_EDGE('',*,*,#3415,.T.);
#4441=ORIENTED_EDGE('',*,*,#3416,.F.);
#4442=ORIENTED_EDGE('',*,*,#3417,.F.);
#4443=ORIENTED_EDGE('',*,*,#3390,.F.);
#4444=ORIENTED_EDGE('',*,*,#3417,.T.);
#4445=ORIENTED_EDGE('',*,*,#3418,.F.);
#4446=ORIENTED_EDGE('',*,*,#3419,.F.);
#4447=ORIENTED_EDGE('',*,*,#3396,.F.);
#4448=ORIENTED_EDGE('',*,*,#3419,.T.);
#4449=ORIENTED_EDGE('',*,*,#3420,.F.);
#4450=ORIENTED_EDGE('',*,*,#3413,.T.);
#4451=ORIENTED_EDGE('',*,*,#3395,.F.);
#4452=ORIENTED_EDGE('',*,*,#3421,.F.);
#4453=ORIENTED_EDGE('',*,*,#3422,.F.);
#4454=ORIENTED_EDGE('',*,*,#3423,.F.);
#4455=ORIENTED_EDGE('',*,*,#3424,.F.);
#4456=ORIENTED_EDGE('',*,*,#3423,.T.);
#4457=ORIENTED_EDGE('',*,*,#3425,.F.);
#4458=ORIENTED_EDGE('',*,*,#3426,.F.);
#4459=ORIENTED_EDGE('',*,*,#3427,.F.);
#4460=ORIENTED_EDGE('',*,*,#3426,.T.);
#4461=ORIENTED_EDGE('',*,*,#3428,.F.);
#4462=ORIENTED_EDGE('',*,*,#3429,.T.);
#4463=ORIENTED_EDGE('',*,*,#3430,.T.);
#4464=ORIENTED_EDGE('',*,*,#3431,.F.);
#4465=ORIENTED_EDGE('',*,*,#3432,.F.);
#4466=ORIENTED_EDGE('',*,*,#3433,.F.);
#4467=ORIENTED_EDGE('',*,*,#3434,.F.);
#4468=ORIENTED_EDGE('',*,*,#3401,.F.);
#4469=ORIENTED_EDGE('',*,*,#3434,.T.);
#4470=ORIENTED_EDGE('',*,*,#3435,.F.);
#4471=ORIENTED_EDGE('',*,*,#3436,.F.);
#4472=ORIENTED_EDGE('',*,*,#3398,.F.);
#4473=ORIENTED_EDGE('',*,*,#3436,.T.);
#4474=ORIENTED_EDGE('',*,*,#3437,.F.);
#4475=ORIENTED_EDGE('',*,*,#3438,.F.);
#4476=ORIENTED_EDGE('',*,*,#3404,.F.);
#4477=ORIENTED_EDGE('',*,*,#3438,.T.);
#4478=ORIENTED_EDGE('',*,*,#3439,.F.);
#4479=ORIENTED_EDGE('',*,*,#3432,.T.);
#4480=ORIENTED_EDGE('',*,*,#3403,.F.);
#4481=ORIENTED_EDGE('',*,*,#3440,.T.);
#4482=ORIENTED_EDGE('',*,*,#3441,.F.);
#4483=ORIENTED_EDGE('',*,*,#3442,.F.);
#4484=ORIENTED_EDGE('',*,*,#3443,.T.);
#4485=ORIENTED_EDGE('',*,*,#3442,.T.);
#4486=ORIENTED_EDGE('',*,*,#3444,.F.);
#4487=ORIENTED_EDGE('',*,*,#3430,.F.);
#4488=ORIENTED_EDGE('',*,*,#3445,.T.);
#4489=ORIENTED_EDGE('',*,*,#3446,.F.);
#4490=ORIENTED_EDGE('',*,*,#3412,.F.);
#4491=ORIENTED_EDGE('',*,*,#3447,.T.);
#4492=ORIENTED_EDGE('',*,*,#3448,.T.);
#4493=ORIENTED_EDGE('',*,*,#3449,.T.);
#4494=ORIENTED_EDGE('',*,*,#3411,.F.);
#4495=ORIENTED_EDGE('',*,*,#3446,.T.);
#4496=ORIENTED_EDGE('',*,*,#3450,.T.);
#4497=ORIENTED_EDGE('',*,*,#3451,.F.);
#4498=ORIENTED_EDGE('',*,*,#3409,.F.);
#4499=ORIENTED_EDGE('',*,*,#3449,.F.);
#4500=ORIENTED_EDGE('',*,*,#3452,.T.);
#4501=ORIENTED_EDGE('',*,*,#3447,.F.);
#4502=ORIENTED_EDGE('',*,*,#3406,.F.);
#4503=ORIENTED_EDGE('',*,*,#3451,.T.);
#4504=ORIENTED_EDGE('',*,*,#3219,.T.);
#4505=ORIENTED_EDGE('',*,*,#3453,.T.);
#4506=ORIENTED_EDGE('',*,*,#3454,.T.);
#4507=ORIENTED_EDGE('',*,*,#3453,.F.);
#4508=ORIENTED_EDGE('',*,*,#3455,.F.);
#4509=ORIENTED_EDGE('',*,*,#3456,.T.);
#4510=ORIENTED_EDGE('',*,*,#3454,.F.);
#4511=ORIENTED_EDGE('',*,*,#3456,.F.);
#4512=ORIENTED_EDGE('',*,*,#3457,.T.);
#4513=ORIENTED_EDGE('',*,*,#3458,.T.);
#4514=ORIENTED_EDGE('',*,*,#3455,.T.);
#4515=ORIENTED_EDGE('',*,*,#3458,.F.);
#4516=ORIENTED_EDGE('',*,*,#3459,.T.);
#4517=ORIENTED_EDGE('',*,*,#3460,.F.);
#4518=ORIENTED_EDGE('',*,*,#3461,.T.);
#4519=ORIENTED_EDGE('',*,*,#3462,.F.);
#4520=ORIENTED_EDGE('',*,*,#3463,.T.);
#4521=ORIENTED_EDGE('',*,*,#3464,.F.);
#4522=ORIENTED_EDGE('',*,*,#3465,.F.);
#4523=ORIENTED_EDGE('',*,*,#3466,.T.);
#4524=ORIENTED_EDGE('',*,*,#3467,.F.);
#4525=ORIENTED_EDGE('',*,*,#3468,.F.);
#4526=ORIENTED_EDGE('',*,*,#3469,.T.);
#4527=ORIENTED_EDGE('',*,*,#3470,.F.);
#4528=ORIENTED_EDGE('',*,*,#3471,.T.);
#4529=ORIENTED_EDGE('',*,*,#3472,.T.);
#4530=ORIENTED_EDGE('',*,*,#3473,.T.);
#4531=ORIENTED_EDGE('',*,*,#3457,.F.);
#4532=ORIENTED_EDGE('',*,*,#3388,.T.);
#4533=ORIENTED_EDGE('',*,*,#3205,.F.);
#4534=ORIENTED_EDGE('',*,*,#3474,.F.);
#4535=ORIENTED_EDGE('',*,*,#3226,.T.);
#4536=ORIENTED_EDGE('',*,*,#3475,.F.);
#4537=ORIENTED_EDGE('',*,*,#3476,.F.);
#4538=ORIENTED_EDGE('',*,*,#3477,.F.);
#4539=ORIENTED_EDGE('',*,*,#3222,.T.);
#4540=ORIENTED_EDGE('',*,*,#3387,.F.);
#4541=ORIENTED_EDGE('',*,*,#3478,.T.);
#4542=ORIENTED_EDGE('',*,*,#3209,.F.);
#4543=ORIENTED_EDGE('',*,*,#3234,.F.);
#4544=ORIENTED_EDGE('',*,*,#3479,.T.);
#4545=ORIENTED_EDGE('',*,*,#3480,.F.);
#4546=ORIENTED_EDGE('',*,*,#3211,.F.);
#4547=ORIENTED_EDGE('',*,*,#3478,.F.);
#4548=ORIENTED_EDGE('',*,*,#3210,.F.);
#4549=ORIENTED_EDGE('',*,*,#3481,.T.);
#4550=ORIENTED_EDGE('',*,*,#3215,.F.);
#4551=ORIENTED_EDGE('',*,*,#3482,.F.);
#4552=ORIENTED_EDGE('',*,*,#3483,.T.);
#4553=ORIENTED_EDGE('',*,*,#3253,.F.);
#4554=ORIENTED_EDGE('',*,*,#3217,.F.);
#4555=ORIENTED_EDGE('',*,*,#3216,.F.);
#4556=ORIENTED_EDGE('',*,*,#3481,.F.);
#4557=ORIENTED_EDGE('',*,*,#3480,.T.);
#4558=ORIENTED_EDGE('',*,*,#3484,.F.);
#4559=ORIENTED_EDGE('',*,*,#3485,.T.);
#4560=ORIENTED_EDGE('',*,*,#3212,.F.);
#4561=ORIENTED_EDGE('',*,*,#3482,.T.);
#4562=ORIENTED_EDGE('',*,*,#3214,.F.);
#4563=ORIENTED_EDGE('',*,*,#3486,.T.);
#4564=ORIENTED_EDGE('',*,*,#3487,.F.);
#4565=ORIENTED_EDGE('',*,*,#3233,.T.);
#4566=ORIENTED_EDGE('',*,*,#3488,.T.);
#4567=ORIENTED_EDGE('',*,*,#3309,.T.);
#4568=ORIENTED_EDGE('',*,*,#3489,.T.);
#4569=ORIENTED_EDGE('',*,*,#3490,.T.);
#4570=ORIENTED_EDGE('',*,*,#3491,.T.);
#4571=ORIENTED_EDGE('',*,*,#3492,.F.);
#4572=ORIENTED_EDGE('',*,*,#3493,.T.);
#4573=ORIENTED_EDGE('',*,*,#3494,.F.);
#4574=ORIENTED_EDGE('',*,*,#3303,.T.);
#4575=ORIENTED_EDGE('',*,*,#3495,.T.);
#4576=ORIENTED_EDGE('',*,*,#3496,.T.);
#4577=ORIENTED_EDGE('',*,*,#3497,.F.);
#4578=ORIENTED_EDGE('',*,*,#3498,.T.);
#4579=ORIENTED_EDGE('',*,*,#3499,.T.);
#4580=ORIENTED_EDGE('',*,*,#3500,.T.);
#4581=ORIENTED_EDGE('',*,*,#3297,.T.);
#4582=ORIENTED_EDGE('',*,*,#3501,.T.);
#4583=ORIENTED_EDGE('',*,*,#3254,.T.);
#4584=ORIENTED_EDGE('',*,*,#3483,.F.);
#4585=ORIENTED_EDGE('',*,*,#3487,.T.);
#4586=ORIENTED_EDGE('',*,*,#3502,.T.);
#4587=ORIENTED_EDGE('',*,*,#3484,.T.);
#4588=ORIENTED_EDGE('',*,*,#3479,.F.);
#4589=ORIENTED_EDGE('',*,*,#3503,.T.);
#4590=ORIENTED_EDGE('',*,*,#3504,.T.);
#4591=ORIENTED_EDGE('',*,*,#3505,.T.);
#4592=ORIENTED_EDGE('',*,*,#3506,.T.);
#4593=ORIENTED_EDGE('',*,*,#3507,.T.);
#4594=ORIENTED_EDGE('',*,*,#3508,.T.);
#4595=ORIENTED_EDGE('',*,*,#3509,.T.);
#4596=ORIENTED_EDGE('',*,*,#3510,.T.);
#4597=ORIENTED_EDGE('',*,*,#3511,.F.);
#4598=ORIENTED_EDGE('',*,*,#3512,.T.);
#4599=ORIENTED_EDGE('',*,*,#3513,.F.);
#4600=ORIENTED_EDGE('',*,*,#3514,.F.);
#4601=ORIENTED_EDGE('',*,*,#3515,.T.);
#4602=ORIENTED_EDGE('',*,*,#3513,.T.);
#4603=ORIENTED_EDGE('',*,*,#3516,.T.);
#4604=ORIENTED_EDGE('',*,*,#3230,.F.);
#4605=ORIENTED_EDGE('',*,*,#3517,.F.);
#4606=ORIENTED_EDGE('',*,*,#3518,.T.);
#4607=ORIENTED_EDGE('',*,*,#3519,.F.);
#4608=ORIENTED_EDGE('',*,*,#3520,.F.);
#4609=ORIENTED_EDGE('',*,*,#3521,.T.);
#4610=ORIENTED_EDGE('',*,*,#3519,.T.);
#4611=ORIENTED_EDGE('',*,*,#3522,.T.);
#4612=ORIENTED_EDGE('',*,*,#3257,.F.);
#4613=ORIENTED_EDGE('',*,*,#3523,.F.);
#4614=ORIENTED_EDGE('',*,*,#3524,.T.);
#4615=ORIENTED_EDGE('',*,*,#3525,.F.);
#4616=ORIENTED_EDGE('',*,*,#3526,.F.);
#4617=ORIENTED_EDGE('',*,*,#3527,.T.);
#4618=ORIENTED_EDGE('',*,*,#3525,.T.);
#4619=ORIENTED_EDGE('',*,*,#3528,.T.);
#4620=ORIENTED_EDGE('',*,*,#3511,.T.);
#4621=ORIENTED_EDGE('',*,*,#3523,.T.);
#4622=ORIENTED_EDGE('',*,*,#3529,.T.);
#4623=ORIENTED_EDGE('',*,*,#3530,.T.);
#4624=ORIENTED_EDGE('',*,*,#3531,.T.);
#4625=ORIENTED_EDGE('',*,*,#3532,.F.);
#4626=ORIENTED_EDGE('',*,*,#3533,.T.);
#4627=ORIENTED_EDGE('',*,*,#3534,.F.);
#4628=ORIENTED_EDGE('',*,*,#3535,.F.);
#4629=ORIENTED_EDGE('',*,*,#3536,.T.);
#4630=ORIENTED_EDGE('',*,*,#3534,.T.);
#4631=ORIENTED_EDGE('',*,*,#3537,.T.);
#4632=ORIENTED_EDGE('',*,*,#3517,.T.);
#4633=ORIENTED_EDGE('',*,*,#3532,.T.);
#4634=ORIENTED_EDGE('',*,*,#3538,.T.);
#4635=ORIENTED_EDGE('',*,*,#3539,.T.);
#4636=ORIENTED_EDGE('',*,*,#3540,.T.);
#4637=ORIENTED_EDGE('',*,*,#3541,.F.);
#4638=ORIENTED_EDGE('',*,*,#3542,.F.);
#4639=ORIENTED_EDGE('',*,*,#3543,.F.);
#4640=ORIENTED_EDGE('',*,*,#3544,.F.);
#4641=ORIENTED_EDGE('',*,*,#3450,.F.);
#4642=ORIENTED_EDGE('',*,*,#3448,.F.);
#4643=ORIENTED_EDGE('',*,*,#3445,.F.);
#4644=ORIENTED_EDGE('',*,*,#3452,.F.);
#4645=ORIENTED_EDGE('',*,*,#3539,.F.);
#4646=ORIENTED_EDGE('',*,*,#3545,.F.);
#4647=ORIENTED_EDGE('',*,*,#3546,.T.);
#4648=ORIENTED_EDGE('',*,*,#3547,.F.);
#4649=ORIENTED_EDGE('',*,*,#3530,.F.);
#4650=ORIENTED_EDGE('',*,*,#3548,.F.);
#4651=ORIENTED_EDGE('',*,*,#3543,.T.);
#4652=ORIENTED_EDGE('',*,*,#3549,.F.);
#4653=ORIENTED_EDGE('',*,*,#3550,.F.);
#4654=ORIENTED_EDGE('',*,*,#3551,.F.);
#4655=ORIENTED_EDGE('',*,*,#3546,.F.);
#4656=ORIENTED_EDGE('',*,*,#3552,.F.);
#4657=ORIENTED_EDGE('',*,*,#3552,.T.);
#4658=ORIENTED_EDGE('',*,*,#3545,.T.);
#4659=ORIENTED_EDGE('',*,*,#3538,.F.);
#4660=ORIENTED_EDGE('',*,*,#3535,.T.);
#4661=ORIENTED_EDGE('',*,*,#3536,.F.);
#4662=ORIENTED_EDGE('',*,*,#3520,.T.);
#4663=ORIENTED_EDGE('',*,*,#3521,.F.);
#4664=ORIENTED_EDGE('',*,*,#3256,.F.);
#4665=ORIENTED_EDGE('',*,*,#3553,.T.);
#4666=ORIENTED_EDGE('',*,*,#3295,.T.);
#4667=ORIENTED_EDGE('',*,*,#3554,.F.);
#4668=ORIENTED_EDGE('',*,*,#3544,.T.);
#4669=ORIENTED_EDGE('',*,*,#3548,.T.);
#4670=ORIENTED_EDGE('',*,*,#3529,.F.);
#4671=ORIENTED_EDGE('',*,*,#3526,.T.);
#4672=ORIENTED_EDGE('',*,*,#3527,.F.);
#4673=ORIENTED_EDGE('',*,*,#3514,.T.);
#4674=ORIENTED_EDGE('',*,*,#3515,.F.);
#4675=ORIENTED_EDGE('',*,*,#3229,.F.);
#4676=ORIENTED_EDGE('',*,*,#3555,.T.);
#4677=ORIENTED_EDGE('',*,*,#3313,.T.);
#4678=ORIENTED_EDGE('',*,*,#3556,.T.);
#4679=ORIENTED_EDGE('',*,*,#3557,.F.);
#4680=ORIENTED_EDGE('',*,*,#3558,.T.);
#4681=ORIENTED_EDGE('',*,*,#3559,.T.);
#4682=ORIENTED_EDGE('',*,*,#3560,.T.);
#4683=ORIENTED_EDGE('',*,*,#3560,.F.);
#4684=ORIENTED_EDGE('',*,*,#3561,.F.);
#4685=ORIENTED_EDGE('',*,*,#3562,.F.);
#4686=ORIENTED_EDGE('',*,*,#3563,.T.);
#4687=ORIENTED_EDGE('',*,*,#3564,.F.);
#4688=ORIENTED_EDGE('',*,*,#3565,.T.);
#4689=ORIENTED_EDGE('',*,*,#3566,.T.);
#4690=ORIENTED_EDGE('',*,*,#3567,.T.);
#4691=ORIENTED_EDGE('',*,*,#3567,.F.);
#4692=ORIENTED_EDGE('',*,*,#3568,.F.);
#4693=ORIENTED_EDGE('',*,*,#3569,.F.);
#4694=ORIENTED_EDGE('',*,*,#3570,.T.);
#4695=ORIENTED_EDGE('',*,*,#3571,.F.);
#4696=ORIENTED_EDGE('',*,*,#3569,.T.);
#4697=ORIENTED_EDGE('',*,*,#3572,.T.);
#4698=ORIENTED_EDGE('',*,*,#3573,.T.);
#4699=ORIENTED_EDGE('',*,*,#3558,.F.);
#4700=ORIENTED_EDGE('',*,*,#3574,.T.);
#4701=ORIENTED_EDGE('',*,*,#3573,.F.);
#4702=ORIENTED_EDGE('',*,*,#3575,.F.);
#4703=ORIENTED_EDGE('',*,*,#3576,.F.);
#4704=ORIENTED_EDGE('',*,*,#3562,.T.);
#4705=ORIENTED_EDGE('',*,*,#3577,.T.);
#4706=ORIENTED_EDGE('',*,*,#3578,.T.);
#4707=ORIENTED_EDGE('',*,*,#3565,.F.);
#4708=ORIENTED_EDGE('',*,*,#3579,.T.);
#4709=ORIENTED_EDGE('',*,*,#3578,.F.);
#4710=ORIENTED_EDGE('',*,*,#3580,.F.);
#4711=ORIENTED_EDGE('',*,*,#3557,.T.);
#4712=ORIENTED_EDGE('',*,*,#3563,.F.);
#4713=ORIENTED_EDGE('',*,*,#3576,.T.);
#4714=ORIENTED_EDGE('',*,*,#3579,.F.);
#4715=ORIENTED_EDGE('',*,*,#3564,.T.);
#4716=ORIENTED_EDGE('',*,*,#3570,.F.);
#4717=ORIENTED_EDGE('',*,*,#3571,.T.);
#4718=ORIENTED_EDGE('',*,*,#3574,.F.);
#4719=ORIENTED_EDGE('',*,*,#3581,.F.);
#4720=ORIENTED_EDGE('',*,*,#3582,.F.);
#4721=ORIENTED_EDGE('',*,*,#3583,.F.);
#4722=ORIENTED_EDGE('',*,*,#3584,.F.);
#4723=ORIENTED_EDGE('',*,*,#3585,.F.);
#4724=ORIENTED_EDGE('',*,*,#3586,.F.);
#4725=ORIENTED_EDGE('',*,*,#3587,.F.);
#4726=ORIENTED_EDGE('',*,*,#3588,.F.);
#4727=ORIENTED_EDGE('',*,*,#3584,.T.);
#4728=ORIENTED_EDGE('',*,*,#3589,.T.);
#4729=ORIENTED_EDGE('',*,*,#3508,.F.);
#4730=ORIENTED_EDGE('',*,*,#3590,.F.);
#4731=ORIENTED_EDGE('',*,*,#3583,.T.);
#4732=ORIENTED_EDGE('',*,*,#3591,.T.);
#4733=ORIENTED_EDGE('',*,*,#3509,.F.);
#4734=ORIENTED_EDGE('',*,*,#3589,.F.);
#4735=ORIENTED_EDGE('',*,*,#3582,.T.);
#4736=ORIENTED_EDGE('',*,*,#3592,.T.);
#4737=ORIENTED_EDGE('',*,*,#3510,.F.);
#4738=ORIENTED_EDGE('',*,*,#3591,.F.);
#4739=ORIENTED_EDGE('',*,*,#3581,.T.);
#4740=ORIENTED_EDGE('',*,*,#3593,.F.);
#4741=ORIENTED_EDGE('',*,*,#3503,.F.);
#4742=ORIENTED_EDGE('',*,*,#3592,.F.);
#4743=ORIENTED_EDGE('',*,*,#3588,.T.);
#4744=ORIENTED_EDGE('',*,*,#3594,.T.);
#4745=ORIENTED_EDGE('',*,*,#3504,.F.);
#4746=ORIENTED_EDGE('',*,*,#3593,.T.);
#4747=ORIENTED_EDGE('',*,*,#3587,.T.);
#4748=ORIENTED_EDGE('',*,*,#3595,.F.);
#4749=ORIENTED_EDGE('',*,*,#3505,.F.);
#4750=ORIENTED_EDGE('',*,*,#3594,.F.);
#4751=ORIENTED_EDGE('',*,*,#3586,.T.);
#4752=ORIENTED_EDGE('',*,*,#3596,.T.);
#4753=ORIENTED_EDGE('',*,*,#3506,.F.);
#4754=ORIENTED_EDGE('',*,*,#3595,.T.);
#4755=ORIENTED_EDGE('',*,*,#3585,.T.);
#4756=ORIENTED_EDGE('',*,*,#3590,.T.);
#4757=ORIENTED_EDGE('',*,*,#3507,.F.);
#4758=ORIENTED_EDGE('',*,*,#3596,.F.);
#4759=ORIENTED_EDGE('',*,*,#3597,.F.);
#4760=ORIENTED_EDGE('',*,*,#3598,.F.);
#4761=ORIENTED_EDGE('',*,*,#3599,.F.);
#4762=ORIENTED_EDGE('',*,*,#3472,.F.);
#4763=ORIENTED_EDGE('',*,*,#3306,.T.);
#4764=ORIENTED_EDGE('',*,*,#3600,.T.);
#4765=ORIENTED_EDGE('',*,*,#3601,.F.);
#4766=ORIENTED_EDGE('',*,*,#3602,.T.);
#4767=ORIENTED_EDGE('',*,*,#3305,.T.);
#4768=ORIENTED_EDGE('',*,*,#3603,.T.);
#4769=ORIENTED_EDGE('',*,*,#3604,.T.);
#4770=ORIENTED_EDGE('',*,*,#3605,.F.);
#4771=ORIENTED_EDGE('',*,*,#3600,.F.);
#4772=ORIENTED_EDGE('',*,*,#3304,.T.);
#4773=ORIENTED_EDGE('',*,*,#3494,.T.);
#4774=ORIENTED_EDGE('',*,*,#3606,.F.);
#4775=ORIENTED_EDGE('',*,*,#3603,.F.);
#4776=ORIENTED_EDGE('',*,*,#3607,.T.);
#4777=ORIENTED_EDGE('',*,*,#3492,.T.);
#4778=ORIENTED_EDGE('',*,*,#3608,.T.);
#4779=ORIENTED_EDGE('',*,*,#3609,.T.);
#4780=ORIENTED_EDGE('',*,*,#3601,.T.);
#4781=ORIENTED_EDGE('',*,*,#3605,.T.);
#4782=ORIENTED_EDGE('',*,*,#3610,.T.);
#4783=ORIENTED_EDGE('',*,*,#3428,.T.);
#4784=ORIENTED_EDGE('',*,*,#3425,.T.);
#4785=ORIENTED_EDGE('',*,*,#3422,.T.);
#4786=ORIENTED_EDGE('',*,*,#3420,.T.);
#4787=ORIENTED_EDGE('',*,*,#3418,.T.);
#4788=ORIENTED_EDGE('',*,*,#3416,.T.);
#4789=ORIENTED_EDGE('',*,*,#3414,.T.);
#4790=ORIENTED_EDGE('',*,*,#3421,.T.);
#4791=ORIENTED_EDGE('',*,*,#3424,.T.);
#4792=ORIENTED_EDGE('',*,*,#3427,.T.);
#4793=ORIENTED_EDGE('',*,*,#3610,.F.);
#4794=ORIENTED_EDGE('',*,*,#3604,.F.);
#4795=ORIENTED_EDGE('',*,*,#3606,.T.);
#4796=ORIENTED_EDGE('',*,*,#3493,.F.);
#4797=ORIENTED_EDGE('',*,*,#3607,.F.);
#4798=ORIENTED_EDGE('',*,*,#3302,.T.);
#4799=ORIENTED_EDGE('',*,*,#3611,.T.);
#4800=ORIENTED_EDGE('',*,*,#3612,.F.);
#4801=ORIENTED_EDGE('',*,*,#3495,.F.);
#4802=ORIENTED_EDGE('',*,*,#3301,.T.);
#4803=ORIENTED_EDGE('',*,*,#3613,.T.);
#4804=ORIENTED_EDGE('',*,*,#3614,.F.);
#4805=ORIENTED_EDGE('',*,*,#3615,.T.);
#4806=ORIENTED_EDGE('',*,*,#3611,.F.);
#4807=ORIENTED_EDGE('',*,*,#3616,.T.);
#4808=ORIENTED_EDGE('',*,*,#3617,.F.);
#4809=ORIENTED_EDGE('',*,*,#3613,.F.);
#4810=ORIENTED_EDGE('',*,*,#3300,.T.);
#4811=ORIENTED_EDGE('',*,*,#3541,.T.);
#4812=ORIENTED_EDGE('',*,*,#3556,.F.);
#4813=ORIENTED_EDGE('',*,*,#3312,.T.);
#4814=ORIENTED_EDGE('',*,*,#3618,.T.);
#4815=ORIENTED_EDGE('',*,*,#3619,.T.);
#4816=ORIENTED_EDGE('',*,*,#3620,.T.);
#4817=ORIENTED_EDGE('',*,*,#3621,.T.);
#4818=ORIENTED_EDGE('',*,*,#3622,.T.);
#4819=ORIENTED_EDGE('',*,*,#3623,.T.);
#4820=ORIENTED_EDGE('',*,*,#3619,.F.);
#4821=ORIENTED_EDGE('',*,*,#3624,.T.);
#4822=ORIENTED_EDGE('',*,*,#3625,.F.);
#4823=ORIENTED_EDGE('',*,*,#3626,.F.);
#4824=ORIENTED_EDGE('',*,*,#3627,.F.);
#4825=ORIENTED_EDGE('',*,*,#3628,.F.);
#4826=ORIENTED_EDGE('',*,*,#3628,.T.);
#4827=ORIENTED_EDGE('',*,*,#3629,.T.);
#4828=ORIENTED_EDGE('',*,*,#3622,.F.);
#4829=ORIENTED_EDGE('',*,*,#3630,.T.);
#4830=ORIENTED_EDGE('',*,*,#3623,.F.);
#4831=ORIENTED_EDGE('',*,*,#3629,.F.);
#4832=ORIENTED_EDGE('',*,*,#3631,.T.);
#4833=ORIENTED_EDGE('',*,*,#3632,.T.);
#4834=ORIENTED_EDGE('',*,*,#3633,.T.);
#4835=ORIENTED_EDGE('',*,*,#3634,.T.);
#4836=ORIENTED_EDGE('',*,*,#3635,.T.);
#4837=ORIENTED_EDGE('',*,*,#3636,.T.);
#4838=ORIENTED_EDGE('',*,*,#3637,.T.);
#4839=ORIENTED_EDGE('',*,*,#3638,.T.);
#4840=ORIENTED_EDGE('',*,*,#3634,.F.);
#4841=ORIENTED_EDGE('',*,*,#3639,.T.);
#4842=ORIENTED_EDGE('',*,*,#3640,.F.);
#4843=ORIENTED_EDGE('',*,*,#3641,.F.);
#4844=ORIENTED_EDGE('',*,*,#3642,.F.);
#4845=ORIENTED_EDGE('',*,*,#3643,.F.);
#4846=ORIENTED_EDGE('',*,*,#3643,.T.);
#4847=ORIENTED_EDGE('',*,*,#3644,.T.);
#4848=ORIENTED_EDGE('',*,*,#3637,.F.);
#4849=ORIENTED_EDGE('',*,*,#3645,.T.);
#4850=ORIENTED_EDGE('',*,*,#3621,.F.);
#4851=ORIENTED_EDGE('',*,*,#3362,.T.);
#4852=ORIENTED_EDGE('',*,*,#3635,.F.);
#4853=ORIENTED_EDGE('',*,*,#3638,.F.);
#4854=ORIENTED_EDGE('',*,*,#3644,.F.);
#4855=ORIENTED_EDGE('',*,*,#3646,.T.);
#4856=ORIENTED_EDGE('',*,*,#3630,.F.);
#4857=ORIENTED_EDGE('',*,*,#3624,.F.);
#4858=ORIENTED_EDGE('',*,*,#3625,.T.);
#4859=ORIENTED_EDGE('',*,*,#3646,.F.);
#4860=ORIENTED_EDGE('',*,*,#3642,.T.);
#4861=ORIENTED_EDGE('',*,*,#3647,.T.);
#4862=ORIENTED_EDGE('',*,*,#3648,.T.);
#4863=ORIENTED_EDGE('',*,*,#3649,.T.);
#4864=ORIENTED_EDGE('',*,*,#3650,.T.);
#4865=ORIENTED_EDGE('',*,*,#3651,.T.);
#4866=ORIENTED_EDGE('',*,*,#3652,.T.);
#4867=ORIENTED_EDGE('',*,*,#3648,.F.);
#4868=ORIENTED_EDGE('',*,*,#3653,.T.);
#4869=ORIENTED_EDGE('',*,*,#3654,.F.);
#4870=ORIENTED_EDGE('',*,*,#3655,.F.);
#4871=ORIENTED_EDGE('',*,*,#3656,.F.);
#4872=ORIENTED_EDGE('',*,*,#3657,.F.);
#4873=ORIENTED_EDGE('',*,*,#3657,.T.);
#4874=ORIENTED_EDGE('',*,*,#3658,.T.);
#4875=ORIENTED_EDGE('',*,*,#3651,.F.);
#4876=ORIENTED_EDGE('',*,*,#3659,.T.);
#4877=ORIENTED_EDGE('',*,*,#3658,.F.);
#4878=ORIENTED_EDGE('',*,*,#3660,.T.);
#4879=ORIENTED_EDGE('',*,*,#3661,.T.);
#4880=ORIENTED_EDGE('',*,*,#3662,.T.);
#4881=ORIENTED_EDGE('',*,*,#3652,.F.);
#4882=ORIENTED_EDGE('',*,*,#3663,.T.);
#4883=ORIENTED_EDGE('',*,*,#3664,.T.);
#4884=ORIENTED_EDGE('',*,*,#3665,.T.);
#4885=ORIENTED_EDGE('',*,*,#3666,.T.);
#4886=ORIENTED_EDGE('',*,*,#3667,.T.);
#4887=ORIENTED_EDGE('',*,*,#3663,.F.);
#4888=ORIENTED_EDGE('',*,*,#3668,.T.);
#4889=ORIENTED_EDGE('',*,*,#3669,.F.);
#4890=ORIENTED_EDGE('',*,*,#3670,.F.);
#4891=ORIENTED_EDGE('',*,*,#3671,.F.);
#4892=ORIENTED_EDGE('',*,*,#3672,.F.);
#4893=ORIENTED_EDGE('',*,*,#3672,.T.);
#4894=ORIENTED_EDGE('',*,*,#3673,.T.);
#4895=ORIENTED_EDGE('',*,*,#3666,.F.);
#4896=ORIENTED_EDGE('',*,*,#3674,.T.);
#4897=ORIENTED_EDGE('',*,*,#3650,.F.);
#4898=ORIENTED_EDGE('',*,*,#3358,.T.);
#4899=ORIENTED_EDGE('',*,*,#3664,.F.);
#4900=ORIENTED_EDGE('',*,*,#3667,.F.);
#4901=ORIENTED_EDGE('',*,*,#3673,.F.);
#4902=ORIENTED_EDGE('',*,*,#3675,.T.);
#4903=ORIENTED_EDGE('',*,*,#3659,.F.);
#4904=ORIENTED_EDGE('',*,*,#3653,.F.);
#4905=ORIENTED_EDGE('',*,*,#3654,.T.);
#4906=ORIENTED_EDGE('',*,*,#3675,.F.);
#4907=ORIENTED_EDGE('',*,*,#3671,.T.);
#4908=ORIENTED_EDGE('',*,*,#3676,.T.);
#4909=ORIENTED_EDGE('',*,*,#3677,.T.);
#4910=ORIENTED_EDGE('',*,*,#3678,.T.);
#4911=ORIENTED_EDGE('',*,*,#3679,.T.);
#4912=ORIENTED_EDGE('',*,*,#3680,.T.);
#4913=ORIENTED_EDGE('',*,*,#3681,.T.);
#4914=ORIENTED_EDGE('',*,*,#3677,.F.);
#4915=ORIENTED_EDGE('',*,*,#3682,.T.);
#4916=ORIENTED_EDGE('',*,*,#3683,.F.);
#4917=ORIENTED_EDGE('',*,*,#3684,.F.);
#4918=ORIENTED_EDGE('',*,*,#3685,.F.);
#4919=ORIENTED_EDGE('',*,*,#3686,.F.);
#4920=ORIENTED_EDGE('',*,*,#3686,.T.);
#4921=ORIENTED_EDGE('',*,*,#3687,.T.);
#4922=ORIENTED_EDGE('',*,*,#3680,.F.);
#4923=ORIENTED_EDGE('',*,*,#3688,.T.);
#4924=ORIENTED_EDGE('',*,*,#3681,.F.);
#4925=ORIENTED_EDGE('',*,*,#3687,.F.);
#4926=ORIENTED_EDGE('',*,*,#3689,.T.);
#4927=ORIENTED_EDGE('',*,*,#3690,.T.);
#4928=ORIENTED_EDGE('',*,*,#3691,.T.);
#4929=ORIENTED_EDGE('',*,*,#3692,.T.);
#4930=ORIENTED_EDGE('',*,*,#3693,.T.);
#4931=ORIENTED_EDGE('',*,*,#3694,.T.);
#4932=ORIENTED_EDGE('',*,*,#3695,.T.);
#4933=ORIENTED_EDGE('',*,*,#3696,.T.);
#4934=ORIENTED_EDGE('',*,*,#3692,.F.);
#4935=ORIENTED_EDGE('',*,*,#3697,.T.);
#4936=ORIENTED_EDGE('',*,*,#3698,.F.);
#4937=ORIENTED_EDGE('',*,*,#3699,.F.);
#4938=ORIENTED_EDGE('',*,*,#3700,.F.);
#4939=ORIENTED_EDGE('',*,*,#3701,.F.);
#4940=ORIENTED_EDGE('',*,*,#3701,.T.);
#4941=ORIENTED_EDGE('',*,*,#3702,.T.);
#4942=ORIENTED_EDGE('',*,*,#3695,.F.);
#4943=ORIENTED_EDGE('',*,*,#3703,.T.);
#4944=ORIENTED_EDGE('',*,*,#3679,.F.);
#4945=ORIENTED_EDGE('',*,*,#3354,.T.);
#4946=ORIENTED_EDGE('',*,*,#3693,.F.);
#4947=ORIENTED_EDGE('',*,*,#3696,.F.);
#4948=ORIENTED_EDGE('',*,*,#3702,.F.);
#4949=ORIENTED_EDGE('',*,*,#3704,.T.);
#4950=ORIENTED_EDGE('',*,*,#3688,.F.);
#4951=ORIENTED_EDGE('',*,*,#3682,.F.);
#4952=ORIENTED_EDGE('',*,*,#3683,.T.);
#4953=ORIENTED_EDGE('',*,*,#3704,.F.);
#4954=ORIENTED_EDGE('',*,*,#3700,.T.);
#4955=ORIENTED_EDGE('',*,*,#3705,.T.);
#4956=ORIENTED_EDGE('',*,*,#3706,.T.);
#4957=ORIENTED_EDGE('',*,*,#3707,.T.);
#4958=ORIENTED_EDGE('',*,*,#3708,.T.);
#4959=ORIENTED_EDGE('',*,*,#3709,.T.);
#4960=ORIENTED_EDGE('',*,*,#3710,.T.);
#4961=ORIENTED_EDGE('',*,*,#3706,.F.);
#4962=ORIENTED_EDGE('',*,*,#3711,.T.);
#4963=ORIENTED_EDGE('',*,*,#3712,.F.);
#4964=ORIENTED_EDGE('',*,*,#3713,.F.);
#4965=ORIENTED_EDGE('',*,*,#3714,.F.);
#4966=ORIENTED_EDGE('',*,*,#3715,.F.);
#4967=ORIENTED_EDGE('',*,*,#3715,.T.);
#4968=ORIENTED_EDGE('',*,*,#3716,.T.);
#4969=ORIENTED_EDGE('',*,*,#3709,.F.);
#4970=ORIENTED_EDGE('',*,*,#3717,.T.);
#4971=ORIENTED_EDGE('',*,*,#3716,.F.);
#4972=ORIENTED_EDGE('',*,*,#3718,.T.);
#4973=ORIENTED_EDGE('',*,*,#3719,.T.);
#4974=ORIENTED_EDGE('',*,*,#3720,.T.);
#4975=ORIENTED_EDGE('',*,*,#3710,.F.);
#4976=ORIENTED_EDGE('',*,*,#3721,.T.);
#4977=ORIENTED_EDGE('',*,*,#3722,.T.);
#4978=ORIENTED_EDGE('',*,*,#3723,.T.);
#4979=ORIENTED_EDGE('',*,*,#3724,.T.);
#4980=ORIENTED_EDGE('',*,*,#3725,.T.);
#4981=ORIENTED_EDGE('',*,*,#3721,.F.);
#4982=ORIENTED_EDGE('',*,*,#3726,.T.);
#4983=ORIENTED_EDGE('',*,*,#3727,.F.);
#4984=ORIENTED_EDGE('',*,*,#3728,.F.);
#4985=ORIENTED_EDGE('',*,*,#3729,.F.);
#4986=ORIENTED_EDGE('',*,*,#3730,.F.);
#4987=ORIENTED_EDGE('',*,*,#3730,.T.);
#4988=ORIENTED_EDGE('',*,*,#3731,.T.);
#4989=ORIENTED_EDGE('',*,*,#3724,.F.);
#4990=ORIENTED_EDGE('',*,*,#3732,.T.);
#4991=ORIENTED_EDGE('',*,*,#3708,.F.);
#4992=ORIENTED_EDGE('',*,*,#3366,.T.);
#4993=ORIENTED_EDGE('',*,*,#3722,.F.);
#4994=ORIENTED_EDGE('',*,*,#3725,.F.);
#4995=ORIENTED_EDGE('',*,*,#3731,.F.);
#4996=ORIENTED_EDGE('',*,*,#3733,.T.);
#4997=ORIENTED_EDGE('',*,*,#3717,.F.);
#4998=ORIENTED_EDGE('',*,*,#3711,.F.);
#4999=ORIENTED_EDGE('',*,*,#3712,.T.);
#5000=ORIENTED_EDGE('',*,*,#3733,.F.);
#5001=ORIENTED_EDGE('',*,*,#3729,.T.);
#5002=ORIENTED_EDGE('',*,*,#3734,.T.);
#5003=ORIENTED_EDGE('',*,*,#3735,.T.);
#5004=ORIENTED_EDGE('',*,*,#3736,.T.);
#5005=ORIENTED_EDGE('',*,*,#3737,.T.);
#5006=ORIENTED_EDGE('',*,*,#3738,.T.);
#5007=ORIENTED_EDGE('',*,*,#3739,.T.);
#5008=ORIENTED_EDGE('',*,*,#3735,.F.);
#5009=ORIENTED_EDGE('',*,*,#3740,.T.);
#5010=ORIENTED_EDGE('',*,*,#3741,.F.);
#5011=ORIENTED_EDGE('',*,*,#3742,.F.);
#5012=ORIENTED_EDGE('',*,*,#3743,.F.);
#5013=ORIENTED_EDGE('',*,*,#3744,.F.);
#5014=ORIENTED_EDGE('',*,*,#3744,.T.);
#5015=ORIENTED_EDGE('',*,*,#3745,.T.);
#5016=ORIENTED_EDGE('',*,*,#3738,.F.);
#5017=ORIENTED_EDGE('',*,*,#3746,.T.);
#5018=ORIENTED_EDGE('',*,*,#3736,.F.);
#5019=ORIENTED_EDGE('',*,*,#3739,.F.);
#5020=ORIENTED_EDGE('',*,*,#3745,.F.);
#5021=ORIENTED_EDGE('',*,*,#3747,.T.);
#5022=ORIENTED_EDGE('',*,*,#3748,.T.);
#5023=ORIENTED_EDGE('',*,*,#3370,.T.);
#5024=ORIENTED_EDGE('',*,*,#3743,.T.);
#5025=ORIENTED_EDGE('',*,*,#3749,.T.);
#5026=ORIENTED_EDGE('',*,*,#3750,.T.);
#5027=ORIENTED_EDGE('',*,*,#3747,.F.);
#5028=ORIENTED_EDGE('',*,*,#3751,.T.);
#5029=ORIENTED_EDGE('',*,*,#3752,.T.);
#5030=ORIENTED_EDGE('',*,*,#3631,.F.);
#5031=ORIENTED_EDGE('',*,*,#3627,.T.);
#5032=ORIENTED_EDGE('',*,*,#3620,.F.);
#5033=ORIENTED_EDGE('',*,*,#3633,.F.);
#5034=ORIENTED_EDGE('',*,*,#3363,.T.);
#5035=ORIENTED_EDGE('',*,*,#3632,.F.);
#5036=ORIENTED_EDGE('',*,*,#3753,.T.);
#5037=ORIENTED_EDGE('',*,*,#3754,.T.);
#5038=ORIENTED_EDGE('',*,*,#3364,.F.);
#5039=ORIENTED_EDGE('',*,*,#3752,.F.);
#5040=ORIENTED_EDGE('',*,*,#3755,.T.);
#5041=ORIENTED_EDGE('',*,*,#3756,.T.);
#5042=ORIENTED_EDGE('',*,*,#3753,.F.);
#5043=ORIENTED_EDGE('',*,*,#3757,.T.);
#5044=ORIENTED_EDGE('',*,*,#3640,.T.);
#5045=ORIENTED_EDGE('',*,*,#3758,.T.);
#5046=ORIENTED_EDGE('',*,*,#3759,.T.);
#5047=ORIENTED_EDGE('',*,*,#3639,.F.);
#5048=ORIENTED_EDGE('',*,*,#3760,.F.);
#5049=ORIENTED_EDGE('',*,*,#3761,.F.);
#5050=ORIENTED_EDGE('',*,*,#3758,.F.);
#5051=ORIENTED_EDGE('',*,*,#3645,.F.);
#5052=ORIENTED_EDGE('',*,*,#3636,.F.);
#5053=ORIENTED_EDGE('',*,*,#3361,.F.);
#5054=ORIENTED_EDGE('',*,*,#3760,.T.);
#5055=ORIENTED_EDGE('',*,*,#3762,.T.);
#5056=ORIENTED_EDGE('',*,*,#3763,.T.);
#5057=ORIENTED_EDGE('',*,*,#3660,.F.);
#5058=ORIENTED_EDGE('',*,*,#3656,.T.);
#5059=ORIENTED_EDGE('',*,*,#3649,.F.);
#5060=ORIENTED_EDGE('',*,*,#3662,.F.);
#5061=ORIENTED_EDGE('',*,*,#3359,.F.);
#5062=ORIENTED_EDGE('',*,*,#3761,.T.);
#5063=ORIENTED_EDGE('',*,*,#3360,.F.);
#5064=ORIENTED_EDGE('',*,*,#3661,.F.);
#5065=ORIENTED_EDGE('',*,*,#3764,.F.);
#5066=ORIENTED_EDGE('',*,*,#3759,.F.);
#5067=ORIENTED_EDGE('',*,*,#3764,.T.);
#5068=ORIENTED_EDGE('',*,*,#3763,.F.);
#5069=ORIENTED_EDGE('',*,*,#3765,.T.);
#5070=ORIENTED_EDGE('',*,*,#3766,.T.);
#5071=ORIENTED_EDGE('',*,*,#3669,.T.);
#5072=ORIENTED_EDGE('',*,*,#3767,.T.);
#5073=ORIENTED_EDGE('',*,*,#3768,.T.);
#5074=ORIENTED_EDGE('',*,*,#3668,.F.);
#5075=ORIENTED_EDGE('',*,*,#3769,.F.);
#5076=ORIENTED_EDGE('',*,*,#3770,.F.);
#5077=ORIENTED_EDGE('',*,*,#3767,.F.);
#5078=ORIENTED_EDGE('',*,*,#3674,.F.);
#5079=ORIENTED_EDGE('',*,*,#3665,.F.);
#5080=ORIENTED_EDGE('',*,*,#3357,.F.);
#5081=ORIENTED_EDGE('',*,*,#3769,.T.);
#5082=ORIENTED_EDGE('',*,*,#3771,.T.);
#5083=ORIENTED_EDGE('',*,*,#3772,.T.);
#5084=ORIENTED_EDGE('',*,*,#3689,.F.);
#5085=ORIENTED_EDGE('',*,*,#3685,.T.);
#5086=ORIENTED_EDGE('',*,*,#3678,.F.);
#5087=ORIENTED_EDGE('',*,*,#3691,.F.);
#5088=ORIENTED_EDGE('',*,*,#3355,.T.);
#5089=ORIENTED_EDGE('',*,*,#3770,.T.);
#5090=ORIENTED_EDGE('',*,*,#3356,.F.);
#5091=ORIENTED_EDGE('',*,*,#3690,.F.);
#5092=ORIENTED_EDGE('',*,*,#3773,.F.);
#5093=ORIENTED_EDGE('',*,*,#3768,.F.);
#5094=ORIENTED_EDGE('',*,*,#3773,.T.);
#5095=ORIENTED_EDGE('',*,*,#3772,.F.);
#5096=ORIENTED_EDGE('',*,*,#3774,.T.);
#5097=ORIENTED_EDGE('',*,*,#3775,.T.);
#5098=ORIENTED_EDGE('',*,*,#3698,.T.);
#5099=ORIENTED_EDGE('',*,*,#3776,.T.);
#5100=ORIENTED_EDGE('',*,*,#3777,.T.);
#5101=ORIENTED_EDGE('',*,*,#3697,.F.);
#5102=ORIENTED_EDGE('',*,*,#3778,.T.);
#5103=ORIENTED_EDGE('',*,*,#3779,.F.);
#5104=ORIENTED_EDGE('',*,*,#3776,.F.);
#5105=ORIENTED_EDGE('',*,*,#3703,.F.);
#5106=ORIENTED_EDGE('',*,*,#3694,.F.);
#5107=ORIENTED_EDGE('',*,*,#3353,.F.);
#5108=ORIENTED_EDGE('',*,*,#3778,.F.);
#5109=ORIENTED_EDGE('',*,*,#3780,.T.);
#5110=ORIENTED_EDGE('',*,*,#3781,.T.);
#5111=ORIENTED_EDGE('',*,*,#3718,.F.);
#5112=ORIENTED_EDGE('',*,*,#3714,.T.);
#5113=ORIENTED_EDGE('',*,*,#3707,.F.);
#5114=ORIENTED_EDGE('',*,*,#3720,.F.);
#5115=ORIENTED_EDGE('',*,*,#3367,.T.);
#5116=ORIENTED_EDGE('',*,*,#3719,.F.);
#5117=ORIENTED_EDGE('',*,*,#3782,.T.);
#5118=ORIENTED_EDGE('',*,*,#3783,.T.);
#5119=ORIENTED_EDGE('',*,*,#3368,.F.);
#5120=ORIENTED_EDGE('',*,*,#3781,.F.);
#5121=ORIENTED_EDGE('',*,*,#3784,.T.);
#5122=ORIENTED_EDGE('',*,*,#3785,.T.);
#5123=ORIENTED_EDGE('',*,*,#3782,.F.);
#5124=ORIENTED_EDGE('',*,*,#3786,.T.);
#5125=ORIENTED_EDGE('',*,*,#3727,.T.);
#5126=ORIENTED_EDGE('',*,*,#3787,.T.);
#5127=ORIENTED_EDGE('',*,*,#3756,.F.);
#5128=ORIENTED_EDGE('',*,*,#3726,.F.);
#5129=ORIENTED_EDGE('',*,*,#3788,.F.);
#5130=ORIENTED_EDGE('',*,*,#3754,.F.);
#5131=ORIENTED_EDGE('',*,*,#3787,.F.);
#5132=ORIENTED_EDGE('',*,*,#3732,.F.);
#5133=ORIENTED_EDGE('',*,*,#3723,.F.);
#5134=ORIENTED_EDGE('',*,*,#3365,.F.);
#5135=ORIENTED_EDGE('',*,*,#3788,.T.);
#5136=ORIENTED_EDGE('',*,*,#3789,.T.);
#5137=ORIENTED_EDGE('',*,*,#3741,.T.);
#5138=ORIENTED_EDGE('',*,*,#3790,.T.);
#5139=ORIENTED_EDGE('',*,*,#3785,.F.);
#5140=ORIENTED_EDGE('',*,*,#3740,.F.);
#5141=ORIENTED_EDGE('',*,*,#3791,.F.);
#5142=ORIENTED_EDGE('',*,*,#3783,.F.);
#5143=ORIENTED_EDGE('',*,*,#3790,.F.);
#5144=ORIENTED_EDGE('',*,*,#3746,.F.);
#5145=ORIENTED_EDGE('',*,*,#3737,.F.);
#5146=ORIENTED_EDGE('',*,*,#3369,.F.);
#5147=ORIENTED_EDGE('',*,*,#3791,.T.);
#5148=ORIENTED_EDGE('',*,*,#3792,.T.);
#5149=ORIENTED_EDGE('',*,*,#3793,.T.);
#5150=ORIENTED_EDGE('',*,*,#3794,.T.);
#5151=ORIENTED_EDGE('',*,*,#3795,.T.);
#5152=ORIENTED_EDGE('',*,*,#3796,.T.);
#5153=ORIENTED_EDGE('',*,*,#3792,.F.);
#5154=ORIENTED_EDGE('',*,*,#3797,.T.);
#5155=ORIENTED_EDGE('',*,*,#3798,.F.);
#5156=ORIENTED_EDGE('',*,*,#3799,.F.);
#5157=ORIENTED_EDGE('',*,*,#3800,.F.);
#5158=ORIENTED_EDGE('',*,*,#3801,.F.);
#5159=ORIENTED_EDGE('',*,*,#3801,.T.);
#5160=ORIENTED_EDGE('',*,*,#3802,.T.);
#5161=ORIENTED_EDGE('',*,*,#3795,.F.);
#5162=ORIENTED_EDGE('',*,*,#3803,.T.);
#5163=ORIENTED_EDGE('',*,*,#3796,.F.);
#5164=ORIENTED_EDGE('',*,*,#3802,.F.);
#5165=ORIENTED_EDGE('',*,*,#3804,.T.);
#5166=ORIENTED_EDGE('',*,*,#3805,.T.);
#5167=ORIENTED_EDGE('',*,*,#3806,.T.);
#5168=ORIENTED_EDGE('',*,*,#3807,.T.);
#5169=ORIENTED_EDGE('',*,*,#3808,.T.);
#5170=ORIENTED_EDGE('',*,*,#3809,.T.);
#5171=ORIENTED_EDGE('',*,*,#3810,.T.);
#5172=ORIENTED_EDGE('',*,*,#3811,.T.);
#5173=ORIENTED_EDGE('',*,*,#3807,.F.);
#5174=ORIENTED_EDGE('',*,*,#3812,.T.);
#5175=ORIENTED_EDGE('',*,*,#3813,.F.);
#5176=ORIENTED_EDGE('',*,*,#3814,.F.);
#5177=ORIENTED_EDGE('',*,*,#3815,.F.);
#5178=ORIENTED_EDGE('',*,*,#3816,.F.);
#5179=ORIENTED_EDGE('',*,*,#3816,.T.);
#5180=ORIENTED_EDGE('',*,*,#3817,.T.);
#5181=ORIENTED_EDGE('',*,*,#3810,.F.);
#5182=ORIENTED_EDGE('',*,*,#3818,.T.);
#5183=ORIENTED_EDGE('',*,*,#3817,.F.);
#5184=ORIENTED_EDGE('',*,*,#3819,.T.);
#5185=ORIENTED_EDGE('',*,*,#3820,.T.);
#5186=ORIENTED_EDGE('',*,*,#3821,.T.);
#5187=ORIENTED_EDGE('',*,*,#3811,.F.);
#5188=ORIENTED_EDGE('',*,*,#3822,.T.);
#5189=ORIENTED_EDGE('',*,*,#3823,.T.);
#5190=ORIENTED_EDGE('',*,*,#3824,.T.);
#5191=ORIENTED_EDGE('',*,*,#3825,.T.);
#5192=ORIENTED_EDGE('',*,*,#3826,.T.);
#5193=ORIENTED_EDGE('',*,*,#3822,.F.);
#5194=ORIENTED_EDGE('',*,*,#3827,.T.);
#5195=ORIENTED_EDGE('',*,*,#3828,.F.);
#5196=ORIENTED_EDGE('',*,*,#3829,.F.);
#5197=ORIENTED_EDGE('',*,*,#3830,.F.);
#5198=ORIENTED_EDGE('',*,*,#3831,.F.);
#5199=ORIENTED_EDGE('',*,*,#3831,.T.);
#5200=ORIENTED_EDGE('',*,*,#3832,.T.);
#5201=ORIENTED_EDGE('',*,*,#3825,.F.);
#5202=ORIENTED_EDGE('',*,*,#3833,.T.);
#5203=ORIENTED_EDGE('',*,*,#3809,.F.);
#5204=ORIENTED_EDGE('',*,*,#3348,.F.);
#5205=ORIENTED_EDGE('',*,*,#3823,.F.);
#5206=ORIENTED_EDGE('',*,*,#3826,.F.);
#5207=ORIENTED_EDGE('',*,*,#3832,.F.);
#5208=ORIENTED_EDGE('',*,*,#3834,.T.);
#5209=ORIENTED_EDGE('',*,*,#3818,.F.);
#5210=ORIENTED_EDGE('',*,*,#3812,.F.);
#5211=ORIENTED_EDGE('',*,*,#3813,.T.);
#5212=ORIENTED_EDGE('',*,*,#3834,.F.);
#5213=ORIENTED_EDGE('',*,*,#3830,.T.);
#5214=ORIENTED_EDGE('',*,*,#3835,.T.);
#5215=ORIENTED_EDGE('',*,*,#3836,.T.);
#5216=ORIENTED_EDGE('',*,*,#3837,.T.);
#5217=ORIENTED_EDGE('',*,*,#3838,.T.);
#5218=ORIENTED_EDGE('',*,*,#3839,.T.);
#5219=ORIENTED_EDGE('',*,*,#3840,.T.);
#5220=ORIENTED_EDGE('',*,*,#3836,.F.);
#5221=ORIENTED_EDGE('',*,*,#3841,.T.);
#5222=ORIENTED_EDGE('',*,*,#3842,.F.);
#5223=ORIENTED_EDGE('',*,*,#3843,.F.);
#5224=ORIENTED_EDGE('',*,*,#3844,.F.);
#5225=ORIENTED_EDGE('',*,*,#3845,.F.);
#5226=ORIENTED_EDGE('',*,*,#3845,.T.);
#5227=ORIENTED_EDGE('',*,*,#3846,.T.);
#5228=ORIENTED_EDGE('',*,*,#3839,.F.);
#5229=ORIENTED_EDGE('',*,*,#3847,.T.);
#5230=ORIENTED_EDGE('',*,*,#3846,.F.);
#5231=ORIENTED_EDGE('',*,*,#3848,.T.);
#5232=ORIENTED_EDGE('',*,*,#3849,.T.);
#5233=ORIENTED_EDGE('',*,*,#3850,.T.);
#5234=ORIENTED_EDGE('',*,*,#3840,.F.);
#5235=ORIENTED_EDGE('',*,*,#3851,.T.);
#5236=ORIENTED_EDGE('',*,*,#3852,.T.);
#5237=ORIENTED_EDGE('',*,*,#3853,.T.);
#5238=ORIENTED_EDGE('',*,*,#3854,.T.);
#5239=ORIENTED_EDGE('',*,*,#3855,.T.);
#5240=ORIENTED_EDGE('',*,*,#3851,.F.);
#5241=ORIENTED_EDGE('',*,*,#3856,.T.);
#5242=ORIENTED_EDGE('',*,*,#3857,.F.);
#5243=ORIENTED_EDGE('',*,*,#3858,.F.);
#5244=ORIENTED_EDGE('',*,*,#3859,.F.);
#5245=ORIENTED_EDGE('',*,*,#3860,.F.);
#5246=ORIENTED_EDGE('',*,*,#3860,.T.);
#5247=ORIENTED_EDGE('',*,*,#3861,.T.);
#5248=ORIENTED_EDGE('',*,*,#3854,.F.);
#5249=ORIENTED_EDGE('',*,*,#3862,.T.);
#5250=ORIENTED_EDGE('',*,*,#3838,.F.);
#5251=ORIENTED_EDGE('',*,*,#3344,.F.);
#5252=ORIENTED_EDGE('',*,*,#3852,.F.);
#5253=ORIENTED_EDGE('',*,*,#3855,.F.);
#5254=ORIENTED_EDGE('',*,*,#3861,.F.);
#5255=ORIENTED_EDGE('',*,*,#3863,.T.);
#5256=ORIENTED_EDGE('',*,*,#3847,.F.);
#5257=ORIENTED_EDGE('',*,*,#3841,.F.);
#5258=ORIENTED_EDGE('',*,*,#3842,.T.);
#5259=ORIENTED_EDGE('',*,*,#3863,.F.);
#5260=ORIENTED_EDGE('',*,*,#3859,.T.);
#5261=ORIENTED_EDGE('',*,*,#3864,.T.);
#5262=ORIENTED_EDGE('',*,*,#3865,.T.);
#5263=ORIENTED_EDGE('',*,*,#3866,.T.);
#5264=ORIENTED_EDGE('',*,*,#3867,.T.);
#5265=ORIENTED_EDGE('',*,*,#3868,.T.);
#5266=ORIENTED_EDGE('',*,*,#3869,.T.);
#5267=ORIENTED_EDGE('',*,*,#3865,.F.);
#5268=ORIENTED_EDGE('',*,*,#3870,.T.);
#5269=ORIENTED_EDGE('',*,*,#3871,.F.);
#5270=ORIENTED_EDGE('',*,*,#3872,.F.);
#5271=ORIENTED_EDGE('',*,*,#3873,.F.);
#5272=ORIENTED_EDGE('',*,*,#3874,.F.);
#5273=ORIENTED_EDGE('',*,*,#3874,.T.);
#5274=ORIENTED_EDGE('',*,*,#3875,.T.);
#5275=ORIENTED_EDGE('',*,*,#3868,.F.);
#5276=ORIENTED_EDGE('',*,*,#3876,.T.);
#5277=ORIENTED_EDGE('',*,*,#3794,.F.);
#5278=ORIENTED_EDGE('',*,*,#3340,.F.);
#5279=ORIENTED_EDGE('',*,*,#3866,.F.);
#5280=ORIENTED_EDGE('',*,*,#3869,.F.);
#5281=ORIENTED_EDGE('',*,*,#3875,.F.);
#5282=ORIENTED_EDGE('',*,*,#3877,.T.);
#5283=ORIENTED_EDGE('',*,*,#3803,.F.);
#5284=ORIENTED_EDGE('',*,*,#3797,.F.);
#5285=ORIENTED_EDGE('',*,*,#3798,.T.);
#5286=ORIENTED_EDGE('',*,*,#3877,.F.);
#5287=ORIENTED_EDGE('',*,*,#3873,.T.);
#5288=ORIENTED_EDGE('',*,*,#3878,.T.);
#5289=ORIENTED_EDGE('',*,*,#3879,.T.);
#5290=ORIENTED_EDGE('',*,*,#3880,.T.);
#5291=ORIENTED_EDGE('',*,*,#3881,.T.);
#5292=ORIENTED_EDGE('',*,*,#3882,.T.);
#5293=ORIENTED_EDGE('',*,*,#3883,.T.);
#5294=ORIENTED_EDGE('',*,*,#3879,.F.);
#5295=ORIENTED_EDGE('',*,*,#3884,.T.);
#5296=ORIENTED_EDGE('',*,*,#3885,.F.);
#5297=ORIENTED_EDGE('',*,*,#3886,.F.);
#5298=ORIENTED_EDGE('',*,*,#3887,.F.);
#5299=ORIENTED_EDGE('',*,*,#3888,.F.);
#5300=ORIENTED_EDGE('',*,*,#3888,.T.);
#5301=ORIENTED_EDGE('',*,*,#3889,.T.);
#5302=ORIENTED_EDGE('',*,*,#3882,.F.);
#5303=ORIENTED_EDGE('',*,*,#3890,.T.);
#5304=ORIENTED_EDGE('',*,*,#3880,.F.);
#5305=ORIENTED_EDGE('',*,*,#3883,.F.);
#5306=ORIENTED_EDGE('',*,*,#3889,.F.);
#5307=ORIENTED_EDGE('',*,*,#3891,.T.);
#5308=ORIENTED_EDGE('',*,*,#3892,.T.);
#5309=ORIENTED_EDGE('',*,*,#3893,.T.);
#5310=ORIENTED_EDGE('',*,*,#3894,.T.);
#5311=ORIENTED_EDGE('',*,*,#3336,.F.);
#5312=ORIENTED_EDGE('',*,*,#3887,.T.);
#5313=ORIENTED_EDGE('',*,*,#3895,.T.);
#5314=ORIENTED_EDGE('',*,*,#3896,.T.);
#5315=ORIENTED_EDGE('',*,*,#3891,.F.);
#5316=ORIENTED_EDGE('',*,*,#3897,.T.);
#5317=ORIENTED_EDGE('',*,*,#3898,.T.);
#5318=ORIENTED_EDGE('',*,*,#3894,.F.);
#5319=ORIENTED_EDGE('',*,*,#3899,.T.);
#5320=ORIENTED_EDGE('',*,*,#3900,.T.);
#5321=ORIENTED_EDGE('',*,*,#3897,.F.);
#5322=ORIENTED_EDGE('',*,*,#3893,.F.);
#5323=ORIENTED_EDGE('',*,*,#3896,.F.);
#5324=ORIENTED_EDGE('',*,*,#3901,.F.);
#5325=ORIENTED_EDGE('',*,*,#3902,.F.);
#5326=ORIENTED_EDGE('',*,*,#3903,.F.);
#5327=ORIENTED_EDGE('',*,*,#3903,.T.);
#5328=ORIENTED_EDGE('',*,*,#3904,.T.);
#5329=ORIENTED_EDGE('',*,*,#3899,.F.);
#5330=ORIENTED_EDGE('',*,*,#3892,.F.);
#5331=ORIENTED_EDGE('',*,*,#3898,.F.);
#5332=ORIENTED_EDGE('',*,*,#3905,.T.);
#5333=ORIENTED_EDGE('',*,*,#3337,.F.);
#5334=ORIENTED_EDGE('',*,*,#3904,.F.);
#5335=ORIENTED_EDGE('',*,*,#3906,.T.);
#5336=ORIENTED_EDGE('',*,*,#3907,.T.);
#5337=ORIENTED_EDGE('',*,*,#3905,.F.);
#5338=ORIENTED_EDGE('',*,*,#3900,.F.);
#5339=ORIENTED_EDGE('',*,*,#3908,.T.);
#5340=ORIENTED_EDGE('',*,*,#3909,.T.);
#5341=ORIENTED_EDGE('',*,*,#3910,.T.);
#5342=ORIENTED_EDGE('',*,*,#3911,.T.);
#5343=ORIENTED_EDGE('',*,*,#3912,.T.);
#5344=ORIENTED_EDGE('',*,*,#3908,.F.);
#5345=ORIENTED_EDGE('',*,*,#3913,.T.);
#5346=ORIENTED_EDGE('',*,*,#3914,.F.);
#5347=ORIENTED_EDGE('',*,*,#3915,.F.);
#5348=ORIENTED_EDGE('',*,*,#3916,.F.);
#5349=ORIENTED_EDGE('',*,*,#3917,.F.);
#5350=ORIENTED_EDGE('',*,*,#3917,.T.);
#5351=ORIENTED_EDGE('',*,*,#3918,.T.);
#5352=ORIENTED_EDGE('',*,*,#3911,.F.);
#5353=ORIENTED_EDGE('',*,*,#3919,.T.);
#5354=ORIENTED_EDGE('',*,*,#3909,.F.);
#5355=ORIENTED_EDGE('',*,*,#3920,.T.);
#5356=ORIENTED_EDGE('',*,*,#3333,.F.);
#5357=ORIENTED_EDGE('',*,*,#3912,.F.);
#5358=ORIENTED_EDGE('',*,*,#3918,.F.);
#5359=ORIENTED_EDGE('',*,*,#3921,.T.);
#5360=ORIENTED_EDGE('',*,*,#3922,.T.);
#5361=ORIENTED_EDGE('',*,*,#3920,.F.);
#5362=ORIENTED_EDGE('',*,*,#3923,.T.);
#5363=ORIENTED_EDGE('',*,*,#3924,.T.);
#5364=ORIENTED_EDGE('',*,*,#3804,.F.);
#5365=ORIENTED_EDGE('',*,*,#3800,.T.);
#5366=ORIENTED_EDGE('',*,*,#3793,.F.);
#5367=ORIENTED_EDGE('',*,*,#3806,.F.);
#5368=ORIENTED_EDGE('',*,*,#3341,.F.);
#5369=ORIENTED_EDGE('',*,*,#3805,.F.);
#5370=ORIENTED_EDGE('',*,*,#3925,.T.);
#5371=ORIENTED_EDGE('',*,*,#3926,.T.);
#5372=ORIENTED_EDGE('',*,*,#3342,.F.);
#5373=ORIENTED_EDGE('',*,*,#3924,.F.);
#5374=ORIENTED_EDGE('',*,*,#3927,.T.);
#5375=ORIENTED_EDGE('',*,*,#3928,.T.);
#5376=ORIENTED_EDGE('',*,*,#3925,.F.);
#5377=ORIENTED_EDGE('',*,*,#3929,.T.);
#5378=ORIENTED_EDGE('',*,*,#3930,.T.);
#5379=ORIENTED_EDGE('',*,*,#3819,.F.);
#5380=ORIENTED_EDGE('',*,*,#3815,.T.);
#5381=ORIENTED_EDGE('',*,*,#3808,.F.);
#5382=ORIENTED_EDGE('',*,*,#3821,.F.);
#5383=ORIENTED_EDGE('',*,*,#3349,.F.);
#5384=ORIENTED_EDGE('',*,*,#3820,.F.);
#5385=ORIENTED_EDGE('',*,*,#3931,.T.);
#5386=ORIENTED_EDGE('',*,*,#3932,.T.);
#5387=ORIENTED_EDGE('',*,*,#3350,.F.);
#5388=ORIENTED_EDGE('',*,*,#3930,.F.);
#5389=ORIENTED_EDGE('',*,*,#3933,.T.);
#5390=ORIENTED_EDGE('',*,*,#3934,.T.);
#5391=ORIENTED_EDGE('',*,*,#3931,.F.);
#5392=ORIENTED_EDGE('',*,*,#3935,.T.);
#5393=ORIENTED_EDGE('',*,*,#3828,.T.);
#5394=ORIENTED_EDGE('',*,*,#3936,.T.);
#5395=ORIENTED_EDGE('',*,*,#3937,.T.);
#5396=ORIENTED_EDGE('',*,*,#3827,.F.);
#5397=ORIENTED_EDGE('',*,*,#3938,.T.);
#5398=ORIENTED_EDGE('',*,*,#3939,.F.);
#5399=ORIENTED_EDGE('',*,*,#3936,.F.);
#5400=ORIENTED_EDGE('',*,*,#3833,.F.);
#5401=ORIENTED_EDGE('',*,*,#3824,.F.);
#5402=ORIENTED_EDGE('',*,*,#3347,.F.);
#5403=ORIENTED_EDGE('',*,*,#3938,.F.);
#5404=ORIENTED_EDGE('',*,*,#3940,.T.);
#5405=ORIENTED_EDGE('',*,*,#3941,.T.);
#5406=ORIENTED_EDGE('',*,*,#3848,.F.);
#5407=ORIENTED_EDGE('',*,*,#3844,.T.);
#5408=ORIENTED_EDGE('',*,*,#3837,.F.);
#5409=ORIENTED_EDGE('',*,*,#3850,.F.);
#5410=ORIENTED_EDGE('',*,*,#3345,.F.);
#5411=ORIENTED_EDGE('',*,*,#3939,.T.);
#5412=ORIENTED_EDGE('',*,*,#3346,.F.);
#5413=ORIENTED_EDGE('',*,*,#3849,.F.);
#5414=ORIENTED_EDGE('',*,*,#3942,.T.);
#5415=ORIENTED_EDGE('',*,*,#3937,.F.);
#5416=ORIENTED_EDGE('',*,*,#3942,.F.);
#5417=ORIENTED_EDGE('',*,*,#3941,.F.);
#5418=ORIENTED_EDGE('',*,*,#3943,.T.);
#5419=ORIENTED_EDGE('',*,*,#3944,.T.);
#5420=ORIENTED_EDGE('',*,*,#3857,.T.);
#5421=ORIENTED_EDGE('',*,*,#3945,.T.);
#5422=ORIENTED_EDGE('',*,*,#3928,.F.);
#5423=ORIENTED_EDGE('',*,*,#3856,.F.);
#5424=ORIENTED_EDGE('',*,*,#3946,.T.);
#5425=ORIENTED_EDGE('',*,*,#3926,.F.);
#5426=ORIENTED_EDGE('',*,*,#3945,.F.);
#5427=ORIENTED_EDGE('',*,*,#3862,.F.);
#5428=ORIENTED_EDGE('',*,*,#3853,.F.);
#5429=ORIENTED_EDGE('',*,*,#3343,.F.);
#5430=ORIENTED_EDGE('',*,*,#3946,.F.);
#5431=ORIENTED_EDGE('',*,*,#3947,.T.);
#5432=ORIENTED_EDGE('',*,*,#3871,.T.);
#5433=ORIENTED_EDGE('',*,*,#3948,.T.);
#5434=ORIENTED_EDGE('',*,*,#3949,.T.);
#5435=ORIENTED_EDGE('',*,*,#3870,.F.);
#5436=ORIENTED_EDGE('',*,*,#3950,.T.);
#5437=ORIENTED_EDGE('',*,*,#3951,.F.);
#5438=ORIENTED_EDGE('',*,*,#3948,.F.);
#5439=ORIENTED_EDGE('',*,*,#3876,.F.);
#5440=ORIENTED_EDGE('',*,*,#3867,.F.);
#5441=ORIENTED_EDGE('',*,*,#3339,.F.);
#5442=ORIENTED_EDGE('',*,*,#3950,.F.);
#5443=ORIENTED_EDGE('',*,*,#3952,.T.);
#5444=ORIENTED_EDGE('',*,*,#3885,.T.);
#5445=ORIENTED_EDGE('',*,*,#3953,.T.);
#5446=ORIENTED_EDGE('',*,*,#3954,.T.);
#5447=ORIENTED_EDGE('',*,*,#3884,.F.);
#5448=ORIENTED_EDGE('',*,*,#3955,.T.);
#5449=ORIENTED_EDGE('',*,*,#3956,.F.);
#5450=ORIENTED_EDGE('',*,*,#3953,.F.);
#5451=ORIENTED_EDGE('',*,*,#3890,.F.);
#5452=ORIENTED_EDGE('',*,*,#3881,.F.);
#5453=ORIENTED_EDGE('',*,*,#3335,.F.);
#5454=ORIENTED_EDGE('',*,*,#3955,.F.);
#5455=ORIENTED_EDGE('',*,*,#3957,.T.);
#5456=ORIENTED_EDGE('',*,*,#3958,.T.);
#5457=ORIENTED_EDGE('',*,*,#3906,.F.);
#5458=ORIENTED_EDGE('',*,*,#3902,.T.);
#5459=ORIENTED_EDGE('',*,*,#3951,.T.);
#5460=ORIENTED_EDGE('',*,*,#3338,.F.);
#5461=ORIENTED_EDGE('',*,*,#3907,.F.);
#5462=ORIENTED_EDGE('',*,*,#3959,.T.);
#5463=ORIENTED_EDGE('',*,*,#3949,.F.);
#5464=ORIENTED_EDGE('',*,*,#3959,.F.);
#5465=ORIENTED_EDGE('',*,*,#3958,.F.);
#5466=ORIENTED_EDGE('',*,*,#3960,.T.);
#5467=ORIENTED_EDGE('',*,*,#3961,.T.);
#5468=ORIENTED_EDGE('',*,*,#3962,.T.);
#5469=ORIENTED_EDGE('',*,*,#3921,.F.);
#5470=ORIENTED_EDGE('',*,*,#3916,.T.);
#5471=ORIENTED_EDGE('',*,*,#3956,.T.);
#5472=ORIENTED_EDGE('',*,*,#3334,.F.);
#5473=ORIENTED_EDGE('',*,*,#3922,.F.);
#5474=ORIENTED_EDGE('',*,*,#3963,.T.);
#5475=ORIENTED_EDGE('',*,*,#3954,.F.);
#5476=ORIENTED_EDGE('',*,*,#3963,.F.);
#5477=ORIENTED_EDGE('',*,*,#3962,.F.);
#5478=ORIENTED_EDGE('',*,*,#3964,.T.);
#5479=ORIENTED_EDGE('',*,*,#3965,.T.);
#5480=ORIENTED_EDGE('',*,*,#3476,.T.);
#5481=ORIENTED_EDGE('',*,*,#3966,.T.);
#5482=ORIENTED_EDGE('',*,*,#3967,.T.);
#5483=ORIENTED_EDGE('',*,*,#3968,.T.);
#5484=ORIENTED_EDGE('',*,*,#3969,.T.);
#5485=ORIENTED_EDGE('',*,*,#3970,.T.);
#5486=ORIENTED_EDGE('',*,*,#3971,.T.);
#5487=ORIENTED_EDGE('',*,*,#3384,.T.);
#5488=ORIENTED_EDGE('',*,*,#3972,.T.);
#5489=ORIENTED_EDGE('',*,*,#3968,.F.);
#5490=ORIENTED_EDGE('',*,*,#3973,.T.);
#5491=ORIENTED_EDGE('',*,*,#3974,.T.);
#5492=ORIENTED_EDGE('',*,*,#3975,.T.);
#5493=ORIENTED_EDGE('',*,*,#3969,.F.);
#5494=ORIENTED_EDGE('',*,*,#3972,.F.);
#5495=ORIENTED_EDGE('',*,*,#3976,.T.);
#5496=ORIENTED_EDGE('',*,*,#3977,.T.);
#5497=ORIENTED_EDGE('',*,*,#3970,.F.);
#5498=ORIENTED_EDGE('',*,*,#3975,.F.);
#5499=ORIENTED_EDGE('',*,*,#3978,.T.);
#5500=ORIENTED_EDGE('',*,*,#3973,.F.);
#5501=ORIENTED_EDGE('',*,*,#3971,.F.);
#5502=ORIENTED_EDGE('',*,*,#3977,.F.);
#5503=ORIENTED_EDGE('',*,*,#3979,.T.);
#5504=ORIENTED_EDGE('',*,*,#3199,.F.);
#5505=ORIENTED_EDGE('',*,*,#3291,.T.);
#5506=ORIENTED_EDGE('',*,*,#3980,.T.);
#5507=ORIENTED_EDGE('',*,*,#3321,.F.);
#5508=ORIENTED_EDGE('',*,*,#3203,.F.);
#5509=ORIENTED_EDGE('',*,*,#3974,.F.);
#5510=ORIENTED_EDGE('',*,*,#3979,.F.);
#5511=ORIENTED_EDGE('',*,*,#3978,.F.);
#5512=ORIENTED_EDGE('',*,*,#3976,.F.);
#5513=ORIENTED_EDGE('',*,*,#3317,.F.);
#5514=ORIENTED_EDGE('',*,*,#3322,.F.);
#5515=ORIENTED_EDGE('',*,*,#3980,.F.);
#5516=ORIENTED_EDGE('',*,*,#3290,.T.);
#5517=ORIENTED_EDGE('',*,*,#3981,.T.);
#5518=ORIENTED_EDGE('',*,*,#3982,.T.);
#5519=ORIENTED_EDGE('',*,*,#3983,.T.);
#5520=ORIENTED_EDGE('',*,*,#3984,.T.);
#5521=ORIENTED_EDGE('',*,*,#3985,.T.);
#5522=ORIENTED_EDGE('',*,*,#3986,.T.);
#5523=ORIENTED_EDGE('',*,*,#3932,.F.);
#5524=ORIENTED_EDGE('',*,*,#3987,.T.);
#5525=ORIENTED_EDGE('',*,*,#3988,.T.);
#5526=ORIENTED_EDGE('',*,*,#3982,.F.);
#5527=ORIENTED_EDGE('',*,*,#3989,.T.);
#5528=ORIENTED_EDGE('',*,*,#3990,.T.);
#5529=ORIENTED_EDGE('',*,*,#3934,.F.);
#5530=ORIENTED_EDGE('',*,*,#3991,.T.);
#5531=ORIENTED_EDGE('',*,*,#3992,.T.);
#5532=ORIENTED_EDGE('',*,*,#3987,.F.);
#5533=ORIENTED_EDGE('',*,*,#3993,.F.);
#5534=ORIENTED_EDGE('',*,*,#3984,.F.);
#5535=ORIENTED_EDGE('',*,*,#3351,.F.);
#5536=ORIENTED_EDGE('',*,*,#3986,.F.);
#5537=ORIENTED_EDGE('',*,*,#3994,.F.);
#5538=ORIENTED_EDGE('',*,*,#3995,.F.);
#5539=ORIENTED_EDGE('',*,*,#3996,.F.);
#5540=ORIENTED_EDGE('',*,*,#3224,.F.);
#5541=ORIENTED_EDGE('',*,*,#3997,.T.);
#5542=ORIENTED_EDGE('',*,*,#3998,.T.);
#5543=ORIENTED_EDGE('',*,*,#3999,.T.);
#5544=ORIENTED_EDGE('',*,*,#3490,.F.);
#5545=ORIENTED_EDGE('',*,*,#4000,.T.);
#5546=ORIENTED_EDGE('',*,*,#4001,.T.);
#5547=ORIENTED_EDGE('',*,*,#3489,.F.);
#5548=ORIENTED_EDGE('',*,*,#3308,.T.);
#5549=ORIENTED_EDGE('',*,*,#4002,.F.);
#5550=ORIENTED_EDGE('',*,*,#3997,.F.);
#5551=ORIENTED_EDGE('',*,*,#3287,.T.);
#5552=ORIENTED_EDGE('',*,*,#3259,.F.);
#5553=ORIENTED_EDGE('',*,*,#4003,.F.);
#5554=ORIENTED_EDGE('',*,*,#3292,.F.);
#5555=ORIENTED_EDGE('',*,*,#3255,.F.);
#5556=ORIENTED_EDGE('',*,*,#3501,.F.);
#5557=ORIENTED_EDGE('',*,*,#3296,.F.);
#5558=ORIENTED_EDGE('',*,*,#3553,.F.);
#5559=ORIENTED_EDGE('',*,*,#3550,.T.);
#5560=ORIENTED_EDGE('',*,*,#3554,.T.);
#5561=ORIENTED_EDGE('',*,*,#3294,.T.);
#5562=ORIENTED_EDGE('',*,*,#4004,.T.);
#5563=ORIENTED_EDGE('',*,*,#3551,.T.);
#5564=ORIENTED_EDGE('',*,*,#4004,.F.);
#5565=ORIENTED_EDGE('',*,*,#3293,.F.);
#5566=ORIENTED_EDGE('',*,*,#4003,.T.);
#5567=ORIENTED_EDGE('',*,*,#3258,.F.);
#5568=ORIENTED_EDGE('',*,*,#3522,.F.);
#5569=ORIENTED_EDGE('',*,*,#3518,.F.);
#5570=ORIENTED_EDGE('',*,*,#3537,.F.);
#5571=ORIENTED_EDGE('',*,*,#3533,.F.);
#5572=ORIENTED_EDGE('',*,*,#3540,.F.);
#5573=ORIENTED_EDGE('',*,*,#3547,.T.);
#5574=ORIENTED_EDGE('',*,*,#3499,.F.);
#5575=ORIENTED_EDGE('',*,*,#4005,.T.);
#5576=ORIENTED_EDGE('',*,*,#4006,.T.);
#5577=ORIENTED_EDGE('',*,*,#4007,.T.);
#5578=ORIENTED_EDGE('',*,*,#4008,.F.);
#5579=ORIENTED_EDGE('',*,*,#4009,.F.);
#5580=ORIENTED_EDGE('',*,*,#4007,.F.);
#5581=ORIENTED_EDGE('',*,*,#4010,.F.);
#5582=ORIENTED_EDGE('',*,*,#3298,.T.);
#5583=ORIENTED_EDGE('',*,*,#3500,.F.);
#5584=ORIENTED_EDGE('',*,*,#3488,.F.);
#5585=ORIENTED_EDGE('',*,*,#3232,.F.);
#5586=ORIENTED_EDGE('',*,*,#4011,.F.);
#5587=ORIENTED_EDGE('',*,*,#3310,.F.);
#5588=ORIENTED_EDGE('',*,*,#3779,.T.);
#5589=ORIENTED_EDGE('',*,*,#3352,.F.);
#5590=ORIENTED_EDGE('',*,*,#3983,.F.);
#5591=ORIENTED_EDGE('',*,*,#4012,.F.);
#5592=ORIENTED_EDGE('',*,*,#3989,.F.);
#5593=ORIENTED_EDGE('',*,*,#3981,.F.);
#5594=ORIENTED_EDGE('',*,*,#3993,.T.);
#5595=ORIENTED_EDGE('',*,*,#3985,.F.);
#5596=ORIENTED_EDGE('',*,*,#3992,.F.);
#5597=ORIENTED_EDGE('',*,*,#4013,.T.);
#5598=ORIENTED_EDGE('',*,*,#3561,.T.);
#5599=ORIENTED_EDGE('',*,*,#3559,.F.);
#5600=ORIENTED_EDGE('',*,*,#3575,.T.);
#5601=ORIENTED_EDGE('',*,*,#3572,.F.);
#5602=ORIENTED_EDGE('',*,*,#3568,.T.);
#5603=ORIENTED_EDGE('',*,*,#3566,.F.);
#5604=ORIENTED_EDGE('',*,*,#3580,.T.);
#5605=ORIENTED_EDGE('',*,*,#3577,.F.);
#5606=ORIENTED_EDGE('',*,*,#4014,.T.);
#5607=ORIENTED_EDGE('',*,*,#4015,.T.);
#5608=ORIENTED_EDGE('',*,*,#3777,.F.);
#5609=ORIENTED_EDGE('',*,*,#4012,.T.);
#5610=ORIENTED_EDGE('',*,*,#3988,.F.);
#5611=ORIENTED_EDGE('',*,*,#4016,.T.);
#5612=ORIENTED_EDGE('',*,*,#3227,.T.);
#5613=ORIENTED_EDGE('',*,*,#3474,.T.);
#5614=ORIENTED_EDGE('',*,*,#3204,.F.);
#5615=ORIENTED_EDGE('',*,*,#3320,.F.);
#5616=ORIENTED_EDGE('',*,*,#3315,.F.);
#5617=ORIENTED_EDGE('',*,*,#4017,.T.);
#5618=ORIENTED_EDGE('',*,*,#3223,.T.);
#5619=ORIENTED_EDGE('',*,*,#3477,.T.);
#5620=ORIENTED_EDGE('',*,*,#3965,.F.);
#5621=ORIENTED_EDGE('',*,*,#4018,.T.);
#5622=ORIENTED_EDGE('',*,*,#3994,.T.);
#5623=ORIENTED_EDGE('',*,*,#3225,.T.);
#5624=ORIENTED_EDGE('',*,*,#3996,.T.);
#5625=ORIENTED_EDGE('',*,*,#4019,.T.);
#5626=ORIENTED_EDGE('',*,*,#3966,.F.);
#5627=ORIENTED_EDGE('',*,*,#3475,.T.);
#5628=ORIENTED_EDGE('',*,*,#3314,.F.);
#5629=ORIENTED_EDGE('',*,*,#3555,.F.);
#5630=ORIENTED_EDGE('',*,*,#3228,.F.);
#5631=ORIENTED_EDGE('',*,*,#4017,.F.);
#5632=ORIENTED_EDGE('',*,*,#3467,.T.);
#5633=ORIENTED_EDGE('',*,*,#4020,.F.);
#5634=ORIENTED_EDGE('',*,*,#3748,.F.);
#5635=ORIENTED_EDGE('',*,*,#4021,.T.);
#5636=ORIENTED_EDGE('',*,*,#3465,.T.);
#5637=ORIENTED_EDGE('',*,*,#4022,.T.);
#5638=ORIENTED_EDGE('',*,*,#4023,.T.);
#5639=ORIENTED_EDGE('',*,*,#4024,.T.);
#5640=ORIENTED_EDGE('',*,*,#3468,.T.);
#5641=ORIENTED_EDGE('',*,*,#4021,.F.);
#5642=ORIENTED_EDGE('',*,*,#3750,.F.);
#5643=ORIENTED_EDGE('',*,*,#4025,.T.);
#5644=ORIENTED_EDGE('',*,*,#4026,.T.);
#5645=ORIENTED_EDGE('',*,*,#4022,.F.);
#5646=ORIENTED_EDGE('',*,*,#3464,.T.);
#5647=ORIENTED_EDGE('',*,*,#4027,.T.);
#5648=ORIENTED_EDGE('',*,*,#3324,.T.);
#5649=ORIENTED_EDGE('',*,*,#3328,.T.);
#5650=ORIENTED_EDGE('',*,*,#3371,.F.);
#5651=ORIENTED_EDGE('',*,*,#4020,.T.);
#5652=ORIENTED_EDGE('',*,*,#3466,.F.);
#5653=ORIENTED_EDGE('',*,*,#4024,.F.);
#5654=ORIENTED_EDGE('',*,*,#3331,.F.);
#5655=ORIENTED_EDGE('',*,*,#4028,.T.);
#5656=ORIENTED_EDGE('',*,*,#4029,.T.);
#5657=ORIENTED_EDGE('',*,*,#4030,.T.);
#5658=ORIENTED_EDGE('',*,*,#3462,.T.);
#5659=ORIENTED_EDGE('',*,*,#4031,.T.);
#5660=ORIENTED_EDGE('',*,*,#4032,.T.);
#5661=ORIENTED_EDGE('',*,*,#4033,.T.);
#5662=ORIENTED_EDGE('',*,*,#3460,.T.);
#5663=ORIENTED_EDGE('',*,*,#3470,.T.);
#5664=ORIENTED_EDGE('',*,*,#4034,.T.);
#5665=ORIENTED_EDGE('',*,*,#4035,.T.);
#5666=ORIENTED_EDGE('',*,*,#4036,.T.);
#5667=ORIENTED_EDGE('',*,*,#4035,.F.);
#5668=ORIENTED_EDGE('',*,*,#4037,.T.);
#5669=ORIENTED_EDGE('',*,*,#4029,.F.);
#5670=ORIENTED_EDGE('',*,*,#4038,.T.);
#5671=ORIENTED_EDGE('',*,*,#4032,.F.);
#5672=ORIENTED_EDGE('',*,*,#4039,.T.);
#5673=ORIENTED_EDGE('',*,*,#4033,.F.);
#5674=ORIENTED_EDGE('',*,*,#4038,.F.);
#5675=ORIENTED_EDGE('',*,*,#4028,.F.);
#5676=ORIENTED_EDGE('',*,*,#3461,.F.);
#5677=ORIENTED_EDGE('',*,*,#4036,.F.);
#5678=ORIENTED_EDGE('',*,*,#4039,.F.);
#5679=ORIENTED_EDGE('',*,*,#4031,.F.);
#5680=ORIENTED_EDGE('',*,*,#3459,.F.);
#5681=ORIENTED_EDGE('',*,*,#3910,.F.);
#5682=ORIENTED_EDGE('',*,*,#3332,.F.);
#5683=ORIENTED_EDGE('',*,*,#4023,.F.);
#5684=ORIENTED_EDGE('',*,*,#4040,.T.);
#5685=ORIENTED_EDGE('',*,*,#3919,.F.);
#5686=ORIENTED_EDGE('',*,*,#3913,.F.);
#5687=ORIENTED_EDGE('',*,*,#3914,.T.);
#5688=ORIENTED_EDGE('',*,*,#4040,.F.);
#5689=ORIENTED_EDGE('',*,*,#4026,.F.);
#5690=ORIENTED_EDGE('',*,*,#4041,.F.);
#5691=ORIENTED_EDGE('',*,*,#3751,.F.);
#5692=ORIENTED_EDGE('',*,*,#3626,.T.);
#5693=ORIENTED_EDGE('',*,*,#3647,.F.);
#5694=ORIENTED_EDGE('',*,*,#3641,.T.);
#5695=ORIENTED_EDGE('',*,*,#3757,.F.);
#5696=ORIENTED_EDGE('',*,*,#3765,.F.);
#5697=ORIENTED_EDGE('',*,*,#3762,.F.);
#5698=ORIENTED_EDGE('',*,*,#3655,.T.);
#5699=ORIENTED_EDGE('',*,*,#3676,.F.);
#5700=ORIENTED_EDGE('',*,*,#3670,.T.);
#5701=ORIENTED_EDGE('',*,*,#3766,.F.);
#5702=ORIENTED_EDGE('',*,*,#3774,.F.);
#5703=ORIENTED_EDGE('',*,*,#3771,.F.);
#5704=ORIENTED_EDGE('',*,*,#3684,.T.);
#5705=ORIENTED_EDGE('',*,*,#3705,.F.);
#5706=ORIENTED_EDGE('',*,*,#3699,.T.);
#5707=ORIENTED_EDGE('',*,*,#3775,.F.);
#5708=ORIENTED_EDGE('',*,*,#4016,.F.);
#5709=ORIENTED_EDGE('',*,*,#3990,.F.);
#5710=ORIENTED_EDGE('',*,*,#4013,.F.);
#5711=ORIENTED_EDGE('',*,*,#3991,.F.);
#5712=ORIENTED_EDGE('',*,*,#3933,.F.);
#5713=ORIENTED_EDGE('',*,*,#3929,.F.);
#5714=ORIENTED_EDGE('',*,*,#3814,.T.);
#5715=ORIENTED_EDGE('',*,*,#3835,.F.);
#5716=ORIENTED_EDGE('',*,*,#3829,.T.);
#5717=ORIENTED_EDGE('',*,*,#3935,.F.);
#5718=ORIENTED_EDGE('',*,*,#3943,.F.);
#5719=ORIENTED_EDGE('',*,*,#3940,.F.);
#5720=ORIENTED_EDGE('',*,*,#3843,.T.);
#5721=ORIENTED_EDGE('',*,*,#3864,.F.);
#5722=ORIENTED_EDGE('',*,*,#3858,.T.);
#5723=ORIENTED_EDGE('',*,*,#3944,.F.);
#5724=ORIENTED_EDGE('',*,*,#3927,.F.);
#5725=ORIENTED_EDGE('',*,*,#3923,.F.);
#5726=ORIENTED_EDGE('',*,*,#3799,.T.);
#5727=ORIENTED_EDGE('',*,*,#3878,.F.);
#5728=ORIENTED_EDGE('',*,*,#3872,.T.);
#5729=ORIENTED_EDGE('',*,*,#3947,.F.);
#5730=ORIENTED_EDGE('',*,*,#3960,.F.);
#5731=ORIENTED_EDGE('',*,*,#3957,.F.);
#5732=ORIENTED_EDGE('',*,*,#3901,.T.);
#5733=ORIENTED_EDGE('',*,*,#3895,.F.);
#5734=ORIENTED_EDGE('',*,*,#3886,.T.);
#5735=ORIENTED_EDGE('',*,*,#3952,.F.);
#5736=ORIENTED_EDGE('',*,*,#3964,.F.);
#5737=ORIENTED_EDGE('',*,*,#3961,.F.);
#5738=ORIENTED_EDGE('',*,*,#3915,.T.);
#5739=ORIENTED_EDGE('',*,*,#4041,.T.);
#5740=ORIENTED_EDGE('',*,*,#4027,.F.);
#5741=ORIENTED_EDGE('',*,*,#3463,.F.);
#5742=ORIENTED_EDGE('',*,*,#4030,.F.);
#5743=ORIENTED_EDGE('',*,*,#4037,.F.);
#5744=ORIENTED_EDGE('',*,*,#4034,.F.);
#5745=ORIENTED_EDGE('',*,*,#3469,.F.);
#5746=ORIENTED_EDGE('',*,*,#4025,.F.);
#5747=ORIENTED_EDGE('',*,*,#3749,.F.);
#5748=ORIENTED_EDGE('',*,*,#3742,.T.);
#5749=ORIENTED_EDGE('',*,*,#3789,.F.);
#5750=ORIENTED_EDGE('',*,*,#3784,.F.);
#5751=ORIENTED_EDGE('',*,*,#3780,.F.);
#5752=ORIENTED_EDGE('',*,*,#3713,.T.);
#5753=ORIENTED_EDGE('',*,*,#3734,.F.);
#5754=ORIENTED_EDGE('',*,*,#3728,.T.);
#5755=ORIENTED_EDGE('',*,*,#3786,.F.);
#5756=ORIENTED_EDGE('',*,*,#3755,.F.);
#5757=ORIENTED_EDGE('',*,*,#3486,.F.);
#5758=ORIENTED_EDGE('',*,*,#3213,.F.);
#5759=ORIENTED_EDGE('',*,*,#3485,.F.);
#5760=ORIENTED_EDGE('',*,*,#3502,.F.);
#5761=ORIENTED_EDGE('',*,*,#4042,.T.);
#5762=ORIENTED_EDGE('',*,*,#4043,.F.);
#5763=ORIENTED_EDGE('',*,*,#4044,.F.);
#5764=ORIENTED_EDGE('',*,*,#4009,.T.);
#5765=ORIENTED_EDGE('',*,*,#4045,.T.);
#5766=ORIENTED_EDGE('',*,*,#4046,.T.);
#5767=ORIENTED_EDGE('',*,*,#4047,.T.);
#5768=ORIENTED_EDGE('',*,*,#4045,.F.);
#5769=ORIENTED_EDGE('',*,*,#4048,.F.);
#5770=ORIENTED_EDGE('',*,*,#4043,.T.);
#5771=ORIENTED_EDGE('',*,*,#4000,.F.);
#5772=ORIENTED_EDGE('',*,*,#4049,.T.);
#5773=ORIENTED_EDGE('',*,*,#4050,.F.);
#5774=ORIENTED_EDGE('',*,*,#4051,.F.);
#5775=ORIENTED_EDGE('',*,*,#4052,.T.);
#5776=ORIENTED_EDGE('',*,*,#4053,.T.);
#5777=ORIENTED_EDGE('',*,*,#4054,.T.);
#5778=ORIENTED_EDGE('',*,*,#4052,.F.);
#5779=ORIENTED_EDGE('',*,*,#4055,.F.);
#5780=ORIENTED_EDGE('',*,*,#4056,.T.);
#5781=ORIENTED_EDGE('',*,*,#3597,.T.);
#5782=ORIENTED_EDGE('',*,*,#3471,.F.);
#5783=ORIENTED_EDGE('',*,*,#4057,.T.);
#5784=ORIENTED_EDGE('',*,*,#4058,.F.);
#5785=ORIENTED_EDGE('',*,*,#3599,.T.);
#5786=ORIENTED_EDGE('',*,*,#4059,.F.);
#5787=ORIENTED_EDGE('',*,*,#4057,.F.);
#5788=ORIENTED_EDGE('',*,*,#3473,.F.);
#5789=ORIENTED_EDGE('',*,*,#3598,.T.);
#5790=ORIENTED_EDGE('',*,*,#4058,.T.);
#5791=ORIENTED_EDGE('',*,*,#4059,.T.);
#5792=ORIENTED_EDGE('',*,*,#3299,.T.);
#5793=ORIENTED_EDGE('',*,*,#4010,.T.);
#5794=ORIENTED_EDGE('',*,*,#4006,.F.);
#5795=ORIENTED_EDGE('',*,*,#4060,.T.);
#5796=ORIENTED_EDGE('',*,*,#4061,.F.);
#5797=ORIENTED_EDGE('',*,*,#3616,.F.);
#5798=ORIENTED_EDGE('',*,*,#4060,.F.);
#5799=ORIENTED_EDGE('',*,*,#4005,.F.);
#5800=ORIENTED_EDGE('',*,*,#3498,.F.);
#5801=ORIENTED_EDGE('',*,*,#4062,.F.);
#5802=ORIENTED_EDGE('',*,*,#3609,.F.);
#5803=ORIENTED_EDGE('',*,*,#4063,.T.);
#5804=ORIENTED_EDGE('',*,*,#3998,.F.);
#5805=ORIENTED_EDGE('',*,*,#4002,.T.);
#5806=ORIENTED_EDGE('',*,*,#3307,.T.);
#5807=ORIENTED_EDGE('',*,*,#3602,.F.);
#5808=ORIENTED_EDGE('',*,*,#3491,.F.);
#5809=ORIENTED_EDGE('',*,*,#3999,.F.);
#5810=ORIENTED_EDGE('',*,*,#4063,.F.);
#5811=ORIENTED_EDGE('',*,*,#3608,.F.);
#5812=ORIENTED_EDGE('',*,*,#3542,.T.);
#5813=ORIENTED_EDGE('',*,*,#3618,.F.);
#5814=ORIENTED_EDGE('',*,*,#3311,.T.);
#5815=ORIENTED_EDGE('',*,*,#4011,.T.);
#5816=ORIENTED_EDGE('',*,*,#3231,.F.);
#5817=ORIENTED_EDGE('',*,*,#3516,.F.);
#5818=ORIENTED_EDGE('',*,*,#3512,.F.);
#5819=ORIENTED_EDGE('',*,*,#3528,.F.);
#5820=ORIENTED_EDGE('',*,*,#3524,.F.);
#5821=ORIENTED_EDGE('',*,*,#3531,.F.);
#5822=ORIENTED_EDGE('',*,*,#3549,.T.);
#5823=ORIENTED_EDGE('',*,*,#4064,.T.);
#5824=ORIENTED_EDGE('',*,*,#3614,.T.);
#5825=ORIENTED_EDGE('',*,*,#3617,.T.);
#5826=ORIENTED_EDGE('',*,*,#4061,.T.);
#5827=ORIENTED_EDGE('',*,*,#4062,.T.);
#5828=ORIENTED_EDGE('',*,*,#3497,.T.);
#5829=ORIENTED_EDGE('',*,*,#4065,.T.);
#5830=ORIENTED_EDGE('',*,*,#3431,.T.);
#5831=ORIENTED_EDGE('',*,*,#3444,.T.);
#5832=ORIENTED_EDGE('',*,*,#3441,.T.);
#5833=ORIENTED_EDGE('',*,*,#3439,.T.);
#5834=ORIENTED_EDGE('',*,*,#3437,.T.);
#5835=ORIENTED_EDGE('',*,*,#3435,.T.);
#5836=ORIENTED_EDGE('',*,*,#3433,.T.);
#5837=ORIENTED_EDGE('',*,*,#4065,.F.);
#5838=ORIENTED_EDGE('',*,*,#3496,.F.);
#5839=ORIENTED_EDGE('',*,*,#3612,.T.);
#5840=ORIENTED_EDGE('',*,*,#3615,.F.);
#5841=ORIENTED_EDGE('',*,*,#4064,.F.);
#5842=ORIENTED_EDGE('',*,*,#3440,.F.);
#5843=ORIENTED_EDGE('',*,*,#3443,.F.);
#5844=ORIENTED_EDGE('',*,*,#3429,.F.);
#5845=ORIENTED_EDGE('',*,*,#4019,.F.);
#5846=ORIENTED_EDGE('',*,*,#3995,.T.);
#5847=ORIENTED_EDGE('',*,*,#4018,.F.);
#5848=ORIENTED_EDGE('',*,*,#3967,.F.);
#5849=ORIENTED_EDGE('',*,*,#4066,.T.);
#5850=ORIENTED_EDGE('',*,*,#3283,.T.);
#5851=ORIENTED_EDGE('',*,*,#4067,.T.);
#5852=ORIENTED_EDGE('',*,*,#4068,.T.);
#5853=ORIENTED_EDGE('',*,*,#4069,.T.);
#5854=ORIENTED_EDGE('',*,*,#3281,.T.);
#5855=ORIENTED_EDGE('',*,*,#4070,.T.);
#5856=ORIENTED_EDGE('',*,*,#4071,.T.);
#5857=ORIENTED_EDGE('',*,*,#4072,.T.);
#5858=ORIENTED_EDGE('',*,*,#3279,.T.);
#5859=ORIENTED_EDGE('',*,*,#4073,.T.);
#5860=ORIENTED_EDGE('',*,*,#4074,.T.);
#5861=ORIENTED_EDGE('',*,*,#4075,.T.);
#5862=ORIENTED_EDGE('',*,*,#3277,.T.);
#5863=ORIENTED_EDGE('',*,*,#4076,.T.);
#5864=ORIENTED_EDGE('',*,*,#4077,.T.);
#5865=ORIENTED_EDGE('',*,*,#4076,.F.);
#5866=ORIENTED_EDGE('',*,*,#3276,.T.);
#5867=ORIENTED_EDGE('',*,*,#4066,.F.);
#5868=ORIENTED_EDGE('',*,*,#4078,.T.);
#5869=ORIENTED_EDGE('',*,*,#4073,.F.);
#5870=ORIENTED_EDGE('',*,*,#3278,.T.);
#5871=ORIENTED_EDGE('',*,*,#4075,.F.);
#5872=ORIENTED_EDGE('',*,*,#4079,.T.);
#5873=ORIENTED_EDGE('',*,*,#4070,.F.);
#5874=ORIENTED_EDGE('',*,*,#3280,.T.);
#5875=ORIENTED_EDGE('',*,*,#4072,.F.);
#5876=ORIENTED_EDGE('',*,*,#4080,.T.);
#5877=ORIENTED_EDGE('',*,*,#4067,.F.);
#5878=ORIENTED_EDGE('',*,*,#3282,.T.);
#5879=ORIENTED_EDGE('',*,*,#4069,.F.);
#5880=ORIENTED_EDGE('',*,*,#4081,.T.);
#5881=ORIENTED_EDGE('',*,*,#4081,.F.);
#5882=ORIENTED_EDGE('',*,*,#4071,.F.);
#5883=ORIENTED_EDGE('',*,*,#4080,.F.);
#5884=ORIENTED_EDGE('',*,*,#4074,.F.);
#5885=ORIENTED_EDGE('',*,*,#4079,.F.);
#5886=ORIENTED_EDGE('',*,*,#4077,.F.);
#5887=ORIENTED_EDGE('',*,*,#4078,.F.);
#5888=ORIENTED_EDGE('',*,*,#4068,.F.);
#5889=ORIENTED_EDGE('',*,*,#4082,.F.);
#5890=ORIENTED_EDGE('',*,*,#4083,.F.);
#5891=ORIENTED_EDGE('',*,*,#3268,.F.);
#5892=ORIENTED_EDGE('',*,*,#4084,.F.);
#5893=ORIENTED_EDGE('',*,*,#4085,.F.);
#5894=ORIENTED_EDGE('',*,*,#4086,.F.);
#5895=ORIENTED_EDGE('',*,*,#3270,.F.);
#5896=ORIENTED_EDGE('',*,*,#4087,.F.);
#5897=ORIENTED_EDGE('',*,*,#4088,.F.);
#5898=ORIENTED_EDGE('',*,*,#4089,.F.);
#5899=ORIENTED_EDGE('',*,*,#3272,.F.);
#5900=ORIENTED_EDGE('',*,*,#4090,.F.);
#5901=ORIENTED_EDGE('',*,*,#4091,.F.);
#5902=ORIENTED_EDGE('',*,*,#4092,.F.);
#5903=ORIENTED_EDGE('',*,*,#3274,.F.);
#5904=ORIENTED_EDGE('',*,*,#4093,.F.);
#5905=ORIENTED_EDGE('',*,*,#4094,.F.);
#5906=ORIENTED_EDGE('',*,*,#4084,.T.);
#5907=ORIENTED_EDGE('',*,*,#3275,.F.);
#5908=ORIENTED_EDGE('',*,*,#4092,.T.);
#5909=ORIENTED_EDGE('',*,*,#4095,.F.);
#5910=ORIENTED_EDGE('',*,*,#4093,.T.);
#5911=ORIENTED_EDGE('',*,*,#3273,.F.);
#5912=ORIENTED_EDGE('',*,*,#4089,.T.);
#5913=ORIENTED_EDGE('',*,*,#4096,.F.);
#5914=ORIENTED_EDGE('',*,*,#4090,.T.);
#5915=ORIENTED_EDGE('',*,*,#3271,.F.);
#5916=ORIENTED_EDGE('',*,*,#4086,.T.);
#5917=ORIENTED_EDGE('',*,*,#4097,.F.);
#5918=ORIENTED_EDGE('',*,*,#4087,.T.);
#5919=ORIENTED_EDGE('',*,*,#3269,.F.);
#5920=ORIENTED_EDGE('',*,*,#4083,.T.);
#5921=ORIENTED_EDGE('',*,*,#4082,.T.);
#5922=ORIENTED_EDGE('',*,*,#4094,.T.);
#5923=ORIENTED_EDGE('',*,*,#4091,.T.);
#5924=ORIENTED_EDGE('',*,*,#4095,.T.);
#5925=ORIENTED_EDGE('',*,*,#4088,.T.);
#5926=ORIENTED_EDGE('',*,*,#4096,.T.);
#5927=ORIENTED_EDGE('',*,*,#4085,.T.);
#5928=ORIENTED_EDGE('',*,*,#4097,.T.);
#5929=ORIENTED_EDGE('',*,*,#4098,.F.);
#5930=ORIENTED_EDGE('',*,*,#4099,.F.);
#5931=ORIENTED_EDGE('',*,*,#3235,.F.);
#5932=ORIENTED_EDGE('',*,*,#4100,.F.);
#5933=ORIENTED_EDGE('',*,*,#4101,.F.);
#5934=ORIENTED_EDGE('',*,*,#4102,.F.);
#5935=ORIENTED_EDGE('',*,*,#3237,.F.);
#5936=ORIENTED_EDGE('',*,*,#4103,.F.);
#5937=ORIENTED_EDGE('',*,*,#4104,.F.);
#5938=ORIENTED_EDGE('',*,*,#4105,.F.);
#5939=ORIENTED_EDGE('',*,*,#3239,.F.);
#5940=ORIENTED_EDGE('',*,*,#4106,.F.);
#5941=ORIENTED_EDGE('',*,*,#4107,.F.);
#5942=ORIENTED_EDGE('',*,*,#4108,.F.);
#5943=ORIENTED_EDGE('',*,*,#3241,.F.);
#5944=ORIENTED_EDGE('',*,*,#4109,.F.);
#5945=ORIENTED_EDGE('',*,*,#4110,.F.);
#5946=ORIENTED_EDGE('',*,*,#4100,.T.);
#5947=ORIENTED_EDGE('',*,*,#3242,.F.);
#5948=ORIENTED_EDGE('',*,*,#4108,.T.);
#5949=ORIENTED_EDGE('',*,*,#4111,.F.);
#5950=ORIENTED_EDGE('',*,*,#4109,.T.);
#5951=ORIENTED_EDGE('',*,*,#3240,.F.);
#5952=ORIENTED_EDGE('',*,*,#4105,.T.);
#5953=ORIENTED_EDGE('',*,*,#4112,.F.);
#5954=ORIENTED_EDGE('',*,*,#4106,.T.);
#5955=ORIENTED_EDGE('',*,*,#3238,.F.);
#5956=ORIENTED_EDGE('',*,*,#4102,.T.);
#5957=ORIENTED_EDGE('',*,*,#4113,.F.);
#5958=ORIENTED_EDGE('',*,*,#4103,.T.);
#5959=ORIENTED_EDGE('',*,*,#3236,.F.);
#5960=ORIENTED_EDGE('',*,*,#4099,.T.);
#5961=ORIENTED_EDGE('',*,*,#4098,.T.);
#5962=ORIENTED_EDGE('',*,*,#4110,.T.);
#5963=ORIENTED_EDGE('',*,*,#4107,.T.);
#5964=ORIENTED_EDGE('',*,*,#4111,.T.);
#5965=ORIENTED_EDGE('',*,*,#4104,.T.);
#5966=ORIENTED_EDGE('',*,*,#4112,.T.);
#5967=ORIENTED_EDGE('',*,*,#4101,.T.);
#5968=ORIENTED_EDGE('',*,*,#4113,.T.);
#5969=ORIENTED_EDGE('',*,*,#4114,.T.);
#5970=ORIENTED_EDGE('',*,*,#3250,.T.);
#5971=ORIENTED_EDGE('',*,*,#4115,.T.);
#5972=ORIENTED_EDGE('',*,*,#4116,.T.);
#5973=ORIENTED_EDGE('',*,*,#4117,.T.);
#5974=ORIENTED_EDGE('',*,*,#3248,.T.);
#5975=ORIENTED_EDGE('',*,*,#4118,.T.);
#5976=ORIENTED_EDGE('',*,*,#4119,.T.);
#5977=ORIENTED_EDGE('',*,*,#4120,.T.);
#5978=ORIENTED_EDGE('',*,*,#3246,.T.);
#5979=ORIENTED_EDGE('',*,*,#4121,.T.);
#5980=ORIENTED_EDGE('',*,*,#4122,.T.);
#5981=ORIENTED_EDGE('',*,*,#4123,.T.);
#5982=ORIENTED_EDGE('',*,*,#3244,.T.);
#5983=ORIENTED_EDGE('',*,*,#4124,.T.);
#5984=ORIENTED_EDGE('',*,*,#4125,.T.);
#5985=ORIENTED_EDGE('',*,*,#4124,.F.);
#5986=ORIENTED_EDGE('',*,*,#3243,.T.);
#5987=ORIENTED_EDGE('',*,*,#4114,.F.);
#5988=ORIENTED_EDGE('',*,*,#4126,.T.);
#5989=ORIENTED_EDGE('',*,*,#4121,.F.);
#5990=ORIENTED_EDGE('',*,*,#3245,.T.);
#5991=ORIENTED_EDGE('',*,*,#4123,.F.);
#5992=ORIENTED_EDGE('',*,*,#4127,.T.);
#5993=ORIENTED_EDGE('',*,*,#4118,.F.);
#5994=ORIENTED_EDGE('',*,*,#3247,.T.);
#5995=ORIENTED_EDGE('',*,*,#4120,.F.);
#5996=ORIENTED_EDGE('',*,*,#4128,.T.);
#5997=ORIENTED_EDGE('',*,*,#4115,.F.);
#5998=ORIENTED_EDGE('',*,*,#3249,.T.);
#5999=ORIENTED_EDGE('',*,*,#4117,.F.);
#6000=ORIENTED_EDGE('',*,*,#4129,.T.);
#6001=ORIENTED_EDGE('',*,*,#4129,.F.);
#6002=ORIENTED_EDGE('',*,*,#4119,.F.);
#6003=ORIENTED_EDGE('',*,*,#4128,.F.);
#6004=ORIENTED_EDGE('',*,*,#4122,.F.);
#6005=ORIENTED_EDGE('',*,*,#4127,.F.);
#6006=ORIENTED_EDGE('',*,*,#4125,.F.);
#6007=ORIENTED_EDGE('',*,*,#4126,.F.);
#6008=ORIENTED_EDGE('',*,*,#4116,.F.);
#6009=ORIENTED_EDGE('',*,*,#4130,.T.);
#6010=ORIENTED_EDGE('',*,*,#3267,.T.);
#6011=ORIENTED_EDGE('',*,*,#4131,.T.);
#6012=ORIENTED_EDGE('',*,*,#4132,.T.);
#6013=ORIENTED_EDGE('',*,*,#4133,.T.);
#6014=ORIENTED_EDGE('',*,*,#3265,.T.);
#6015=ORIENTED_EDGE('',*,*,#4134,.T.);
#6016=ORIENTED_EDGE('',*,*,#4135,.T.);
#6017=ORIENTED_EDGE('',*,*,#4136,.T.);
#6018=ORIENTED_EDGE('',*,*,#3263,.T.);
#6019=ORIENTED_EDGE('',*,*,#4137,.T.);
#6020=ORIENTED_EDGE('',*,*,#4138,.T.);
#6021=ORIENTED_EDGE('',*,*,#4139,.T.);
#6022=ORIENTED_EDGE('',*,*,#3261,.T.);
#6023=ORIENTED_EDGE('',*,*,#4140,.T.);
#6024=ORIENTED_EDGE('',*,*,#4141,.T.);
#6025=ORIENTED_EDGE('',*,*,#4140,.F.);
#6026=ORIENTED_EDGE('',*,*,#3260,.T.);
#6027=ORIENTED_EDGE('',*,*,#4130,.F.);
#6028=ORIENTED_EDGE('',*,*,#4142,.T.);
#6029=ORIENTED_EDGE('',*,*,#4137,.F.);
#6030=ORIENTED_EDGE('',*,*,#3262,.T.);
#6031=ORIENTED_EDGE('',*,*,#4139,.F.);
#6032=ORIENTED_EDGE('',*,*,#4143,.T.);
#6033=ORIENTED_EDGE('',*,*,#4134,.F.);
#6034=ORIENTED_EDGE('',*,*,#3264,.T.);
#6035=ORIENTED_EDGE('',*,*,#4136,.F.);
#6036=ORIENTED_EDGE('',*,*,#4144,.T.);
#6037=ORIENTED_EDGE('',*,*,#4131,.F.);
#6038=ORIENTED_EDGE('',*,*,#3266,.T.);
#6039=ORIENTED_EDGE('',*,*,#4133,.F.);
#6040=ORIENTED_EDGE('',*,*,#4145,.T.);
#6041=ORIENTED_EDGE('',*,*,#4145,.F.);
#6042=ORIENTED_EDGE('',*,*,#4135,.F.);
#6043=ORIENTED_EDGE('',*,*,#4144,.F.);
#6044=ORIENTED_EDGE('',*,*,#4138,.F.);
#6045=ORIENTED_EDGE('',*,*,#4143,.F.);
#6046=ORIENTED_EDGE('',*,*,#4141,.F.);
#6047=ORIENTED_EDGE('',*,*,#4142,.F.);
#6048=ORIENTED_EDGE('',*,*,#4132,.F.);
#6049=ORIENTED_EDGE('',*,*,#4146,.F.);
#6050=ORIENTED_EDGE('',*,*,#4147,.T.);
#6051=ORIENTED_EDGE('',*,*,#4015,.F.);
#6052=ORIENTED_EDGE('',*,*,#4148,.F.);
#6053=ORIENTED_EDGE('',*,*,#4146,.T.);
#6054=ORIENTED_EDGE('',*,*,#4149,.T.);
#6055=ORIENTED_EDGE('',*,*,#4008,.T.);
#6056=ORIENTED_EDGE('',*,*,#4044,.T.);
#6057=ORIENTED_EDGE('',*,*,#4150,.F.);
#6058=ORIENTED_EDGE('',*,*,#4042,.F.);
#6059=ORIENTED_EDGE('',*,*,#4150,.T.);
#6060=ORIENTED_EDGE('',*,*,#4048,.T.);
#6061=ORIENTED_EDGE('',*,*,#4046,.F.);
#6062=ORIENTED_EDGE('',*,*,#4047,.F.);
#6063=ORIENTED_EDGE('',*,*,#4051,.T.);
#6064=ORIENTED_EDGE('',*,*,#4056,.F.);
#6065=ORIENTED_EDGE('',*,*,#4049,.F.);
#6066=ORIENTED_EDGE('',*,*,#4001,.F.);
#6067=ORIENTED_EDGE('',*,*,#4050,.T.);
#6068=ORIENTED_EDGE('',*,*,#4055,.T.);
#6069=ORIENTED_EDGE('',*,*,#4053,.F.);
#6070=ORIENTED_EDGE('',*,*,#4054,.F.);
#6071=ORIENTED_EDGE('',*,*,#4148,.T.);
#6072=ORIENTED_EDGE('',*,*,#4014,.F.);
#6073=ORIENTED_EDGE('',*,*,#4147,.F.);
#6074=ORIENTED_EDGE('',*,*,#4149,.F.);
#6075=CYLINDRICAL_SURFACE('',#6574,5.);
#6076=CYLINDRICAL_SURFACE('',#6579,5.);
#6077=CYLINDRICAL_SURFACE('',#6631,5.);
#6078=CYLINDRICAL_SURFACE('',#6653,4.25);
#6079=CYLINDRICAL_SURFACE('',#6663,0.925);
#6080=CYLINDRICAL_SURFACE('',#6667,0.925);
#6081=CYLINDRICAL_SURFACE('',#6699,1.5);
#6082=CYLINDRICAL_SURFACE('',#6703,1.5);
#6083=CYLINDRICAL_SURFACE('',#6707,1.5);
#6084=CYLINDRICAL_SURFACE('',#6711,1.5);
#6085=CYLINDRICAL_SURFACE('',#6721,0.999999999999996);
#6086=CYLINDRICAL_SURFACE('',#6723,1.);
#6087=CYLINDRICAL_SURFACE('',#6725,1.);
#6088=CYLINDRICAL_SURFACE('',#6727,0.999999999999996);
#6089=CYLINDRICAL_SURFACE('',#6741,0.999999999999999);
#6090=CYLINDRICAL_SURFACE('',#6750,0.999999999999997);
#6091=CYLINDRICAL_SURFACE('',#6753,5.);
#6092=CYLINDRICAL_SURFACE('',#6757,1.);
#6093=CYLINDRICAL_SURFACE('',#6766,0.999999999999998);
#6094=CYLINDRICAL_SURFACE('',#6769,4.99999999999999);
#6095=CYLINDRICAL_SURFACE('',#6773,1.);
#6096=CYLINDRICAL_SURFACE('',#6782,0.999999999999998);
#6097=CYLINDRICAL_SURFACE('',#6785,5.00000000000001);
#6098=CYLINDRICAL_SURFACE('',#6789,1.);
#6099=CYLINDRICAL_SURFACE('',#6798,0.999999999999998);
#6100=CYLINDRICAL_SURFACE('',#6801,5.);
#6101=CYLINDRICAL_SURFACE('',#6805,0.999999999999998);
#6102=CYLINDRICAL_SURFACE('',#6808,4.99999999999999);
#6103=CYLINDRICAL_SURFACE('',#6811,1.);
#6104=CYLINDRICAL_SURFACE('',#6813,1.);
#6105=CYLINDRICAL_SURFACE('',#6814,5.);
#6106=CYLINDRICAL_SURFACE('',#6817,1.);
#6107=CYLINDRICAL_SURFACE('',#6823,1.);
#6108=CYLINDRICAL_SURFACE('',#6824,0.999999999999998);
#6109=CYLINDRICAL_SURFACE('',#6826,1.);
#6110=CYLINDRICAL_SURFACE('',#6827,5.);
#6111=CYLINDRICAL_SURFACE('',#6829,0.999999999999998);
#6112=CYLINDRICAL_SURFACE('',#6835,1.);
#6113=CYLINDRICAL_SURFACE('',#6836,1.);
#6114=CYLINDRICAL_SURFACE('',#6838,0.999999999999998);
#6115=CYLINDRICAL_SURFACE('',#6839,4.99999999999999);
#6116=CYLINDRICAL_SURFACE('',#6841,1.);
#6117=CYLINDRICAL_SURFACE('',#6847,1.);
#6118=CYLINDRICAL_SURFACE('',#6848,0.999999999999998);
#6119=CYLINDRICAL_SURFACE('',#6850,1.);
#6120=CYLINDRICAL_SURFACE('',#6851,4.99999999999999);
#6121=CYLINDRICAL_SURFACE('',#6854,0.999999999999998);
#6122=CYLINDRICAL_SURFACE('',#6859,0.999999999999999);
#6123=CYLINDRICAL_SURFACE('',#6860,0.999999999999998);
#6124=CYLINDRICAL_SURFACE('',#6865,1.);
#6125=CYLINDRICAL_SURFACE('',#6868,1.);
#6126=CYLINDRICAL_SURFACE('',#6877,1.);
#6127=CYLINDRICAL_SURFACE('',#6886,0.999999999999998);
#6128=CYLINDRICAL_SURFACE('',#6889,5.00000000000001);
#6129=CYLINDRICAL_SURFACE('',#6893,1.);
#6130=CYLINDRICAL_SURFACE('',#6902,1.);
#6131=CYLINDRICAL_SURFACE('',#6905,5.);
#6132=CYLINDRICAL_SURFACE('',#6909,1.);
#6133=CYLINDRICAL_SURFACE('',#6912,5.);
#6134=CYLINDRICAL_SURFACE('',#6916,1.);
#6135=CYLINDRICAL_SURFACE('',#6919,5.);
#6136=CYLINDRICAL_SURFACE('',#6923,1.);
#6137=CYLINDRICAL_SURFACE('',#6926,0.999999999999998);
#6138=CYLINDRICAL_SURFACE('',#6933,1.);
#6139=CYLINDRICAL_SURFACE('',#6936,0.999999999999997);
#6140=CYLINDRICAL_SURFACE('',#6941,1.);
#6141=CYLINDRICAL_SURFACE('',#6943,1.);
#6142=CYLINDRICAL_SURFACE('',#6944,5.);
#6143=CYLINDRICAL_SURFACE('',#6947,0.999999999999998);
#6144=CYLINDRICAL_SURFACE('',#6949,1.);
#6145=CYLINDRICAL_SURFACE('',#6950,5.);
#6146=CYLINDRICAL_SURFACE('',#6953,0.999999999999998);
#6147=CYLINDRICAL_SURFACE('',#6959,0.999999999999998);
#6148=CYLINDRICAL_SURFACE('',#6960,0.999999999999996);
#6149=CYLINDRICAL_SURFACE('',#6962,0.999999999999997);
#6150=CYLINDRICAL_SURFACE('',#6963,5.);
#6151=CYLINDRICAL_SURFACE('',#6965,0.999999999999998);
#6152=CYLINDRICAL_SURFACE('',#6970,1.);
#6153=CYLINDRICAL_SURFACE('',#6971,1.);
#6154=CYLINDRICAL_SURFACE('',#6977,1.);
#6155=CYLINDRICAL_SURFACE('',#6978,0.999999999999998);
#6156=CYLINDRICAL_SURFACE('',#6984,1.);
#6157=CYLINDRICAL_SURFACE('',#6985,0.999999999999998);
#6158=CYLINDRICAL_SURFACE('',#6987,5.00000000000001);
#6159=CYLINDRICAL_SURFACE('',#6989,0.999999999999996);
#6160=CYLINDRICAL_SURFACE('',#6991,5.00000000000001);
#6161=CYLINDRICAL_SURFACE('',#7010,1.);
#6162=CYLINDRICAL_SURFACE('',#7012,1.00000000000004);
#6163=CYLINDRICAL_SURFACE('',#7014,0.999999999999988);
#6164=CYLINDRICAL_SURFACE('',#7015,1.99999999999999);
#6165=CYLINDRICAL_SURFACE('',#7023,1.99999999999999);
#6166=CYLINDRICAL_SURFACE('',#7025,2.00000000000001);
#6167=CYLINDRICAL_SURFACE('',#7026,2.00000000000004);
#6168=CYLINDRICAL_SURFACE('',#7033,1.99999999999999);
#6169=CYLINDRICAL_SURFACE('',#7035,4.99999999999999);
#6170=CYLINDRICAL_SURFACE('',#7042,1.99999999999999);
#6171=CYLINDRICAL_SURFACE('',#7050,1.);
#6172=CYLINDRICAL_SURFACE('',#7052,1.);
#6173=CYLINDRICAL_SURFACE('',#7054,0.99999999999998);
#6174=CYLINDRICAL_SURFACE('',#7061,0.5000000014977);
#6175=CYLINDRICAL_SURFACE('',#7062,0.500000002224528);
#6176=CYLINDRICAL_SURFACE('',#7063,5.);
#6177=CYLINDRICAL_SURFACE('',#7066,1.09999992290699);
#6178=CYLINDRICAL_SURFACE('',#7071,1.09999992290699);
#6179=CYLINDRICAL_SURFACE('',#7079,2.00000000000004);
#6180=CYLINDRICAL_SURFACE('',#7082,2.00000000000004);
#6181=CYLINDRICAL_SURFACE('',#7154,1.09999992290699);
#6182=CYLINDRICAL_SURFACE('',#7156,1.09999992290699);
#6183=ADVANCED_FACE('',(#443),#6075,.F.);
#6184=ADVANCED_FACE('',(#444),#6076,.F.);
#6185=ADVANCED_FACE('',(#445),#293,.T.);
#6186=ADVANCED_FACE('',(#446),#294,.T.);
#6187=ADVANCED_FACE('',(#447,#270),#295,.T.);
#6188=ADVANCED_FACE('',(#448,#271,#272),#296,.T.);
#6189=ADVANCED_FACE('',(#449,#273,#274,#275),#297,.T.);
#6190=ADVANCED_FACE('',(#450),#298,.T.);
#6191=ADVANCED_FACE('',(#451),#299,.T.);
#6192=ADVANCED_FACE('',(#452),#300,.T.);
#6193=ADVANCED_FACE('',(#453),#301,.T.);
#6194=ADVANCED_FACE('',(#454),#302,.T.);
#6195=ADVANCED_FACE('',(#455),#246,.F.);
#6196=ADVANCED_FACE('',(#456,#276,#277,#278),#303,.T.);
#6197=ADVANCED_FACE('',(#457),#247,.F.);
#6198=ADVANCED_FACE('',(#458),#304,.T.);
#6199=ADVANCED_FACE('',(#459),#6077,.F.);
#6200=ADVANCED_FACE('',(#460),#54,.T.);
#6201=ADVANCED_FACE('',(#461),#55,.T.);
#6202=ADVANCED_FACE('',(#462),#56,.T.);
#6203=ADVANCED_FACE('',(#463),#57,.T.);
#6204=ADVANCED_FACE('',(#464),#58,.T.);
#6205=ADVANCED_FACE('',(#465),#59,.T.);
#6206=ADVANCED_FACE('',(#466),#60,.T.);
#6207=ADVANCED_FACE('',(#467),#61,.T.);
#6208=ADVANCED_FACE('',(#468),#62,.T.);
#6209=ADVANCED_FACE('',(#469),#63,.T.);
#6210=ADVANCED_FACE('',(#470),#64,.T.);
#6211=ADVANCED_FACE('',(#471),#65,.T.);
#6212=ADVANCED_FACE('',(#472),#305,.T.);
#6213=ADVANCED_FACE('',(#473),#306,.T.);
#6214=ADVANCED_FACE('',(#474),#307,.T.);
#6215=ADVANCED_FACE('',(#475),#308,.T.);
#6216=ADVANCED_FACE('',(#476),#309,.T.);
#6217=ADVANCED_FACE('',(#477),#310,.T.);
#6218=ADVANCED_FACE('',(#478),#311,.T.);
#6219=ADVANCED_FACE('',(#479),#312,.T.);
#6220=ADVANCED_FACE('',(#480),#313,.T.);
#6221=ADVANCED_FACE('',(#481),#314,.T.);
#6222=ADVANCED_FACE('',(#482),#315,.T.);
#6223=ADVANCED_FACE('',(#483),#316,.T.);
#6224=ADVANCED_FACE('',(#484),#317,.T.);
#6225=ADVANCED_FACE('',(#485),#318,.T.);
#6226=ADVANCED_FACE('',(#486),#319,.T.);
#6227=ADVANCED_FACE('',(#487),#320,.T.);
#6228=ADVANCED_FACE('',(#488),#321,.T.);
#6229=ADVANCED_FACE('',(#489),#322,.T.);
#6230=ADVANCED_FACE('',(#490),#248,.F.);
#6231=ADVANCED_FACE('',(#491),#6078,.F.);
#6232=ADVANCED_FACE('',(#492),#249,.F.);
#6233=ADVANCED_FACE('',(#493,#279,#280),#323,.T.);
#6234=ADVANCED_FACE('',(#494),#324,.T.);
#6235=ADVANCED_FACE('',(#495),#6079,.F.);
#6236=ADVANCED_FACE('',(#496),#325,.T.);
#6237=ADVANCED_FACE('',(#497),#6080,.F.);
#6238=ADVANCED_FACE('',(#498),#326,.T.);
#6239=ADVANCED_FACE('',(#499),#327,.T.);
#6240=ADVANCED_FACE('',(#500),#328,.T.);
#6241=ADVANCED_FACE('',(#501,#281),#329,.T.);
#6242=ADVANCED_FACE('',(#502),#330,.T.);
#6243=ADVANCED_FACE('',(#503),#331,.T.);
#6244=ADVANCED_FACE('',(#504),#332,.T.);
#6245=ADVANCED_FACE('',(#505),#333,.T.);
#6246=ADVANCED_FACE('',(#506),#334,.T.);
#6247=ADVANCED_FACE('',(#507),#335,.T.);
#6248=ADVANCED_FACE('',(#508),#336,.T.);
#6249=ADVANCED_FACE('',(#509),#337,.T.);
#6250=ADVANCED_FACE('',(#510),#338,.T.);
#6251=ADVANCED_FACE('',(#511),#339,.T.);
#6252=ADVANCED_FACE('',(#512,#282),#340,.F.);
#6253=ADVANCED_FACE('',(#513),#341,.F.);
#6254=ADVANCED_FACE('',(#514),#342,.F.);
#6255=ADVANCED_FACE('',(#515),#343,.F.);
#6256=ADVANCED_FACE('',(#516),#344,.T.);
#6257=ADVANCED_FACE('',(#517),#345,.T.);
#6258=ADVANCED_FACE('',(#518),#6081,.F.);
#6259=ADVANCED_FACE('',(#519),#346,.F.);
#6260=ADVANCED_FACE('',(#520),#6082,.F.);
#6261=ADVANCED_FACE('',(#521),#347,.F.);
#6262=ADVANCED_FACE('',(#522),#6083,.F.);
#6263=ADVANCED_FACE('',(#523),#348,.F.);
#6264=ADVANCED_FACE('',(#524),#6084,.F.);
#6265=ADVANCED_FACE('',(#525),#349,.F.);
#6266=ADVANCED_FACE('',(#526,#283),#350,.T.);
#6267=ADVANCED_FACE('',(#527),#351,.T.);
#6268=ADVANCED_FACE('',(#528),#6085,.F.);
#6269=ADVANCED_FACE('',(#529),#352,.T.);
#6270=ADVANCED_FACE('',(#530),#6086,.F.);
#6271=ADVANCED_FACE('',(#531),#353,.T.);
#6272=ADVANCED_FACE('',(#532),#6087,.F.);
#6273=ADVANCED_FACE('',(#533),#354,.T.);
#6274=ADVANCED_FACE('',(#534),#6088,.F.);
#6275=ADVANCED_FACE('',(#535),#355,.T.);
#6276=ADVANCED_FACE('',(#536),#356,.T.);
#6277=ADVANCED_FACE('',(#537),#357,.T.);
#6278=ADVANCED_FACE('',(#538),#358,.T.);
#6279=ADVANCED_FACE('',(#539,#284),#359,.T.);
#6280=ADVANCED_FACE('',(#540),#360,.T.);
#6281=ADVANCED_FACE('',(#541),#361,.T.);
#6282=ADVANCED_FACE('',(#542),#362,.T.);
#6283=ADVANCED_FACE('',(#543),#363,.T.);
#6284=ADVANCED_FACE('',(#544),#364,.T.);
#6285=ADVANCED_FACE('',(#545),#66,.T.);
#6286=ADVANCED_FACE('',(#546),#67,.T.);
#6287=ADVANCED_FACE('',(#547),#6089,.F.);
#6288=ADVANCED_FACE('',(#548),#68,.T.);
#6289=ADVANCED_FACE('',(#549),#22,.T.);
#6290=ADVANCED_FACE('',(#550),#69,.T.);
#6291=ADVANCED_FACE('',(#551),#70,.T.);
#6292=ADVANCED_FACE('',(#552),#6090,.F.);
#6293=ADVANCED_FACE('',(#553),#71,.T.);
#6294=ADVANCED_FACE('',(#554),#6091,.T.);
#6295=ADVANCED_FACE('',(#555),#365,.T.);
#6296=ADVANCED_FACE('',(#556),#72,.T.);
#6297=ADVANCED_FACE('',(#557),#73,.T.);
#6298=ADVANCED_FACE('',(#558),#6092,.F.);
#6299=ADVANCED_FACE('',(#559),#74,.T.);
#6300=ADVANCED_FACE('',(#560),#23,.T.);
#6301=ADVANCED_FACE('',(#561),#75,.T.);
#6302=ADVANCED_FACE('',(#562),#76,.T.);
#6303=ADVANCED_FACE('',(#563),#6093,.F.);
#6304=ADVANCED_FACE('',(#564),#77,.T.);
#6305=ADVANCED_FACE('',(#565),#6094,.T.);
#6306=ADVANCED_FACE('',(#566),#366,.T.);
#6307=ADVANCED_FACE('',(#567),#78,.T.);
#6308=ADVANCED_FACE('',(#568),#79,.T.);
#6309=ADVANCED_FACE('',(#569),#6095,.F.);
#6310=ADVANCED_FACE('',(#570),#80,.T.);
#6311=ADVANCED_FACE('',(#571),#24,.T.);
#6312=ADVANCED_FACE('',(#572),#81,.T.);
#6313=ADVANCED_FACE('',(#573),#82,.T.);
#6314=ADVANCED_FACE('',(#574),#6096,.F.);
#6315=ADVANCED_FACE('',(#575),#83,.T.);
#6316=ADVANCED_FACE('',(#576),#6097,.T.);
#6317=ADVANCED_FACE('',(#577),#367,.T.);
#6318=ADVANCED_FACE('',(#578),#84,.T.);
#6319=ADVANCED_FACE('',(#579),#85,.T.);
#6320=ADVANCED_FACE('',(#580),#6098,.F.);
#6321=ADVANCED_FACE('',(#581),#86,.T.);
#6322=ADVANCED_FACE('',(#582),#25,.T.);
#6323=ADVANCED_FACE('',(#583),#87,.T.);
#6324=ADVANCED_FACE('',(#584),#88,.T.);
#6325=ADVANCED_FACE('',(#585),#6099,.F.);
#6326=ADVANCED_FACE('',(#586),#89,.T.);
#6327=ADVANCED_FACE('',(#587),#6100,.T.);
#6328=ADVANCED_FACE('',(#588),#368,.T.);
#6329=ADVANCED_FACE('',(#589),#90,.T.);
#6330=ADVANCED_FACE('',(#590),#91,.T.);
#6331=ADVANCED_FACE('',(#591),#6101,.F.);
#6332=ADVANCED_FACE('',(#592),#92,.T.);
#6333=ADVANCED_FACE('',(#593),#6102,.T.);
#6334=ADVANCED_FACE('',(#594),#369,.T.);
#6335=ADVANCED_FACE('',(#595),#6103,.T.);
#6336=ADVANCED_FACE('',(#596),#6104,.T.);
#6337=ADVANCED_FACE('',(#597),#6105,.T.);
#6338=ADVANCED_FACE('',(#598),#370,.T.);
#6339=ADVANCED_FACE('',(#599),#6106,.T.);
#6340=ADVANCED_FACE('',(#600),#26,.T.);
#6341=ADVANCED_FACE('',(#601),#6107,.T.);
#6342=ADVANCED_FACE('',(#602),#6108,.T.);
#6343=ADVANCED_FACE('',(#603),#6109,.T.);
#6344=ADVANCED_FACE('',(#604),#6110,.T.);
#6345=ADVANCED_FACE('',(#605),#371,.T.);
#6346=ADVANCED_FACE('',(#606),#6111,.T.);
#6347=ADVANCED_FACE('',(#607),#27,.T.);
#6348=ADVANCED_FACE('',(#608),#6112,.T.);
#6349=ADVANCED_FACE('',(#609),#6113,.T.);
#6350=ADVANCED_FACE('',(#610),#6114,.T.);
#6351=ADVANCED_FACE('',(#611),#6115,.T.);
#6352=ADVANCED_FACE('',(#612),#372,.T.);
#6353=ADVANCED_FACE('',(#613),#6116,.T.);
#6354=ADVANCED_FACE('',(#614),#28,.T.);
#6355=ADVANCED_FACE('',(#615),#6117,.T.);
#6356=ADVANCED_FACE('',(#616),#6118,.T.);
#6357=ADVANCED_FACE('',(#617),#6119,.T.);
#6358=ADVANCED_FACE('',(#618),#6120,.T.);
#6359=ADVANCED_FACE('',(#619),#373,.T.);
#6360=ADVANCED_FACE('',(#620),#6121,.T.);
#6361=ADVANCED_FACE('',(#621),#29,.T.);
#6362=ADVANCED_FACE('',(#622),#6122,.T.);
#6363=ADVANCED_FACE('',(#623),#6123,.T.);
#6364=ADVANCED_FACE('',(#624),#30,.T.);
#6365=ADVANCED_FACE('',(#625),#6124,.T.);
#6366=ADVANCED_FACE('',(#626),#93,.T.);
#6367=ADVANCED_FACE('',(#627),#94,.T.);
#6368=ADVANCED_FACE('',(#628),#6125,.F.);
#6369=ADVANCED_FACE('',(#629),#95,.T.);
#6370=ADVANCED_FACE('',(#630),#31,.T.);
#6371=ADVANCED_FACE('',(#631),#96,.T.);
#6372=ADVANCED_FACE('',(#632),#97,.T.);
#6373=ADVANCED_FACE('',(#633),#6126,.F.);
#6374=ADVANCED_FACE('',(#634),#98,.T.);
#6375=ADVANCED_FACE('',(#635),#32,.T.);
#6376=ADVANCED_FACE('',(#636),#99,.T.);
#6377=ADVANCED_FACE('',(#637),#100,.T.);
#6378=ADVANCED_FACE('',(#638),#6127,.F.);
#6379=ADVANCED_FACE('',(#639),#101,.T.);
#6380=ADVANCED_FACE('',(#640),#6128,.T.);
#6381=ADVANCED_FACE('',(#641),#374,.T.);
#6382=ADVANCED_FACE('',(#642),#102,.T.);
#6383=ADVANCED_FACE('',(#643),#103,.T.);
#6384=ADVANCED_FACE('',(#644),#6129,.F.);
#6385=ADVANCED_FACE('',(#645),#104,.T.);
#6386=ADVANCED_FACE('',(#646),#33,.T.);
#6387=ADVANCED_FACE('',(#647),#105,.T.);
#6388=ADVANCED_FACE('',(#648),#106,.T.);
#6389=ADVANCED_FACE('',(#649),#6130,.F.);
#6390=ADVANCED_FACE('',(#650),#107,.T.);
#6391=ADVANCED_FACE('',(#651),#6131,.T.);
#6392=ADVANCED_FACE('',(#652),#375,.T.);
#6393=ADVANCED_FACE('',(#653),#108,.T.);
#6394=ADVANCED_FACE('',(#654),#109,.T.);
#6395=ADVANCED_FACE('',(#655),#6132,.F.);
#6396=ADVANCED_FACE('',(#656),#110,.T.);
#6397=ADVANCED_FACE('',(#657),#6133,.T.);
#6398=ADVANCED_FACE('',(#658),#376,.T.);
#6399=ADVANCED_FACE('',(#659),#111,.T.);
#6400=ADVANCED_FACE('',(#660),#112,.T.);
#6401=ADVANCED_FACE('',(#661),#6134,.F.);
#6402=ADVANCED_FACE('',(#662),#113,.T.);
#6403=ADVANCED_FACE('',(#663),#6135,.T.);
#6404=ADVANCED_FACE('',(#664),#377,.T.);
#6405=ADVANCED_FACE('',(#665),#114,.T.);
#6406=ADVANCED_FACE('',(#666),#115,.T.);
#6407=ADVANCED_FACE('',(#667),#6136,.F.);
#6408=ADVANCED_FACE('',(#668),#116,.T.);
#6409=ADVANCED_FACE('',(#669),#6137,.T.);
#6410=ADVANCED_FACE('',(#670),#34,.T.);
#6411=ADVANCED_FACE('',(#671),#117,.T.);
#6412=ADVANCED_FACE('',(#672),#118,.T.);
#6413=ADVANCED_FACE('',(#673),#6138,.F.);
#6414=ADVANCED_FACE('',(#674),#119,.T.);
#6415=ADVANCED_FACE('',(#675),#6139,.T.);
#6416=ADVANCED_FACE('',(#676),#35,.T.);
#6417=ADVANCED_FACE('',(#677),#6140,.T.);
#6418=ADVANCED_FACE('',(#678),#6141,.T.);
#6419=ADVANCED_FACE('',(#679),#6142,.T.);
#6420=ADVANCED_FACE('',(#680),#378,.T.);
#6421=ADVANCED_FACE('',(#681),#6143,.T.);
#6422=ADVANCED_FACE('',(#682),#6144,.T.);
#6423=ADVANCED_FACE('',(#683),#6145,.T.);
#6424=ADVANCED_FACE('',(#684),#379,.T.);
#6425=ADVANCED_FACE('',(#685),#6146,.T.);
#6426=ADVANCED_FACE('',(#686),#36,.T.);
#6427=ADVANCED_FACE('',(#687),#6147,.T.);
#6428=ADVANCED_FACE('',(#688),#6148,.T.);
#6429=ADVANCED_FACE('',(#689),#6149,.T.);
#6430=ADVANCED_FACE('',(#690),#6150,.T.);
#6431=ADVANCED_FACE('',(#691),#380,.T.);
#6432=ADVANCED_FACE('',(#692),#6151,.T.);
#6433=ADVANCED_FACE('',(#693),#37,.T.);
#6434=ADVANCED_FACE('',(#694),#6152,.T.);
#6435=ADVANCED_FACE('',(#695),#6153,.T.);
#6436=ADVANCED_FACE('',(#696),#38,.T.);
#6437=ADVANCED_FACE('',(#697),#6154,.T.);
#6438=ADVANCED_FACE('',(#698),#6155,.T.);
#6439=ADVANCED_FACE('',(#699),#39,.T.);
#6440=ADVANCED_FACE('',(#700),#6156,.T.);
#6441=ADVANCED_FACE('',(#701),#6157,.T.);
#6442=ADVANCED_FACE('',(#702),#6158,.T.);
#6443=ADVANCED_FACE('',(#703),#381,.T.);
#6444=ADVANCED_FACE('',(#704),#6159,.T.);
#6445=ADVANCED_FACE('',(#705),#6160,.T.);
#6446=ADVANCED_FACE('',(#706),#382,.T.);
#6447=ADVANCED_FACE('',(#707),#383,.T.);
#6448=ADVANCED_FACE('',(#708,#285),#384,.T.);
#6449=ADVANCED_FACE('',(#709),#385,.T.);
#6450=ADVANCED_FACE('',(#710),#386,.T.);
#6451=ADVANCED_FACE('',(#711),#387,.T.);
#6452=ADVANCED_FACE('',(#712),#388,.T.);
#6453=ADVANCED_FACE('',(#713,#286),#389,.T.);
#6454=ADVANCED_FACE('',(#714),#390,.T.);
#6455=ADVANCED_FACE('',(#715),#40,.T.);
#6456=ADVANCED_FACE('',(#716),#41,.T.);
#6457=ADVANCED_FACE('',(#717),#6161,.T.);
#6458=ADVANCED_FACE('',(#718),#6162,.T.);
#6459=ADVANCED_FACE('',(#719),#6163,.T.);
#6460=ADVANCED_FACE('',(#720),#6164,.F.);
#6461=ADVANCED_FACE('',(#721,#287),#391,.T.);
#6462=ADVANCED_FACE('',(#722),#392,.T.);
#6463=ADVANCED_FACE('',(#723),#6165,.F.);
#6464=ADVANCED_FACE('',(#724),#6166,.F.);
#6465=ADVANCED_FACE('',(#725),#6167,.T.);
#6466=ADVANCED_FACE('',(#726),#393,.T.);
#6467=ADVANCED_FACE('',(#727,#288),#394,.T.);
#6468=ADVANCED_FACE('',(#728),#395,.T.);
#6469=ADVANCED_FACE('',(#729),#6168,.F.);
#6470=ADVANCED_FACE('',(#730),#6169,.T.);
#6471=ADVANCED_FACE('',(#731,#289,#290),#396,.T.);
#6472=ADVANCED_FACE('',(#732),#397,.T.);
#6473=ADVANCED_FACE('',(#733),#398,.T.);
#6474=ADVANCED_FACE('',(#734),#399,.T.);
#6475=ADVANCED_FACE('',(#735),#400,.T.);
#6476=ADVANCED_FACE('',(#736),#6170,.F.);
#6477=ADVANCED_FACE('',(#737),#42,.T.);
#6478=ADVANCED_FACE('',(#738),#43,.T.);
#6479=ADVANCED_FACE('',(#739),#6171,.T.);
#6480=ADVANCED_FACE('',(#740),#6172,.T.);
#6481=ADVANCED_FACE('',(#741),#6173,.T.);
#6482=ADVANCED_FACE('',(#742),#401,.T.);
#6483=ADVANCED_FACE('',(#743),#402,.T.);
#6484=ADVANCED_FACE('',(#744),#403,.T.);
#6485=ADVANCED_FACE('',(#745),#404,.T.);
#6486=ADVANCED_FACE('',(#746),#6174,.F.);
#6487=ADVANCED_FACE('',(#747),#6175,.F.);
#6488=ADVANCED_FACE('',(#748),#6176,.T.);
#6489=ADVANCED_FACE('',(#749),#405,.T.);
#6490=ADVANCED_FACE('',(#750,#291),#406,.T.);
#6491=ADVANCED_FACE('',(#751),#6177,.T.);
#6492=ADVANCED_FACE('',(#752),#407,.T.);
#6493=ADVANCED_FACE('',(#753),#15,.T.);
#6494=ADVANCED_FACE('',(#754),#6178,.T.);
#6495=ADVANCED_FACE('',(#755),#408,.T.);
#6496=ADVANCED_FACE('',(#756),#16,.T.);
#6497=ADVANCED_FACE('',(#757),#17,.T.);
#6498=ADVANCED_FACE('',(#758),#409,.T.);
#6499=ADVANCED_FACE('',(#759),#410,.T.);
#6500=ADVANCED_FACE('',(#760),#6179,.T.);
#6501=ADVANCED_FACE('',(#761),#411,.T.);
#6502=ADVANCED_FACE('',(#762),#6180,.T.);
#6503=ADVANCED_FACE('',(#763),#412,.T.);
#6504=ADVANCED_FACE('',(#764),#413,.T.);
#6505=ADVANCED_FACE('',(#765,#292),#414,.T.);
#6506=ADVANCED_FACE('',(#766),#415,.T.);
#6507=ADVANCED_FACE('',(#767),#416,.T.);
#6508=ADVANCED_FACE('',(#768),#250,.F.);
#6509=ADVANCED_FACE('',(#769),#251,.F.);
#6510=ADVANCED_FACE('',(#770),#252,.F.);
#6511=ADVANCED_FACE('',(#771),#253,.F.);
#6512=ADVANCED_FACE('',(#772),#417,.T.);
#6513=ADVANCED_FACE('',(#773),#418,.T.);
#6514=ADVANCED_FACE('',(#774),#419,.T.);
#6515=ADVANCED_FACE('',(#775),#420,.T.);
#6516=ADVANCED_FACE('',(#776),#421,.T.);
#6517=ADVANCED_FACE('',(#777),#254,.F.);
#6518=ADVANCED_FACE('',(#778),#255,.F.);
#6519=ADVANCED_FACE('',(#779),#256,.F.);
#6520=ADVANCED_FACE('',(#780),#257,.F.);
#6521=ADVANCED_FACE('',(#781),#422,.T.);
#6522=ADVANCED_FACE('',(#782),#423,.T.);
#6523=ADVANCED_FACE('',(#783),#424,.T.);
#6524=ADVANCED_FACE('',(#784),#425,.T.);
#6525=ADVANCED_FACE('',(#785),#426,.T.);
#6526=ADVANCED_FACE('',(#786),#258,.F.);
#6527=ADVANCED_FACE('',(#787),#259,.F.);
#6528=ADVANCED_FACE('',(#788),#260,.F.);
#6529=ADVANCED_FACE('',(#789),#261,.F.);
#6530=ADVANCED_FACE('',(#790),#427,.T.);
#6531=ADVANCED_FACE('',(#791),#428,.T.);
#6532=ADVANCED_FACE('',(#792),#429,.T.);
#6533=ADVANCED_FACE('',(#793),#430,.T.);
#6534=ADVANCED_FACE('',(#794),#431,.T.);
#6535=ADVANCED_FACE('',(#795),#262,.F.);
#6536=ADVANCED_FACE('',(#796),#263,.F.);
#6537=ADVANCED_FACE('',(#797),#264,.F.);
#6538=ADVANCED_FACE('',(#798),#265,.F.);
#6539=ADVANCED_FACE('',(#799),#432,.T.);
#6540=ADVANCED_FACE('',(#800),#433,.T.);
#6541=ADVANCED_FACE('',(#801),#434,.T.);
#6542=ADVANCED_FACE('',(#802),#435,.T.);
#6543=ADVANCED_FACE('',(#803),#436,.T.);
#6544=ADVANCED_FACE('',(#804),#266,.F.);
#6545=ADVANCED_FACE('',(#805),#267,.F.);
#6546=ADVANCED_FACE('',(#806),#268,.F.);
#6547=ADVANCED_FACE('',(#807),#269,.F.);
#6548=ADVANCED_FACE('',(#808),#437,.T.);
#6549=ADVANCED_FACE('',(#809),#438,.T.);
#6550=ADVANCED_FACE('',(#810),#439,.T.);
#6551=ADVANCED_FACE('',(#811),#440,.T.);
#6552=ADVANCED_FACE('',(#812),#441,.T.);
#6553=ADVANCED_FACE('',(#813),#18,.T.);
#6554=ADVANCED_FACE('',(#814),#442,.T.);
#6555=ADVANCED_FACE('',(#815),#6181,.T.);
#6556=ADVANCED_FACE('',(#816),#19,.T.);
#6557=ADVANCED_FACE('',(#817),#6182,.T.);
#6558=ADVANCED_FACE('',(#818),#20,.T.);
#6559=ADVANCED_FACE('',(#819),#21,.T.);
#6560=CLOSED_SHELL('',(#6183,#6184,#6185,#6186,#6187,#6188,#6189,#6190,
#6191,#6192,#6193,#6194,#6195,#6196,#6197,#6198,#6199,#6200,#6201,#6202,
#6203,#6204,#6205,#6206,#6207,#6208,#6209,#6210,#6211,#6212,#6213,#6214,
#6215,#6216,#6217,#6218,#6219,#6220,#6221,#6222,#6223,#6224,#6225,#6226,
#6227,#6228,#6229,#6230,#6231,#6232,#6233,#6234,#6235,#6236,#6237,#6238,
#6239,#6240,#6241,#6242,#6243,#6244,#6245,#6246,#6247,#6248,#6249,#6250,
#6251,#6252,#6253,#6254,#6255,#6256,#6257,#6258,#6259,#6260,#6261,#6262,
#6263,#6264,#6265,#6266,#6267,#6268,#6269,#6270,#6271,#6272,#6273,#6274,
#6275,#6276,#6277,#6278,#6279,#6280,#6281,#6282,#6283,#6284,#6285,#6286,
#6287,#6288,#6289,#6290,#6291,#6292,#6293,#6294,#6295,#6296,#6297,#6298,
#6299,#6300,#6301,#6302,#6303,#6304,#6305,#6306,#6307,#6308,#6309,#6310,
#6311,#6312,#6313,#6314,#6315,#6316,#6317,#6318,#6319,#6320,#6321,#6322,
#6323,#6324,#6325,#6326,#6327,#6328,#6329,#6330,#6331,#6332,#6333,#6334,
#6335,#6336,#6337,#6338,#6339,#6340,#6341,#6342,#6343,#6344,#6345,#6346,
#6347,#6348,#6349,#6350,#6351,#6352,#6353,#6354,#6355,#6356,#6357,#6358,
#6359,#6360,#6361,#6362,#6363,#6364,#6365,#6366,#6367,#6368,#6369,#6370,
#6371,#6372,#6373,#6374,#6375,#6376,#6377,#6378,#6379,#6380,#6381,#6382,
#6383,#6384,#6385,#6386,#6387,#6388,#6389,#6390,#6391,#6392,#6393,#6394,
#6395,#6396,#6397,#6398,#6399,#6400,#6401,#6402,#6403,#6404,#6405,#6406,
#6407,#6408,#6409,#6410,#6411,#6412,#6413,#6414,#6415,#6416,#6417,#6418,
#6419,#6420,#6421,#6422,#6423,#6424,#6425,#6426,#6427,#6428,#6429,#6430,
#6431,#6432,#6433,#6434,#6435,#6436,#6437,#6438,#6439,#6440,#6441,#6442,
#6443,#6444,#6445,#6446,#6447,#6448,#6449,#6450,#6451,#6452,#6453,#6454,
#6455,#6456,#6457,#6458,#6459,#6460,#6461,#6462,#6463,#6464,#6465,#6466,
#6467,#6468,#6469,#6470,#6471,#6472,#6473,#6474,#6475,#6476,#6477,#6478,
#6479,#6480,#6481,#6482,#6483,#6484,#6485,#6486,#6487,#6488,#6489,#6490,
#6491,#6492,#6493,#6494,#6495,#6496,#6497,#6498,#6499,#6500,#6501,#6502,
#6503,#6504,#6505,#6506,#6507,#6508,#6509,#6510,#6511,#6512,#6513,#6514,
#6515,#6516,#6517,#6518,#6519,#6520,#6521,#6522,#6523,#6524,#6525,#6526,
#6527,#6528,#6529,#6530,#6531,#6532,#6533,#6534,#6535,#6536,#6537,#6538,
#6539,#6540,#6541,#6542,#6543,#6544,#6545,#6546,#6547,#6548,#6549,#6550,
#6551,#6552,#6553,#6554,#6555,#6556,#6557,#6558,#6559));
#6561=DERIVED_UNIT_ELEMENT(#6563,1.);
#6562=DERIVED_UNIT_ELEMENT(#14154,-3.);
#6563=(
MASS_UNIT()
NAMED_UNIT(*)
SI_UNIT(.KILO.,.GRAM.)
);
#6564=DERIVED_UNIT((#6561,#6562));
#6565=MEASURE_REPRESENTATION_ITEM('density measure',
POSITIVE_RATIO_MEASURE(7850.),#6564);
#6566=PROPERTY_DEFINITION_REPRESENTATION(#6571,#6568);
#6567=PROPERTY_DEFINITION_REPRESENTATION(#6572,#6569);
#6568=REPRESENTATION('material name',(#6570),#14151);
#6569=REPRESENTATION('density',(#6565),#14151);
#6570=DESCRIPTIVE_REPRESENTATION_ITEM('\X2\92FC\X0\','\X2\92FC\X0\');
#6571=PROPERTY_DEFINITION('material property','material name',#14161);
#6572=PROPERTY_DEFINITION('material property','density of part',#14161);
#6573=AXIS2_PLACEMENT_3D('',#8872,#7157,#7158);
#6574=AXIS2_PLACEMENT_3D('',#8873,#7159,#7160);
#6575=AXIS2_PLACEMENT_3D('',#8875,#7161,#7162);
#6576=AXIS2_PLACEMENT_3D('',#8879,#7164,#7165);
#6577=AXIS2_PLACEMENT_3D('',#8881,#7166,#7167);
#6578=AXIS2_PLACEMENT_3D('',#8884,#7169,#7170);
#6579=AXIS2_PLACEMENT_3D('',#8885,#7171,#7172);
#6580=AXIS2_PLACEMENT_3D('',#8887,#7173,#7174);
#6581=AXIS2_PLACEMENT_3D('',#8888,#7175,#7176);
#6582=AXIS2_PLACEMENT_3D('',#8889,#7177,#7178);
#6583=AXIS2_PLACEMENT_3D('',#8899,#7184,#7185);
#6584=AXIS2_PLACEMENT_3D('',#8909,#7191,#7192);
#6585=AXIS2_PLACEMENT_3D('',#8916,#7195,#7196);
#6586=AXIS2_PLACEMENT_3D('',#8920,#7198,#7199);
#6587=AXIS2_PLACEMENT_3D('',#8928,#7203,#7204);
#6588=AXIS2_PLACEMENT_3D('',#8932,#7206,#7207);
#6589=AXIS2_PLACEMENT_3D('',#8935,#7209,#7210);
#6590=AXIS2_PLACEMENT_3D('',#8936,#7211,#7212);
#6591=AXIS2_PLACEMENT_3D('',#8968,#7228,#7229);
#6592=AXIS2_PLACEMENT_3D('',#8972,#7231,#7232);
#6593=AXIS2_PLACEMENT_3D('',#8976,#7234,#7235);
#6594=AXIS2_PLACEMENT_3D('',#8980,#7237,#7238);
#6595=AXIS2_PLACEMENT_3D('',#8986,#7241,#7242);
#6596=AXIS2_PLACEMENT_3D('',#8990,#7244,#7245);
#6597=AXIS2_PLACEMENT_3D('',#8994,#7247,#7248);
#6598=AXIS2_PLACEMENT_3D('',#8997,#7250,#7251);
#6599=AXIS2_PLACEMENT_3D('',#8998,#7252,#7253);
#6600=AXIS2_PLACEMENT_3D('',#9020,#7264,#7265);
#6601=AXIS2_PLACEMENT_3D('',#9024,#7267,#7268);
#6602=AXIS2_PLACEMENT_3D('',#9028,#7270,#7271);
#6603=AXIS2_PLACEMENT_3D('',#9031,#7273,#7274);
#6604=AXIS2_PLACEMENT_3D('',#9034,#7275,#7276);
#6605=AXIS2_PLACEMENT_3D('',#9038,#7278,#7279);
#6606=AXIS2_PLACEMENT_3D('',#9042,#7281,#7282);
#6607=AXIS2_PLACEMENT_3D('',#9046,#7284,#7285);
#6608=AXIS2_PLACEMENT_3D('',#9052,#7288,#7289);
#6609=AXIS2_PLACEMENT_3D('',#9056,#7291,#7292);
#6610=AXIS2_PLACEMENT_3D('',#9060,#7294,#7295);
#6611=AXIS2_PLACEMENT_3D('',#9063,#7297,#7298);
#6612=AXIS2_PLACEMENT_3D('',#9064,#7299,#7300);
#6613=AXIS2_PLACEMENT_3D('',#9071,#7304,#7305);
#6614=AXIS2_PLACEMENT_3D('',#9072,#7306,#7307);
#6615=AXIS2_PLACEMENT_3D('',#9079,#7312,#7313);
#6616=AXIS2_PLACEMENT_3D('',#9085,#7316,#7317);
#6617=AXIS2_PLACEMENT_3D('',#9095,#7322,#7323);
#6618=AXIS2_PLACEMENT_3D('',#9111,#7331,#7332);
#6619=AXIS2_PLACEMENT_3D('',#9131,#7343,#7344);
#6620=AXIS2_PLACEMENT_3D('',#9134,#7346,#7347);
#6621=AXIS2_PLACEMENT_3D('',#9135,#7348,#7349);
#6622=AXIS2_PLACEMENT_3D('',#9140,#7353,#7354);
#6623=AXIS2_PLACEMENT_3D('',#9151,#7356,#7357);
#6624=AXIS2_PLACEMENT_3D('',#9172,#7358,#7359);
#6625=AXIS2_PLACEMENT_3D('',#9179,#7360,#7361);
#6626=AXIS2_PLACEMENT_3D('',#9181,#7362,#7363);
#6627=AXIS2_PLACEMENT_3D('',#9182,#7364,#7365);
#6628=AXIS2_PLACEMENT_3D('',#9336,#7407,#7408);
#6629=AXIS2_PLACEMENT_3D('',#9338,#7409,#7410);
#6630=AXIS2_PLACEMENT_3D('',#9340,#7412,#7413);
#6631=AXIS2_PLACEMENT_3D('',#9344,#7416,#7417);
#6632=AXIS2_PLACEMENT_3D('',#9345,#7418,#7419);
#6633=AXIS2_PLACEMENT_3D('',#9622,#7444,#7445);
#6634=AXIS2_PLACEMENT_3D('',#9628,#7449,#7450);
#6635=AXIS2_PLACEMENT_3D('',#9632,#7453,#7454);
#6636=AXIS2_PLACEMENT_3D('',#9636,#7457,#7458);
#6637=AXIS2_PLACEMENT_3D('',#9638,#7460,#7461);
#6638=AXIS2_PLACEMENT_3D('',#9645,#7465,#7466);
#6639=AXIS2_PLACEMENT_3D('',#9651,#7470,#7471);
#6640=AXIS2_PLACEMENT_3D('',#9655,#7474,#7475);
#6641=AXIS2_PLACEMENT_3D('',#9662,#7479,#7480);
#6642=AXIS2_PLACEMENT_3D('',#9668,#7484,#7485);
#6643=AXIS2_PLACEMENT_3D('',#9672,#7488,#7489);
#6644=AXIS2_PLACEMENT_3D('',#9676,#7492,#7493);
#6645=AXIS2_PLACEMENT_3D('',#9678,#7495,#7496);
#6646=AXIS2_PLACEMENT_3D('',#9685,#7500,#7501);
#6647=AXIS2_PLACEMENT_3D('',#9688,#7504,#7505);
#6648=AXIS2_PLACEMENT_3D('',#9694,#7509,#7510);
#6649=AXIS2_PLACEMENT_3D('',#9698,#7513,#7514);
#6650=AXIS2_PLACEMENT_3D('',#9702,#7517,#7518);
#6651=AXIS2_PLACEMENT_3D('',#9704,#7520,#7521);
#6652=AXIS2_PLACEMENT_3D('',#9707,#7523,#7524);
#6653=AXIS2_PLACEMENT_3D('',#9708,#7525,#7526);
#6654=AXIS2_PLACEMENT_3D('',#9710,#7527,#7528);
#6655=AXIS2_PLACEMENT_3D('',#9712,#7530,#7531);
#6656=AXIS2_PLACEMENT_3D('',#9714,#7532,#7533);
#6657=AXIS2_PLACEMENT_3D('',#9716,#7535,#7536);
#6658=AXIS2_PLACEMENT_3D('',#9719,#7537,#7538);
#6659=AXIS2_PLACEMENT_3D('',#9723,#7540,#7541);
#6660=AXIS2_PLACEMENT_3D('',#9731,#7545,#7546);
#6661=AXIS2_PLACEMENT_3D('',#9735,#7548,#7549);
#6662=AXIS2_PLACEMENT_3D('',#9788,#7554,#7555);
#6663=AXIS2_PLACEMENT_3D('',#9795,#7560,#7561);
#6664=AXIS2_PLACEMENT_3D('',#9796,#7562,#7563);
#6665=AXIS2_PLACEMENT_3D('',#9798,#7564,#7565);
#6666=AXIS2_PLACEMENT_3D('',#9800,#7567,#7568);
#6667=AXIS2_PLACEMENT_3D('',#9801,#7569,#7570);
#6668=AXIS2_PLACEMENT_3D('',#9802,#7571,#7572);
#6669=AXIS2_PLACEMENT_3D('',#9805,#7574,#7575);
#6670=AXIS2_PLACEMENT_3D('',#9806,#7576,#7577);
#6671=AXIS2_PLACEMENT_3D('',#9807,#7578,#7579);
#6672=AXIS2_PLACEMENT_3D('',#9811,#7582,#7583);
#6673=AXIS2_PLACEMENT_3D('',#9815,#7586,#7587);
#6674=AXIS2_PLACEMENT_3D('',#9816,#7588,#7589);
#6675=AXIS2_PLACEMENT_3D('',#9839,#7602,#7603);
#6676=AXIS2_PLACEMENT_3D('',#9843,#7605,#7606);
#6677=AXIS2_PLACEMENT_3D('',#9847,#7608,#7609);
#6678=AXIS2_PLACEMENT_3D('',#9851,#7611,#7612);
#6679=AXIS2_PLACEMENT_3D('',#9855,#7614,#7615);
#6680=AXIS2_PLACEMENT_3D('',#9857,#7617,#7618);
#6681=AXIS2_PLACEMENT_3D('',#9866,#7623,#7624);
#6682=AXIS2_PLACEMENT_3D('',#9869,#7627,#7628);
#6683=AXIS2_PLACEMENT_3D('',#9878,#7633,#7634);
#6684=AXIS2_PLACEMENT_3D('',#9881,#7637,#7638);
#6685=AXIS2_PLACEMENT_3D('',#9890,#7643,#7644);
#6686=AXIS2_PLACEMENT_3D('',#9893,#7647,#7648);
#6687=AXIS2_PLACEMENT_3D('',#9899,#7652,#7653);
#6688=AXIS2_PLACEMENT_3D('',#9908,#7658,#7659);
#6689=AXIS2_PLACEMENT_3D('',#9911,#7662,#7663);
#6690=AXIS2_PLACEMENT_3D('',#9917,#7667,#7668);
#6691=AXIS2_PLACEMENT_3D('',#9926,#7673,#7674);
#6692=AXIS2_PLACEMENT_3D('',#9932,#7678,#7679);
#6693=AXIS2_PLACEMENT_3D('',#9935,#7682,#7683);
#6694=AXIS2_PLACEMENT_3D('',#9938,#7684,#7685);
#6695=AXIS2_PLACEMENT_3D('',#9941,#7688,#7689);
#6696=AXIS2_PLACEMENT_3D('',#9942,#7690,#7691);
#6697=AXIS2_PLACEMENT_3D('',#9944,#7693,#7694);
#6698=AXIS2_PLACEMENT_3D('',#9945,#7695,#7696);
#6699=AXIS2_PLACEMENT_3D('',#9947,#7698,#7699);
#6700=AXIS2_PLACEMENT_3D('',#9950,#7700,#7701);
#6701=AXIS2_PLACEMENT_3D('',#9954,#7703,#7704);
#6702=AXIS2_PLACEMENT_3D('',#9956,#7706,#7707);
#6703=AXIS2_PLACEMENT_3D('',#9962,#7711,#7712);
#6704=AXIS2_PLACEMENT_3D('',#9965,#7713,#7714);
#6705=AXIS2_PLACEMENT_3D('',#9969,#7716,#7717);
#6706=AXIS2_PLACEMENT_3D('',#9971,#7719,#7720);
#6707=AXIS2_PLACEMENT_3D('',#9977,#7724,#7725);
#6708=AXIS2_PLACEMENT_3D('',#9979,#7726,#7727);
#6709=AXIS2_PLACEMENT_3D('',#9981,#7728,#7729);
#6710=AXIS2_PLACEMENT_3D('',#9983,#7731,#7732);
#6711=AXIS2_PLACEMENT_3D('',#9986,#7735,#7736);
#6712=AXIS2_PLACEMENT_3D('',#9988,#7737,#7738);
#6713=AXIS2_PLACEMENT_3D('',#9990,#7739,#7740);
#6714=AXIS2_PLACEMENT_3D('',#9992,#7742,#7743);
#6715=AXIS2_PLACEMENT_3D('',#9995,#7746,#7747);
#6716=AXIS2_PLACEMENT_3D('',#9998,#7748,#7749);
#6717=AXIS2_PLACEMENT_3D('',#10002,#7751,#7752);
#6718=AXIS2_PLACEMENT_3D('',#10006,#7754,#7755);
#6719=AXIS2_PLACEMENT_3D('',#10010,#7757,#7758);
#6720=AXIS2_PLACEMENT_3D('',#10012,#7760,#7761);
#6721=AXIS2_PLACEMENT_3D('',#10015,#7764,#7765);
#6722=AXIS2_PLACEMENT_3D('',#10017,#7767,#7768);
#6723=AXIS2_PLACEMENT_3D('',#10019,#7770,#7771);
#6724=AXIS2_PLACEMENT_3D('',#10021,#7773,#7774);
#6725=AXIS2_PLACEMENT_3D('',#10023,#7776,#7777);
#6726=AXIS2_PLACEMENT_3D('',#10025,#7779,#7780);
#6727=AXIS2_PLACEMENT_3D('',#10027,#7782,#7783);
#6728=AXIS2_PLACEMENT_3D('',#10028,#7784,#7785);
#6729=AXIS2_PLACEMENT_3D('',#10038,#7787,#7788);
#6730=AXIS2_PLACEMENT_3D('',#10044,#7792,#7793);
#6731=AXIS2_PLACEMENT_3D('',#10050,#7797,#7798);
#6732=AXIS2_PLACEMENT_3D('',#10052,#7800,#7801);
#6733=AXIS2_PLACEMENT_3D('',#10056,#7804,#7805);
#6734=AXIS2_PLACEMENT_3D('',#10058,#7807,#7808);
#6735=AXIS2_PLACEMENT_3D('',#10059,#7809,#7810);
#6736=AXIS2_PLACEMENT_3D('',#10063,#7813,#7814);
#6737=AXIS2_PLACEMENT_3D('',#10069,#7818,#7819);
#6738=AXIS2_PLACEMENT_3D('',#10073,#7822,#7823);
#6739=AXIS2_PLACEMENT_3D('',#10101,#7825,#7826);
#6740=AXIS2_PLACEMENT_3D('',#10136,#7827,#7828);
#6741=AXIS2_PLACEMENT_3D('',#10145,#7829,#7830);
#6742=AXIS2_PLACEMENT_3D('',#10150,#7832,#7833);
#6743=AXIS2_PLACEMENT_3D('',#10153,#7835,#7836);
#6744=AXIS2_PLACEMENT_3D('',#10221,#7837,#7838);
#6745=AXIS2_PLACEMENT_3D('',#10223,#7839,#7840);
#6746=AXIS2_PLACEMENT_3D('',#10224,#7841,#7842);
#6747=AXIS2_PLACEMENT_3D('',#10225,#7843,#7844);
#6748=AXIS2_PLACEMENT_3D('',#10252,#7845,#7846);
#6749=AXIS2_PLACEMENT_3D('',#10287,#7847,#7848);
#6750=AXIS2_PLACEMENT_3D('',#10296,#7849,#7850);
#6751=AXIS2_PLACEMENT_3D('',#10301,#7852,#7853);
#6752=AXIS2_PLACEMENT_3D('',#10304,#7855,#7856);
#6753=AXIS2_PLACEMENT_3D('',#10372,#7857,#7858);
#6754=AXIS2_PLACEMENT_3D('',#10374,#7860,#7861);
#6755=AXIS2_PLACEMENT_3D('',#10402,#7863,#7864);
#6756=AXIS2_PLACEMENT_3D('',#10437,#7865,#7866);
#6757=AXIS2_PLACEMENT_3D('',#10446,#7867,#7868);
#6758=AXIS2_PLACEMENT_3D('',#10451,#7870,#7871);
#6759=AXIS2_PLACEMENT_3D('',#10454,#7873,#7874);
#6760=AXIS2_PLACEMENT_3D('',#10490,#7875,#7876);
#6761=AXIS2_PLACEMENT_3D('',#10492,#7877,#7878);
#6762=AXIS2_PLACEMENT_3D('',#10493,#7879,#7880);
#6763=AXIS2_PLACEMENT_3D('',#10494,#7881,#7882);
#6764=AXIS2_PLACEMENT_3D('',#10521,#7883,#7884);
#6765=AXIS2_PLACEMENT_3D('',#10556,#7885,#7886);
#6766=AXIS2_PLACEMENT_3D('',#10565,#7887,#7888);
#6767=AXIS2_PLACEMENT_3D('',#10570,#7890,#7891);
#6768=AXIS2_PLACEMENT_3D('',#10573,#7893,#7894);
#6769=AXIS2_PLACEMENT_3D('',#10609,#7895,#7896);
#6770=AXIS2_PLACEMENT_3D('',#10611,#7898,#7899);
#6771=AXIS2_PLACEMENT_3D('',#10639,#7901,#7902);
#6772=AXIS2_PLACEMENT_3D('',#10674,#7903,#7904);
#6773=AXIS2_PLACEMENT_3D('',#10683,#7905,#7906);
#6774=AXIS2_PLACEMENT_3D('',#10688,#7908,#7909);
#6775=AXIS2_PLACEMENT_3D('',#10691,#7911,#7912);
#6776=AXIS2_PLACEMENT_3D('',#10759,#7913,#7914);
#6777=AXIS2_PLACEMENT_3D('',#10761,#7915,#7916);
#6778=AXIS2_PLACEMENT_3D('',#10762,#7917,#7918);
#6779=AXIS2_PLACEMENT_3D('',#10763,#7919,#7920);
#6780=AXIS2_PLACEMENT_3D('',#10790,#7921,#7922);
#6781=AXIS2_PLACEMENT_3D('',#10825,#7923,#7924);
#6782=AXIS2_PLACEMENT_3D('',#10834,#7925,#7926);
#6783=AXIS2_PLACEMENT_3D('',#10839,#7928,#7929);
#6784=AXIS2_PLACEMENT_3D('',#10842,#7931,#7932);
#6785=AXIS2_PLACEMENT_3D('',#10910,#7933,#7934);
#6786=AXIS2_PLACEMENT_3D('',#10912,#7936,#7937);
#6787=AXIS2_PLACEMENT_3D('',#10940,#7939,#7940);
#6788=AXIS2_PLACEMENT_3D('',#10975,#7941,#7942);
#6789=AXIS2_PLACEMENT_3D('',#10984,#7943,#7944);
#6790=AXIS2_PLACEMENT_3D('',#10989,#7946,#7947);
#6791=AXIS2_PLACEMENT_3D('',#10992,#7949,#7950);
#6792=AXIS2_PLACEMENT_3D('',#11060,#7951,#7952);
#6793=AXIS2_PLACEMENT_3D('',#11062,#7953,#7954);
#6794=AXIS2_PLACEMENT_3D('',#11063,#7955,#7956);
#6795=AXIS2_PLACEMENT_3D('',#11064,#7957,#7958);
#6796=AXIS2_PLACEMENT_3D('',#11091,#7959,#7960);
#6797=AXIS2_PLACEMENT_3D('',#11126,#7961,#7962);
#6798=AXIS2_PLACEMENT_3D('',#11135,#7963,#7964);
#6799=AXIS2_PLACEMENT_3D('',#11140,#7966,#7967);
#6800=AXIS2_PLACEMENT_3D('',#11143,#7969,#7970);
#6801=AXIS2_PLACEMENT_3D('',#11179,#7971,#7972);
#6802=AXIS2_PLACEMENT_3D('',#11181,#7974,#7975);
#6803=AXIS2_PLACEMENT_3D('',#11209,#7977,#7978);
#6804=AXIS2_PLACEMENT_3D('',#11244,#7979,#7980);
#6805=AXIS2_PLACEMENT_3D('',#11253,#7981,#7982);
#6806=AXIS2_PLACEMENT_3D('',#11258,#7984,#7985);
#6807=AXIS2_PLACEMENT_3D('',#11261,#7987,#7988);
#6808=AXIS2_PLACEMENT_3D('',#11297,#7989,#7990);
#6809=AXIS2_PLACEMENT_3D('',#11300,#7992,#7993);
#6810=AXIS2_PLACEMENT_3D('',#11301,#7994,#7995);
#6811=AXIS2_PLACEMENT_3D('',#11305,#7998,#7999);
#6812=AXIS2_PLACEMENT_3D('',#11307,#8000,#8001);
#6813=AXIS2_PLACEMENT_3D('',#11309,#8003,#8004);
#6814=AXIS2_PLACEMENT_3D('',#11310,#8005,#8006);
#6815=AXIS2_PLACEMENT_3D('',#11313,#8008,#8009);
#6816=AXIS2_PLACEMENT_3D('',#11314,#8010,#8011);
#6817=AXIS2_PLACEMENT_3D('',#11318,#8014,#8015);
#6818=AXIS2_PLACEMENT_3D('',#11320,#8016,#8017);
#6819=AXIS2_PLACEMENT_3D('',#11322,#8018,#8019);
#6820=AXIS2_PLACEMENT_3D('',#11324,#8021,#8022);
#6821=AXIS2_PLACEMENT_3D('',#11325,#8023,#8024);
#6822=AXIS2_PLACEMENT_3D('',#11326,#8025,#8026);
#6823=AXIS2_PLACEMENT_3D('',#11327,#8027,#8028);
#6824=AXIS2_PLACEMENT_3D('',#11328,#8029,#8030);
#6825=AXIS2_PLACEMENT_3D('',#11330,#8031,#8032);
#6826=AXIS2_PLACEMENT_3D('',#11332,#8034,#8035);
#6827=AXIS2_PLACEMENT_3D('',#11333,#8036,#8037);
#6828=AXIS2_PLACEMENT_3D('',#11335,#8039,#8040);
#6829=AXIS2_PLACEMENT_3D('',#11337,#8042,#8043);
#6830=AXIS2_PLACEMENT_3D('',#11339,#8044,#8045);
#6831=AXIS2_PLACEMENT_3D('',#11341,#8046,#8047);
#6832=AXIS2_PLACEMENT_3D('',#11343,#8049,#8050);
#6833=AXIS2_PLACEMENT_3D('',#11344,#8051,#8052);
#6834=AXIS2_PLACEMENT_3D('',#11345,#8053,#8054);
#6835=AXIS2_PLACEMENT_3D('',#11346,#8055,#8056);
#6836=AXIS2_PLACEMENT_3D('',#11347,#8057,#8058);
#6837=AXIS2_PLACEMENT_3D('',#11349,#8059,#8060);
#6838=AXIS2_PLACEMENT_3D('',#11351,#8062,#8063);
#6839=AXIS2_PLACEMENT_3D('',#11352,#8064,#8065);
#6840=AXIS2_PLACEMENT_3D('',#11354,#8067,#8068);
#6841=AXIS2_PLACEMENT_3D('',#11356,#8070,#8071);
#6842=AXIS2_PLACEMENT_3D('',#11358,#8072,#8073);
#6843=AXIS2_PLACEMENT_3D('',#11360,#8074,#8075);
#6844=AXIS2_PLACEMENT_3D('',#11362,#8077,#8078);
#6845=AXIS2_PLACEMENT_3D('',#11363,#8079,#8080);
#6846=AXIS2_PLACEMENT_3D('',#11364,#8081,#8082);
#6847=AXIS2_PLACEMENT_3D('',#11365,#8083,#8084);
#6848=AXIS2_PLACEMENT_3D('',#11366,#8085,#8086);
#6849=AXIS2_PLACEMENT_3D('',#11368,#8087,#8088);
#6850=AXIS2_PLACEMENT_3D('',#11370,#8090,#8091);
#6851=AXIS2_PLACEMENT_3D('',#11371,#8092,#8093);
#6852=AXIS2_PLACEMENT_3D('',#11374,#8095,#8096);
#6853=AXIS2_PLACEMENT_3D('',#11375,#8097,#8098);
#6854=AXIS2_PLACEMENT_3D('',#11379,#8101,#8102);
#6855=AXIS2_PLACEMENT_3D('',#11380,#8103,#8104);
#6856=AXIS2_PLACEMENT_3D('',#11381,#8105,#8106);
#6857=AXIS2_PLACEMENT_3D('',#11382,#8107,#8108);
#6858=AXIS2_PLACEMENT_3D('',#11383,#8109,#8110);
#6859=AXIS2_PLACEMENT_3D('',#11384,#8111,#8112);
#6860=AXIS2_PLACEMENT_3D('',#11385,#8113,#8114);
#6861=AXIS2_PLACEMENT_3D('',#11386,#8115,#8116);
#6862=AXIS2_PLACEMENT_3D('',#11387,#8117,#8118);
#6863=AXIS2_PLACEMENT_3D('',#11388,#8119,#8120);
#6864=AXIS2_PLACEMENT_3D('',#11389,#8121,#8122);
#6865=AXIS2_PLACEMENT_3D('',#11390,#8123,#8124);
#6866=AXIS2_PLACEMENT_3D('',#11417,#8125,#8126);
#6867=AXIS2_PLACEMENT_3D('',#11452,#8127,#8128);
#6868=AXIS2_PLACEMENT_3D('',#11461,#8129,#8130);
#6869=AXIS2_PLACEMENT_3D('',#11466,#8132,#8133);
#6870=AXIS2_PLACEMENT_3D('',#11469,#8135,#8136);
#6871=AXIS2_PLACEMENT_3D('',#11537,#8137,#8138);
#6872=AXIS2_PLACEMENT_3D('',#11539,#8139,#8140);
#6873=AXIS2_PLACEMENT_3D('',#11540,#8141,#8142);
#6874=AXIS2_PLACEMENT_3D('',#11541,#8143,#8144);
#6875=AXIS2_PLACEMENT_3D('',#11568,#8145,#8146);
#6876=AXIS2_PLACEMENT_3D('',#11603,#8147,#8148);
#6877=AXIS2_PLACEMENT_3D('',#11612,#8149,#8150);
#6878=AXIS2_PLACEMENT_3D('',#11617,#8152,#8153);
#6879=AXIS2_PLACEMENT_3D('',#11620,#8155,#8156);
#6880=AXIS2_PLACEMENT_3D('',#11688,#8157,#8158);
#6881=AXIS2_PLACEMENT_3D('',#11690,#8159,#8160);
#6882=AXIS2_PLACEMENT_3D('',#11691,#8161,#8162);
#6883=AXIS2_PLACEMENT_3D('',#11692,#8163,#8164);
#6884=AXIS2_PLACEMENT_3D('',#11719,#8165,#8166);
#6885=AXIS2_PLACEMENT_3D('',#11754,#8167,#8168);
#6886=AXIS2_PLACEMENT_3D('',#11763,#8169,#8170);
#6887=AXIS2_PLACEMENT_3D('',#11768,#8172,#8173);
#6888=AXIS2_PLACEMENT_3D('',#11771,#8175,#8176);
#6889=AXIS2_PLACEMENT_3D('',#11807,#8177,#8178);
#6890=AXIS2_PLACEMENT_3D('',#11809,#8180,#8181);
#6891=AXIS2_PLACEMENT_3D('',#11837,#8183,#8184);
#6892=AXIS2_PLACEMENT_3D('',#11872,#8185,#8186);
#6893=AXIS2_PLACEMENT_3D('',#11881,#8187,#8188);
#6894=AXIS2_PLACEMENT_3D('',#11886,#8190,#8191);
#6895=AXIS2_PLACEMENT_3D('',#11889,#8193,#8194);
#6896=AXIS2_PLACEMENT_3D('',#11925,#8195,#8196);
#6897=AXIS2_PLACEMENT_3D('',#11927,#8197,#8198);
#6898=AXIS2_PLACEMENT_3D('',#11928,#8199,#8200);
#6899=AXIS2_PLACEMENT_3D('',#11929,#8201,#8202);
#6900=AXIS2_PLACEMENT_3D('',#11956,#8203,#8204);
#6901=AXIS2_PLACEMENT_3D('',#11991,#8205,#8206);
#6902=AXIS2_PLACEMENT_3D('',#12000,#8207,#8208);
#6903=AXIS2_PLACEMENT_3D('',#12005,#8210,#8211);
#6904=AXIS2_PLACEMENT_3D('',#12008,#8213,#8214);
#6905=AXIS2_PLACEMENT_3D('',#12044,#8215,#8216);
#6906=AXIS2_PLACEMENT_3D('',#12046,#8218,#8219);
#6907=AXIS2_PLACEMENT_3D('',#12074,#8221,#8222);
#6908=AXIS2_PLACEMENT_3D('',#12109,#8223,#8224);
#6909=AXIS2_PLACEMENT_3D('',#12118,#8225,#8226);
#6910=AXIS2_PLACEMENT_3D('',#12123,#8228,#8229);
#6911=AXIS2_PLACEMENT_3D('',#12126,#8231,#8232);
#6912=AXIS2_PLACEMENT_3D('',#12194,#8233,#8234);
#6913=AXIS2_PLACEMENT_3D('',#12196,#8236,#8237);
#6914=AXIS2_PLACEMENT_3D('',#12224,#8239,#8240);
#6915=AXIS2_PLACEMENT_3D('',#12259,#8241,#8242);
#6916=AXIS2_PLACEMENT_3D('',#12268,#8243,#8244);
#6917=AXIS2_PLACEMENT_3D('',#12273,#8246,#8247);
#6918=AXIS2_PLACEMENT_3D('',#12276,#8249,#8250);
#6919=AXIS2_PLACEMENT_3D('',#12312,#8251,#8252);
#6920=AXIS2_PLACEMENT_3D('',#12364,#8254,#8255);
#6921=AXIS2_PLACEMENT_3D('',#12393,#8258,#8259);
#6922=AXIS2_PLACEMENT_3D('',#12421,#8260,#8261);
#6923=AXIS2_PLACEMENT_3D('',#12426,#8262,#8263);
#6924=AXIS2_PLACEMENT_3D('',#12428,#8264,#8265);
#6925=AXIS2_PLACEMENT_3D('',#12431,#8267,#8268);
#6926=AXIS2_PLACEMENT_3D('',#12462,#8269,#8270);
#6927=AXIS2_PLACEMENT_3D('',#12463,#8271,#8272);
#6928=AXIS2_PLACEMENT_3D('',#12464,#8273,#8274);
#6929=AXIS2_PLACEMENT_3D('',#12466,#8275,#8276);
#6930=AXIS2_PLACEMENT_3D('',#12467,#8277,#8278);
#6931=AXIS2_PLACEMENT_3D('',#12494,#8279,#8280);
#6932=AXIS2_PLACEMENT_3D('',#12529,#8281,#8282);
#6933=AXIS2_PLACEMENT_3D('',#12538,#8283,#8284);
#6934=AXIS2_PLACEMENT_3D('',#12543,#8286,#8287);
#6935=AXIS2_PLACEMENT_3D('',#12546,#8289,#8290);
#6936=AXIS2_PLACEMENT_3D('',#12582,#8291,#8292);
#6937=AXIS2_PLACEMENT_3D('',#12583,#8293,#8294);
#6938=AXIS2_PLACEMENT_3D('',#12584,#8295,#8296);
#6939=AXIS2_PLACEMENT_3D('',#12586,#8297,#8298);
#6940=AXIS2_PLACEMENT_3D('',#12587,#8299,#8300);
#6941=AXIS2_PLACEMENT_3D('',#12588,#8301,#8302);
#6942=AXIS2_PLACEMENT_3D('',#12590,#8303,#8304);
#6943=AXIS2_PLACEMENT_3D('',#12592,#8306,#8307);
#6944=AXIS2_PLACEMENT_3D('',#12593,#8308,#8309);
#6945=AXIS2_PLACEMENT_3D('',#12596,#8311,#8312);
#6946=AXIS2_PLACEMENT_3D('',#12597,#8313,#8314);
#6947=AXIS2_PLACEMENT_3D('',#12601,#8317,#8318);
#6948=AXIS2_PLACEMENT_3D('',#12603,#8319,#8320);
#6949=AXIS2_PLACEMENT_3D('',#12605,#8322,#8323);
#6950=AXIS2_PLACEMENT_3D('',#12606,#8324,#8325);
#6951=AXIS2_PLACEMENT_3D('',#12609,#8327,#8328);
#6952=AXIS2_PLACEMENT_3D('',#12610,#8329,#8330);
#6953=AXIS2_PLACEMENT_3D('',#12614,#8333,#8334);
#6954=AXIS2_PLACEMENT_3D('',#12616,#8335,#8336);
#6955=AXIS2_PLACEMENT_3D('',#12618,#8337,#8338);
#6956=AXIS2_PLACEMENT_3D('',#12620,#8340,#8341);
#6957=AXIS2_PLACEMENT_3D('',#12621,#8342,#8343);
#6958=AXIS2_PLACEMENT_3D('',#12622,#8344,#8345);
#6959=AXIS2_PLACEMENT_3D('',#12623,#8346,#8347);
#6960=AXIS2_PLACEMENT_3D('',#12624,#8348,#8349);
#6961=AXIS2_PLACEMENT_3D('',#12626,#8350,#8351);
#6962=AXIS2_PLACEMENT_3D('',#12628,#8353,#8354);
#6963=AXIS2_PLACEMENT_3D('',#12629,#8355,#8356);
#6964=AXIS2_PLACEMENT_3D('',#12631,#8358,#8359);
#6965=AXIS2_PLACEMENT_3D('',#12633,#8361,#8362);
#6966=AXIS2_PLACEMENT_3D('',#12634,#8363,#8364);
#6967=AXIS2_PLACEMENT_3D('',#12635,#8365,#8366);
#6968=AXIS2_PLACEMENT_3D('',#12636,#8367,#8368);
#6969=AXIS2_PLACEMENT_3D('',#12637,#8369,#8370);
#6970=AXIS2_PLACEMENT_3D('',#12638,#8371,#8372);
#6971=AXIS2_PLACEMENT_3D('',#12639,#8373,#8374);
#6972=AXIS2_PLACEMENT_3D('',#12641,#8375,#8376);
#6973=AXIS2_PLACEMENT_3D('',#12643,#8377,#8378);
#6974=AXIS2_PLACEMENT_3D('',#12645,#8380,#8381);
#6975=AXIS2_PLACEMENT_3D('',#12646,#8382,#8383);
#6976=AXIS2_PLACEMENT_3D('',#12647,#8384,#8385);
#6977=AXIS2_PLACEMENT_3D('',#12648,#8386,#8387);
#6978=AXIS2_PLACEMENT_3D('',#12649,#8388,#8389);
#6979=AXIS2_PLACEMENT_3D('',#12651,#8390,#8391);
#6980=AXIS2_PLACEMENT_3D('',#12653,#8392,#8393);
#6981=AXIS2_PLACEMENT_3D('',#12655,#8395,#8396);
#6982=AXIS2_PLACEMENT_3D('',#12656,#8397,#8398);
#6983=AXIS2_PLACEMENT_3D('',#12657,#8399,#8400);
#6984=AXIS2_PLACEMENT_3D('',#12658,#8401,#8402);
#6985=AXIS2_PLACEMENT_3D('',#12659,#8403,#8404);
#6986=AXIS2_PLACEMENT_3D('',#12661,#8405,#8406);
#6987=AXIS2_PLACEMENT_3D('',#12663,#8408,#8409);
#6988=AXIS2_PLACEMENT_3D('',#12665,#8411,#8412);
#6989=AXIS2_PLACEMENT_3D('',#12667,#8414,#8415);
#6990=AXIS2_PLACEMENT_3D('',#12669,#8416,#8417);
#6991=AXIS2_PLACEMENT_3D('',#12671,#8419,#8420);
#6992=AXIS2_PLACEMENT_3D('',#12673,#8422,#8423);
#6993=AXIS2_PLACEMENT_3D('',#12675,#8425,#8426);
#6994=AXIS2_PLACEMENT_3D('',#12681,#8430,#8431);
#6995=AXIS2_PLACEMENT_3D('',#12690,#8436,#8437);
#6996=AXIS2_PLACEMENT_3D('',#12696,#8441,#8442);
#6997=AXIS2_PLACEMENT_3D('',#12700,#8445,#8446);
#6998=AXIS2_PLACEMENT_3D('',#12704,#8449,#8450);
#6999=AXIS2_PLACEMENT_3D('',#12706,#8452,#8453);
#7000=AXIS2_PLACEMENT_3D('',#12708,#8455,#8456);
#7001=AXIS2_PLACEMENT_3D('',#12709,#8457,#8458);
#7002=AXIS2_PLACEMENT_3D('',#12712,#8459,#8460);
#7003=AXIS2_PLACEMENT_3D('',#12714,#8461,#8462);
#7004=AXIS2_PLACEMENT_3D('',#12715,#8463,#8464);
#7005=AXIS2_PLACEMENT_3D('',#12716,#8465,#8466);
#7006=AXIS2_PLACEMENT_3D('',#12717,#8467,#8468);
#7007=AXIS2_PLACEMENT_3D('',#12720,#8469,#8470);
#7008=AXIS2_PLACEMENT_3D('',#12721,#8471,#8472);
#7009=AXIS2_PLACEMENT_3D('',#12722,#8473,#8474);
#7010=AXIS2_PLACEMENT_3D('',#12723,#8475,#8476);
#7011=AXIS2_PLACEMENT_3D('',#12728,#8479,#8480);
#7012=AXIS2_PLACEMENT_3D('',#12729,#8481,#8482);
#7013=AXIS2_PLACEMENT_3D('',#12731,#8483,#8484);
#7014=AXIS2_PLACEMENT_3D('',#12733,#8486,#8487);
#7015=AXIS2_PLACEMENT_3D('',#12735,#8489,#8490);
#7016=AXIS2_PLACEMENT_3D('',#12737,#8491,#8492);
#7017=AXIS2_PLACEMENT_3D('',#12740,#8494,#8495);
#7018=AXIS2_PLACEMENT_3D('',#12741,#8496,#8497);
#7019=AXIS2_PLACEMENT_3D('',#12745,#8499,#8500);
#7020=AXIS2_PLACEMENT_3D('',#12749,#8502,#8503);
#7021=AXIS2_PLACEMENT_3D('',#12750,#8504,#8505);
#7022=AXIS2_PLACEMENT_3D('',#12751,#8506,#8507);
#7023=AXIS2_PLACEMENT_3D('',#12753,#8509,#8510);
#7024=AXIS2_PLACEMENT_3D('',#12754,#8511,#8512);
#7025=AXIS2_PLACEMENT_3D('',#12755,#8513,#8514);
#7026=AXIS2_PLACEMENT_3D('',#12756,#8515,#8516);
#7027=AXIS2_PLACEMENT_3D('',#12758,#8518,#8519);
#7028=AXIS2_PLACEMENT_3D('',#12759,#8520,#8521);
#7029=AXIS2_PLACEMENT_3D('',#12763,#8523,#8524);
#7030=AXIS2_PLACEMENT_3D('',#12767,#8526,#8527);
#7031=AXIS2_PLACEMENT_3D('',#12768,#8528,#8529);
#7032=AXIS2_PLACEMENT_3D('',#12769,#8530,#8531);
#7033=AXIS2_PLACEMENT_3D('',#12771,#8533,#8534);
#7034=AXIS2_PLACEMENT_3D('',#12772,#8535,#8536);
#7035=AXIS2_PLACEMENT_3D('',#12773,#8537,#8538);
#7036=AXIS2_PLACEMENT_3D('',#12775,#8540,#8541);
#7037=AXIS2_PLACEMENT_3D('',#13077,#8543,#8544);
#7038=AXIS2_PLACEMENT_3D('',#13079,#8546,#8547);
#7039=AXIS2_PLACEMENT_3D('',#13080,#8548,#8549);
#7040=AXIS2_PLACEMENT_3D('',#13081,#8550,#8551);
#7041=AXIS2_PLACEMENT_3D('',#13083,#8553,#8554);
#7042=AXIS2_PLACEMENT_3D('',#13085,#8556,#8557);
#7043=AXIS2_PLACEMENT_3D('',#13086,#8558,#8559);
#7044=AXIS2_PLACEMENT_3D('',#13087,#8560,#8561);
#7045=AXIS2_PLACEMENT_3D('',#13088,#8562,#8563);
#7046=AXIS2_PLACEMENT_3D('',#13089,#8564,#8565);
#7047=AXIS2_PLACEMENT_3D('',#13091,#8566,#8567);
#7048=AXIS2_PLACEMENT_3D('',#13092,#8568,#8569);
#7049=AXIS2_PLACEMENT_3D('',#13093,#8570,#8571);
#7050=AXIS2_PLACEMENT_3D('',#13094,#8572,#8573);
#7051=AXIS2_PLACEMENT_3D('',#13095,#8574,#8575);
#7052=AXIS2_PLACEMENT_3D('',#13096,#8576,#8577);
#7053=AXIS2_PLACEMENT_3D('',#13099,#8579,#8580);
#7054=AXIS2_PLACEMENT_3D('',#13100,#8581,#8582);
#7055=AXIS2_PLACEMENT_3D('',#13101,#8583,#8584);
#7056=AXIS2_PLACEMENT_3D('',#13107,#8588,#8589);
#7057=AXIS2_PLACEMENT_3D('',#13113,#8593,#8594);
#7058=AXIS2_PLACEMENT_3D('',#13119,#8598,#8599);
#7059=AXIS2_PLACEMENT_3D('',#13121,#8601,#8602);
#7060=AXIS2_PLACEMENT_3D('',#13122,#8603,#8604);
#7061=AXIS2_PLACEMENT_3D('',#13123,#8605,#8606);
#7062=AXIS2_PLACEMENT_3D('',#13124,#8607,#8608);
#7063=AXIS2_PLACEMENT_3D('',#13125,#8609,#8610);
#7064=AXIS2_PLACEMENT_3D('',#13127,#8612,#8613);
#7065=AXIS2_PLACEMENT_3D('',#13129,#8615,#8616);
#7066=AXIS2_PLACEMENT_3D('',#13130,#8617,#8618);
#7067=AXIS2_PLACEMENT_3D('',#13134,#8620,#8621);
#7068=AXIS2_PLACEMENT_3D('',#13136,#8623,#8624);
#7069=AXIS2_PLACEMENT_3D('',#13174,#8625,#8626);
#7070=AXIS2_PLACEMENT_3D('',#13175,#8627,#8628);
#7071=AXIS2_PLACEMENT_3D('',#13176,#8629,#8630);
#7072=AXIS2_PLACEMENT_3D('',#13180,#8632,#8633);
#7073=AXIS2_PLACEMENT_3D('',#13182,#8635,#8636);
#7074=AXIS2_PLACEMENT_3D('',#13220,#8637,#8638);
#7075=AXIS2_PLACEMENT_3D('',#13221,#8639,#8640);
#7076=AXIS2_PLACEMENT_3D('',#13222,#8641,#8642);
#7077=AXIS2_PLACEMENT_3D('',#13352,#8644,#8645);
#7078=AXIS2_PLACEMENT_3D('',#13354,#8647,#8648);
#7079=AXIS2_PLACEMENT_3D('',#13355,#8649,#8650);
#7080=AXIS2_PLACEMENT_3D('',#13358,#8652,#8653);
#7081=AXIS2_PLACEMENT_3D('',#13359,#8654,#8655);
#7082=AXIS2_PLACEMENT_3D('',#13361,#8657,#8658);
#7083=AXIS2_PLACEMENT_3D('',#13363,#8660,#8661);
#7084=AXIS2_PLACEMENT_3D('',#13364,#8662,#8663);
#7085=AXIS2_PLACEMENT_3D('',#13365,#8664,#8665);
#7086=AXIS2_PLACEMENT_3D('',#13368,#8668,#8669);
#7087=AXIS2_PLACEMENT_3D('',#13369,#8670,#8671);
#7088=AXIS2_PLACEMENT_3D('',#13370,#8672,#8673);
#7089=AXIS2_PLACEMENT_3D('',#13375,#8676,#8677);
#7090=AXIS2_PLACEMENT_3D('',#13376,#8678,#8679);
#7091=AXIS2_PLACEMENT_3D('',#13381,#8682,#8683);
#7092=AXIS2_PLACEMENT_3D('',#13382,#8684,#8685);
#7093=AXIS2_PLACEMENT_3D('',#13387,#8688,#8689);
#7094=AXIS2_PLACEMENT_3D('',#13388,#8690,#8691);
#7095=AXIS2_PLACEMENT_3D('',#13393,#8694,#8695);
#7096=AXIS2_PLACEMENT_3D('',#13394,#8696,#8697);
#7097=AXIS2_PLACEMENT_3D('',#13396,#8699,#8700);
#7098=AXIS2_PLACEMENT_3D('',#13398,#8702,#8703);
#7099=AXIS2_PLACEMENT_3D('',#13400,#8705,#8706);
#7100=AXIS2_PLACEMENT_3D('',#13402,#8708,#8709);
#7101=AXIS2_PLACEMENT_3D('',#13403,#8710,#8711);
#7102=AXIS2_PLACEMENT_3D('',#13406,#8712,#8713);
#7103=AXIS2_PLACEMENT_3D('',#13409,#8716,#8717);
#7104=AXIS2_PLACEMENT_3D('',#13412,#8718,#8719);
#7105=AXIS2_PLACEMENT_3D('',#13415,#8722,#8723);
#7106=AXIS2_PLACEMENT_3D('',#13418,#8724,#8725);
#7107=AXIS2_PLACEMENT_3D('',#13421,#8728,#8729);
#7108=AXIS2_PLACEMENT_3D('',#13424,#8730,#8731);
#7109=AXIS2_PLACEMENT_3D('',#13427,#8734,#8735);
#7110=AXIS2_PLACEMENT_3D('',#13429,#8737,#8738);
#7111=AXIS2_PLACEMENT_3D('',#13431,#8740,#8741);
#7112=AXIS2_PLACEMENT_3D('',#13433,#8743,#8744);
#7113=AXIS2_PLACEMENT_3D('',#13435,#8746,#8747);
#7114=AXIS2_PLACEMENT_3D('',#13436,#8748,#8749);
#7115=AXIS2_PLACEMENT_3D('',#13439,#8750,#8751);
#7116=AXIS2_PLACEMENT_3D('',#13442,#8754,#8755);
#7117=AXIS2_PLACEMENT_3D('',#13445,#8756,#8757);
#7118=AXIS2_PLACEMENT_3D('',#13448,#8760,#8761);
#7119=AXIS2_PLACEMENT_3D('',#13451,#8762,#8763);
#7120=AXIS2_PLACEMENT_3D('',#13454,#8766,#8767);
#7121=AXIS2_PLACEMENT_3D('',#13457,#8768,#8769);
#7122=AXIS2_PLACEMENT_3D('',#13460,#8772,#8773);
#7123=AXIS2_PLACEMENT_3D('',#13462,#8775,#8776);
#7124=AXIS2_PLACEMENT_3D('',#13464,#8778,#8779);
#7125=AXIS2_PLACEMENT_3D('',#13466,#8781,#8782);
#7126=AXIS2_PLACEMENT_3D('',#13468,#8784,#8785);
#7127=AXIS2_PLACEMENT_3D('',#13469,#8786,#8787);
#7128=AXIS2_PLACEMENT_3D('',#13474,#8790,#8791);
#7129=AXIS2_PLACEMENT_3D('',#13475,#8792,#8793);
#7130=AXIS2_PLACEMENT_3D('',#13480,#8796,#8797);
#7131=AXIS2_PLACEMENT_3D('',#13481,#8798,#8799);
#7132=AXIS2_PLACEMENT_3D('',#13486,#8802,#8803);
#7133=AXIS2_PLACEMENT_3D('',#13487,#8804,#8805);
#7134=AXIS2_PLACEMENT_3D('',#13492,#8808,#8809);
#7135=AXIS2_PLACEMENT_3D('',#13493,#8810,#8811);
#7136=AXIS2_PLACEMENT_3D('',#13495,#8813,#8814);
#7137=AXIS2_PLACEMENT_3D('',#13497,#8816,#8817);
#7138=AXIS2_PLACEMENT_3D('',#13499,#8819,#8820);
#7139=AXIS2_PLACEMENT_3D('',#13501,#8822,#8823);
#7140=AXIS2_PLACEMENT_3D('',#13502,#8824,#8825);
#7141=AXIS2_PLACEMENT_3D('',#13507,#8828,#8829);
#7142=AXIS2_PLACEMENT_3D('',#13508,#8830,#8831);
#7143=AXIS2_PLACEMENT_3D('',#13513,#8834,#8835);
#7144=AXIS2_PLACEMENT_3D('',#13514,#8836,#8837);
#7145=AXIS2_PLACEMENT_3D('',#13519,#8840,#8841);
#7146=AXIS2_PLACEMENT_3D('',#13520,#8842,#8843);
#7147=AXIS2_PLACEMENT_3D('',#13525,#8846,#8847);
#7148=AXIS2_PLACEMENT_3D('',#13526,#8848,#8849);
#7149=AXIS2_PLACEMENT_3D('',#13528,#8851,#8852);
#7150=AXIS2_PLACEMENT_3D('',#13530,#8854,#8855);
#7151=AXIS2_PLACEMENT_3D('',#13532,#8857,#8858);
#7152=AXIS2_PLACEMENT_3D('',#13534,#8860,#8861);
#7153=AXIS2_PLACEMENT_3D('',#13604,#8864,#8865);
#7154=AXIS2_PLACEMENT_3D('',#14020,#8866,#8867);
#7155=AXIS2_PLACEMENT_3D('',#14021,#8868,#8869);
#7156=AXIS2_PLACEMENT_3D('',#14043,#8870,#8871);
#7157=DIRECTION('axis',(0.,0.,1.));
#7158=DIRECTION('refdir',(1.,0.,0.));
#7159=DIRECTION('center_axis',(0.,0.,-1.));
#7160=DIRECTION('ref_axis',(-1.,0.,0.));
#7161=DIRECTION('center_axis',(0.,0.,-1.));
#7162=DIRECTION('ref_axis',(-1.,0.,0.));
#7163=DIRECTION('',(0.,0.,1.));
#7164=DIRECTION('center_axis',(0.,0.,-1.));
#7165=DIRECTION('ref_axis',(-1.,0.,0.));
#7166=DIRECTION('center_axis',(-0.984957024154244,1.12949308440265E-16,
-0.172799480812926));
#7167=DIRECTION('ref_axis',(-0.172799480812926,0.,0.984957024154244));
#7168=DIRECTION('',(0.,0.,1.));
#7169=DIRECTION('center_axis',(0.,0.,-1.));
#7170=DIRECTION('ref_axis',(-1.,0.,0.));
#7171=DIRECTION('center_axis',(0.,0.,1.));
#7172=DIRECTION('ref_axis',(-0.993668599719282,-0.112350851941235,0.));
#7173=DIRECTION('center_axis',(-0.984957024154244,1.12949308440265E-16,
-0.172799480812926));
#7174=DIRECTION('ref_axis',(0.172799480812926,0.,-0.984957024154244));
#7175=DIRECTION('center_axis',(0.,0.,-1.));
#7176=DIRECTION('ref_axis',(1.,0.,0.));
#7177=DIRECTION('center_axis',(0.984957024154244,-1.12949308440265E-16,
0.172799480812926));
#7178=DIRECTION('ref_axis',(-1.14674351946727E-16,-1.,0.));
#7179=DIRECTION('',(1.14674351946727E-16,1.,0.));
#7180=DIRECTION('',(-0.172799480812926,0.,0.984957024154244));
#7181=DIRECTION('',(0.,-1.,0.));
#7182=DIRECTION('',(-0.172799480812913,0.,0.984957024154246));
#7183=DIRECTION('',(1.14674351946727E-16,1.,0.));
#7184=DIRECTION('center_axis',(0.,1.,0.));
#7185=DIRECTION('ref_axis',(0.,0.,-1.));
#7186=DIRECTION('',(-1.,0.,0.));
#7187=DIRECTION('',(-1.,0.,0.));
#7188=DIRECTION('',(0.,0.,1.));
#7189=DIRECTION('',(1.,0.,0.));
#7190=DIRECTION('',(0.,0.,-1.));
#7191=DIRECTION('center_axis',(-1.,0.,0.));
#7192=DIRECTION('ref_axis',(0.,1.,0.));
#7193=DIRECTION('',(0.,-1.,0.));
#7194=DIRECTION('',(0.,0.,1.));
#7195=DIRECTION('center_axis',(1.,0.,0.));
#7196=DIRECTION('ref_axis',(0.,-1.,0.));
#7197=DIRECTION('',(0.,2.93725778040187E-15,1.));
#7198=DIRECTION('center_axis',(1.,0.,0.));
#7199=DIRECTION('ref_axis',(0.,-1.,0.));
#7200=DIRECTION('',(0.,0.,1.));
#7201=DIRECTION('',(0.,1.,0.));
#7202=DIRECTION('',(0.,0.,-1.));
#7203=DIRECTION('center_axis',(1.,0.,0.));
#7204=DIRECTION('ref_axis',(0.,-1.,0.));
#7205=DIRECTION('',(0.,9.24937037440293E-16,-1.));
#7206=DIRECTION('center_axis',(1.,0.,0.));
#7207=DIRECTION('ref_axis',(0.,-1.,0.));
#7208=DIRECTION('',(0.,0.,-1.));
#7209=DIRECTION('center_axis',(-1.,0.,0.));
#7210=DIRECTION('ref_axis',(0.,1.,0.));
#7211=DIRECTION('center_axis',(0.,1.,0.));
#7212=DIRECTION('ref_axis',(0.,0.,-1.));
#7213=DIRECTION('',(-1.,0.,0.));
#7214=DIRECTION('',(0.,0.,-1.));
#7215=DIRECTION('',(1.,0.,0.));
#7216=DIRECTION('',(0.,0.,1.));
#7217=DIRECTION('',(-1.,0.,0.));
#7218=DIRECTION('',(0.,0.,-1.));
#7219=DIRECTION('',(1.,0.,0.));
#7220=DIRECTION('',(0.,0.,1.));
#7221=DIRECTION('',(-1.,0.,0.));
#7222=DIRECTION('',(0.,0.,1.));
#7223=DIRECTION('',(-1.,0.,0.));
#7224=DIRECTION('',(0.,0.,-1.));
#7225=DIRECTION('',(-1.,0.,0.));
#7226=DIRECTION('',(0.,0.,-1.));
#7227=DIRECTION('',(1.,0.,0.));
#7228=DIRECTION('center_axis',(0.,-1.,0.));
#7229=DIRECTION('ref_axis',(-1.42108547152018E-14,0.,1.));
#7230=DIRECTION('',(0.,0.,-1.));
#7231=DIRECTION('center_axis',(0.,-1.,0.));
#7232=DIRECTION('ref_axis',(-1.,0.,-6.66133814775092E-15));
#7233=DIRECTION('',(1.,0.,-5.96537744574711E-16));
#7234=DIRECTION('center_axis',(0.,-1.,0.));
#7235=DIRECTION('ref_axis',(-1.77635683940025E-15,0.,-1.));
#7236=DIRECTION('',(0.,0.,1.));
#7237=DIRECTION('center_axis',(2.14425238664715E-15,-1.,2.14425238664715E-15));
#7238=DIRECTION('ref_axis',(1.,2.14425238664716E-15,3.55271367880048E-15));
#7239=DIRECTION('',(-1.,0.,0.));
#7240=DIRECTION('',(1.,0.,0.));
#7241=DIRECTION('center_axis',(2.14425238664715E-15,1.,-2.14425238664715E-15));
#7242=DIRECTION('ref_axis',(-1.,2.14425238664716E-15,3.55271367880048E-15));
#7243=DIRECTION('',(-1.56125115164357E-14,0.,1.));
#7244=DIRECTION('center_axis',(0.,1.,0.));
#7245=DIRECTION('ref_axis',(2.66453525910039E-15,0.,-1.));
#7246=DIRECTION('',(-1.,0.,-5.96537744574713E-16));
#7247=DIRECTION('center_axis',(0.,1.,0.));
#7248=DIRECTION('ref_axis',(1.,0.,-2.22044604925031E-15));
#7249=DIRECTION('',(0.,0.,-1.));
#7250=DIRECTION('center_axis',(0.,1.,0.));
#7251=DIRECTION('ref_axis',(1.28785870856517E-14,0.,1.));
#7252=DIRECTION('center_axis',(0.,-1.,0.));
#7253=DIRECTION('ref_axis',(0.,0.,1.));
#7254=DIRECTION('',(0.,0.,1.));
#7255=DIRECTION('',(1.,0.,0.));
#7256=DIRECTION('',(-1.,0.,0.));
#7257=DIRECTION('',(0.,0.,1.));
#7258=DIRECTION('',(1.,0.,0.));
#7259=DIRECTION('',(3.2073109940141E-15,0.,1.));
#7260=DIRECTION('',(1.,0.,0.));
#7261=DIRECTION('',(0.,0.,-1.));
#7262=DIRECTION('',(1.,0.,0.));
#7263=DIRECTION('',(-1.,0.,0.));
#7264=DIRECTION('center_axis',(-2.14425238664716E-15,-1.,-2.14425238664716E-15));
#7265=DIRECTION('ref_axis',(1.,-2.14425238664717E-15,4.44089209850059E-15));
#7266=DIRECTION('',(0.,0.,1.));
#7267=DIRECTION('center_axis',(0.,-1.,0.));
#7268=DIRECTION('ref_axis',(-3.55271367880052E-15,0.,-1.));
#7269=DIRECTION('',(1.,0.,-5.65478620845077E-16));
#7270=DIRECTION('center_axis',(0.,-1.,0.));
#7271=DIRECTION('ref_axis',(-1.,0.,-4.44089209850062E-16));
#7272=DIRECTION('',(0.,0.,-1.));
#7273=DIRECTION('center_axis',(0.,-1.,0.));
#7274=DIRECTION('ref_axis',(-1.59872115546021E-14,0.,1.));
#7275=DIRECTION('center_axis',(0.,1.,0.));
#7276=DIRECTION('ref_axis',(1.28785870856517E-14,0.,1.));
#7277=DIRECTION('',(0.,0.,-1.));
#7278=DIRECTION('center_axis',(0.,1.,0.));
#7279=DIRECTION('ref_axis',(1.,0.,-2.22044604925031E-15));
#7280=DIRECTION('',(-1.,0.,-5.96537744574713E-16));
#7281=DIRECTION('center_axis',(0.,1.,0.));
#7282=DIRECTION('ref_axis',(2.66453525910039E-15,0.,-1.));
#7283=DIRECTION('',(-1.56125115164357E-14,0.,1.));
#7284=DIRECTION('center_axis',(-2.14425238664715E-15,1.,2.14425238664715E-15));
#7285=DIRECTION('ref_axis',(-1.,-2.14425238664716E-15,3.55271367880048E-15));
#7286=DIRECTION('',(1.,0.,0.));
#7287=DIRECTION('',(-1.,0.,0.));
#7288=DIRECTION('center_axis',(-2.14425238664715E-15,-1.,-2.14425238664715E-15));
#7289=DIRECTION('ref_axis',(1.,-2.14425238664716E-15,3.55271367880048E-15));
#7290=DIRECTION('',(0.,0.,1.));
#7291=DIRECTION('center_axis',(0.,-1.,0.));
#7292=DIRECTION('ref_axis',(-1.77635683940025E-15,0.,-1.));
#7293=DIRECTION('',(1.,0.,-5.96537744574711E-16));
#7294=DIRECTION('center_axis',(0.,-1.,0.));
#7295=DIRECTION('ref_axis',(-1.,0.,-6.66133814775092E-15));
#7296=DIRECTION('',(0.,0.,-1.));
#7297=DIRECTION('center_axis',(0.,-1.,0.));
#7298=DIRECTION('ref_axis',(-1.42108547152018E-14,0.,1.));
#7299=DIRECTION('center_axis',(-1.,0.,0.));
#7300=DIRECTION('ref_axis',(0.,-1.,0.));
#7301=DIRECTION('',(0.,1.,0.));
#7302=DIRECTION('',(0.,0.,-1.));
#7303=DIRECTION('',(0.,1.,0.));
#7304=DIRECTION('center_axis',(1.,0.,0.));
#7305=DIRECTION('ref_axis',(3.55271367880051E-15,1.,0.));
#7306=DIRECTION('center_axis',(0.,1.,0.));
#7307=DIRECTION('ref_axis',(0.,0.,-1.));
#7308=DIRECTION('',(-1.,0.,0.));
#7309=DIRECTION('',(-1.,0.,0.));
#7310=DIRECTION('',(-0.172799480812926,0.,-0.984957024154244));
#7311=DIRECTION('',(-1.,0.,0.));
#7312=DIRECTION('center_axis',(0.,0.,1.));
#7313=DIRECTION('ref_axis',(-1.,0.,0.));
#7314=DIRECTION('',(-1.,0.,0.));
#7315=DIRECTION('',(0.,-1.,0.));
#7316=DIRECTION('center_axis',(-1.11022302462517E-16,-4.27191670500654E-25,
1.));
#7317=DIRECTION('ref_axis',(-0.999999999999958,2.91569632437918E-7,-1.11022302462512E-16));
#7318=DIRECTION('',(6.56040965133745E-15,-1.,0.));
#7319=DIRECTION('',(-1.,0.,0.));
#7320=DIRECTION('',(0.,1.,0.));
#7321=DIRECTION('',(-1.,0.,0.));
#7322=DIRECTION('center_axis',(-6.82583964166217E-17,-1.32774788982311E-16,
1.));
#7323=DIRECTION('ref_axis',(0.946484321039385,-0.32274979477393,2.17524660924307E-17));
#7324=DIRECTION('',(-1.,9.33558857486758E-14,0.));
#7325=DIRECTION('',(0.,1.,0.));
#7326=DIRECTION('',(1.,0.,0.));
#7327=DIRECTION('',(0.,1.,0.));
#7328=DIRECTION('',(-1.,0.,0.));
#7329=DIRECTION('',(0.,1.,0.));
#7330=DIRECTION('',(1.,8.58282251334309E-14,0.));
#7331=DIRECTION('center_axis',(2.16695820201735E-16,-1.55964885922374E-16,
1.));
#7332=DIRECTION('ref_axis',(-2.99265234815483E-7,-0.999999999999955,-1.55964821072842E-16));
#7333=DIRECTION('',(1.,0.,0.));
#7334=DIRECTION('',(0.,1.,0.));
#7335=DIRECTION('',(1.,0.,0.));
#7336=DIRECTION('',(-5.70952342656022E-15,-1.,0.));
#7337=DIRECTION('',(-1.,0.,0.));
#7338=DIRECTION('',(0.,1.,0.));
#7339=DIRECTION('',(1.,0.,0.));
#7340=DIRECTION('',(0.,1.,0.));
#7341=DIRECTION('',(-1.,0.,0.));
#7342=DIRECTION('',(0.,1.,0.));
#7343=DIRECTION('center_axis',(0.,0.,1.));
#7344=DIRECTION('ref_axis',(-1.,0.,0.));
#7345=DIRECTION('',(0.,1.,0.));
#7346=DIRECTION('center_axis',(0.,0.,-1.));
#7347=DIRECTION('ref_axis',(1.,0.,0.));
#7348=DIRECTION('center_axis',(0.,-1.,0.));
#7349=DIRECTION('ref_axis',(0.,0.,1.));
#7350=DIRECTION('',(0.,0.,1.));
#7351=DIRECTION('',(-1.,0.,0.));
#7352=DIRECTION('',(-0.172799480812926,0.,-0.984957024154244));
#7353=DIRECTION('center_axis',(0.,0.,-1.));
#7354=DIRECTION('ref_axis',(-1.,0.,0.));
#7355=DIRECTION('',(0.866025403784438,-1.06057523872491E-16,-0.5));
#7356=DIRECTION('center_axis',(0.,0.,1.));
#7357=DIRECTION('ref_axis',(-1.,0.,0.));
#7358=DIRECTION('center_axis',(0.,0.,1.));
#7359=DIRECTION('ref_axis',(-1.,0.,0.));
#7360=DIRECTION('center_axis',(0.,0.,-1.));
#7361=DIRECTION('ref_axis',(1.,0.,0.));
#7362=DIRECTION('center_axis',(-7.4318802510054E-31,2.41782591842058E-30,
1.));
#7363=DIRECTION('ref_axis',(0.80240677131606,0.596777490649686,-8.46564980721123E-31));
#7364=DIRECTION('center_axis',(-7.4318802510054E-31,2.41782591842058E-30,
1.));
#7365=DIRECTION('ref_axis',(0.80240677131606,0.596777490649686,-8.46564980721123E-31));
#7366=DIRECTION('',(0.,-1.,-4.59416915787047E-16));
#7367=DIRECTION('',(-1.,0.,7.89940503581776E-16));
#7368=DIRECTION('',(0.,-1.,2.63677968348488E-16));
#7369=DIRECTION('',(-1.,0.,-1.56125112837913E-16));
#7370=DIRECTION('',(0.,1.,3.60822483003176E-16));
#7371=DIRECTION('',(-1.,1.24900090270329E-14,0.));
#7372=DIRECTION('',(4.44089209850041E-15,-1.,0.));
#7373=DIRECTION('',(-1.,0.,0.));
#7374=DIRECTION('',(-2.98372437868041E-15,1.,0.));
#7375=DIRECTION('',(-1.,2.4980018054066E-14,0.));
#7376=DIRECTION('',(-5.55111512312578E-15,-1.,-1.31838984174238E-16));
#7377=DIRECTION('',(-1.,0.,3.29597460435596E-17));
#7378=DIRECTION('',(0.,1.,0.));
#7379=DIRECTION('',(-1.,2.49800180540657E-14,0.));
#7380=DIRECTION('',(0.,-1.,-1.11022302462516E-16));
#7381=DIRECTION('',(-1.,0.,2.42861286636756E-17));
#7382=DIRECTION('',(0.,1.,1.38777878078151E-17));
#7383=DIRECTION('',(-1.,0.,0.));
#7384=DIRECTION('',(0.,-1.,0.));
#7385=DIRECTION('',(-1.,0.,-2.12760509945958E-16));
#7386=DIRECTION('',(0.,1.,2.16277212589315E-17));
#7387=DIRECTION('',(1.,0.,9.67093227027083E-17));
#7388=DIRECTION('',(0.,-1.,-1.66533453693765E-16));
#7389=DIRECTION('',(-1.,0.,0.));
#7390=DIRECTION('',(0.,-1.,-9.71445146546962E-17));
#7391=DIRECTION('',(1.,0.,-6.93889390390721E-18));
#7392=DIRECTION('',(0.,-1.,-6.93889390390656E-17));
#7393=DIRECTION('',(-1.,-2.49800180540657E-14,0.));
#7394=DIRECTION('',(0.,1.,-2.77555756156289E-17));
#7395=DIRECTION('',(1.,0.,-1.21430643318378E-17));
#7396=DIRECTION('',(-4.44089209850018E-15,-1.,7.63278329429719E-17));
#7397=DIRECTION('',(-1.,-2.49800180540659E-14,0.));
#7398=DIRECTION('',(-3.98986399474666E-15,-1.,-7.63278329429795E-17));
#7399=DIRECTION('',(1.,0.,1.38777878078145E-17));
#7400=DIRECTION('',(-4.44089209849974E-15,-1.,-1.31838984174211E-16));
#7401=DIRECTION('',(-1.,-2.49800180540659E-14,0.));
#7402=DIRECTION('',(0.,-1.,-9.71445146546913E-17));
#7403=DIRECTION('',(1.,0.,-4.85722573273505E-17));
#7404=DIRECTION('',(0.,-1.,9.71445146546962E-17));
#7405=DIRECTION('',(-1.,0.,4.37360585458395E-17));
#7406=DIRECTION('',(0.,-1.,-4.59416915787047E-16));
#7407=DIRECTION('center_axis',(-1.87752531081615E-15,-3.79831864292823E-15,
-1.));
#7408=DIRECTION('ref_axis',(1.0204639427877E-16,1.,-3.79831864292823E-15));
#7409=DIRECTION('center_axis',(0.,0.,-1.));
#7410=DIRECTION('ref_axis',(1.0204639427877E-16,1.,-3.79831864292823E-15));
#7411=DIRECTION('',(-1.8248529251815E-15,-0.224859422359457,-0.974391215157532));
#7412=DIRECTION('center_axis',(1.,0.,0.));
#7413=DIRECTION('ref_axis',(0.,-1.,0.));
#7414=DIRECTION('',(0.,0.,1.));
#7415=DIRECTION('',(0.,-1.,0.));
#7416=DIRECTION('center_axis',(0.,0.,1.));
#7417=DIRECTION('ref_axis',(1.,0.,0.));
#7418=DIRECTION('center_axis',(0.,0.,-1.));
#7419=DIRECTION('ref_axis',(1.,0.,0.));
#7420=DIRECTION('',(0.495463174444392,-0.495463174444395,0.713465125664156));
#7421=DIRECTION('',(0.,1.,0.));
#7422=DIRECTION('',(0.495463174444392,0.495463174444394,0.713465125664156));
#7423=DIRECTION('',(-0.495463174444393,-0.49546317444439,0.713465125664158));
#7424=DIRECTION('',(1.,0.,0.));
#7425=DIRECTION('',(-0.495463174444394,0.495463174444389,0.713465125664159));
#7426=DIRECTION('',(0.,-1.,0.));
#7427=DIRECTION('',(-1.,0.,0.));
#7428=DIRECTION('',(0.495463174435653,0.495463174456807,0.713465125661605));
#7429=DIRECTION('',(-1.,0.,0.));
#7430=DIRECTION('',(-0.495463174446169,0.495463174453379,0.713465125656682));
#7431=DIRECTION('',(0.495463174442616,-0.495463174435404,0.713465125671632));
#7432=DIRECTION('',(0.,1.,0.));
#7433=DIRECTION('',(-0.495463174453132,-0.495463174431978,0.713465125666709));
#7434=DIRECTION('',(1.,0.,0.));
#7435=DIRECTION('',(0.,-1.,0.));
#7436=DIRECTION('',(0.495463174444392,-0.495463174444392,0.713465125664157));
#7437=DIRECTION('',(0.,1.,0.));
#7438=DIRECTION('',(0.495463174444389,0.495463174444396,0.713465125664157));
#7439=DIRECTION('',(-0.495463174444391,-0.495463174444394,0.713465125664157));
#7440=DIRECTION('',(1.,0.,0.));
#7441=DIRECTION('',(-0.495463174444392,0.495463174444394,0.713465125664156));
#7442=DIRECTION('',(0.,-1.,0.));
#7443=DIRECTION('',(-1.,0.,0.));
#7444=DIRECTION('center_axis',(0.,1.,0.));
#7445=DIRECTION('ref_axis',(-1.,0.,0.));
#7446=DIRECTION('',(0.,0.,-1.));
#7447=DIRECTION('',(-1.,0.,0.));
#7448=DIRECTION('',(0.,0.,1.));
#7449=DIRECTION('center_axis',(-1.,0.,0.));
#7450=DIRECTION('ref_axis',(0.,-1.,0.));
#7451=DIRECTION('',(0.,-1.,0.));
#7452=DIRECTION('',(0.,0.,1.));
#7453=DIRECTION('center_axis',(0.,-1.,0.));
#7454=DIRECTION('ref_axis',(1.,0.,0.));
#7455=DIRECTION('',(1.,0.,0.));
#7456=DIRECTION('',(0.,0.,1.));
#7457=DIRECTION('center_axis',(1.,0.,0.));
#7458=DIRECTION('ref_axis',(0.,1.,0.));
#7459=DIRECTION('',(0.,1.,0.));
#7460=DIRECTION('center_axis',(-1.,0.,0.));
#7461=DIRECTION('ref_axis',(0.,-1.,0.));
#7462=DIRECTION('',(0.,0.707106781186542,-0.707106781186553));
#7463=DIRECTION('',(0.,-1.,0.));
#7464=DIRECTION('',(0.,0.,1.));
#7465=DIRECTION('center_axis',(0.,1.,0.));
#7466=DIRECTION('ref_axis',(-1.,0.,0.));
#7467=DIRECTION('',(1.,0.,0.));
#7468=DIRECTION('',(-1.,0.,0.));
#7469=DIRECTION('',(0.,0.,1.));
#7470=DIRECTION('center_axis',(1.,0.,0.));
#7471=DIRECTION('ref_axis',(0.,1.,0.));
#7472=DIRECTION('',(0.,-0.707106781186542,0.707106781186553));
#7473=DIRECTION('',(0.,1.,0.));
#7474=DIRECTION('center_axis',(-1.,0.,0.));
#7475=DIRECTION('ref_axis',(0.,-1.,0.));
#7476=DIRECTION('',(0.,-0.707106781186383,-0.707106781186712));
#7477=DIRECTION('',(0.,0.,1.));
#7478=DIRECTION('',(0.,-1.,0.));
#7479=DIRECTION('center_axis',(-1.,0.,0.));
#7480=DIRECTION('ref_axis',(0.,-1.,0.));
#7481=DIRECTION('',(0.,0.,-1.));
#7482=DIRECTION('',(0.,-1.,0.));
#7483=DIRECTION('',(0.,0.,1.));
#7484=DIRECTION('center_axis',(0.,-1.,0.));
#7485=DIRECTION('ref_axis',(1.,0.,0.));
#7486=DIRECTION('',(1.,0.,0.));
#7487=DIRECTION('',(0.,0.,1.));
#7488=DIRECTION('center_axis',(1.,0.,0.));
#7489=DIRECTION('ref_axis',(0.,1.,0.));
#7490=DIRECTION('',(0.,1.,0.));
#7491=DIRECTION('',(0.,0.,1.));
#7492=DIRECTION('center_axis',(0.,1.,0.));
#7493=DIRECTION('ref_axis',(-1.,0.,0.));
#7494=DIRECTION('',(-1.,0.,0.));
#7495=DIRECTION('center_axis',(1.,0.,0.));
#7496=DIRECTION('ref_axis',(0.,1.,0.));
#7497=DIRECTION('',(0.,0.707106781186383,0.707106781186712));
#7498=DIRECTION('',(0.,1.,0.));
#7499=DIRECTION('',(0.,0.,1.));
#7500=DIRECTION('center_axis',(0.,-1.,0.));
#7501=DIRECTION('ref_axis',(1.,0.,0.));
#7502=DIRECTION('',(1.,0.,0.));
#7503=DIRECTION('',(1.,0.,0.));
#7504=DIRECTION('center_axis',(0.,-1.,0.));
#7505=DIRECTION('ref_axis',(1.,0.,0.));
#7506=DIRECTION('',(-1.,0.,0.));
#7507=DIRECTION('',(0.,0.,1.));
#7508=DIRECTION('',(0.,0.,1.));
#7509=DIRECTION('center_axis',(1.,0.,0.));
#7510=DIRECTION('ref_axis',(0.,1.,0.));
#7511=DIRECTION('',(0.,-1.,0.));
#7512=DIRECTION('',(0.,0.,-1.));
#7513=DIRECTION('center_axis',(0.,1.,0.));
#7514=DIRECTION('ref_axis',(-1.,0.,0.));
#7515=DIRECTION('',(1.,0.,0.));
#7516=DIRECTION('',(0.,0.,1.));
#7517=DIRECTION('center_axis',(-1.,0.,0.));
#7518=DIRECTION('ref_axis',(0.,-1.,0.));
#7519=DIRECTION('',(0.,1.,0.));
#7520=DIRECTION('center_axis',(-1.,0.,0.));
#7521=DIRECTION('ref_axis',(0.,1.,0.));
#7522=DIRECTION('',(0.707106781186548,0.707106781186547,-8.65956056235493E-17));
#7523=DIRECTION('center_axis',(1.,0.,0.));
#7524=DIRECTION('ref_axis',(0.,1.,0.));
#7525=DIRECTION('center_axis',(-1.,0.,0.));
#7526=DIRECTION('ref_axis',(0.,1.,0.));
#7527=DIRECTION('center_axis',(-1.,0.,0.));
#7528=DIRECTION('ref_axis',(0.,1.,0.));
#7529=DIRECTION('',(-1.,0.,0.));
#7530=DIRECTION('center_axis',(1.,0.,0.));
#7531=DIRECTION('ref_axis',(0.,1.,0.));
#7532=DIRECTION('center_axis',(1.,0.,0.));
#7533=DIRECTION('ref_axis',(0.,1.,0.));
#7534=DIRECTION('',(-0.707106781186546,0.707106781186549,8.65956056235495E-17));
#7535=DIRECTION('center_axis',(1.,0.,0.));
#7536=DIRECTION('ref_axis',(0.,-1.,0.));
#7537=DIRECTION('center_axis',(-1.,0.,0.));
#7538=DIRECTION('ref_axis',(0.,3.66703851966411E-6,-0.999999999993276));
#7539=DIRECTION('',(-2.00064853572713E-9,1.,1.00032426786356E-9));
#7540=DIRECTION('center_axis',(-0.999999999999997,5.76260495851188E-8,5.77737761678915E-8));
#7541=DIRECTION('ref_axis',(5.77740663770062E-8,5.03608783380807E-6,0.999999999987317));
#7542=DIRECTION('',(1.21165925297639E-10,0.,-1.));
#7543=DIRECTION('',(0.,-1.,0.));
#7544=DIRECTION('',(0.,0.,1.));
#7545=DIRECTION('center_axis',(-1.,0.,0.));
#7546=DIRECTION('ref_axis',(0.,-2.22044604925031E-15,-1.));
#7547=DIRECTION('',(0.,1.,2.58913951638327E-16));
#7548=DIRECTION('center_axis',(-1.,1.28655143198828E-14,-1.28655143198827E-14));
#7549=DIRECTION('ref_axis',(1.28655143198827E-14,1.,5.55111512312577E-15));
#7550=DIRECTION('',(0.,0.,-1.));
#7551=DIRECTION('',(0.,-1.,0.));
#7552=DIRECTION('',(-5.3852207209557E-11,0.,1.));
#7553=DIRECTION('',(-1.62799760227096E-5,0.998980005372283,0.0451547184838605));
#7554=DIRECTION('center_axis',(0.,0.,1.));
#7555=DIRECTION('ref_axis',(-1.,0.,0.));
#7556=DIRECTION('',(0.,1.,0.));
#7557=DIRECTION('',(0.,-1.,0.));
#7558=DIRECTION('',(-1.,0.,0.));
#7559=DIRECTION('',(0.,1.,0.));
#7560=DIRECTION('center_axis',(1.,0.,0.));
#7561=DIRECTION('ref_axis',(0.,-1.,0.));
#7562=DIRECTION('center_axis',(1.,0.,0.));
#7563=DIRECTION('ref_axis',(0.,-1.,0.));
#7564=DIRECTION('center_axis',(-1.,0.,0.));
#7565=DIRECTION('ref_axis',(0.,-1.,0.));
#7566=DIRECTION('',(-1.,0.,0.));
#7567=DIRECTION('center_axis',(-1.,0.,0.));
#7568=DIRECTION('ref_axis',(0.,-1.,0.));
#7569=DIRECTION('center_axis',(1.,0.,0.));
#7570=DIRECTION('ref_axis',(0.,1.,1.20980294963545E-15));
#7571=DIRECTION('center_axis',(1.,0.,0.));
#7572=DIRECTION('ref_axis',(0.,-1.,0.));
#7573=DIRECTION('',(1.,0.,0.));
#7574=DIRECTION('center_axis',(-1.,0.,0.));
#7575=DIRECTION('ref_axis',(0.,-1.,0.));
#7576=DIRECTION('center_axis',(-1.,0.,0.));
#7577=DIRECTION('ref_axis',(0.,-1.,0.));
#7578=DIRECTION('center_axis',(0.,1.,0.));
#7579=DIRECTION('ref_axis',(0.,0.,-1.));
#7580=DIRECTION('',(0.,0.,-1.));
#7581=DIRECTION('',(1.,0.,0.));
#7582=DIRECTION('center_axis',(0.,-1.,0.));
#7583=DIRECTION('ref_axis',(0.,0.,1.));
#7584=DIRECTION('',(-1.,0.,0.));
#7585=DIRECTION('',(0.,0.,1.));
#7586=DIRECTION('center_axis',(1.,0.,0.));
#7587=DIRECTION('ref_axis',(0.,-1.,0.));
#7588=DIRECTION('center_axis',(1.,2.57310286397658E-14,2.57310286397658E-14));
#7589=DIRECTION('ref_axis',(2.57310286397658E-14,-1.,-8.88178419700103E-16));
#7590=DIRECTION('',(0.,0.,1.));
#7591=DIRECTION('',(0.,1.,0.));
#7592=DIRECTION('',(0.,0.,-1.));
#7593=DIRECTION('',(0.,-1.,0.));
#7594=DIRECTION('',(0.,0.707106781186544,-0.707106781186551));
#7595=DIRECTION('',(0.,0.,1.));
#7596=DIRECTION('',(0.,0.,1.));
#7597=DIRECTION('',(0.,0.707106781186544,0.707106781186551));
#7598=DIRECTION('',(0.,-1.,0.));
#7599=DIRECTION('',(0.,0.,1.));
#7600=DIRECTION('',(0.,1.,0.));
#7601=DIRECTION('',(0.,0.,-1.));
#7602=DIRECTION('center_axis',(1.,0.,0.));
#7603=DIRECTION('ref_axis',(0.,8.88178419700125E-16,-1.));
#7604=DIRECTION('',(0.,-1.,0.));
#7605=DIRECTION('center_axis',(-1.,-6.8616076372709E-14,-6.8616076372709E-14));
#7606=DIRECTION('ref_axis',(-6.86160763727093E-14,3.99680288865023E-15,
1.));
#7607=DIRECTION('',(0.,0.,-1.));
#7608=DIRECTION('center_axis',(-1.,0.,0.));
#7609=DIRECTION('ref_axis',(0.,1.,-1.77635683940032E-15));
#7610=DIRECTION('',(0.,-1.,0.));
#7611=DIRECTION('center_axis',(-1.,6.86160763727069E-14,6.86160763727096E-14));
#7612=DIRECTION('ref_axis',(-6.86160763727073E-14,3.41948691584568E-14,
-1.));
#7613=DIRECTION('',(0.,0.,1.));
#7614=DIRECTION('center_axis',(-1.,0.,0.));
#7615=DIRECTION('ref_axis',(0.,-1.,-7.10542735760105E-15));
#7616=DIRECTION('',(0.,1.,0.));
#7617=DIRECTION('center_axis',(0.,1.,0.));
#7618=DIRECTION('ref_axis',(-1.,0.,0.));
#7619=DIRECTION('',(1.,0.,0.));
#7620=DIRECTION('',(0.,0.,1.));
#7621=DIRECTION('',(-1.,0.,0.));
#7622=DIRECTION('',(0.,0.,1.));
#7623=DIRECTION('center_axis',(0.,0.,1.));
#7624=DIRECTION('ref_axis',(1.,0.,0.));
#7625=DIRECTION('',(0.,1.,0.));
#7626=DIRECTION('',(0.,-1.,0.));
#7627=DIRECTION('center_axis',(0.,-1.,0.));
#7628=DIRECTION('ref_axis',(1.,0.,0.));
#7629=DIRECTION('',(-1.,0.,0.));
#7630=DIRECTION('',(0.,0.,1.));
#7631=DIRECTION('',(1.,0.,0.));
#7632=DIRECTION('',(0.,0.,1.));
#7633=DIRECTION('center_axis',(0.,0.,1.));
#7634=DIRECTION('ref_axis',(1.,0.,0.));
#7635=DIRECTION('',(8.04911692853219E-15,-1.,0.));
#7636=DIRECTION('',(-3.46944727641753E-15,1.,0.));
#7637=DIRECTION('center_axis',(0.,1.,0.));
#7638=DIRECTION('ref_axis',(-1.,0.,0.));
#7639=DIRECTION('',(1.,0.,0.));
#7640=DIRECTION('',(0.,0.,1.));
#7641=DIRECTION('',(-1.,0.,0.));
#7642=DIRECTION('',(0.,0.,1.));
#7643=DIRECTION('center_axis',(0.,0.,1.));
#7644=DIRECTION('ref_axis',(1.,0.,0.));
#7645=DIRECTION('',(0.,1.,0.));
#7646=DIRECTION('',(0.,-1.,0.));
#7647=DIRECTION('center_axis',(0.,0.,1.));
#7648=DIRECTION('ref_axis',(-1.,0.,0.));
#7649=DIRECTION('',(0.,1.,0.));
#7650=DIRECTION('',(-1.,0.,0.));
#7651=DIRECTION('',(0.,-1.,0.));
#7652=DIRECTION('center_axis',(0.,-1.,0.));
#7653=DIRECTION('ref_axis',(1.,0.,0.));
#7654=DIRECTION('',(-1.,0.,0.));
#7655=DIRECTION('',(0.,0.,1.));
#7656=DIRECTION('',(1.,0.,0.));
#7657=DIRECTION('',(0.,0.,1.));
#7658=DIRECTION('center_axis',(0.,0.,1.));
#7659=DIRECTION('ref_axis',(1.,0.,0.));
#7660=DIRECTION('',(8.04911692853219E-15,-1.,0.));
#7661=DIRECTION('',(-5.04646898021982E-15,1.,0.));
#7662=DIRECTION('center_axis',(0.,0.,1.));
#7663=DIRECTION('ref_axis',(-1.,0.,0.));
#7664=DIRECTION('',(0.,-1.,0.));
#7665=DIRECTION('',(1.,0.,0.));
#7666=DIRECTION('',(0.,1.,0.));
#7667=DIRECTION('center_axis',(0.,0.,-1.));
#7668=DIRECTION('ref_axis',(-1.,0.,0.));
#7669=DIRECTION('',(1.,0.,0.));
#7670=DIRECTION('',(0.,1.,0.));
#7671=DIRECTION('',(-1.,0.,0.));
#7672=DIRECTION('',(0.,-1.,0.));
#7673=DIRECTION('center_axis',(0.,1.,0.));
#7674=DIRECTION('ref_axis',(1.,0.,0.));
#7675=DIRECTION('',(0.,0.,1.));
#7676=DIRECTION('',(1.,0.,0.));
#7677=DIRECTION('',(0.,0.,-1.));
#7678=DIRECTION('center_axis',(0.,-1.,0.));
#7679=DIRECTION('ref_axis',(-1.,0.,0.));
#7680=DIRECTION('',(0.,0.,1.));
#7681=DIRECTION('',(0.,0.,-1.));
#7682=DIRECTION('center_axis',(0.,0.,-1.));
#7683=DIRECTION('ref_axis',(-1.,0.,0.));
#7684=DIRECTION('center_axis',(0.,0.,-1.));
#7685=DIRECTION('ref_axis',(1.,0.,0.));
#7686=DIRECTION('',(0.,-1.,0.));
#7687=DIRECTION('',(0.,1.,0.));
#7688=DIRECTION('center_axis',(-1.,0.,0.));
#7689=DIRECTION('ref_axis',(0.,1.,0.));
#7690=DIRECTION('center_axis',(-1.,2.14425238664731E-15,-2.14425238664731E-15));
#7691=DIRECTION('ref_axis',(2.14425238664743E-15,1.,-5.39568389967797E-14));
#7692=DIRECTION('',(0.,0.,-1.));
#7693=DIRECTION('center_axis',(1.,0.,0.));
#7694=DIRECTION('ref_axis',(0.,-1.,0.));
#7695=DIRECTION('center_axis',(1.,-2.14425238664714E-15,-2.14425238664714E-15));
#7696=DIRECTION('ref_axis',(-2.14425238664714E-15,-1.,4.44089209850064E-16));
#7697=DIRECTION('',(0.,0.,1.));
#7698=DIRECTION('center_axis',(1.,0.,0.));
#7699=DIRECTION('ref_axis',(0.,-0.707106781186548,-0.707106781186547));
#7700=DIRECTION('center_axis',(-1.,0.,0.));
#7701=DIRECTION('ref_axis',(0.,-0.707106781186548,-0.707106781186547));
#7702=DIRECTION('',(-1.,0.,0.));
#7703=DIRECTION('center_axis',(-1.,0.,0.));
#7704=DIRECTION('ref_axis',(0.,-0.707106781186548,-0.707106781186547));
#7705=DIRECTION('',(1.,0.,0.));
#7706=DIRECTION('center_axis',(0.,-1.,0.));
#7707=DIRECTION('ref_axis',(0.,0.,-1.));
#7708=DIRECTION('',(0.,0.,-1.));
#7709=DIRECTION('',(-1.,0.,0.));
#7710=DIRECTION('',(0.,0.,-1.));
#7711=DIRECTION('center_axis',(1.,0.,0.));
#7712=DIRECTION('ref_axis',(0.,0.707106781186547,0.707106781186548));
#7713=DIRECTION('center_axis',(-1.,0.,0.));
#7714=DIRECTION('ref_axis',(0.,0.707106781186547,0.707106781186548));
#7715=DIRECTION('',(-1.,0.,0.));
#7716=DIRECTION('center_axis',(-1.,0.,0.));
#7717=DIRECTION('ref_axis',(0.,0.707106781186547,0.707106781186548));
#7718=DIRECTION('',(1.,0.,0.));
#7719=DIRECTION('center_axis',(0.,1.,0.));
#7720=DIRECTION('ref_axis',(0.,0.,1.));
#7721=DIRECTION('',(0.,0.,1.));
#7722=DIRECTION('',(-1.,0.,0.));
#7723=DIRECTION('',(0.,0.,1.));
#7724=DIRECTION('center_axis',(1.,0.,0.));
#7725=DIRECTION('ref_axis',(0.,0.707106781186547,-0.707106781186548));
#7726=DIRECTION('center_axis',(-1.,0.,0.));
#7727=DIRECTION('ref_axis',(0.,0.707106781186547,-0.707106781186548));
#7728=DIRECTION('center_axis',(-1.,0.,0.));
#7729=DIRECTION('ref_axis',(0.,0.707106781186547,-0.707106781186548));
#7730=DIRECTION('',(1.,0.,0.));
#7731=DIRECTION('center_axis',(0.,0.,-1.));
#7732=DIRECTION('ref_axis',(0.,1.,0.));
#7733=DIRECTION('',(0.,1.,0.));
#7734=DIRECTION('',(0.,1.,0.));
#7735=DIRECTION('center_axis',(1.,0.,0.));
#7736=DIRECTION('ref_axis',(0.,-0.707106781186547,0.707106781186548));
#7737=DIRECTION('center_axis',(-1.,0.,0.));
#7738=DIRECTION('ref_axis',(0.,-0.707106781186547,0.707106781186548));
#7739=DIRECTION('center_axis',(-1.,0.,0.));
#7740=DIRECTION('ref_axis',(0.,-0.707106781186547,0.707106781186548));
#7741=DIRECTION('',(1.,0.,0.));
#7742=DIRECTION('center_axis',(0.,0.,1.));
#7743=DIRECTION('ref_axis',(0.,-1.,0.));
#7744=DIRECTION('',(0.,-1.,0.));
#7745=DIRECTION('',(0.,-1.,0.));
#7746=DIRECTION('center_axis',(-1.,0.,0.));
#7747=DIRECTION('ref_axis',(0.,-1.,0.));
#7748=DIRECTION('center_axis',(-1.,0.,0.));
#7749=DIRECTION('ref_axis',(0.,-1.,0.));
#7750=DIRECTION('',(0.,1.,0.));
#7751=DIRECTION('center_axis',(-1.,0.,0.));
#7752=DIRECTION('ref_axis',(0.,-1.,0.));
#7753=DIRECTION('',(0.,0.,1.));
#7754=DIRECTION('center_axis',(-1.,0.,0.));
#7755=DIRECTION('ref_axis',(1.42108547152021E-14,-1.,0.));
#7756=DIRECTION('',(0.,-1.,0.));
#7757=DIRECTION('center_axis',(-1.,0.,0.));
#7758=DIRECTION('ref_axis',(0.,-1.,0.));
#7759=DIRECTION('',(0.,0.,-1.));
#7760=DIRECTION('center_axis',(0.,1.,0.));
#7761=DIRECTION('ref_axis',(0.,0.,-1.));
#7762=DIRECTION('',(1.,0.,0.));
#7763=DIRECTION('',(1.,1.42108547152021E-14,1.42108547152021E-14));
#7764=DIRECTION('center_axis',(1.,0.,0.));
#7765=DIRECTION('ref_axis',(0.,-1.,0.));
#7766=DIRECTION('',(1.,0.,0.));
#7767=DIRECTION('center_axis',(0.,0.,-1.));
#7768=DIRECTION('ref_axis',(1.,0.,0.));
#7769=DIRECTION('',(1.,0.,0.));
#7770=DIRECTION('center_axis',(1.,0.,0.));
#7771=DIRECTION('ref_axis',(0.,-1.,0.));
#7772=DIRECTION('',(-1.,0.,0.));
#7773=DIRECTION('center_axis',(0.,-1.,0.));
#7774=DIRECTION('ref_axis',(0.,0.,1.));
#7775=DIRECTION('',(1.,0.,0.));
#7776=DIRECTION('center_axis',(1.,0.,0.));
#7777=DIRECTION('ref_axis',(0.,-1.,0.));
#7778=DIRECTION('',(-1.,0.,0.));
#7779=DIRECTION('center_axis',(0.,0.,1.));
#7780=DIRECTION('ref_axis',(-1.,0.,0.));
#7781=DIRECTION('',(1.,0.,0.));
#7782=DIRECTION('center_axis',(1.,1.42108547152021E-14,1.42108547152021E-14));
#7783=DIRECTION('ref_axis',(1.42108547152021E-14,-1.,0.));
#7784=DIRECTION('center_axis',(0.447213595499944,-5.32215421569599E-6,-0.894427190984089));
#7785=DIRECTION('ref_axis',(-0.894427190996756,0.,-0.447213595506277));
#7786=DIRECTION('',(-0.894381609442378,0.0100929254248015,-0.447190864785531));
#7787=DIRECTION('center_axis',(0.,-1.,0.));
#7788=DIRECTION('ref_axis',(0.,0.,1.));
#7789=DIRECTION('',(0.,0.,1.));
#7790=DIRECTION('',(1.,0.,0.));
#7791=DIRECTION('',(1.21559677982502E-14,-1.05704067810871E-15,-1.));
#7792=DIRECTION('center_axis',(1.,0.,0.));
#7793=DIRECTION('ref_axis',(0.,-1.,0.));
#7794=DIRECTION('',(-1.31981935056658E-14,0.,1.));
#7795=DIRECTION('',(0.,-0.707106781186544,0.707106781186551));
#7796=DIRECTION('',(-2.7561777914542E-14,1.,0.));
#7797=DIRECTION('center_axis',(0.,1.,0.));
#7798=DIRECTION('ref_axis',(0.,0.,-1.));
#7799=DIRECTION('',(-1.,0.,0.));
#7800=DIRECTION('center_axis',(0.,0.,1.));
#7801=DIRECTION('ref_axis',(-1.,0.,0.));
#7802=DIRECTION('',(-1.,0.,0.));
#7803=DIRECTION('',(1.,0.,0.));
#7804=DIRECTION('center_axis',(2.75444423827979E-15,3.82699555596921E-15,
-1.));
#7805=DIRECTION('ref_axis',(-2.91569598687142E-7,0.999999999999958,3.82699475285685E-15));
#7806=DIRECTION('',(-1.,0.,0.));
#7807=DIRECTION('center_axis',(1.17756934401283E-16,0.707106781186548,0.707106781186547));
#7808=DIRECTION('ref_axis',(0.,0.707106781186547,-0.707106781186548));
#7809=DIRECTION('center_axis',(0.,-1.,0.));
#7810=DIRECTION('ref_axis',(0.,0.,1.));
#7811=DIRECTION('',(-1.31981935056658E-14,0.,1.));
#7812=DIRECTION('',(1.,0.,0.));
#7813=DIRECTION('center_axis',(1.,0.,0.));
#7814=DIRECTION('ref_axis',(0.,-1.,0.));
#7815=DIRECTION('',(0.,0.,1.));
#7816=DIRECTION('',(2.7561777914542E-14,1.,0.));
#7817=DIRECTION('',(0.,-0.707106781186544,-0.707106781186551));
#7818=DIRECTION('center_axis',(0.,1.,0.));
#7819=DIRECTION('ref_axis',(0.,0.,-1.));
#7820=DIRECTION('',(0.,-1.1891707628723E-15,1.));
#7821=DIRECTION('',(-1.,0.,0.));
#7822=DIRECTION('center_axis',(0.,1.,0.));
#7823=DIRECTION('ref_axis',(0.,0.,-1.));
#7824=DIRECTION('',(0.,0.,1.));
#7825=DIRECTION('center_axis',(-0.442202601117292,0.845619751459236,0.298971730280844));
#7826=DIRECTION('ref_axis',(-5.29160049111965E-14,-0.33333333333315,0.942809041582128));
#7827=DIRECTION('center_axis',(-0.195677878903876,0.786585117335737,0.585656913980878));
#7828=DIRECTION('ref_axis',(6.86950496486815E-15,-0.597201886423053,0.802090959213946));
#7829=DIRECTION('center_axis',(0.,0.,1.));
#7830=DIRECTION('ref_axis',(-1.,0.,0.));
#7831=DIRECTION('',(0.,0.,-1.));
#7832=DIRECTION('center_axis',(8.5770095465879E-15,-8.57700954658769E-15,
-1.));
#7833=DIRECTION('ref_axis',(1.,2.13162820728013E-14,8.57700954658772E-15));
#7834=DIRECTION('',(4.63953494359287E-15,0.,1.));
#7835=DIRECTION('center_axis',(-3.18481813155326E-15,-7.47332290484749E-15,
1.));
#7836=DIRECTION('ref_axis',(-3.33066907387548E-15,-1.,-7.4733229048475E-15));
#7837=DIRECTION('center_axis',(1.,3.80654312691182E-17,9.82581298690512E-18));
#7838=DIRECTION('ref_axis',(1.11022302462516E-17,0.,-1.));
#7839=DIRECTION('center_axis',(0.,0.,-1.));
#7840=DIRECTION('ref_axis',(-1.,0.,0.));
#7841=DIRECTION('center_axis',(-1.,0.,0.));
#7842=DIRECTION('ref_axis',(0.,0.312499999999971,-0.949917759598176));
#7843=DIRECTION('center_axis',(-3.03243080634716E-15,1.,-2.02526875206539E-14));
#7844=DIRECTION('ref_axis',(1.16573417585638E-15,-2.02526875206539E-14,
-1.));
#7845=DIRECTION('center_axis',(0.442202601117222,0.845619751459238,0.298971730280941));
#7846=DIRECTION('ref_axis',(-0.56009686571585,1.31561428418081E-13,0.828427124746215));
#7847=DIRECTION('center_axis',(0.195677878903818,0.786585117335691,0.585656913980959));
#7848=DIRECTION('ref_axis',(-0.846028224275262,-0.166605659277147,0.506437358442754));
#7849=DIRECTION('center_axis',(0.,0.,1.));
#7850=DIRECTION('ref_axis',(-1.,0.,0.));
#7851=DIRECTION('',(-3.84587060817865E-15,0.,-1.));
#7852=DIRECTION('center_axis',(8.57700954658866E-15,8.57700954658641E-15,
-1.));
#7853=DIRECTION('ref_axis',(-9.59232693276101E-14,-1.,-8.57700954658723E-15));
#7854=DIRECTION('',(0.,0.,1.));
#7855=DIRECTION('center_axis',(-2.14425238664687E-15,-2.14425238664643E-15,
1.));
#7856=DIRECTION('ref_axis',(-1.,1.91846538655224E-13,-2.14425238664646E-15));
#7857=DIRECTION('center_axis',(1.,1.24344978758018E-14,-1.77635683940025E-15));
#7858=DIRECTION('ref_axis',(1.24344978758018E-14,-1.,0.));
#7859=DIRECTION('',(1.,2.60902410786909E-14,-2.35922392732843E-15));
#7860=DIRECTION('center_axis',(0.,1.,0.));
#7861=DIRECTION('ref_axis',(0.,0.,-1.));
#7862=DIRECTION('',(1.,2.60902410786909E-14,0.));
#7863=DIRECTION('center_axis',(-0.442202601117266,0.84561975145923,0.2989717302809));
#7864=DIRECTION('ref_axis',(-3.22519788653608E-14,-0.333333333333198,0.942809041582111));
#7865=DIRECTION('center_axis',(-0.195677878903813,0.78658511733568,0.585656913980975));
#7866=DIRECTION('ref_axis',(-3.20576898360514E-15,-0.597201886423146,0.802090959213876));
#7867=DIRECTION('center_axis',(0.,0.,1.));
#7868=DIRECTION('ref_axis',(-1.,0.,0.));
#7869=DIRECTION('',(0.,0.,-1.));
#7870=DIRECTION('center_axis',(-8.57700954658796E-15,8.57700954658711E-15,
-1.));
#7871=DIRECTION('ref_axis',(1.,1.06581410364016E-13,-8.57700954658705E-15));
#7872=DIRECTION('',(0.,0.,1.));
#7873=DIRECTION('center_axis',(-1.04056574490628E-15,-9.61757529149427E-15,
1.));
#7874=DIRECTION('ref_axis',(-7.10542735760108E-15,-1.,-9.61757529149428E-15));
#7875=DIRECTION('center_axis',(1.,-3.35359238789455E-17,-4.54632067551951E-16));
#7876=DIRECTION('ref_axis',(-3.5527136788005E-16,0.,-1.));
#7877=DIRECTION('center_axis',(0.,0.,-1.));
#7878=DIRECTION('ref_axis',(-1.,0.,0.));
#7879=DIRECTION('center_axis',(-1.,1.51548956151619E-15,-1.09683081826279E-15));
#7880=DIRECTION('ref_axis',(1.51548956151622E-15,1.,-2.38031816479628E-14));
#7881=DIRECTION('center_axis',(6.23511791818219E-14,1.,2.13897778530198E-13));
#7882=DIRECTION('ref_axis',(-1.77635683940025E-15,2.13897778530198E-13,
-1.));
#7883=DIRECTION('center_axis',(0.442202601117235,0.845619751459289,0.298971730280777));
#7884=DIRECTION('ref_axis',(-0.560096865715744,2.20046203480706E-13,0.828427124746287));
#7885=DIRECTION('center_axis',(0.195677878903737,0.786585117335621,0.58565691398108));
#7886=DIRECTION('ref_axis',(-0.846028224275319,-0.166605659277223,0.506437358442633));
#7887=DIRECTION('center_axis',(0.,0.,1.));
#7888=DIRECTION('ref_axis',(-1.,0.,0.));
#7889=DIRECTION('',(-6.67585086702708E-15,0.,-1.));
#7890=DIRECTION('center_axis',(8.57700954658885E-15,8.57700954658623E-15,
-1.));
#7891=DIRECTION('ref_axis',(-1.03028696685214E-13,-1.,-8.57700954658711E-15));
#7892=DIRECTION('',(0.,0.,1.));
#7893=DIRECTION('center_axis',(0.,0.,1.));
#7894=DIRECTION('ref_axis',(-1.,1.88293824976424E-13,0.));
#7895=DIRECTION('center_axis',(1.,1.4210854715202E-14,-2.8421709430404E-15));
#7896=DIRECTION('ref_axis',(1.4210854715202E-14,-1.,0.));
#7897=DIRECTION('',(1.,2.60902410786905E-14,-2.3592239273284E-15));
#7898=DIRECTION('center_axis',(0.,1.,0.));
#7899=DIRECTION('ref_axis',(0.,0.,-1.));
#7900=DIRECTION('',(1.,2.60902410786905E-14,0.));
#7901=DIRECTION('center_axis',(-0.442202601117294,0.845619751459244,0.298971730280817));
#7902=DIRECTION('ref_axis',(-8.48210390813619E-14,-0.333333333333135,0.942809041582134));
#7903=DIRECTION('center_axis',(-0.195677878903889,0.786585117335635,0.58565691398101));
#7904=DIRECTION('ref_axis',(1.13450915328883E-13,-0.597201886423172,0.802090959213857));
#7905=DIRECTION('center_axis',(0.,0.,1.));
#7906=DIRECTION('ref_axis',(-1.,0.,0.));
#7907=DIRECTION('',(0.,0.,-1.));
#7908=DIRECTION('center_axis',(-8.57700954658798E-15,8.57700954658716E-15,
-1.));
#7909=DIRECTION('ref_axis',(1.,9.59232693276135E-14,-8.57700954658716E-15));
#7910=DIRECTION('',(0.,0.,1.));
#7911=DIRECTION('center_axis',(-3.1848181315533E-15,-7.47332290484751E-15,
1.));
#7912=DIRECTION('ref_axis',(-1.42108547152023E-14,-1.,-7.47332290484755E-15));
#7913=DIRECTION('center_axis',(1.,-1.21809380061178E-15,-3.14426015580957E-16));
#7914=DIRECTION('ref_axis',(0.,0.,-1.));
#7915=DIRECTION('center_axis',(0.,0.,-1.));
#7916=DIRECTION('ref_axis',(-1.,0.,0.));
#7917=DIRECTION('center_axis',(-1.,0.,0.));
#7918=DIRECTION('ref_axis',(0.,0.312499999999984,-0.949917759598172));
#7919=DIRECTION('center_axis',(1.18637496750944E-14,1.,3.8729018201908E-14));
#7920=DIRECTION('ref_axis',(1.06581410364012E-14,3.87290182019079E-14,-1.));
#7921=DIRECTION('center_axis',(0.442202601117251,0.845619751459229,0.298971730280923));
#7922=DIRECTION('ref_axis',(-0.560096865715823,1.48214773787458E-13,0.828427124746233));
#7923=DIRECTION('center_axis',(0.195677878903734,0.786585117335614,0.58565691398109));
#7924=DIRECTION('ref_axis',(-0.846028224275303,-0.166605659277252,0.506437358442651));
#7925=DIRECTION('center_axis',(0.,0.,1.));
#7926=DIRECTION('ref_axis',(-1.,0.,0.));
#7927=DIRECTION('',(-6.67585086702708E-15,0.,-1.));
#7928=DIRECTION('center_axis',(8.57700954658885E-15,8.57700954658623E-15,
-1.));
#7929=DIRECTION('ref_axis',(-1.13686837721615E-13,-1.,-8.5770095465872E-15));
#7930=DIRECTION('',(0.,0.,1.));
#7931=DIRECTION('center_axis',(-2.1442523866469E-15,-2.14425238664647E-15,
1.));
#7932=DIRECTION('ref_axis',(-1.,1.84741111297625E-13,-2.1442523866465E-15));
#7933=DIRECTION('center_axis',(1.,1.27897692436818E-14,-1.4210854715202E-15));
#7934=DIRECTION('ref_axis',(1.27897692436818E-14,-1.,0.));
#7935=DIRECTION('',(1.,3.47869881049204E-14,-3.14563190310451E-15));
#7936=DIRECTION('center_axis',(0.,1.,0.));
#7937=DIRECTION('ref_axis',(0.,0.,-1.));
#7938=DIRECTION('',(1.,3.47869881049204E-14,0.));
#7939=DIRECTION('center_axis',(-0.442202601117131,0.845619751459243,0.298971730281061));
#7940=DIRECTION('ref_axis',(-6.38378239159465E-15,-0.33333333333334,0.942809041582061));
#7941=DIRECTION('center_axis',(-0.195677878903809,0.786585117335655,0.58565691398101));
#7942=DIRECTION('ref_axis',(-1.84574577843932E-15,-0.597201886423181,0.80209095921385));
#7943=DIRECTION('center_axis',(0.,0.,1.));
#7944=DIRECTION('ref_axis',(-1.,0.,0.));
#7945=DIRECTION('',(0.,-6.82097805978854E-15,-1.));
#7946=DIRECTION('center_axis',(0.,0.,-1.));
#7947=DIRECTION('ref_axis',(1.,7.10542735760038E-15,0.));
#7948=DIRECTION('',(6.53072367426563E-15,0.,1.));
#7949=DIRECTION('center_axis',(-2.14425238664714E-15,2.1442523866467E-15,
1.));
#7950=DIRECTION('ref_axis',(1.03028696685204E-13,-1.,2.14425238664692E-15));
#7951=DIRECTION('center_axis',(1.,-3.04523450152945E-16,-7.86065038952411E-17));
#7952=DIRECTION('ref_axis',(0.,0.,-1.));
#7953=DIRECTION('center_axis',(0.,0.,-1.));
#7954=DIRECTION('ref_axis',(-1.,0.,0.));
#7955=DIRECTION('center_axis',(-1.,0.,0.));
#7956=DIRECTION('ref_axis',(0.,1.,1.42108547152019E-15));
#7957=DIRECTION('center_axis',(-1.18637496750922E-14,1.,-3.87290182018905E-14));
#7958=DIRECTION('ref_axis',(7.10542735760105E-15,-3.87290182018904E-14,
-1.));
#7959=DIRECTION('center_axis',(0.442202601117073,0.845619751459262,0.298971730281093));
#7960=DIRECTION('ref_axis',(-0.560096865716034,2.4008572907519E-14,0.828427124746091));
#7961=DIRECTION('center_axis',(0.19567787890379,0.786585117335649,0.585656913981024));
#7962=DIRECTION('ref_axis',(-0.846028224275337,-0.166605659277123,0.506437358442637));
#7963=DIRECTION('center_axis',(0.,0.,1.));
#7964=DIRECTION('ref_axis',(-1.,0.,0.));
#7965=DIRECTION('',(-5.2245789394125E-15,0.,-1.));
#7966=DIRECTION('center_axis',(0.,0.,-1.));
#7967=DIRECTION('ref_axis',(-9.59232693276074E-14,-1.,0.));
#7968=DIRECTION('',(0.,0.,1.));
#7969=DIRECTION('center_axis',(-2.14425238664681E-15,-2.14425238664649E-15,
1.));
#7970=DIRECTION('ref_axis',(-1.,1.52766688188414E-13,-2.14425238664648E-15));
#7971=DIRECTION('center_axis',(1.,1.59872115546023E-14,-6.03961325396086E-15));
#7972=DIRECTION('ref_axis',(1.59872115546023E-14,-1.,0.));
#7973=DIRECTION('',(1.,0.,0.));
#7974=DIRECTION('center_axis',(0.,1.,0.));
#7975=DIRECTION('ref_axis',(0.,0.,-1.));
#7976=DIRECTION('',(1.,2.60902410786912E-14,0.));
#7977=DIRECTION('center_axis',(0.442202601117261,0.845619751459237,0.298971730280886));
#7978=DIRECTION('ref_axis',(-0.560096865715815,1.84768866873242E-13,0.828427124746239));
#7979=DIRECTION('center_axis',(0.195677878903828,0.786585117335711,0.585656913980929));
#7980=DIRECTION('ref_axis',(-0.84602822427525,-0.166605659277134,0.506437358442778));
#7981=DIRECTION('center_axis',(0.,0.,1.));
#7982=DIRECTION('ref_axis',(-1.,0.,0.));
#7983=DIRECTION('',(-6.38559648150417E-15,0.,-1.));
#7984=DIRECTION('center_axis',(0.,0.,-1.));
#7985=DIRECTION('ref_axis',(0.,-1.,0.));
#7986=DIRECTION('',(0.,0.,1.));
#7987=DIRECTION('center_axis',(1.51621540317352E-15,6.28036983473329E-16,
1.));
#7988=DIRECTION('ref_axis',(-1.,1.06581410364015E-13,1.51621540317345E-15));
#7989=DIRECTION('center_axis',(1.,1.56319401867222E-14,-7.10542735760102E-15));
#7990=DIRECTION('ref_axis',(1.56319401867222E-14,-1.,0.));
#7991=DIRECTION('',(1.,0.,-6.50820393745781E-16));
#7992=DIRECTION('center_axis',(-1.,-2.00971834711522E-15,4.85188929015564E-15));
#7993=DIRECTION('ref_axis',(-2.00971834711522E-15,1.,-7.10542735760105E-16));
#7994=DIRECTION('center_axis',(0.,1.,0.));
#7995=DIRECTION('ref_axis',(0.,0.,-1.));
#7996=DIRECTION('',(1.,0.,0.));
#7997=DIRECTION('',(0.,0.,-1.));
#7998=DIRECTION('center_axis',(0.,0.,-1.));
#7999=DIRECTION('ref_axis',(1.,0.,0.));
#8000=DIRECTION('center_axis',(0.,0.,-1.));
#8001=DIRECTION('ref_axis',(-1.,-8.17124146124176E-14,0.));
#8002=DIRECTION('',(0.,0.,-1.));
#8003=DIRECTION('center_axis',(0.,-1.,0.));
#8004=DIRECTION('ref_axis',(-0.292893218813453,0.,-0.956145157584922));
#8005=DIRECTION('center_axis',(-1.,-7.10542735760099E-15,-5.32907051820075E-15));
#8006=DIRECTION('ref_axis',(-7.10542735760099E-15,1.,0.));
#8007=DIRECTION('',(1.,0.,0.));
#8008=DIRECTION('center_axis',(-1.,4.49675457875806E-16,-2.5694646298669E-15));
#8009=DIRECTION('ref_axis',(4.49675457875814E-16,1.,-3.01980662698043E-15));
#8010=DIRECTION('center_axis',(0.,1.,0.));
#8011=DIRECTION('ref_axis',(0.,0.,-1.));
#8012=DIRECTION('',(1.,0.,0.));
#8013=DIRECTION('',(0.,0.,-1.));
#8014=DIRECTION('center_axis',(0.,0.,-1.));
#8015=DIRECTION('ref_axis',(1.,0.,0.));
#8016=DIRECTION('center_axis',(8.57700954658835E-15,8.57700954658889E-15,
-1.));
#8017=DIRECTION('ref_axis',(-8.88178419700079E-15,1.,8.57700954658881E-15));
#8018=DIRECTION('center_axis',(0.,0.,1.));
#8019=DIRECTION('ref_axis',(1.,3.5527136788005E-15,0.));
#8020=DIRECTION('',(0.,0.,1.));
#8021=DIRECTION('center_axis',(1.,1.18455787673284E-15,-1.40206051970989E-16));
#8022=DIRECTION('ref_axis',(-1.77635683940025E-16,0.,-1.));
#8023=DIRECTION('center_axis',(4.74549987003955E-14,-1.,-1.54916072807668E-13));
#8024=DIRECTION('ref_axis',(1.10134124042781E-13,1.54916072807673E-13,-1.));
#8025=DIRECTION('center_axis',(-1.,-2.79221577647628E-15,2.09695713622765E-14));
#8026=DIRECTION('ref_axis',(-2.07919356783366E-14,0.312499999999949,-0.949917759598183));
#8027=DIRECTION('center_axis',(0.,-1.,0.));
#8028=DIRECTION('ref_axis',(0.,0.,1.));
#8029=DIRECTION('center_axis',(0.,0.,-1.));
#8030=DIRECTION('ref_axis',(1.,0.,0.));
#8031=DIRECTION('center_axis',(0.,0.,-1.));
#8032=DIRECTION('ref_axis',(-1.,-7.10542735760103E-15,0.));
#8033=DIRECTION('',(0.,0.,-1.));
#8034=DIRECTION('center_axis',(0.,-1.,0.));
#8035=DIRECTION('ref_axis',(-0.292893218813458,0.,-0.95614515758492));
#8036=DIRECTION('center_axis',(-1.,-7.105427357601E-15,-3.55271367880049E-15));
#8037=DIRECTION('ref_axis',(-7.105427357601E-15,1.,0.));
#8038=DIRECTION('',(-1.,0.,0.));
#8039=DIRECTION('center_axis',(0.,1.,0.));
#8040=DIRECTION('ref_axis',(0.,0.,-1.));
#8041=DIRECTION('',(1.,0.,0.));
#8042=DIRECTION('center_axis',(0.,0.,-1.));
#8043=DIRECTION('ref_axis',(1.,0.,0.));
#8044=DIRECTION('center_axis',(8.57700954658826E-15,8.57700954658917E-15,
-1.));
#8045=DIRECTION('ref_axis',(-1.42108547152008E-14,1.,8.57700954658905E-15));
#8046=DIRECTION('center_axis',(0.,0.,1.));
#8047=DIRECTION('ref_axis',(1.,-3.5527136788005E-15,0.));
#8048=DIRECTION('',(0.,0.,1.));
#8049=DIRECTION('center_axis',(1.,0.,0.));
#8050=DIRECTION('ref_axis',(0.,0.,-1.));
#8051=DIRECTION('center_axis',(-2.06950685438497E-14,-1.,5.72053488831776E-14));
#8052=DIRECTION('ref_axis',(1.17239551400382E-13,-5.720534888318E-14,-1.));
#8053=DIRECTION('center_axis',(-1.,0.,0.));
#8054=DIRECTION('ref_axis',(0.,0.312499999999907,-0.949917759598197));
#8055=DIRECTION('center_axis',(0.,-1.,0.));
#8056=DIRECTION('ref_axis',(0.,0.,1.));
#8057=DIRECTION('center_axis',(0.,0.,-1.));
#8058=DIRECTION('ref_axis',(1.,0.,0.));
#8059=DIRECTION('center_axis',(0.,0.,-1.));
#8060=DIRECTION('ref_axis',(-1.,-1.77635683940028E-14,0.));
#8061=DIRECTION('',(0.,0.,-1.));
#8062=DIRECTION('center_axis',(0.,-1.,0.));
#8063=DIRECTION('ref_axis',(-0.292893218813458,0.,-0.95614515758492));
#8064=DIRECTION('center_axis',(-1.,-7.10542735760102E-15,-4.2632564145606E-15));
#8065=DIRECTION('ref_axis',(-7.10542735760102E-15,1.,0.));
#8066=DIRECTION('',(-1.,0.,0.));
#8067=DIRECTION('center_axis',(0.,1.,0.));
#8068=DIRECTION('ref_axis',(0.,0.,-1.));
#8069=DIRECTION('',(1.,0.,0.));
#8070=DIRECTION('center_axis',(0.,0.,-1.));
#8071=DIRECTION('ref_axis',(1.,0.,0.));
#8072=DIRECTION('center_axis',(8.57700954658818E-15,8.5770095465891E-15,
-1.));
#8073=DIRECTION('ref_axis',(-1.42108547152009E-14,1.,8.57700954658898E-15));
#8074=DIRECTION('center_axis',(0.,0.,1.));
#8075=DIRECTION('ref_axis',(1.,0.,0.));
#8076=DIRECTION('',(0.,0.,1.));
#8077=DIRECTION('center_axis',(1.,-6.70718477579072E-17,-9.09264135103902E-16));
#8078=DIRECTION('ref_axis',(-1.4210854715202E-15,0.,-1.));
#8079=DIRECTION('center_axis',(-1.18637496751E-14,1.,3.87290182019218E-14));
#8080=DIRECTION('ref_axis',(0.560096865715817,3.87290182019233E-14,-0.828427124746237));
#8081=DIRECTION('center_axis',(-1.,0.,0.));
#8082=DIRECTION('ref_axis',(0.,0.312499999999946,-0.949917759598184));
#8083=DIRECTION('center_axis',(0.,-1.,0.));
#8084=DIRECTION('ref_axis',(0.,0.,1.));
#8085=DIRECTION('center_axis',(0.,0.,-1.));
#8086=DIRECTION('ref_axis',(1.,0.,0.));
#8087=DIRECTION('center_axis',(0.,0.,-1.));
#8088=DIRECTION('ref_axis',(-1.,-9.59232693276224E-14,0.));
#8089=DIRECTION('',(0.,0.,-1.));
#8090=DIRECTION('center_axis',(0.,-1.,0.));
#8091=DIRECTION('ref_axis',(-0.292893218813517,0.,-0.956145157584902));
#8092=DIRECTION('center_axis',(-1.,-5.32907051820075E-15,-5.32907051820075E-15));
#8093=DIRECTION('ref_axis',(-5.32907051820075E-15,1.,0.));
#8094=DIRECTION('',(1.,0.,0.));
#8095=DIRECTION('center_axis',(-1.,0.,0.));
#8096=DIRECTION('ref_axis',(0.,1.,-3.73034936274053E-15));
#8097=DIRECTION('center_axis',(0.,1.,0.));
#8098=DIRECTION('ref_axis',(0.,0.,-1.));
#8099=DIRECTION('',(1.,0.,0.));
#8100=DIRECTION('',(0.,0.,-1.));
#8101=DIRECTION('center_axis',(0.,0.,-1.));
#8102=DIRECTION('ref_axis',(1.,0.,0.));
#8103=DIRECTION('center_axis',(-8.57700954658849E-15,-8.57700954658923E-15,
-1.));
#8104=DIRECTION('ref_axis',(8.88178419700048E-15,1.,-8.57700954658931E-15));
#8105=DIRECTION('center_axis',(0.,0.,1.));
#8106=DIRECTION('ref_axis',(1.,0.,0.));
#8107=DIRECTION('center_axis',(1.,1.20132583867231E-15,8.71099818049894E-17));
#8108=DIRECTION('ref_axis',(0.,0.,-1.));
#8109=DIRECTION('center_axis',(-2.06950685438415E-14,-1.,5.72053488831407E-14));
#8110=DIRECTION('ref_axis',(8.70414851305898E-14,-5.72053488831425E-14,
-1.));
#8111=DIRECTION('center_axis',(0.,-1.,0.));
#8112=DIRECTION('ref_axis',(0.,0.,1.));
#8113=DIRECTION('center_axis',(0.,0.,-1.));
#8114=DIRECTION('ref_axis',(1.,0.,0.));
#8115=DIRECTION('center_axis',(8.57700954658811E-15,8.57700954658902E-15,
-1.));
#8116=DIRECTION('ref_axis',(-2.13162820728014E-14,1.,8.57700954658884E-15));
#8117=DIRECTION('center_axis',(0.,0.,1.));
#8118=DIRECTION('ref_axis',(1.,-3.55271367880053E-15,0.));
#8119=DIRECTION('center_axis',(1.,7.43190595821673E-16,1.9757412779983E-15));
#8120=DIRECTION('ref_axis',(2.1316282072803E-15,0.,-1.));
#8121=DIRECTION('center_axis',(-3.25588182189446E-14,-1.,9.59343670850886E-14));
#8122=DIRECTION('ref_axis',(7.10542735759954E-14,-9.59343670850909E-14,
-1.));
#8123=DIRECTION('center_axis',(0.,-1.,0.));
#8124=DIRECTION('ref_axis',(0.,0.,1.));
#8125=DIRECTION('center_axis',(0.442202601117095,-0.845619751459247,0.298971730281103));
#8126=DIRECTION('ref_axis',(-2.69229083471601E-15,0.333333333333377,0.942809041582048));
#8127=DIRECTION('center_axis',(0.195677878903829,-0.786585117335595,0.585656913981083));
#8128=DIRECTION('ref_axis',(-7.45237205279636E-15,0.597201886423256,0.802090959213794));
#8129=DIRECTION('center_axis',(0.,0.,1.));
#8130=DIRECTION('ref_axis',(-1.,0.,0.));
#8131=DIRECTION('',(0.,0.,-1.));
#8132=DIRECTION('center_axis',(0.,0.,-1.));
#8133=DIRECTION('ref_axis',(-1.,3.55271367880037E-14,0.));
#8134=DIRECTION('',(4.57150657198594E-15,0.,1.));
#8135=DIRECTION('center_axis',(0.,0.,1.));
#8136=DIRECTION('ref_axis',(-1.07469588783703E-13,1.,0.));
#8137=DIRECTION('center_axis',(-1.,-1.47231336494631E-15,-2.88915581851724E-16));
#8138=DIRECTION('ref_axis',(-1.77635683940025E-16,0.,1.));
#8139=DIRECTION('center_axis',(0.,0.,-1.));
#8140=DIRECTION('ref_axis',(1.,0.,0.));
#8141=DIRECTION('center_axis',(1.,-2.23094382416006E-15,-1.3920502346864E-14));
#8142=DIRECTION('ref_axis',(-1.3920502346864E-14,-0.312500000000019,-0.94991775959816));
#8143=DIRECTION('center_axis',(-3.0324308063473E-15,-1.,2.02526875206555E-14));
#8144=DIRECTION('ref_axis',(-1.77635683940023E-15,-2.02526875206555E-14,
-1.));
#8145=DIRECTION('center_axis',(0.442202601117111,-0.845619751459193,0.298971730281233));
#8146=DIRECTION('ref_axis',(-6.21863671668166E-14,0.333333333333497,0.942809041582006));
#8147=DIRECTION('center_axis',(0.195677878903843,-0.786585117335705,0.585656913980931));
#8148=DIRECTION('ref_axis',(-1.43218770176645E-14,0.597201886423102,0.802090959213909));
#8149=DIRECTION('center_axis',(0.,0.,1.));
#8150=DIRECTION('ref_axis',(-1.,0.,0.));
#8151=DIRECTION('',(0.,0.,-1.));
#8152=DIRECTION('center_axis',(-8.57700954658997E-15,8.57700954658915E-15,
-1.));
#8153=DIRECTION('ref_axis',(-1.,-7.10542735760111E-15,8.57700954658991E-15));
#8154=DIRECTION('',(6.67585086702708E-15,0.,1.));
#8155=DIRECTION('center_axis',(0.,0.,1.));
#8156=DIRECTION('ref_axis',(-1.13686837721604E-13,1.,0.));
#8157=DIRECTION('center_axis',(-1.,-5.41975052547999E-16,-7.5205112731342E-16));
#8158=DIRECTION('ref_axis',(0.,0.,1.));
#8159=DIRECTION('center_axis',(0.,0.,-1.));
#8160=DIRECTION('ref_axis',(1.,3.55271367880055E-15,0.));
#8161=DIRECTION('center_axis',(1.,-6.06195824606477E-15,-4.38732327305103E-15));
#8162=DIRECTION('ref_axis',(-6.06195824606477E-15,-1.,8.88178419700129E-16));
#8163=DIRECTION('center_axis',(0.,-1.,0.));
#8164=DIRECTION('ref_axis',(-2.13162820728019E-14,0.,-1.));
#8165=DIRECTION('center_axis',(-0.442202601117134,-0.845619751459269,0.298971730280985));
#8166=DIRECTION('ref_axis',(0.560096865715803,5.63438184997267E-15,0.828427124746247));
#8167=DIRECTION('center_axis',(-0.195677878903869,-0.786585117335718,0.585656913980905));
#8168=DIRECTION('ref_axis',(0.846028224275231,0.166605659277107,0.506437358442818));
#8169=DIRECTION('center_axis',(0.,0.,1.));
#8170=DIRECTION('ref_axis',(-1.,0.,0.));
#8171=DIRECTION('',(0.,0.,-1.));
#8172=DIRECTION('center_axis',(8.57700954658941E-15,8.57700954659029E-15,
-1.));
#8173=DIRECTION('ref_axis',(1.42108547152019E-14,1.,8.57700954659041E-15));
#8174=DIRECTION('',(0.,0.,1.));
#8175=DIRECTION('center_axis',(-6.58514448514831E-15,2.29663971185318E-15,
1.));
#8176=DIRECTION('ref_axis',(1.,8.88178419700138E-14,6.58514448514811E-15));
#8177=DIRECTION('center_axis',(-1.,1.27897692436818E-14,0.));
#8178=DIRECTION('ref_axis',(1.27897692436818E-14,1.,0.));
#8179=DIRECTION('',(-1.,3.47869881049204E-14,3.14563190310451E-15));
#8180=DIRECTION('center_axis',(0.,-1.,0.));
#8181=DIRECTION('ref_axis',(0.,0.,1.));
#8182=DIRECTION('',(-1.,3.47869881049204E-14,0.));
#8183=DIRECTION('center_axis',(0.44220260111736,-0.845619751459215,0.298971730280803));
#8184=DIRECTION('ref_axis',(4.98073804422461E-14,0.333333333333115,0.942809041582141));
#8185=DIRECTION('center_axis',(0.195677878903784,-0.786585117335654,0.585656913981019));
#8186=DIRECTION('ref_axis',(1.03195230138908E-13,0.597201886423203,0.802090959213833));
#8187=DIRECTION('center_axis',(0.,0.,1.));
#8188=DIRECTION('ref_axis',(-1.,0.,0.));
#8189=DIRECTION('',(0.,0.,-1.));
#8190=DIRECTION('center_axis',(0.,0.,-1.));
#8191=DIRECTION('ref_axis',(-1.,3.5527136788005E-15,0.));
#8192=DIRECTION('',(6.67585086702708E-15,0.,1.));
#8193=DIRECTION('center_axis',(0.,0.,1.));
#8194=DIRECTION('ref_axis',(-1.13686837721604E-13,1.,0.));
#8195=DIRECTION('center_axis',(-1.,5.4197505254799E-16,7.52051127313421E-16));
#8196=DIRECTION('ref_axis',(7.105427357601E-16,0.,1.));
#8197=DIRECTION('center_axis',(0.,0.,-1.));
#8198=DIRECTION('ref_axis',(1.,7.10542735760105E-15,0.));
#8199=DIRECTION('center_axis',(1.,3.03097912303254E-15,2.19366163652558E-15));
#8200=DIRECTION('ref_axis',(3.03097912303255E-15,-1.,-6.57252030578089E-15));
#8201=DIRECTION('center_axis',(2.0695068543843E-14,-1.,-5.72053488831686E-14));
#8202=DIRECTION('ref_axis',(-3.55271367880017E-15,5.72053488831685E-14,
-1.));
#8203=DIRECTION('center_axis',(-0.442202601117141,-0.845619751459275,0.298971730280957));
#8204=DIRECTION('ref_axis',(0.560096865715788,-1.51545442861334E-14,0.828427124746257));
#8205=DIRECTION('center_axis',(-0.195677878903853,-0.786585117335607,0.585656913981059));
#8206=DIRECTION('ref_axis',(0.846028224275299,0.166605659277138,0.506437358442694));
#8207=DIRECTION('center_axis',(0.,0.,1.));
#8208=DIRECTION('ref_axis',(-1.,0.,0.));
#8209=DIRECTION('',(0.,0.,-1.));
#8210=DIRECTION('center_axis',(0.,0.,-1.));
#8211=DIRECTION('ref_axis',(-7.10542735760105E-15,1.,0.));
#8212=DIRECTION('',(0.,0.,1.));
#8213=DIRECTION('center_axis',(-6.58514448514835E-15,2.29663971185317E-15,
1.));
#8214=DIRECTION('ref_axis',(1.,8.88178419700141E-14,6.58514448514815E-15));
#8215=DIRECTION('center_axis',(-1.,1.4210854715202E-14,2.8421709430404E-15));
#8216=DIRECTION('ref_axis',(1.4210854715202E-14,1.,0.));
#8217=DIRECTION('',(-1.,2.60902410786905E-14,2.3592239273284E-15));
#8218=DIRECTION('center_axis',(0.,-1.,0.));
#8219=DIRECTION('ref_axis',(0.,0.,1.));
#8220=DIRECTION('',(-1.,2.60902410786905E-14,0.));
#8221=DIRECTION('center_axis',(-0.442202601117134,-0.84561975145923,0.298971730281095));
#8222=DIRECTION('ref_axis',(0.56009686571588,5.43176614797857E-14,0.828427124746195));
#8223=DIRECTION('center_axis',(-0.195677878903844,-0.786585117335596,0.585656913981077));
#8224=DIRECTION('ref_axis',(0.846028224275312,0.166605659277142,0.506437358442672));
#8225=DIRECTION('center_axis',(0.,0.,1.));
#8226=DIRECTION('ref_axis',(-1.,0.,0.));
#8227=DIRECTION('',(-4.37649190671273E-15,0.,-1.));
#8228=DIRECTION('center_axis',(-8.577009546589E-15,-8.57700954659043E-15,
-1.));
#8229=DIRECTION('ref_axis',(-2.22044604925018E-15,1.,-8.57700954659041E-15));
#8230=DIRECTION('',(0.,0.,1.));
#8231=DIRECTION('center_axis',(-6.58514448514832E-15,2.29663971185316E-15,
1.));
#8232=DIRECTION('ref_axis',(1.,8.52651282912136E-14,6.58514448514812E-15));
#8233=DIRECTION('center_axis',(-1.,1.4210854715202E-14,2.75335310107038E-15));
#8234=DIRECTION('ref_axis',(1.4210854715202E-14,1.,0.));
#8235=DIRECTION('',(-1.,2.6090241078691E-14,2.35922392732845E-15));
#8236=DIRECTION('center_axis',(0.,-1.,0.));
#8237=DIRECTION('ref_axis',(0.,0.,1.));
#8238=DIRECTION('',(-1.,2.6090241078691E-14,0.));
#8239=DIRECTION('center_axis',(-0.442202601117139,-0.845619751459292,0.29897173028091));
#8240=DIRECTION('ref_axis',(0.560096865715819,-8.33777491493492E-14,0.828427124746236));
#8241=DIRECTION('center_axis',(-0.195677878903965,-0.78658511733575,0.58565691398083));
#8242=DIRECTION('ref_axis',(0.846028224275212,0.166605659277004,0.506437358442885));
#8243=DIRECTION('center_axis',(0.,0.,1.));
#8244=DIRECTION('ref_axis',(-1.,0.,0.));
#8245=DIRECTION('',(-6.53072367426563E-15,0.,-1.));
#8246=DIRECTION('center_axis',(0.,0.,-1.));
#8247=DIRECTION('ref_axis',(0.,1.,0.));
#8248=DIRECTION('',(0.,-6.82097805978854E-15,1.));
#8249=DIRECTION('center_axis',(0.,0.,1.));
#8250=DIRECTION('ref_axis',(1.,-1.06581410364016E-14,0.));
#8251=DIRECTION('center_axis',(-1.,1.27897692436818E-14,4.2632564145606E-15));
#8252=DIRECTION('ref_axis',(1.27897692436818E-14,1.,0.));
#8253=DIRECTION('',(-1.,0.,0.));
#8254=DIRECTION('center_axis',(0.,-1.,0.));
#8255=DIRECTION('ref_axis',(0.,0.,1.));
#8256=DIRECTION('',(-1.,2.60902410786912E-14,0.));
#8257=DIRECTION('',(0.,0.,-1.));
#8258=DIRECTION('center_axis',(0.442202601116976,-0.845619751459259,0.298971730281246));
#8259=DIRECTION('ref_axis',(-3.82749387739523E-14,0.333333333333498,0.942809041582005));
#8260=DIRECTION('center_axis',(0.195677878903781,-0.786585117335689,0.585656913980973));
#8261=DIRECTION('ref_axis',(2.45498066320238E-14,0.597201886423143,0.802090959213878));
#8262=DIRECTION('center_axis',(0.,0.,1.));
#8263=DIRECTION('ref_axis',(-1.,0.,0.));
#8264=DIRECTION('center_axis',(0.,0.,-1.));
#8265=DIRECTION('ref_axis',(-1.,8.8817841970005E-14,0.));
#8266=DIRECTION('',(4.49894297560521E-15,0.,1.));
#8267=DIRECTION('center_axis',(0.,0.,1.));
#8268=DIRECTION('ref_axis',(-1.030286966852E-13,1.,0.));
#8269=DIRECTION('center_axis',(0.,1.,0.));
#8270=DIRECTION('ref_axis',(0.,0.,-1.));
#8271=DIRECTION('center_axis',(-1.1863749675093E-14,1.,3.8729018201895E-14));
#8272=DIRECTION('ref_axis',(0.560096865715974,3.8729018201895E-14,-0.828427124746131));
#8273=DIRECTION('center_axis',(-1.,8.2973054076146E-16,9.00760657194157E-16));
#8274=DIRECTION('ref_axis',(1.06581410364015E-15,0.,1.));
#8275=DIRECTION('center_axis',(0.,0.,-1.));
#8276=DIRECTION('ref_axis',(1.,3.55271367880051E-15,0.));
#8277=DIRECTION('center_axis',(1.,8.04946825756101E-16,2.07858669266566E-15));
#8278=DIRECTION('ref_axis',(8.04946825756112E-16,-1.,-5.50670620214077E-15));
#8279=DIRECTION('center_axis',(0.442202601117112,-0.845619751459194,0.298971730281227));
#8280=DIRECTION('ref_axis',(-8.58757509547559E-14,0.333333333333479,0.942809041582012));
#8281=DIRECTION('center_axis',(0.195677878903776,-0.786585117335643,0.585656913981037));
#8282=DIRECTION('ref_axis',(1.44745326835505E-14,0.597201886423206,0.802090959213831));
#8283=DIRECTION('center_axis',(0.,0.,1.));
#8284=DIRECTION('ref_axis',(-1.,0.,0.));
#8285=DIRECTION('',(0.,0.,-1.));
#8286=DIRECTION('center_axis',(-8.57700954658934E-15,8.57700954659022E-15,
-1.));
#8287=DIRECTION('ref_axis',(-1.,1.06581410364014E-13,8.57700954659025E-15));
#8288=DIRECTION('',(0.,0.,1.));
#8289=DIRECTION('center_axis',(1.66860272838021E-15,8.101359888322E-15,
1.));
#8290=DIRECTION('ref_axis',(-7.10542735760098E-15,1.,-8.10135988832199E-15));
#8291=DIRECTION('center_axis',(0.,1.,0.));
#8292=DIRECTION('ref_axis',(0.,0.,-1.));
#8293=DIRECTION('center_axis',(-2.37274993501903E-14,1.,7.74580364038279E-14));
#8294=DIRECTION('ref_axis',(0.560096865715824,7.7458036403828E-14,-0.828427124746233));
#8295=DIRECTION('center_axis',(-1.,-1.21809380061178E-15,3.14426015580962E-16));
#8296=DIRECTION('ref_axis',(0.,0.,1.));
#8297=DIRECTION('center_axis',(0.,0.,-1.));
#8298=DIRECTION('ref_axis',(1.,7.10542735760105E-15,0.));
#8299=DIRECTION('center_axis',(1.,0.,0.));
#8300=DIRECTION('ref_axis',(0.,-0.312500000000047,-0.949917759598151));
#8301=DIRECTION('center_axis',(0.,0.,-1.));
#8302=DIRECTION('ref_axis',(1.,0.,0.));
#8303=DIRECTION('center_axis',(0.,0.,-1.));
#8304=DIRECTION('ref_axis',(1.,-6.75015598972046E-14,0.));
#8305=DIRECTION('',(0.,0.,-1.));
#8306=DIRECTION('center_axis',(0.,1.,0.));
#8307=DIRECTION('ref_axis',(0.,0.,-1.));
#8308=DIRECTION('center_axis',(1.,-3.5527136788005E-15,5.6843418860808E-15));
#8309=DIRECTION('ref_axis',(-3.5527136788005E-15,-1.,0.));
#8310=DIRECTION('',(-1.,0.,0.));
#8311=DIRECTION('center_axis',(1.,-1.51548956151631E-15,-1.09683081826279E-15));
#8312=DIRECTION('ref_axis',(-1.51548956151631E-15,-1.,3.19744231092044E-15));
#8313=DIRECTION('center_axis',(0.,-1.,0.));
#8314=DIRECTION('ref_axis',(0.,0.,1.));
#8315=DIRECTION('',(-1.,0.,0.));
#8316=DIRECTION('',(0.,0.,-1.));
#8317=DIRECTION('center_axis',(0.,0.,-1.));
#8318=DIRECTION('ref_axis',(1.,0.,0.));
#8319=DIRECTION('center_axis',(-8.57700954658814E-15,8.57700954658899E-15,
-1.));
#8320=DIRECTION('ref_axis',(1.,-9.23705556488045E-14,-8.57700954658893E-15));
#8321=DIRECTION('',(0.,0.,-1.));
#8322=DIRECTION('center_axis',(0.,1.,0.));
#8323=DIRECTION('ref_axis',(0.,0.,-1.));
#8324=DIRECTION('center_axis',(1.,-3.5527136788005E-15,2.1316282072803E-15));
#8325=DIRECTION('ref_axis',(-3.5527136788005E-15,-1.,0.));
#8326=DIRECTION('',(-1.,0.,0.));
#8327=DIRECTION('center_axis',(1.,6.86160763727087E-15,6.86160763727087E-15));
#8328=DIRECTION('ref_axis',(6.86160763727087E-15,-1.,1.77635683940023E-16));
#8329=DIRECTION('center_axis',(0.,-1.,0.));
#8330=DIRECTION('ref_axis',(0.,0.,1.));
#8331=DIRECTION('',(-1.,0.,0.));
#8332=DIRECTION('',(0.,0.,-1.));
#8333=DIRECTION('center_axis',(0.,0.,-1.));
#8334=DIRECTION('ref_axis',(1.,0.,0.));
#8335=DIRECTION('center_axis',(0.,0.,-1.));
#8336=DIRECTION('ref_axis',(3.55271367880051E-15,-1.,0.));
#8337=DIRECTION('center_axis',(0.,0.,1.));
#8338=DIRECTION('ref_axis',(-1.,3.55271367880051E-15,0.));
#8339=DIRECTION('',(0.,0.,1.));
#8340=DIRECTION('center_axis',(-1.,6.09046900305891E-16,-1.57213007790479E-16));
#8341=DIRECTION('ref_axis',(0.,0.,1.));
#8342=DIRECTION('center_axis',(1.18637496750962E-14,-1.,3.87290182019132E-14));
#8343=DIRECTION('ref_axis',(-0.56009686571589,-3.8729018201913E-14,-0.828427124746188));
#8344=DIRECTION('center_axis',(1.,0.,0.));
#8345=DIRECTION('ref_axis',(0.,-0.312500000000025,-0.949917759598158));
#8346=DIRECTION('center_axis',(0.,1.,0.));
#8347=DIRECTION('ref_axis',(0.,0.,-1.));
#8348=DIRECTION('center_axis',(0.,0.,-1.));
#8349=DIRECTION('ref_axis',(1.,0.,0.));
#8350=DIRECTION('center_axis',(-8.57700954658829E-15,8.57700954658914E-15,
-1.));
#8351=DIRECTION('ref_axis',(1.,-9.59232693276043E-14,-8.57700954658911E-15));
#8352=DIRECTION('',(0.,0.,-1.));
#8353=DIRECTION('center_axis',(0.,1.,0.));
#8354=DIRECTION('ref_axis',(0.,0.,-1.));
#8355=DIRECTION('center_axis',(1.,-2.8421709430404E-15,8.5265128291212E-15));
#8356=DIRECTION('ref_axis',(-2.8421709430404E-15,-1.,0.));
#8357=DIRECTION('',(-1.,0.,0.));
#8358=DIRECTION('center_axis',(0.,-1.,0.));
#8359=DIRECTION('ref_axis',(0.,0.,1.));
#8360=DIRECTION('',(-1.,0.,0.));
#8361=DIRECTION('center_axis',(0.,0.,-1.));
#8362=DIRECTION('ref_axis',(1.,0.,0.));
#8363=DIRECTION('center_axis',(0.,0.,-1.));
#8364=DIRECTION('ref_axis',(0.,-1.,0.));
#8365=DIRECTION('center_axis',(0.,0.,1.));
#8366=DIRECTION('ref_axis',(-1.,3.5527136788005E-15,0.));
#8367=DIRECTION('center_axis',(-1.,3.38059374031891E-16,-5.33238571447191E-16));
#8368=DIRECTION('ref_axis',(-3.5527136788005E-16,0.,1.));
#8369=DIRECTION('center_axis',(2.37274993501902E-14,-1.,7.7458036403819E-14));
#8370=DIRECTION('ref_axis',(-0.560096865715916,-7.74580364038179E-14,-0.828427124746171));
#8371=DIRECTION('center_axis',(0.,1.,0.));
#8372=DIRECTION('ref_axis',(0.,0.,-1.));
#8373=DIRECTION('center_axis',(0.,0.,-1.));
#8374=DIRECTION('ref_axis',(1.,0.,0.));
#8375=DIRECTION('center_axis',(8.57700954658885E-15,8.57700954658827E-15,
-1.));
#8376=DIRECTION('ref_axis',(-8.71525074330803E-15,-1.,-8.57700954658834E-15));
#8377=DIRECTION('center_axis',(0.,0.,1.));
#8378=DIRECTION('ref_axis',(-1.,0.,0.));
#8379=DIRECTION('',(0.,0.,1.));
#8380=DIRECTION('center_axis',(-1.,-4.93176507387726E-16,-5.2772301415353E-16));
#8381=DIRECTION('ref_axis',(-5.32907051820075E-16,0.,1.));
#8382=DIRECTION('center_axis',(2.37274993501864E-14,-1.,7.74580364038132E-14));
#8383=DIRECTION('ref_axis',(-0.560096865715897,-7.74580364038116E-14,-0.828427124746184));
#8384=DIRECTION('center_axis',(1.,0.,0.));
#8385=DIRECTION('ref_axis',(0.,-0.312500000000046,-0.949917759598151));
#8386=DIRECTION('center_axis',(0.,1.,0.));
#8387=DIRECTION('ref_axis',(0.,0.,-1.));
#8388=DIRECTION('center_axis',(0.,0.,-1.));
#8389=DIRECTION('ref_axis',(1.,0.,0.));
#8390=DIRECTION('center_axis',(0.,0.,-1.));
#8391=DIRECTION('ref_axis',(-7.10542735760166E-15,-1.,0.));
#8392=DIRECTION('center_axis',(0.,0.,1.));
#8393=DIRECTION('ref_axis',(-1.,3.5527136788005E-15,0.));
#8394=DIRECTION('',(0.,0.,1.));
#8395=DIRECTION('center_axis',(-1.,-1.65946108152292E-15,-1.80152131438831E-15));
#8396=DIRECTION('ref_axis',(-2.1316282072803E-15,0.,1.));
#8397=DIRECTION('center_axis',(2.37274993501839E-14,-1.,7.74580364037851E-14));
#8398=DIRECTION('ref_axis',(-0.560096865716012,-7.74580364037836E-14,-0.828427124746106));
#8399=DIRECTION('center_axis',(1.,0.,0.));
#8400=DIRECTION('ref_axis',(0.,-0.312500000000042,-0.949917759598153));
#8401=DIRECTION('center_axis',(0.,1.,0.));
#8402=DIRECTION('ref_axis',(0.,0.,-1.));
#8403=DIRECTION('center_axis',(0.,0.,-1.));
#8404=DIRECTION('ref_axis',(1.,0.,0.));
#8405=DIRECTION('center_axis',(0.,0.,-1.));
#8406=DIRECTION('ref_axis',(1.,-7.10542735760047E-14,0.));
#8407=DIRECTION('',(0.,0.,-1.));
#8408=DIRECTION('center_axis',(1.,-5.32907051820074E-15,5.32907051820074E-15));
#8409=DIRECTION('ref_axis',(-5.32907051820074E-15,-1.,0.));
#8410=DIRECTION('',(-1.,0.,0.));
#8411=DIRECTION('center_axis',(0.,-1.,0.));
#8412=DIRECTION('ref_axis',(0.,0.,1.));
#8413=DIRECTION('',(-1.,0.,0.));
#8414=DIRECTION('center_axis',(0.,0.,-1.));
#8415=DIRECTION('ref_axis',(1.,0.,0.));
#8416=DIRECTION('center_axis',(0.,0.,-1.));
#8417=DIRECTION('ref_axis',(1.,7.10542735760105E-15,0.));
#8418=DIRECTION('',(0.,0.,-1.));
#8419=DIRECTION('center_axis',(1.,-4.97379915032069E-15,4.97379915032069E-15));
#8420=DIRECTION('ref_axis',(-4.97379915032069E-15,-1.,0.));
#8421=DIRECTION('',(-1.,0.,0.));
#8422=DIRECTION('center_axis',(0.,-1.,0.));
#8423=DIRECTION('ref_axis',(0.,0.,1.));
#8424=DIRECTION('',(-1.,0.,0.));
#8425=DIRECTION('center_axis',(0.,-1.,0.));
#8426=DIRECTION('ref_axis',(0.,0.,1.));
#8427=DIRECTION('',(0.,0.,1.));
#8428=DIRECTION('',(0.,0.,-1.));
#8429=DIRECTION('',(1.,0.,0.));
#8430=DIRECTION('center_axis',(0.,0.,1.));
#8431=DIRECTION('ref_axis',(-1.,0.,0.));
#8432=DIRECTION('',(1.,0.,0.));
#8433=DIRECTION('',(0.,1.,0.));
#8434=DIRECTION('',(-1.,0.,0.));
#8435=DIRECTION('',(0.,-1.,0.));
#8436=DIRECTION('center_axis',(0.,1.,0.));
#8437=DIRECTION('ref_axis',(0.,0.,-1.));
#8438=DIRECTION('',(0.,0.,-1.));
#8439=DIRECTION('',(0.,0.,1.));
#8440=DIRECTION('',(1.,0.,0.));
#8441=DIRECTION('center_axis',(-1.,0.,0.));
#8442=DIRECTION('ref_axis',(0.,1.,0.));
#8443=DIRECTION('',(0.,0.,-1.));
#8444=DIRECTION('',(0.,1.,0.));
#8445=DIRECTION('center_axis',(0.,-1.,0.));
#8446=DIRECTION('ref_axis',(0.,0.,1.));
#8447=DIRECTION('',(0.,0.,-1.));
#8448=DIRECTION('',(-1.,0.,0.));
#8449=DIRECTION('center_axis',(1.,0.,0.));
#8450=DIRECTION('ref_axis',(0.,-1.,0.));
#8451=DIRECTION('',(0.,-1.,0.));
#8452=DIRECTION('center_axis',(0.,0.,1.));
#8453=DIRECTION('ref_axis',(-1.,0.,0.));
#8454=DIRECTION('',(0.,-1.,0.));
#8455=DIRECTION('center_axis',(-0.984957024154244,1.19903726401115E-18,
0.172799480812926));
#8456=DIRECTION('ref_axis',(1.21734982807065E-18,1.,0.));
#8457=DIRECTION('center_axis',(1.,-2.64280341498212E-14,4.66951977167116E-14));
#8458=DIRECTION('ref_axis',(4.68958205601677E-14,0.,-1.));
#8459=DIRECTION('center_axis',(1.,-8.57700954658824E-15,8.57700954658847E-15));
#8460=DIRECTION('ref_axis',(8.57700954658827E-15,-2.30926389122032E-14,
-1.));
#8461=DIRECTION('center_axis',(1.52387325205706E-16,8.72939687179545E-15,
-1.));
#8462=DIRECTION('ref_axis',(-1.,8.52651282912041E-14,-1.52387325204962E-16));
#8463=DIRECTION('center_axis',(-1.,-5.85674846371324E-15,4.43566299219305E-15));
#8464=DIRECTION('ref_axis',(-5.85674846371325E-15,1.,-1.42108547152021E-15));
#8465=DIRECTION('center_axis',(-9.26230392361502E-14,1.,6.85294377026383E-15));
#8466=DIRECTION('ref_axis',(2.33857972164155E-29,6.85294377026383E-15,-1.));
#8467=DIRECTION('center_axis',(1.,-2.43510754712668E-14,-2.23408487279087E-14));
#8468=DIRECTION('ref_axis',(-2.27373675443236E-14,0.,-1.));
#8469=DIRECTION('center_axis',(1.,-1.71540190931771E-14,-1.71540190931771E-14));
#8470=DIRECTION('ref_axis',(-1.7154019093177E-14,-1.,3.99680288865059E-15));
#8471=DIRECTION('center_axis',(1.28655143198829E-14,-1.,1.28655143198829E-14));
#8472=DIRECTION('ref_axis',(-1.,-1.28655143198829E-14,5.54524823343038E-30));
#8473=DIRECTION('center_axis',(-1.07212619332357E-14,-1.07212619332357E-14,
-1.));
#8474=DIRECTION('ref_axis',(7.10542735760104E-15,-1.,1.07212619332356E-14));
#8475=DIRECTION('center_axis',(0.,0.,1.));
#8476=DIRECTION('ref_axis',(-1.,0.,0.));
#8477=DIRECTION('',(0.,0.,-1.));
#8478=DIRECTION('',(0.,0.,1.));
#8479=DIRECTION('center_axis',(0.,0.,-1.));
#8480=DIRECTION('ref_axis',(-1.,-1.77635683940028E-14,0.));
#8481=DIRECTION('center_axis',(6.31088724176768E-29,7.10542735760079E-15,
-1.));
#8482=DIRECTION('ref_axis',(1.,0.,6.31088724176768E-29));
#8483=DIRECTION('center_axis',(-8.57700954658812E-15,-8.57700954658812E-15,
-1.));
#8484=DIRECTION('ref_axis',(2.84217094304048E-14,-1.,8.57700954658788E-15));
#8485=DIRECTION('',(0.,0.,-1.));
#8486=DIRECTION('center_axis',(3.55271367880058E-14,-1.,2.48689957516029E-14));
#8487=DIRECTION('ref_axis',(0.,2.48689957516029E-14,1.));
#8488=DIRECTION('',(0.,-1.,9.46212805078255E-17));
#8489=DIRECTION('center_axis',(1.,-1.77635683940026E-15,1.77635683940026E-15));
#8490=DIRECTION('ref_axis',(-1.77635683940026E-15,-1.,0.));
#8491=DIRECTION('center_axis',(-1.,-1.89303759325774E-14,-1.53776622537769E-14));
#8492=DIRECTION('ref_axis',(1.53776622537769E-14,1.77635683940027E-15,-1.));
#8493=DIRECTION('',(1.,0.,0.));
#8494=DIRECTION('center_axis',(1.,1.71540190931771E-14,1.71540190931771E-14));
#8495=DIRECTION('ref_axis',(1.71540190931771E-14,-1.,4.44089209850083E-16));
#8496=DIRECTION('center_axis',(0.,0.,1.));
#8497=DIRECTION('ref_axis',(-1.,0.,0.));
#8498=DIRECTION('',(1.,0.,0.));
#8499=DIRECTION('center_axis',(0.,0.,1.));
#8500=DIRECTION('ref_axis',(-2.99265188630205E-7,-0.999999999999955,0.));
#8501=DIRECTION('',(-1.,0.,0.));
#8502=DIRECTION('center_axis',(0.,0.,-1.));
#8503=DIRECTION('ref_axis',(0.999999999999834,5.765351408748E-7,0.));
#8504=DIRECTION('center_axis',(0.,0.,-1.));
#8505=DIRECTION('ref_axis',(-0.999999999999834,-5.76535143902681E-7,0.));
#8506=DIRECTION('center_axis',(0.,-1.,0.));
#8507=DIRECTION('ref_axis',(0.,0.,1.));
#8508=DIRECTION('',(0.,0.,-1.));
#8509=DIRECTION('center_axis',(-1.,3.55271367880051E-15,0.));
#8510=DIRECTION('ref_axis',(3.55271367880051E-15,1.,0.));
#8511=DIRECTION('center_axis',(1.,1.07212619332363E-14,-1.07212619332363E-14));
#8512=DIRECTION('ref_axis',(-1.07212619332367E-14,3.64153152077038E-14,
-1.));
#8513=DIRECTION('center_axis',(-1.,1.77635683940025E-15,-4.4408920985006E-15));
#8514=DIRECTION('ref_axis',(1.77635683940025E-15,1.,0.));
#8515=DIRECTION('center_axis',(0.,0.,-1.));
#8516=DIRECTION('ref_axis',(3.84780058388178E-9,-1.,0.));
#8517=DIRECTION('',(0.,0.,1.));
#8518=DIRECTION('center_axis',(1.,0.,0.));
#8519=DIRECTION('ref_axis',(0.,-1.,0.));
#8520=DIRECTION('center_axis',(0.,0.,1.));
#8521=DIRECTION('ref_axis',(-1.,0.,0.));
#8522=DIRECTION('',(1.,0.,0.));
#8523=DIRECTION('center_axis',(0.,0.,1.));
#8524=DIRECTION('ref_axis',(-2.91569598687138E-7,-0.999999999999958,0.));
#8525=DIRECTION('',(-1.,0.,0.));
#8526=DIRECTION('center_axis',(0.,0.,1.));
#8527=DIRECTION('ref_axis',(-0.999999999999834,5.76535143902681E-7,0.));
#8528=DIRECTION('center_axis',(0.,0.,1.));
#8529=DIRECTION('ref_axis',(0.999999999999834,-5.765351408748E-7,0.));
#8530=DIRECTION('center_axis',(0.,1.,0.));
#8531=DIRECTION('ref_axis',(0.,0.,-1.));
#8532=DIRECTION('',(0.,0.,1.));
#8533=DIRECTION('center_axis',(1.,0.,0.));
#8534=DIRECTION('ref_axis',(0.,-1.,0.));
#8535=DIRECTION('center_axis',(-1.,5.17668319299441E-15,3.40032635359416E-15));
#8536=DIRECTION('ref_axis',(-3.40032635359416E-15,8.88178419700124E-16,
-1.));
#8537=DIRECTION('center_axis',(-1.,-7.10542735760102E-15,1.4210854715202E-15));
#8538=DIRECTION('ref_axis',(-7.10542735760102E-15,1.,0.));
#8539=DIRECTION('',(-1.,0.,0.));
#8540=DIRECTION('center_axis',(-1.,0.,0.));
#8541=DIRECTION('ref_axis',(0.,1.,0.));
#8542=DIRECTION('',(0.,1.,0.));
#8543=DIRECTION('center_axis',(0.,1.,0.));
#8544=DIRECTION('ref_axis',(0.,0.,-1.));
#8545=DIRECTION('',(1.,0.,0.));
#8546=DIRECTION('center_axis',(-1.,0.,0.));
#8547=DIRECTION('ref_axis',(0.,1.,0.));
#8548=DIRECTION('center_axis',(-1.,-4.28850477329429E-15,-4.28850477329429E-15));
#8549=DIRECTION('ref_axis',(4.28850477329429E-15,8.88178419700128E-16,-1.));
#8550=DIRECTION('center_axis',(-1.,0.,0.));
#8551=DIRECTION('ref_axis',(0.,1.,0.));
#8552=DIRECTION('',(0.,-1.,0.));
#8553=DIRECTION('center_axis',(1.,0.,0.));
#8554=DIRECTION('ref_axis',(0.,-1.,0.));
#8555=DIRECTION('',(0.,1.,0.));
#8556=DIRECTION('center_axis',(1.,1.77635683940026E-15,3.55271367880051E-15));
#8557=DIRECTION('ref_axis',(1.77635683940026E-15,-1.,0.));
#8558=DIRECTION('center_axis',(-1.,4.11361012887975E-14,-2.31057564056253E-14));
#8559=DIRECTION('ref_axis',(-2.27373675443221E-14,0.,1.));
#8560=DIRECTION('center_axis',(2.14425238664714E-14,-1.,-2.14425238664715E-14));
#8561=DIRECTION('ref_axis',(-7.10542735760102E-15,2.14425238664713E-14,
-1.));
#8562=DIRECTION('center_axis',(1.83469721632894E-14,-1.19295307011335E-15,
-1.));
#8563=DIRECTION('ref_axis',(-2.84217094304049E-14,1.,-1.19295307011387E-15));
#8564=DIRECTION('center_axis',(-1.,2.11424273198573E-14,3.73561581733696E-14));
#8565=DIRECTION('ref_axis',(3.6948222259527E-14,0.,1.));
#8566=DIRECTION('center_axis',(-1.07212619332351E-14,1.07212619332351E-14,
-1.));
#8567=DIRECTION('ref_axis',(1.,4.26325641456075E-14,-1.07212619332346E-14));
#8568=DIRECTION('center_axis',(1.,-1.02924114559063E-14,-1.02924114559063E-14));
#8569=DIRECTION('ref_axis',(-1.02924114559063E-14,-1.,-5.32907051820086E-16));
#8570=DIRECTION('center_axis',(1.71540190931775E-14,-1.,-1.71540190931775E-14));
#8571=DIRECTION('ref_axis',(1.42108547152017E-14,1.71540190931777E-14,-1.));
#8572=DIRECTION('center_axis',(-2.83989925879566E-29,5.32907051820078E-15,
1.));
#8573=DIRECTION('ref_axis',(-1.,0.,-2.83989925879566E-29));
#8574=DIRECTION('center_axis',(-8.57700954658837E-15,-8.5770095465884E-15,
-1.));
#8575=DIRECTION('ref_axis',(-2.84217094304046E-14,1.,-8.57700954658815E-15));
#8576=DIRECTION('center_axis',(0.,0.,1.));
#8577=DIRECTION('ref_axis',(-1.,0.,0.));
#8578=DIRECTION('',(0.,0.,-1.));
#8579=DIRECTION('center_axis',(0.,0.,-1.));
#8580=DIRECTION('ref_axis',(1.,-3.55271367880053E-15,0.));
#8581=DIRECTION('center_axis',(-5.68434188608092E-14,1.,4.61852778244073E-14));
#8582=DIRECTION('ref_axis',(0.,4.61852778244073E-14,-1.));
#8583=DIRECTION('center_axis',(0.,1.,0.));
#8584=DIRECTION('ref_axis',(0.,0.,-1.));
#8585=DIRECTION('',(-0.894482291521155,2.22361367505949E-8,0.447103377481163));
#8586=DIRECTION('',(2.06299588425097E-11,0.,1.));
#8587=DIRECTION('',(1.,0.,0.));
#8588=DIRECTION('center_axis',(0.447213582053772,0.,0.894427197723009));
#8589=DIRECTION('ref_axis',(-0.894427197723009,0.,0.447213582053772));
#8590=DIRECTION('',(-0.894427215410174,4.46856156685093E-15,0.447213546679439));
#8591=DIRECTION('',(-1.53273344633615E-9,-1.,7.66366723168075E-10));
#8592=DIRECTION('',(0.894427191971335,0.,-0.44721359355712));
#8593=DIRECTION('center_axis',(0.,-1.,0.));
#8594=DIRECTION('ref_axis',(0.,0.,1.));
#8595=DIRECTION('',(-1.,0.,0.));
#8596=DIRECTION('',(5.45435984928355E-12,0.,-1.));
#8597=DIRECTION('',(0.894482291522811,-2.27494263488016E-8,-0.44710337747785));
#8598=DIRECTION('center_axis',(1.,0.,0.));
#8599=DIRECTION('ref_axis',(0.,-1.,0.));
#8600=DIRECTION('',(0.,-1.,0.));
#8601=DIRECTION('center_axis',(1.,-6.90398613850719E-9,1.29029581473466E-11));
#8602=DIRECTION('ref_axis',(1.2908551338001E-11,8.10139323342446E-7,-0.999999999999672));
#8603=DIRECTION('center_axis',(1.,-1.24650630972865E-8,1.83900751030374E-12));
#8604=DIRECTION('ref_axis',(1.84644449358893E-12,5.96626204574994E-7,-0.999999999999822));
#8605=DIRECTION('center_axis',(0.894427185204715,-2.74130411335995E-8,-0.447213607090358));
#8606=DIRECTION('ref_axis',(-3.06487119209433E-8,-1.,0.));
#8607=DIRECTION('center_axis',(0.89442723501893,-8.39749364738145E-8,-0.447213507461911));
#8608=DIRECTION('ref_axis',(-9.38868285602203E-8,-0.999999999999996,0.));
#8609=DIRECTION('center_axis',(-1.,1.27897692436818E-14,4.2632564145606E-15));
#8610=DIRECTION('ref_axis',(1.27897692436818E-14,1.,0.));
#8611=DIRECTION('',(-1.,0.,0.));
#8612=DIRECTION('center_axis',(0.,-1.,0.));
#8613=DIRECTION('ref_axis',(0.,0.,1.));
#8614=DIRECTION('',(1.,0.,0.));
#8615=DIRECTION('center_axis',(0.,0.,1.));
#8616=DIRECTION('ref_axis',(-1.,0.,0.));
#8617=DIRECTION('center_axis',(0.,0.,1.));
#8618=DIRECTION('ref_axis',(-1.,0.,0.));
#8619=DIRECTION('',(0.,0.,1.));
#8620=DIRECTION('center_axis',(0.,-4.03717724551872E-15,1.));
#8621=DIRECTION('ref_axis',(0.999999999999834,-5.76535133809748E-7,0.));
#8622=DIRECTION('',(0.,0.,1.));
#8623=DIRECTION('center_axis',(0.,0.,1.));
#8624=DIRECTION('ref_axis',(-1.,0.,0.));
#8625=DIRECTION('center_axis',(-3.85073489462958E-5,-0.999999999258592,
-8.42183184430706E-11));
#8626=DIRECTION('ref_axis',(0.999999999258591,-3.85073489462988E-5,3.6284081276202E-8));
#8627=DIRECTION('center_axis',(5.02429586778822E-15,1.,-1.21297232253892E-14));
#8628=DIRECTION('ref_axis',(-1.,5.02429586778844E-15,1.77635683940024E-14));
#8629=DIRECTION('center_axis',(0.,0.,-1.));
#8630=DIRECTION('ref_axis',(1.,0.,0.));
#8631=DIRECTION('',(0.,0.,1.));
#8632=DIRECTION('center_axis',(0.,0.,1.));
#8633=DIRECTION('ref_axis',(-0.999999999999834,5.76535133809748E-7,0.));
#8634=DIRECTION('',(0.,0.,1.));
#8635=DIRECTION('center_axis',(0.,0.,1.));
#8636=DIRECTION('ref_axis',(-1.,0.,0.));
#8637=DIRECTION('center_axis',(-3.8507590061465E-5,-0.999999999258583,-8.45767384995843E-11));
#8638=DIRECTION('ref_axis',(0.999999999258582,-3.8507590061468E-5,3.54816915112727E-8));
#8639=DIRECTION('center_axis',(0.,1.,0.));
#8640=DIRECTION('ref_axis',(-1.,0.,2.13162820728024E-14));
#8641=DIRECTION('center_axis',(0.,-2.01858862275945E-15,1.));
#8642=DIRECTION('ref_axis',(0.999999999999834,-5.7653518023726E-7,0.));
#8643=DIRECTION('',(-0.894427619872845,0.0192008902723258,-0.446800356559109));
#8644=DIRECTION('center_axis',(0.447212557150286,0.04039490464463,-0.893515070049663));
#8645=DIRECTION('ref_axis',(0.894244959275646,0.,0.44757787345902));
#8646=DIRECTION('',(-1.14769862700664E-5,-0.998979378665574,-0.0451685827674672));
#8647=DIRECTION('center_axis',(1.,0.,0.));
#8648=DIRECTION('ref_axis',(0.,-1.,0.));
#8649=DIRECTION('center_axis',(0.,0.,-1.));
#8650=DIRECTION('ref_axis',(1.,0.,0.));
#8651=DIRECTION('',(0.,0.,-1.));
#8652=DIRECTION('center_axis',(1.52630089513904E-15,-4.75596334413167E-15,
-1.));
#8653=DIRECTION('ref_axis',(0.946484321039387,-0.322749794773925,2.97960605970829E-15));
#8654=DIRECTION('center_axis',(0.,-1.,0.));
#8655=DIRECTION('ref_axis',(0.,0.,1.));
#8656=DIRECTION('',(-1.,0.,0.));
#8657=DIRECTION('center_axis',(0.,0.,1.));
#8658=DIRECTION('ref_axis',(1.,-3.84780017814015E-9,0.));
#8659=DIRECTION('',(0.,0.,1.));
#8660=DIRECTION('center_axis',(0.,1.,0.));
#8661=DIRECTION('ref_axis',(0.,0.,-1.));
#8662=DIRECTION('center_axis',(-1.,0.,0.));
#8663=DIRECTION('ref_axis',(0.,1.,0.));
#8664=DIRECTION('center_axis',(0.,0.,1.));
#8665=DIRECTION('ref_axis',(-1.,0.,0.));
#8666=DIRECTION('',(1.,0.,0.));
#8667=DIRECTION('',(1.,0.,0.));
#8668=DIRECTION('center_axis',(-3.92523114670944E-17,-0.707106781186548,
0.707106781186548));
#8669=DIRECTION('ref_axis',(-1.,0.,-5.55111512312579E-17));
#8670=DIRECTION('center_axis',(0.,0.,1.));
#8671=DIRECTION('ref_axis',(-1.,0.,0.));
#8672=DIRECTION('center_axis',(-1.11183986154688E-13,-1.,1.21947358573403E-13));
#8673=DIRECTION('ref_axis',(-0.144919489023278,1.36772741705112E-13,0.98944345048175));
#8674=DIRECTION('',(0.,-0.832050294337844,0.554700196225229));
#8675=DIRECTION('',(0.554700196225229,0.832050294337844,0.));
#8676=DIRECTION('center_axis',(-8.57700954658915E-15,1.,8.57700954658909E-15));
#8677=DIRECTION('ref_axis',(-1.,-8.57700954658945E-15,3.55271367880037E-14));
#8678=DIRECTION('center_axis',(-1.69458354259933E-13,-1.,-1.52002996342908E-13));
#8679=DIRECTION('ref_axis',(-0.989443450481746,1.89697655311932E-13,-0.144919489023306));
#8680=DIRECTION('',(-0.554700196225229,-0.832050294337844,0.));
#8681=DIRECTION('',(0.,0.832050294337844,0.554700196225229));
#8682=DIRECTION('center_axis',(8.5770095465883E-15,1.,8.5770095465883E-15));
#8683=DIRECTION('ref_axis',(2.84217094304048E-14,8.57700954658806E-15,-1.));
#8684=DIRECTION('center_axis',(7.36245845427249E-15,-1.,-6.48736374229174E-14));
#8685=DIRECTION('ref_axis',(0.144919489023162,6.52557593741819E-14,-0.989443450481767));
#8686=DIRECTION('',(0.,-0.832050294337844,-0.554700196225229));
#8687=DIRECTION('',(-0.554700196225229,0.832050294337844,0.));
#8688=DIRECTION('center_axis',(0.,1.,0.));
#8689=DIRECTION('ref_axis',(1.,0.,-3.5527136788005E-15));
#8690=DIRECTION('center_axis',(2.18400060846875E-13,-1.,1.89253751043275E-13));
#8691=DIRECTION('ref_axis',(0.989443450481742,2.43521066686696E-13,0.144919489023337));
#8692=DIRECTION('',(0.554700196225229,-0.832050294337844,0.));
#8693=DIRECTION('',(0.,0.832050294337844,-0.554700196225229));
#8694=DIRECTION('center_axis',(0.,1.,0.));
#8695=DIRECTION('ref_axis',(0.,0.,1.));
#8696=DIRECTION('center_axis',(1.23168185922667E-16,-0.554700196225231,
-0.832050294337842));
#8697=DIRECTION('ref_axis',(1.,0.,1.48029736616686E-16));
#8698=DIRECTION('',(1.,0.,0.));
#8699=DIRECTION('center_axis',(-0.832050294337844,-0.554700196225229,1.72435460291736E-15));
#8700=DIRECTION('ref_axis',(-0.554700196225229,0.832050294337844,0.));
#8701=DIRECTION('',(0.,0.,-1.));
#8702=DIRECTION('center_axis',(4.61880697210006E-17,-0.55470019622523,0.832050294337843));
#8703=DIRECTION('ref_axis',(-1.,0.,5.55111512312579E-17));
#8704=DIRECTION('',(-1.,0.,6.62819716194123E-16));
#8705=DIRECTION('center_axis',(0.832050294337841,-0.554700196225233,1.23168185922669E-16));
#8706=DIRECTION('ref_axis',(-0.554700196225233,-0.832050294337841,0.));
#8707=DIRECTION('',(0.,0.,1.));
#8708=DIRECTION('center_axis',(0.,-1.,0.));
#8709=DIRECTION('ref_axis',(0.,0.,1.));
#8710=DIRECTION('center_axis',(6.49116390146567E-13,-1.,1.78541716881906E-12));
#8711=DIRECTION('ref_axis',(0.144919489023688,1.86063893964252E-12,0.98944345048169));
#8712=DIRECTION('center_axis',(-8.577009546589E-15,-1.,-8.57700954658894E-15));
#8713=DIRECTION('ref_axis',(1.,-8.57700954658921E-15,2.48689957516029E-14));
#8714=DIRECTION('',(-0.554700196225229,0.832050294337844,0.));
#8715=DIRECTION('',(0.,-0.832050294337844,0.554700196225229));
#8716=DIRECTION('center_axis',(-2.83509227207485E-13,-1.,1.10541349883031E-13));
#8717=DIRECTION('ref_axis',(0.989443450481781,-2.96535943952567E-13,-0.144919489023069));
#8718=DIRECTION('center_axis',(8.57700954658847E-15,-1.,-8.57700954658846E-15));
#8719=DIRECTION('ref_axis',(-9.76996261670145E-15,8.57700954658838E-15,
-1.));
#8720=DIRECTION('',(0.,0.832050294337844,0.554700196225229));
#8721=DIRECTION('',(0.554700196225229,-0.832050294337844,0.));
#8722=DIRECTION('center_axis',(-9.0992718929007E-15,-1.,1.52839435008519E-14));
#8723=DIRECTION('ref_axis',(-0.144919489023175,-1.38039359612491E-14,-0.989443450481766));
#8724=DIRECTION('center_axis',(0.,-1.,0.));
#8725=DIRECTION('ref_axis',(-1.,0.,-2.66453525910038E-15));
#8726=DIRECTION('',(0.554700196225229,0.832050294337844,0.));
#8727=DIRECTION('',(0.,-0.832050294337844,-0.554700196225229));
#8728=DIRECTION('center_axis',(-2.48927517647663E-12,-1.,9.25257420103222E-13));
#8729=DIRECTION('ref_axis',(-0.989443450481655,2.59708485234833E-12,0.144919489023932));
#8730=DIRECTION('center_axis',(0.,-1.,0.));
#8731=DIRECTION('ref_axis',(0.,0.,1.));
#8732=DIRECTION('',(0.,0.832050294337844,-0.554700196225229));
#8733=DIRECTION('',(-0.554700196225229,-0.832050294337844,0.));
#8734=DIRECTION('center_axis',(-1.23168185922667E-16,-0.554700196225231,
-0.832050294337842));
#8735=DIRECTION('ref_axis',(1.,0.,-1.48029736616686E-16));
#8736=DIRECTION('',(-1.,0.,0.));
#8737=DIRECTION('center_axis',(0.832050294337844,-0.554700196225229,1.66277050995602E-15));
#8738=DIRECTION('ref_axis',(-0.554700196225229,-0.832050294337844,0.));
#8739=DIRECTION('',(1.56125115164357E-14,0.,-1.));
#8740=DIRECTION('center_axis',(-4.61880697210006E-17,-0.55470019622523,
0.832050294337843));
#8741=DIRECTION('ref_axis',(-1.,0.,-5.55111512312579E-17));
#8742=DIRECTION('',(1.,0.,6.62819716194125E-16));
#8743=DIRECTION('center_axis',(-0.832050294337842,-0.554700196225232,-2.00148302124335E-16));
#8744=DIRECTION('ref_axis',(-0.554700196225232,0.832050294337842,0.));
#8745=DIRECTION('',(0.,0.,1.));
#8746=DIRECTION('center_axis',(0.,-1.,0.));
#8747=DIRECTION('ref_axis',(0.,0.,1.));
#8748=DIRECTION('center_axis',(-6.44830753893341E-13,1.,1.73462663555652E-12));
#8749=DIRECTION('ref_axis',(-0.144919489023676,-1.80976350694347E-12,0.989443450481692));
#8750=DIRECTION('center_axis',(8.57700954658915E-15,1.,-8.57700954658909E-15));
#8751=DIRECTION('ref_axis',(-1.,8.57700954658945E-15,3.55271367880037E-14));
#8752=DIRECTION('',(0.554700196225229,-0.832050294337844,0.));
#8753=DIRECTION('',(0.,0.832050294337844,0.554700196225229));
#8754=DIRECTION('center_axis',(-1.0881756213705E-12,1.,-4.56914772339487E-13));
#8755=DIRECTION('ref_axis',(-0.989443450481713,-1.14290409687365E-12,-0.144919489023534));
#8756=DIRECTION('center_axis',(-8.5770095465883E-15,1.,-8.5770095465883E-15));
#8757=DIRECTION('ref_axis',(2.84217094304048E-14,-8.57700954658806E-15,
-1.));
#8758=DIRECTION('',(0.,-0.832050294337844,0.554700196225229));
#8759=DIRECTION('',(-0.554700196225229,0.832050294337844,0.));
#8760=DIRECTION('center_axis',(2.23990957623463E-13,1.,-7.1501375624461E-13));
#8761=DIRECTION('ref_axis',(0.144919489023327,-7.39926333245217E-13,-0.989443450481743));
#8762=DIRECTION('center_axis',(0.,1.,0.));
#8763=DIRECTION('ref_axis',(1.,0.,-3.5527136788005E-15));
#8764=DIRECTION('',(-0.554700196225229,-0.832050294337844,0.));
#8765=DIRECTION('',(0.,0.832050294337844,-0.554700196225229));
#8766=DIRECTION('center_axis',(1.33044796212381E-12,1.,5.59051996395436E-13));
#8767=DIRECTION('ref_axis',(0.989443450481701,-1.39742055198538E-12,0.144919489023617));
#8768=DIRECTION('center_axis',(0.,1.,0.));
#8769=DIRECTION('ref_axis',(0.,0.,1.));
#8770=DIRECTION('',(0.,-0.832050294337844,-0.554700196225229));
#8771=DIRECTION('',(0.554700196225229,0.832050294337844,0.));
#8772=DIRECTION('center_axis',(1.23168185922667E-16,0.554700196225231,-0.832050294337842));
#8773=DIRECTION('ref_axis',(1.,0.,1.48029736616686E-16));
#8774=DIRECTION('',(1.,0.,0.));
#8775=DIRECTION('center_axis',(-0.832050294337844,0.554700196225229,1.84752278884003E-15));
#8776=DIRECTION('ref_axis',(0.554700196225229,0.832050294337844,0.));
#8777=DIRECTION('',(0.,0.,-1.));
#8778=DIRECTION('center_axis',(4.61880697210006E-17,0.55470019622523,0.832050294337843));
#8779=DIRECTION('ref_axis',(-1.,0.,5.55111512312579E-17));
#8780=DIRECTION('',(-1.,0.,6.62819716194123E-16));
#8781=DIRECTION('center_axis',(0.832050294337841,0.554700196225233,-2.46336371845335E-16));
#8782=DIRECTION('ref_axis',(0.554700196225233,-0.832050294337841,0.));
#8783=DIRECTION('',(0.,0.,1.));
#8784=DIRECTION('center_axis',(0.,1.,0.));
#8785=DIRECTION('ref_axis',(0.,0.,-1.));
#8786=DIRECTION('center_axis',(8.53620938908047E-14,1.,8.67462390052173E-14));
#8787=DIRECTION('ref_axis',(0.144919489023265,-9.82011290662484E-14,0.989443450481752));
#8788=DIRECTION('',(0.,0.832050294337844,0.554700196225229));
#8789=DIRECTION('',(-0.554700196225229,-0.832050294337844,0.));
#8790=DIRECTION('center_axis',(8.577009546589E-15,-1.,8.57700954658894E-15));
#8791=DIRECTION('ref_axis',(1.,8.57700954658921E-15,2.48689957516029E-14));
#8792=DIRECTION('center_axis',(-2.912461642202E-14,1.,2.58282869336161E-14));
#8793=DIRECTION('ref_axis',(0.989443450481772,3.2560183111324E-14,-0.144919489023131));
#8794=DIRECTION('',(0.554700196225229,0.832050294337844,0.));
#8795=DIRECTION('',(0.,-0.832050294337844,0.554700196225229));
#8796=DIRECTION('center_axis',(-8.57700954658847E-15,-1.,8.57700954658846E-15));
#8797=DIRECTION('ref_axis',(-9.76996261670145E-15,-8.57700954658838E-15,
-1.));
#8798=DIRECTION('center_axis',(1.59561139134539E-14,1.,8.95705506574474E-14));
#8799=DIRECTION('ref_axis',(-0.144919489023156,9.09373465791898E-14,-0.989443450481768));
#8800=DIRECTION('',(0.,0.832050294337844,-0.554700196225229));
#8801=DIRECTION('',(0.554700196225229,-0.832050294337844,0.));
#8802=DIRECTION('center_axis',(0.,-1.,0.));
#8803=DIRECTION('ref_axis',(-1.,0.,-2.66453525910038E-15));
#8804=DIRECTION('center_axis',(-1.05480920240082E-13,1.,1.34831032631929E-13));
#8805=DIRECTION('ref_axis',(-0.989443450481742,-1.23907050035845E-13,0.144919489023336));
#8806=DIRECTION('',(-0.554700196225229,0.832050294337844,0.));
#8807=DIRECTION('',(0.,-0.832050294337844,-0.554700196225229));
#8808=DIRECTION('center_axis',(0.,-1.,0.));
#8809=DIRECTION('ref_axis',(0.,0.,1.));
#8810=DIRECTION('center_axis',(-1.23168185922667E-16,0.554700196225231,
-0.832050294337842));
#8811=DIRECTION('ref_axis',(1.,0.,-1.48029736616686E-16));
#8812=DIRECTION('',(-1.,0.,0.));
#8813=DIRECTION('center_axis',(0.832050294337844,0.554700196225229,1.72435460291736E-15));
#8814=DIRECTION('ref_axis',(0.554700196225229,-0.832050294337844,0.));
#8815=DIRECTION('',(1.56125115164357E-14,0.,-1.));
#8816=DIRECTION('center_axis',(-4.61880697210006E-17,0.55470019622523,0.832050294337843));
#8817=DIRECTION('ref_axis',(-1.,0.,-5.55111512312579E-17));
#8818=DIRECTION('',(1.,0.,6.62819716194125E-16));
#8819=DIRECTION('center_axis',(-0.832050294337842,0.554700196225232,-1.53960232403334E-16));
#8820=DIRECTION('ref_axis',(0.554700196225232,0.832050294337842,0.));
#8821=DIRECTION('',(0.,0.,1.));
#8822=DIRECTION('center_axis',(0.,1.,0.));
#8823=DIRECTION('ref_axis',(0.,0.,-1.));
#8824=DIRECTION('center_axis',(-8.93082780819207E-14,-1.,1.49851447748857E-13));
#8825=DIRECTION('ref_axis',(-0.144919489023255,1.61212043545494E-13,0.989443450481754));
#8826=DIRECTION('',(0.,-0.832050294337844,0.554700196225229));
#8827=DIRECTION('',(0.554700196225229,0.832050294337844,0.));
#8828=DIRECTION('center_axis',(-8.57700954658896E-15,1.,8.5770095465889E-15));
#8829=DIRECTION('ref_axis',(-1.,-8.5770095465892E-15,2.84217094304033E-14));
#8830=DIRECTION('center_axis',(-2.23406632300676E-14,-1.,-6.52182891851974E-14));
#8831=DIRECTION('ref_axis',(-0.989443450481757,3.15562240560971E-14,-0.14491948902323));
#8832=DIRECTION('',(-0.554700196225229,-0.832050294337844,0.));
#8833=DIRECTION('',(0.,0.832050294337844,0.554700196225229));
#8834=DIRECTION('center_axis',(8.57700954658849E-15,1.,8.57700954658848E-15));
#8835=DIRECTION('ref_axis',(7.10542735760103E-15,8.57700954658842E-15,-1.));
#8836=DIRECTION('center_axis',(2.84974444127939E-14,-1.,-3.4735736707486E-14));
#8837=DIRECTION('ref_axis',(0.14491948902318,3.84988822656496E-14,-0.989443450481765));
#8838=DIRECTION('',(0.,-0.832050294337844,-0.554700196225229));
#8839=DIRECTION('',(-0.554700196225229,0.832050294337844,0.));
#8840=DIRECTION('center_axis',(0.,1.,0.));
#8841=DIRECTION('ref_axis',(1.,0.,-6.21724893790083E-15));
#8842=DIRECTION('center_axis',(-1.71197447238171E-13,-1.,-1.98666143587454E-13));
#8843=DIRECTION('ref_axis',(0.989443450481797,-1.98180788923867E-13,0.14491948902296));
#8844=DIRECTION('',(0.554700196225229,-0.832050294337844,0.));
#8845=DIRECTION('',(0.,0.832050294337844,-0.554700196225229));
#8846=DIRECTION('center_axis',(0.,1.,0.));
#8847=DIRECTION('ref_axis',(7.105427357601E-15,0.,1.));
#8848=DIRECTION('center_axis',(-6.15840929613373E-17,-0.554700196225232,
-0.832050294337842));
#8849=DIRECTION('ref_axis',(1.,0.,-7.40148683083477E-17));
#8850=DIRECTION('',(1.,0.,0.));
#8851=DIRECTION('center_axis',(-0.832050294337844,-0.554700196225228,1.72435460291736E-15));
#8852=DIRECTION('ref_axis',(-0.554700196225228,0.832050294337844,0.));
#8853=DIRECTION('',(0.,0.,-1.));
#8854=DIRECTION('center_axis',(4.61880697210006E-17,-0.55470019622523,0.832050294337843));
#8855=DIRECTION('ref_axis',(-1.,0.,5.55111512312579E-17));
#8856=DIRECTION('',(-1.,0.,6.28309578716753E-16));
#8857=DIRECTION('center_axis',(0.832050294337842,-0.554700196225232,-2.46336371845335E-16));
#8858=DIRECTION('ref_axis',(-0.554700196225232,-0.832050294337842,0.));
#8859=DIRECTION('',(0.,0.,1.));
#8860=DIRECTION('center_axis',(0.,-1.,0.));
#8861=DIRECTION('ref_axis',(0.,0.,1.));
#8862=DIRECTION('',(-0.832050294337845,0.,0.554700196225228));
#8863=DIRECTION('',(-0.832050294337844,-0.554700196225229,0.));
#8864=DIRECTION('center_axis',(-1.,0.,0.));
#8865=DIRECTION('ref_axis',(0.,1.,0.));
#8866=DIRECTION('center_axis',(0.,0.,1.));
#8867=DIRECTION('ref_axis',(-1.,0.,0.));
#8868=DIRECTION('center_axis',(0.,0.,1.));
#8869=DIRECTION('ref_axis',(-0.999999999999834,5.7653518023726E-7,0.));
#8870=DIRECTION('center_axis',(0.,0.,-1.));
#8871=DIRECTION('ref_axis',(1.,0.,0.));
#8872=CARTESIAN_POINT('',(0.,0.,0.));
#8873=CARTESIAN_POINT('Origin',(32.1800000000049,5.55111512312578E-15,4.80000009536739));
#8874=CARTESIAN_POINT('',(37.1800000000049,4.93879172355211E-15,2.52499690744875));
#8875=CARTESIAN_POINT('Origin',(32.1800000000049,5.55111512312578E-15,2.52499690744875));
#8876=CARTESIAN_POINT('',(37.1800000000049,4.93879172355211E-15,4.80000009536739));
#8877=CARTESIAN_POINT('',(37.1800000000049,4.93879172355211E-15,4.80000009536739));
#8878=CARTESIAN_POINT('',(27.403683591347,1.4787838125924,4.80000009536739));
#8879=CARTESIAN_POINT('Origin',(32.1800000000049,5.55111512312578E-15,4.80000009536739));
#8880=CARTESIAN_POINT('',(27.1940823312101,-0.374999999999974,5.9947272581585));
#8881=CARTESIAN_POINT('Origin',(32.1800000000049,5.55111512312578E-15,-22.4250029784779));
#8882=CARTESIAN_POINT('',(27.1940823312101,-0.374999999999973,4.80000009536739));
#8883=CARTESIAN_POINT('',(27.1940823312101,-0.374999999999973,4.80000009536739));
#8884=CARTESIAN_POINT('Origin',(32.1800000000049,5.55111512312578E-15,4.80000009536739));
#8885=CARTESIAN_POINT('Origin',(32.1800000000049,-0.749999999999892,0.));
#8886=CARTESIAN_POINT('',(27.403683591347,-2.22878381259227,4.80000009536738));
#8887=CARTESIAN_POINT('Origin',(32.1800000000049,-0.749999999999892,-22.4250029784779));
#8888=CARTESIAN_POINT('Origin',(32.1800000000049,-0.749999999999892,4.80000009536739));
#8889=CARTESIAN_POINT('Origin',(26.8059922228706,10.9599997702427,8.20684083868258));
#8890=CARTESIAN_POINT('',(27.403683591347,9.53999980853886,4.80000009536739));
#8891=CARTESIAN_POINT('',(27.403683591347,7.77519427138103,4.80000009536739));
#8892=CARTESIAN_POINT('',(26.9299993896265,9.53999980853886,7.5));
#8893=CARTESIAN_POINT('',(27.9299993896265,9.53999980853886,1.80000009536739));
#8894=CARTESIAN_POINT('',(26.9299993896265,-5.39999980849975,7.5));
#8895=CARTESIAN_POINT('',(26.9299993896265,-3.45999980849975,7.5));
#8896=CARTESIAN_POINT('',(27.4036835913469,-5.39999999999988,4.80000009536739));
#8897=CARTESIAN_POINT('',(27.313515115142,-5.39999999999988,5.31396040113642));
#8898=CARTESIAN_POINT('',(27.403683591347,5.41981484861833,4.80000009536739));
#8899=CARTESIAN_POINT('Origin',(33.6500000000049,-5.39999999999988,9.6199999904633));
#8900=CARTESIAN_POINT('',(30.342202405056,-5.39999999999988,4.80000009536739));
#8901=CARTESIAN_POINT('',(32.9451179032864,-5.39999999999988,4.80000009536739));
#8902=CARTESIAN_POINT('',(20.3300000000049,-5.39999999999988,7.5));
#8903=CARTESIAN_POINT('',(30.2899996948157,-5.39999999999988,7.5));
#8904=CARTESIAN_POINT('',(20.3300000000049,-5.39999999999988,8.80000000000004));
#8905=CARTESIAN_POINT('',(20.3300000000049,-5.39999999999988,1.80000009536739));
#8906=CARTESIAN_POINT('',(30.342202405056,-5.39999999999988,8.80000000000004));
#8907=CARTESIAN_POINT('',(20.3300000000049,-5.39999999999988,8.80000000000004));
#8908=CARTESIAN_POINT('',(30.342202405056,-5.39999999999988,0.));
#8909=CARTESIAN_POINT('Origin',(37.8,14.6300000000002,19.5585038631017));
#8910=CARTESIAN_POINT('',(37.8,15.4000000000002,4.80000009536739));
#8911=CARTESIAN_POINT('',(37.8,-15.4,4.80000009536739));
#8912=CARTESIAN_POINT('',(37.8,7.25481496349708,4.80000009536739));
#8913=CARTESIAN_POINT('',(37.8,-15.4,17.559943252192));
#8914=CARTESIAN_POINT('',(37.8,-15.4,3.80000009536739));
#8915=CARTESIAN_POINT('',(37.8,-15.2989727441858,17.5544096700576));
#8916=CARTESIAN_POINT('Origin',(37.8,-15.2989727441858,18.4794096700576));
#8917=CARTESIAN_POINT('',(37.8,-15.2989727441858,19.4044096700576));
#8918=CARTESIAN_POINT('',(37.8,-15.2989727441858,18.5564567665797));
#8919=CARTESIAN_POINT('',(37.8,-15.4,19.3988760879232));
#8920=CARTESIAN_POINT('Origin',(37.8,-15.2989727441858,18.4794096700576));
#8921=CARTESIAN_POINT('',(37.8,-15.4,20.3));
#8922=CARTESIAN_POINT('',(37.8,-15.4,3.80000009536739));
#8923=CARTESIAN_POINT('',(37.8,15.4000000000002,20.3));
#8924=CARTESIAN_POINT('',(37.8,-15.4,20.3));
#8925=CARTESIAN_POINT('',(37.8,15.4000000000002,19.398879444488));
#8926=CARTESIAN_POINT('',(37.8,15.4000000000002,18.2));
#8927=CARTESIAN_POINT('',(37.8,15.2990032975343,19.4044096700576));
#8928=CARTESIAN_POINT('Origin',(37.8,15.2990032975343,18.4794096700576));
#8929=CARTESIAN_POINT('',(37.8,15.2990032975343,17.5544096700576));
#8930=CARTESIAN_POINT('',(37.8,15.2990032975343,19.4814567665797));
#8931=CARTESIAN_POINT('',(37.8,15.4000000000002,17.5599398956273));
#8932=CARTESIAN_POINT('Origin',(37.8,15.2990032975343,18.4794096700576));
#8933=CARTESIAN_POINT('',(37.8,15.4000000000002,18.2));
#8934=CARTESIAN_POINT('',(37.8,-13.1500000299725,12.2));
#8935=CARTESIAN_POINT('Origin',(37.8,-7.90000002997253,12.2));
#8936=CARTESIAN_POINT('Origin',(45.6369999999995,-15.4,20.5174087397181));
#8937=CARTESIAN_POINT('',(32.3300000000049,-15.4,4.80000009536739));
#8938=CARTESIAN_POINT('',(41.7184999999998,-15.4,4.80000009536739));
#8939=CARTESIAN_POINT('',(32.3300000000049,-15.4,8.80000000000004));
#8940=CARTESIAN_POINT('',(32.3300000000049,-15.4,8.80000000000004));
#8941=CARTESIAN_POINT('',(30.3300000000049,-15.4,8.80000000000004));
#8942=CARTESIAN_POINT('',(30.3300000000049,-15.4,8.80000000000004));
#8943=CARTESIAN_POINT('',(30.3300000000049,-15.4,3.80000009536739));
#8944=CARTESIAN_POINT('',(30.3300000000049,-15.4,3.80000009536739));
#8945=CARTESIAN_POINT('',(22.3300000000049,-15.4,3.80000009536739));
#8946=CARTESIAN_POINT('',(30.3300000000049,-15.4,3.80000009536739));
#8947=CARTESIAN_POINT('',(22.3300000000049,-15.4,8.80000000000004));
#8948=CARTESIAN_POINT('',(22.3300000000049,-15.4,8.80000000000004));
#8949=CARTESIAN_POINT('',(20.3300000000049,-15.4,8.80000000000004));
#8950=CARTESIAN_POINT('',(20.3300000000049,-15.4,8.80000000000004));
#8951=CARTESIAN_POINT('',(20.3300000000049,-15.4,3.80000009536739));
#8952=CARTESIAN_POINT('',(20.3300000000049,-15.4,3.80000009536739));
#8953=CARTESIAN_POINT('',(12.1300000000048,-15.4,3.80000009536739));
#8954=CARTESIAN_POINT('',(20.3300000000049,-15.4,3.80000009536739));
#8955=CARTESIAN_POINT('',(12.1300000000048,-15.4,15.8));
#8956=CARTESIAN_POINT('',(12.1300000000048,-15.4,16.2799999952313));
#8957=CARTESIAN_POINT('',(8.13000000000485,-15.4,15.8));
#8958=CARTESIAN_POINT('',(27.8835000000022,-15.4,15.8));
#8959=CARTESIAN_POINT('',(8.13000000000486,-15.4,3.80000009536739));
#8960=CARTESIAN_POINT('',(8.13000000000486,-15.4,16.2799999952313));
#8961=CARTESIAN_POINT('',(-39.3699999999951,-15.4,3.80000009536739));
#8962=CARTESIAN_POINT('',(8.13000000000486,-15.4,3.80000009536739));
#8963=CARTESIAN_POINT('',(-39.3699999999951,-15.4,17.559943252192));
#8964=CARTESIAN_POINT('',(-39.3699999999951,-15.4,18.1999999999993));
#8965=CARTESIAN_POINT('',(-39.3699999999951,-15.4,17.559943252192));
#8966=CARTESIAN_POINT('',(-35.3699999999951,-15.4000000000002,16.2));
#8967=CARTESIAN_POINT('',(-37.3699999999951,-15.4000000000002,14.2));
#8968=CARTESIAN_POINT('Origin',(-35.3699999999951,-15.4000000000002,14.2));
#8969=CARTESIAN_POINT('',(-37.3699999999951,-15.4000000000002,7.80000009536739));
#8970=CARTESIAN_POINT('',(-37.3699999999951,-15.4000000000002,14.2));
#8971=CARTESIAN_POINT('',(-35.3699999999951,-15.4000000000002,5.80000009536739));
#8972=CARTESIAN_POINT('Origin',(-35.3699999999951,-15.4000000000002,7.8000000953674));
#8973=CARTESIAN_POINT('',(-18.6199999999951,-15.4000000000002,5.80000009536738));
#8974=CARTESIAN_POINT('',(-35.3699999999951,-15.4000000000002,5.80000009536739));
#8975=CARTESIAN_POINT('',(-16.6199999999951,-15.4000000000002,7.80000009536738));
#8976=CARTESIAN_POINT('Origin',(-18.6199999999951,-15.4000000000002,7.80000009536738));
#8977=CARTESIAN_POINT('',(-16.6199999999951,-15.4000000000002,14.2));
#8978=CARTESIAN_POINT('',(-16.6199999999951,-15.4000000000002,7.80000009536738));
#8979=CARTESIAN_POINT('',(-18.6199999999951,-15.4000000000002,16.2));
#8980=CARTESIAN_POINT('Origin',(-18.6199999999951,-15.4000000000002,14.2));
#8981=CARTESIAN_POINT('',(-18.6199999999951,-15.4000000000002,16.2));
#8982=CARTESIAN_POINT('',(-12.6199999999952,-15.4000000000002,16.2));
#8983=CARTESIAN_POINT('',(4.13000000000486,-15.4000000000002,16.2));
#8984=CARTESIAN_POINT('',(-12.6199999999952,-15.4000000000002,16.2));
#8985=CARTESIAN_POINT('',(-14.6199999999952,-15.4000000000002,14.2));
#8986=CARTESIAN_POINT('Origin',(-12.6199999999951,-15.4000000000002,14.2));
#8987=CARTESIAN_POINT('',(-14.6199999999951,-15.4000000000002,7.80000009536738));
#8988=CARTESIAN_POINT('',(-14.6199999999951,-15.4000000000002,7.80000009536738));
#8989=CARTESIAN_POINT('',(-12.6199999999951,-15.4000000000002,5.80000009536738));
#8990=CARTESIAN_POINT('Origin',(-12.6199999999951,-15.4000000000002,7.80000009536738));
#8991=CARTESIAN_POINT('',(4.13000000000485,-15.4000000000002,5.80000009536739));
#8992=CARTESIAN_POINT('',(4.13000000000485,-15.4000000000002,5.80000009536739));
#8993=CARTESIAN_POINT('',(6.13000000000485,-15.4000000000002,7.80000009536739));
#8994=CARTESIAN_POINT('Origin',(4.13000000000484,-15.4000000000002,7.8000000953674));
#8995=CARTESIAN_POINT('',(6.13000000000485,-15.4000000000002,14.2));
#8996=CARTESIAN_POINT('',(6.13000000000485,-15.4000000000002,14.2));
#8997=CARTESIAN_POINT('Origin',(4.13000000000483,-15.4000000000002,14.2));
#8998=CARTESIAN_POINT('Origin',(45.6369999999995,15.4000000000002,19.1085038631017));
#8999=CARTESIAN_POINT('',(23.1265995811812,15.4000000000002,3.80000009536739));
#9000=CARTESIAN_POINT('',(23.1265995811812,15.4000000000002,4.80000009536739));
#9001=CARTESIAN_POINT('',(23.1265995811812,15.4000000000002,10.4542519792345));
#9002=CARTESIAN_POINT('',(34.3817997905904,15.4000000000002,4.80000009536739));
#9003=CARTESIAN_POINT('',(-39.3699999999951,15.4000000000002,17.5599398956273));
#9004=CARTESIAN_POINT('',(-39.3699999999951,15.4000000000002,17.5599398956273));
#9005=CARTESIAN_POINT('',(-39.3699999999951,15.4000000000002,3.80000009536739));
#9006=CARTESIAN_POINT('',(-39.3699999999951,15.4000000000002,18.2));
#9007=CARTESIAN_POINT('',(8.13000000000483,15.4000000000002,3.80000009536739));
#9008=CARTESIAN_POINT('',(-39.3699999999951,15.4000000000002,3.80000009536739));
#9009=CARTESIAN_POINT('',(8.13000000000485,15.4000000000002,15.8));
#9010=CARTESIAN_POINT('',(8.13000000000483,15.4000000000002,3.80000009536739));
#9011=CARTESIAN_POINT('',(12.1300000000048,15.4000000000002,15.8));
#9012=CARTESIAN_POINT('',(27.8835000000022,15.4000000000002,15.8));
#9013=CARTESIAN_POINT('',(12.1300000000048,15.4000000000002,3.80000009536739));
#9014=CARTESIAN_POINT('',(12.1300000000048,15.4000000000002,7.52000005245207));
#9015=CARTESIAN_POINT('',(12.1300000000048,15.4000000000002,3.80000009536739));
#9016=CARTESIAN_POINT('',(33.8,15.4000000000002,16.2));
#9017=CARTESIAN_POINT('',(16.130000015396,15.4000000000002,16.2));
#9018=CARTESIAN_POINT('',(33.8,15.4000000000002,16.2));
#9019=CARTESIAN_POINT('',(35.8,15.4000000000002,14.2));
#9020=CARTESIAN_POINT('Origin',(33.8,15.4000000000002,14.2));
#9021=CARTESIAN_POINT('',(35.8,15.4000000000002,7.80000009536738));
#9022=CARTESIAN_POINT('',(35.8,15.4000000000002,7.80000009536738));
#9023=CARTESIAN_POINT('',(33.8,15.4000000000002,5.80000009536738));
#9024=CARTESIAN_POINT('Origin',(33.8,15.4000000000002,7.80000009536738));
#9025=CARTESIAN_POINT('',(16.130000015396,15.4000000000002,5.80000009536739));
#9026=CARTESIAN_POINT('',(16.130000015396,15.4000000000002,5.80000009536739));
#9027=CARTESIAN_POINT('',(14.130000015396,15.4000000000002,7.80000009536739));
#9028=CARTESIAN_POINT('Origin',(16.130000015396,15.4000000000002,7.80000009536739));
#9029=CARTESIAN_POINT('',(14.130000015396,15.4000000000002,14.2));
#9030=CARTESIAN_POINT('',(14.130000015396,15.4000000000002,14.2));
#9031=CARTESIAN_POINT('Origin',(16.130000015396,15.4000000000002,14.2));
#9032=CARTESIAN_POINT('',(4.13000000000486,15.4000000000002,16.2));
#9033=CARTESIAN_POINT('',(6.13000000000485,15.4000000000002,14.2));
#9034=CARTESIAN_POINT('Origin',(4.13000000000483,15.4000000000002,14.2));
#9035=CARTESIAN_POINT('',(6.13000000000485,15.4000000000002,7.80000009536739));
#9036=CARTESIAN_POINT('',(6.13000000000485,15.4000000000002,14.2));
#9037=CARTESIAN_POINT('',(4.13000000000485,15.4000000000002,5.80000009536739));
#9038=CARTESIAN_POINT('Origin',(4.13000000000484,15.4000000000002,7.8000000953674));
#9039=CARTESIAN_POINT('',(-12.6199999999951,15.4000000000002,5.80000009536738));
#9040=CARTESIAN_POINT('',(4.13000000000485,15.4000000000002,5.80000009536739));
#9041=CARTESIAN_POINT('',(-14.6199999999951,15.4000000000002,7.80000009536738));
#9042=CARTESIAN_POINT('Origin',(-12.6199999999951,15.4000000000002,7.80000009536738));
#9043=CARTESIAN_POINT('',(-14.6199999999952,15.4000000000002,14.2));
#9044=CARTESIAN_POINT('',(-14.6199999999951,15.4000000000002,7.80000009536738));
#9045=CARTESIAN_POINT('',(-12.6199999999952,15.4000000000002,16.2));
#9046=CARTESIAN_POINT('Origin',(-12.6199999999951,15.4000000000002,14.2));
#9047=CARTESIAN_POINT('',(-12.6199999999952,15.4000000000002,16.2));
#9048=CARTESIAN_POINT('',(-18.6199999999951,15.4000000000002,16.2));
#9049=CARTESIAN_POINT('',(-35.3699999999951,15.4000000000002,16.2));
#9050=CARTESIAN_POINT('',(-18.6199999999951,15.4000000000002,16.2));
#9051=CARTESIAN_POINT('',(-16.6199999999951,15.4000000000002,14.2));
#9052=CARTESIAN_POINT('Origin',(-18.6199999999951,15.4000000000002,14.2));
#9053=CARTESIAN_POINT('',(-16.6199999999951,15.4000000000002,7.80000009536738));
#9054=CARTESIAN_POINT('',(-16.6199999999951,15.4000000000002,7.80000009536738));
#9055=CARTESIAN_POINT('',(-18.6199999999951,15.4000000000002,5.80000009536738));
#9056=CARTESIAN_POINT('Origin',(-18.6199999999951,15.4000000000002,7.80000009536738));
#9057=CARTESIAN_POINT('',(-35.3699999999951,15.4000000000002,5.80000009536739));
#9058=CARTESIAN_POINT('',(-35.3699999999951,15.4000000000002,5.80000009536739));
#9059=CARTESIAN_POINT('',(-37.3699999999951,15.4000000000002,7.80000009536739));
#9060=CARTESIAN_POINT('Origin',(-35.3699999999951,15.4000000000002,7.8000000953674));
#9061=CARTESIAN_POINT('',(-37.3699999999951,15.4000000000002,14.2));
#9062=CARTESIAN_POINT('',(-37.3699999999951,15.4000000000002,14.2));
#9063=CARTESIAN_POINT('Origin',(-35.3699999999951,15.4000000000002,14.2));
#9064=CARTESIAN_POINT('Origin',(23.1265995811812,13.4000000000002,1.80000009536739));
#9065=CARTESIAN_POINT('',(23.1265995811812,9.53999980853886,1.80000009536739));
#9066=CARTESIAN_POINT('',(23.1265995811812,13.4000000000002,1.80000009536739));
#9067=CARTESIAN_POINT('',(23.1265995811812,14.8000000000002,1.80000009536739));
#9068=CARTESIAN_POINT('',(23.1265995811812,9.53999980853886,4.80000009536739));
#9069=CARTESIAN_POINT('',(23.1265995811812,9.53999980853886,4.99500004291533));
#9070=CARTESIAN_POINT('',(23.1265995811812,13.4000000000002,4.80000009536739));
#9071=CARTESIAN_POINT('Origin',(23.1265995811812,13.4000000000002,3.80000009536739));
#9072=CARTESIAN_POINT('Origin',(29.2499992711115,9.53999980853886,8.18999999046326));
#9073=CARTESIAN_POINT('',(29.8566495308511,9.53999980853886,4.80000009536739));
#9074=CARTESIAN_POINT('',(15.9300005747765,9.53999980853886,1.80000009536739));
#9075=CARTESIAN_POINT('',(27.9299993896265,9.53999980853886,1.80000009536739));
#9076=CARTESIAN_POINT('',(16.9300005747765,9.53999980853886,7.5));
#9077=CARTESIAN_POINT('',(16.9300005747765,9.53999980853886,7.5));
#9078=CARTESIAN_POINT('',(26.9299993896265,9.53999980853886,7.5));
#9079=CARTESIAN_POINT('Origin',(45.6369999999995,16.2000000000002,1.80000009536739));
#9080=CARTESIAN_POINT('',(12.1300000000048,13.4000000000002,1.80000009536739));
#9081=CARTESIAN_POINT('',(37.8,13.4000000000002,1.80000009536739));
#9082=CARTESIAN_POINT('',(12.1300000000048,9.0000005985304,1.80000009536739));
#9083=CARTESIAN_POINT('',(12.1300000000048,13.4000000000002,1.80000009536739));
#9084=CARTESIAN_POINT('',(8.13000000000486,9.0000005831392,1.80000009536739));
#9085=CARTESIAN_POINT('Origin',(10.1300000000048,8.99999999999993,1.80000009536739));
#9086=CARTESIAN_POINT('',(8.13000000000483,13.4000000000002,1.80000009536739));
#9087=CARTESIAN_POINT('',(8.13000000000483,13.4000000000002,1.80000009536739));
#9088=CARTESIAN_POINT('',(-39.3699999999951,13.4000000000002,1.80000009536739));
#9089=CARTESIAN_POINT('',(8.13000000000483,13.4000000000002,1.80000009536739));
#9090=CARTESIAN_POINT('',(-39.3699999999951,10.9999999999999,1.80000009536739));
#9091=CARTESIAN_POINT('',(-39.3699999999951,10.9999999999999,1.80000009536739));
#9092=CARTESIAN_POINT('',(-35.8700005985255,10.9999999999999,1.80000009536739));
#9093=CARTESIAN_POINT('',(-35.8700005985255,10.9999999999999,1.80000009536739));
#9094=CARTESIAN_POINT('',(-33.9770313579163,8.35450041045204,1.80000009536739));
#9095=CARTESIAN_POINT('Origin',(-35.8699999999951,8.99999999999992,1.80000009536739));
#9096=CARTESIAN_POINT('',(-33.869999999995,8.35450041045203,1.80000009536739));
#9097=CARTESIAN_POINT('',(-33.869999999995,8.35450041045203,1.80000009536739));
#9098=CARTESIAN_POINT('',(-33.869999999995,3.8097499059693,1.80000009536739));
#9099=CARTESIAN_POINT('',(-33.869999999995,3.8097499059693,1.80000009536739));
#9100=CARTESIAN_POINT('',(-39.3699999999951,3.8097499059693,1.80000009536739));
#9101=CARTESIAN_POINT('',(-39.3699999999951,3.8097499059693,1.80000009536739));
#9102=CARTESIAN_POINT('',(-39.3699999999951,-3.82025009403534,1.80000009536739));
#9103=CARTESIAN_POINT('',(-39.3699999999951,-3.82025009403534,1.80000009536739));
#9104=CARTESIAN_POINT('',(-33.869999999995,-3.82025009403534,1.80000009536739));
#9105=CARTESIAN_POINT('',(-33.869999999995,-3.82025009403534,1.80000009536739));
#9106=CARTESIAN_POINT('',(-33.869999999995,-8.36500059851807,1.80000009536739));
#9107=CARTESIAN_POINT('',(-33.869999999995,-8.36500059851807,1.80000009536739));
#9108=CARTESIAN_POINT('',(-33.9734832560357,-8.36500059851808,1.80000009536739));
#9109=CARTESIAN_POINT('',(-33.9734832560357,-8.36500059851808,1.80000009536739));
#9110=CARTESIAN_POINT('',(-35.8700005985255,-10.9999999999999,1.80000009536739));
#9111=CARTESIAN_POINT('Origin',(-35.869999999995,-8.99999999999992,1.80000009536739));
#9112=CARTESIAN_POINT('',(-39.3699999999951,-10.9999999999999,1.80000009536739));
#9113=CARTESIAN_POINT('',(-39.3699999999951,-10.9999999999999,1.80000009536739));
#9114=CARTESIAN_POINT('',(-39.3699999999951,-13.4,1.80000009536739));
#9115=CARTESIAN_POINT('',(-39.3699999999951,-13.4,1.80000009536739));
#9116=CARTESIAN_POINT('',(8.13000000000486,-13.4,1.80000009536739));
#9117=CARTESIAN_POINT('',(-39.3699999999951,-13.4,1.80000009536739));
#9118=CARTESIAN_POINT('',(8.13000000000491,-4.45525009404767,1.80000009536739));
#9119=CARTESIAN_POINT('',(8.13000000000491,-4.45525009404767,1.80000009536739));
#9120=CARTESIAN_POINT('',(12.1300000000048,-4.45525009404767,1.80000009536739));
#9121=CARTESIAN_POINT('',(12.1300000000048,-4.45525009404767,1.80000009536739));
#9122=CARTESIAN_POINT('',(12.1300000000048,-13.4,1.80000009536739));
#9123=CARTESIAN_POINT('',(12.1300000000048,-13.4,1.80000009536739));
#9124=CARTESIAN_POINT('',(20.3300000000049,-13.4,1.80000009536739));
#9125=CARTESIAN_POINT('',(12.1300000000048,-13.4,1.80000009536739));
#9126=CARTESIAN_POINT('',(20.3300000000049,-5.39999999999988,1.80000009536739));
#9127=CARTESIAN_POINT('',(20.3300000000049,-13.4,1.80000009536739));
#9128=CARTESIAN_POINT('',(15.9300005747765,-5.39999980849975,1.80000009536739));
#9129=CARTESIAN_POINT('',(37.347008425613,-5.39999980849975,1.80000009536739));
#9130=CARTESIAN_POINT('',(15.9300005747765,6.37000009575022,1.80000009536739));
#9131=CARTESIAN_POINT('Origin',(45.6369999999995,16.2000000000002,4.80000009536739));
#9132=CARTESIAN_POINT('',(32.3300000000049,-5.74774949352195,4.80000009536739));
#9133=CARTESIAN_POINT('',(32.3300000000049,-2.20018503650295,4.80000009536739));
#9134=CARTESIAN_POINT('Origin',(32.1800000000049,-0.749999999999892,4.80000009536739));
#9135=CARTESIAN_POINT('Origin',(29.0570168512265,-5.39999980849975,1.11000010490413));
#9136=CARTESIAN_POINT('',(20.3300000000049,-5.39999999999988,1.80000009536739));
#9137=CARTESIAN_POINT('',(16.9300005747765,-5.39999980849975,7.5));
#9138=CARTESIAN_POINT('',(26.9299993896265,-5.39999980849975,7.5));
#9139=CARTESIAN_POINT('',(16.9300005747765,-5.39999980849975,7.5));
#9140=CARTESIAN_POINT('Origin',(32.1800000000049,0.,1.86549855211772));
#9141=CARTESIAN_POINT('',(41.4050085315955,-1.07632001795805E-13,0.0856870944064675));
#9142=CARTESIAN_POINT('',(38.3222846589464,-7.52212924702455E-16,1.86549855211772));
#9143=CARTESIAN_POINT('',(41.,-3.17311479063067,-7.21644966006352E-15));
#9144=CARTESIAN_POINT('Ctrl Pts',(41.0000000000002,-3.17311479063075,-1.50775659318869E-13));
#9145=CARTESIAN_POINT('Ctrl Pts',(41.0712581008222,-2.975045546144,-1.38038756599492E-13));
#9146=CARTESIAN_POINT('Ctrl Pts',(41.127125107134,-2.75933264744653,0.00721327102009889));
#9147=CARTESIAN_POINT('Ctrl Pts',(41.3414048563496,-1.77814516755535,0.0439065187556802));
#9148=CARTESIAN_POINT('Ctrl Pts',(41.4050085315955,-0.809604609135282,0.0856870944064304));
#9149=CARTESIAN_POINT('Ctrl Pts',(41.4050085315955,-2.13995487996499E-13,
0.0856870944064678));
#9150=CARTESIAN_POINT('',(22.9902107524866,-1.84630199605298,1.90353343555694E-29));
#9151=CARTESIAN_POINT('Origin',(32.1800000000049,0.,0.));
#9152=CARTESIAN_POINT('',(25.4828444577211,6.55813732067951,5.67358666472858E-31));
#9153=CARTESIAN_POINT('Ctrl Pts',(22.9902107524866,-1.84630199605298,-1.04083408558608E-16));
#9154=CARTESIAN_POINT('Ctrl Pts',(23.2434113406624,-1.75506978095343,0.153696621171011));
#9155=CARTESIAN_POINT('Ctrl Pts',(23.4952275842579,-1.64160674835008,0.30906348655931));
#9156=CARTESIAN_POINT('Ctrl Pts',(24.2057885821783,-1.24896992808971,0.752768614930233));
#9157=CARTESIAN_POINT('Ctrl Pts',(24.6380612430366,-0.911088325570977,1.0303234678173));
#9158=CARTESIAN_POINT('Ctrl Pts',(25.2724444800977,-0.247551976181564,1.42410170341943));
#9159=CARTESIAN_POINT('Ctrl Pts',(25.5455810461528,0.106999364558324,1.58816148807405));
#9160=CARTESIAN_POINT('Ctrl Pts',(26.0018093866475,0.892473305968683,1.81549877747016));
#9161=CARTESIAN_POINT('Ctrl Pts',(26.1848581927942,1.32424185592362,1.87592997174765));
#9162=CARTESIAN_POINT('Ctrl Pts',(26.4322915950702,2.15851566438333,1.87592997174765));
#9163=CARTESIAN_POINT('Ctrl Pts',(26.5142476634394,2.62026684090527,1.81549877747016));
#9164=CARTESIAN_POINT('Ctrl Pts',(26.5600423964293,3.52746938374543,1.58816148807405));
#9165=CARTESIAN_POINT('Ctrl Pts',(26.5243783032296,3.97360648082775,1.42410170341942));
#9166=CARTESIAN_POINT('Ctrl Pts',(26.3543442666251,4.87572122121344,1.03032346781729));
#9167=CARTESIAN_POINT('Ctrl Pts',(26.176188155026,5.39464706422573,0.752768614930228));
#9168=CARTESIAN_POINT('Ctrl Pts',(25.7945967006138,6.1112003185686,0.309063486559307));
#9169=CARTESIAN_POINT('Ctrl Pts',(25.6453610832635,6.34360946387104,0.15369662117101));
#9170=CARTESIAN_POINT('Ctrl Pts',(25.4828444577211,6.5581373206795,-1.73472347597681E-15));
#9171=CARTESIAN_POINT('',(41.,3.17311479063066,-6.10622663543836E-15));
#9172=CARTESIAN_POINT('Origin',(32.1800000000049,0.,0.));
#9173=CARTESIAN_POINT('Ctrl Pts',(41.4050085315955,-2.14134265874577E-13,
0.0856870944064675));
#9174=CARTESIAN_POINT('Ctrl Pts',(41.4050085315954,0.809604609134857,0.0856870944065049));
#9175=CARTESIAN_POINT('Ctrl Pts',(41.3414048563494,1.77814516755493,0.0439065187558449));
#9176=CARTESIAN_POINT('Ctrl Pts',(41.1271251071337,2.75933264744618,0.00721327102034831));
#9177=CARTESIAN_POINT('Ctrl Pts',(41.0712581008218,2.97504554614374,1.29214960066136E-13));
#9178=CARTESIAN_POINT('Ctrl Pts',(40.9999999999998,3.17311479063057,1.42604298595389E-13));
#9179=CARTESIAN_POINT('Origin',(-49.7639762496057,18.6000000000002,0.));
#9180=CARTESIAN_POINT('',(21.9299999822015,-1.95999940740551,-2.22044604925031E-15));
#9181=CARTESIAN_POINT('Origin',(21.9299999822015,3.04000000001952,1.26473407243099E-29));
#9182=CARTESIAN_POINT('Origin',(21.9299999822015,3.04000000001952,1.26473407243099E-29));
#9183=CARTESIAN_POINT('',(41.,-13.4000000000001,-1.30340183090993E-14));
#9184=CARTESIAN_POINT('',(41.,13.4000000000001,-7.21644966006352E-16));
#9185=CARTESIAN_POINT('',(24.5,-13.4000000000001,0.));
#9186=CARTESIAN_POINT('',(41.,-13.4000000000001,-1.30340183090993E-14));
#9187=CARTESIAN_POINT('',(24.5,-15.4,5.27355936696949E-16));
#9188=CARTESIAN_POINT('',(24.5,-13.4000000000001,0.));
#9189=CARTESIAN_POINT('',(16.5,-15.4,-7.21644966006352E-16));
#9190=CARTESIAN_POINT('',(24.5,-15.4,5.27355936696949E-16));
#9191=CARTESIAN_POINT('',(16.5,-13.4,0.));
#9192=CARTESIAN_POINT('',(16.5,-15.4,-7.21644966006352E-16));
#9193=CARTESIAN_POINT('',(8.49999999999995,-13.3999999999999,0.));
#9194=CARTESIAN_POINT('',(16.5,-13.4,0.));
#9195=CARTESIAN_POINT('',(8.49999999999996,-15.4,0.));
#9196=CARTESIAN_POINT('',(8.49999999999995,-13.3999999999999,0.));
#9197=CARTESIAN_POINT('',(0.499999999999978,-15.4,0.));
#9198=CARTESIAN_POINT('',(8.49999999999996,-15.4,0.));
#9199=CARTESIAN_POINT('',(0.499999999999972,-13.4000000000002,0.));
#9200=CARTESIAN_POINT('',(0.499999999999978,-15.4,0.));
#9201=CARTESIAN_POINT('',(-7.50000000000005,-13.4,0.));
#9202=CARTESIAN_POINT('',(0.499999999999972,-13.4000000000002,0.));
#9203=CARTESIAN_POINT('',(-7.50000000000006,-15.4,-2.63677968348475E-16));
#9204=CARTESIAN_POINT('',(-7.50000000000005,-13.4,0.));
#9205=CARTESIAN_POINT('',(-15.5,-15.4,0.));
#9206=CARTESIAN_POINT('',(-7.50000000000006,-15.4,-2.63677968348475E-16));
#9207=CARTESIAN_POINT('',(-15.5,-13.4000000000002,0.));
#9208=CARTESIAN_POINT('',(-15.5,-15.4,0.));
#9209=CARTESIAN_POINT('',(-23.5000000000001,-13.4,0.));
#9210=CARTESIAN_POINT('',(-15.5,-13.4000000000002,0.));
#9211=CARTESIAN_POINT('',(-23.5000000000001,-15.4,-2.22044604925031E-16));
#9212=CARTESIAN_POINT('',(-23.5000000000001,-13.4,0.));
#9213=CARTESIAN_POINT('',(-31.5,-15.4,-2.77555756156289E-17));
#9214=CARTESIAN_POINT('',(-23.5000000000001,-15.4,-2.22044604925031E-16));
#9215=CARTESIAN_POINT('',(-31.5,-13.4000000000001,0.));
#9216=CARTESIAN_POINT('',(-31.5,-15.4,-2.77555756156289E-17));
#9217=CARTESIAN_POINT('',(-38.5000000000001,-13.4000000000001,0.));
#9218=CARTESIAN_POINT('',(-31.5,-13.4000000000001,0.));
#9219=CARTESIAN_POINT('',(-38.5000000000001,-15.4,0.));
#9220=CARTESIAN_POINT('',(-38.5000000000001,-13.4000000000001,0.));
#9221=CARTESIAN_POINT('',(-41.3699999999951,-15.4,-6.10622663543836E-16));
#9222=CARTESIAN_POINT('',(-38.5000000000001,-15.4,0.));
#9223=CARTESIAN_POINT('',(-41.3699999999951,15.4000000000002,5.55111512312578E-17));
#9224=CARTESIAN_POINT('',(-41.3699999999951,-15.4,-6.10622663543836E-16));
#9225=CARTESIAN_POINT('',(-38.5000000000001,15.4000000000002,3.33066907387547E-16));
#9226=CARTESIAN_POINT('',(-41.3699999999951,15.4000000000002,5.55111512312578E-17));
#9227=CARTESIAN_POINT('',(-38.5000000000001,13.4000000000001,0.));
#9228=CARTESIAN_POINT('',(-38.5000000000001,15.4000000000002,3.33066907387547E-16));
#9229=CARTESIAN_POINT('',(-31.5,13.4000000000001,0.));
#9230=CARTESIAN_POINT('',(-31.5,13.4000000000001,0.));
#9231=CARTESIAN_POINT('',(-31.5,15.4000000000002,1.94289029309402E-16));
#9232=CARTESIAN_POINT('',(-31.5,15.4000000000002,1.94289029309402E-16));
#9233=CARTESIAN_POINT('',(-23.5000000000001,15.4000000000002,1.38777878078145E-16));
#9234=CARTESIAN_POINT('',(-31.5,15.4000000000002,1.94289029309402E-16));
#9235=CARTESIAN_POINT('',(-23.5000000000001,13.4,0.));
#9236=CARTESIAN_POINT('',(-23.5000000000001,15.4000000000002,1.38777878078145E-16));
#9237=CARTESIAN_POINT('',(-15.5,13.4000000000002,0.));
#9238=CARTESIAN_POINT('',(-15.5,13.4000000000002,0.));
#9239=CARTESIAN_POINT('',(-15.5,15.4000000000002,-5.55111512312578E-17));
#9240=CARTESIAN_POINT('',(-15.5,13.4000000000002,0.));
#9241=CARTESIAN_POINT('',(-7.50000000000007,15.4000000000002,-1.52655665885959E-16));
#9242=CARTESIAN_POINT('',(-15.5,15.4000000000002,-5.55111512312578E-17));
#9243=CARTESIAN_POINT('',(-7.50000000000008,13.4,0.));
#9244=CARTESIAN_POINT('',(-7.50000000000007,15.4000000000002,-1.52655665885959E-16));
#9245=CARTESIAN_POINT('',(0.499999999999972,13.4000000000002,0.));
#9246=CARTESIAN_POINT('',(0.499999999999972,13.4000000000002,0.));
#9247=CARTESIAN_POINT('',(0.49999999999998,15.4000000000002,1.52655665885959E-16));
#9248=CARTESIAN_POINT('',(0.49999999999998,15.4000000000002,1.52655665885959E-16));
#9249=CARTESIAN_POINT('',(8.49999999999996,15.4000000000002,2.63677968348475E-16));
#9250=CARTESIAN_POINT('',(0.49999999999998,15.4000000000002,1.52655665885959E-16));
#9251=CARTESIAN_POINT('',(8.49999999999995,13.3999999999998,0.));
#9252=CARTESIAN_POINT('',(8.49999999999996,15.4000000000002,2.63677968348475E-16));
#9253=CARTESIAN_POINT('',(16.5,13.4,0.));
#9254=CARTESIAN_POINT('',(16.5,13.4,0.));
#9255=CARTESIAN_POINT('',(16.5,15.4000000000002,1.94289029309402E-16));
#9256=CARTESIAN_POINT('',(16.5,15.4000000000002,1.94289029309402E-16));
#9257=CARTESIAN_POINT('',(24.5,15.4000000000002,-1.94289029309402E-16));
#9258=CARTESIAN_POINT('',(16.5,15.4000000000002,1.94289029309402E-16));
#9259=CARTESIAN_POINT('',(24.5,13.4000000000001,0.));
#9260=CARTESIAN_POINT('',(24.5,15.4000000000002,-1.94289029309402E-16));
#9261=CARTESIAN_POINT('',(41.,13.4000000000001,-7.21644966006352E-16));
#9262=CARTESIAN_POINT('',(41.,13.4000000000001,-7.21644966006352E-16));
#9263=CARTESIAN_POINT('',(41.,13.4000000000001,-7.21644966006352E-16));
#9264=CARTESIAN_POINT('',(10.7310407640134,-6.95629085805624,0.));
#9265=CARTESIAN_POINT('',(10.7310407640134,-5.75420933003911,0.));
#9266=CARTESIAN_POINT('Ctrl Pts',(10.7310407640134,-6.95629085805624,0.));
#9267=CARTESIAN_POINT('Ctrl Pts',(10.8659139960646,-6.821417626005,0.));
#9268=CARTESIAN_POINT('Ctrl Pts',(11.0714381559461,-6.39633373698239,0.));
#9269=CARTESIAN_POINT('Ctrl Pts',(10.9108717400817,-5.93404030610742,0.));
#9270=CARTESIAN_POINT('Ctrl Pts',(10.7310407640134,-5.75420933003911,0.));
#9271=CARTESIAN_POINT('',(9.52895923599624,-5.7542093300391,0.));
#9272=CARTESIAN_POINT('Ctrl Pts',(10.7310407640134,-5.75420933003911,0.));
#9273=CARTESIAN_POINT('Ctrl Pts',(10.5961675319621,-5.61933609798787,0.));
#9274=CARTESIAN_POINT('Ctrl Pts',(10.171086490387,-5.41378059609108,0.));
#9275=CARTESIAN_POINT('Ctrl Pts',(9.70879021206455,-5.57437835397079,0.));
#9276=CARTESIAN_POINT('Ctrl Pts',(9.52895923599624,-5.7542093300391,0.));
#9277=CARTESIAN_POINT('',(9.52895923599624,-6.95629085805623,0.));
#9278=CARTESIAN_POINT('Ctrl Pts',(9.52895923599624,-5.7542093300391,0.));
#9279=CARTESIAN_POINT('Ctrl Pts',(9.394086003945,-5.88908256209034,0.));
#9280=CARTESIAN_POINT('Ctrl Pts',(9.18853050204821,-6.31416360366544,0.));
#9281=CARTESIAN_POINT('Ctrl Pts',(9.34912825992792,-6.77645988198792,0.));
#9282=CARTESIAN_POINT('Ctrl Pts',(9.52895923599624,-6.95629085805623,0.));
#9283=CARTESIAN_POINT('Ctrl Pts',(9.52895923599624,-6.95629085805623,0.));
#9284=CARTESIAN_POINT('Ctrl Pts',(9.66383246804747,-7.09116409010747,0.));
#9285=CARTESIAN_POINT('Ctrl Pts',(10.0889163570701,-7.29668824998897,0.));
#9286=CARTESIAN_POINT('Ctrl Pts',(10.5512097879451,-7.13612183412455,0.));
#9287=CARTESIAN_POINT('Ctrl Pts',(10.7310407640134,-6.95629085805624,0.));
#9288=CARTESIAN_POINT('',(-35.2689592359818,6.32129085803391,0.));
#9289=CARTESIAN_POINT('',(-36.471040763999,6.32129085803392,0.));
#9290=CARTESIAN_POINT('Ctrl Pts',(-35.2689592359818,6.32129085803391,0.));
#9291=CARTESIAN_POINT('Ctrl Pts',(-35.4038324680331,6.45616409008515,0.));
#9292=CARTESIAN_POINT('Ctrl Pts',(-35.8289355348167,6.66147715927046,0.));
#9293=CARTESIAN_POINT('Ctrl Pts',(-36.2912097879306,6.50112183410223,0.));
#9294=CARTESIAN_POINT('Ctrl Pts',(-36.471040763999,6.32129085803392,0.));
#9295=CARTESIAN_POINT('',(-36.471040763999,5.11920933001678,0.));
#9296=CARTESIAN_POINT('Ctrl Pts',(-36.471040763999,6.32129085803392,0.));
#9297=CARTESIAN_POINT('Ctrl Pts',(-36.6059139960502,6.18641762598268,0.));
#9298=CARTESIAN_POINT('Ctrl Pts',(-36.8112270652355,5.76131455919909,0.));
#9299=CARTESIAN_POINT('Ctrl Pts',(-36.6508717400673,5.2990403060851,0.));
#9300=CARTESIAN_POINT('Ctrl Pts',(-36.471040763999,5.11920933001678,0.));
#9301=CARTESIAN_POINT('',(-35.2689592359818,5.11920933001679,0.));
#9302=CARTESIAN_POINT('Ctrl Pts',(-36.471040763999,5.11920933001678,0.));
#9303=CARTESIAN_POINT('Ctrl Pts',(-36.3361675319477,4.98433609796555,0.));
#9304=CARTESIAN_POINT('Ctrl Pts',(-35.9110652832714,4.77901402382776,0.));
#9305=CARTESIAN_POINT('Ctrl Pts',(-35.4487902120501,4.93937835394847,0.));
#9306=CARTESIAN_POINT('Ctrl Pts',(-35.2689592359818,5.11920933001679,0.));
#9307=CARTESIAN_POINT('Ctrl Pts',(-35.2689592359818,5.11920933001679,0.));
#9308=CARTESIAN_POINT('Ctrl Pts',(-35.1340860039306,5.25408256206802,0.));
#9309=CARTESIAN_POINT('Ctrl Pts',(-34.9287639297928,5.67918481074438,0.));
#9310=CARTESIAN_POINT('Ctrl Pts',(-35.0891282599135,6.1414598819656,0.));
#9311=CARTESIAN_POINT('Ctrl Pts',(-35.2689592359818,6.32129085803391,0.));
#9312=CARTESIAN_POINT('',(-35.2689592359867,-6.3212908580439,0.));
#9313=CARTESIAN_POINT('',(-35.2689592359867,-5.11920933002678,0.));
#9314=CARTESIAN_POINT('Ctrl Pts',(-35.2689592359867,-6.3212908580439,0.));
#9315=CARTESIAN_POINT('Ctrl Pts',(-35.1340860039355,-6.18641762599267,0.));
#9316=CARTESIAN_POINT('Ctrl Pts',(-34.9287639297977,-5.76131537731632,0.));
#9317=CARTESIAN_POINT('Ctrl Pts',(-35.0891282599184,-5.29904030609509,0.));
#9318=CARTESIAN_POINT('Ctrl Pts',(-35.2689592359867,-5.11920933002678,0.));
#9319=CARTESIAN_POINT('',(-36.4710407640039,-5.11920933002677,0.));
#9320=CARTESIAN_POINT('Ctrl Pts',(-35.2689592359867,-5.11920933002678,0.));
#9321=CARTESIAN_POINT('Ctrl Pts',(-35.403832468038,-4.98433609797554,0.));
#9322=CARTESIAN_POINT('Ctrl Pts',(-35.8289347167143,-4.77901402383775,0.));
#9323=CARTESIAN_POINT('Ctrl Pts',(-36.2912097879356,-4.93937835395846,0.));
#9324=CARTESIAN_POINT('Ctrl Pts',(-36.4710407640039,-5.11920933002677,0.));
#9325=CARTESIAN_POINT('',(-36.4710407640039,-6.32129085804391,0.));
#9326=CARTESIAN_POINT('Ctrl Pts',(-36.4710407640039,-5.11920933002677,0.));
#9327=CARTESIAN_POINT('Ctrl Pts',(-36.6059139960551,-5.25408256207801,0.));
#9328=CARTESIAN_POINT('Ctrl Pts',(-36.8112270652404,-5.6791856288616,0.));
#9329=CARTESIAN_POINT('Ctrl Pts',(-36.6508717400722,-6.14145988197559,0.));
#9330=CARTESIAN_POINT('Ctrl Pts',(-36.4710407640039,-6.32129085804391,0.));
#9331=CARTESIAN_POINT('Ctrl Pts',(-36.4710407640039,-6.32129085804391,0.));
#9332=CARTESIAN_POINT('Ctrl Pts',(-36.3361675319526,-6.45616409009514,0.));
#9333=CARTESIAN_POINT('Ctrl Pts',(-35.911064465169,-6.66147715928045,0.));
#9334=CARTESIAN_POINT('Ctrl Pts',(-35.4487902120551,-6.50112183411222,0.));
#9335=CARTESIAN_POINT('Ctrl Pts',(-35.2689592359867,-6.3212908580439,0.));
#9336=CARTESIAN_POINT('Origin',(21.9299999822015,3.0400000000196,19.2713386658518));
#9337=CARTESIAN_POINT('',(21.9299999822015,-0.459999999980444,6.50000000000006));
#9338=CARTESIAN_POINT('Origin',(21.9299999822015,3.04000000001956,6.50000000000004));
#9339=CARTESIAN_POINT('',(21.9299999822015,2.48723083552761,19.2713386658518));
#9340=CARTESIAN_POINT('Origin',(32.3300000000049,-4.27999999999987,9.6199999904633));
#9341=CARTESIAN_POINT('',(32.3300000000049,-5.74774949352195,8.80000000000004));
#9342=CARTESIAN_POINT('',(32.3300000000049,-5.74774949352195,0.));
#9343=CARTESIAN_POINT('',(32.3300000000049,-5.39999999999988,8.80000000000004));
#9344=CARTESIAN_POINT('Origin',(32.1800000000049,-0.749999999999892,0.));
#9345=CARTESIAN_POINT('Origin',(32.1800000000049,-0.749999999999892,8.80000000000004));
#9346=CARTESIAN_POINT('Ctrl Pts',(-35.2689592359867,-5.11920933002678,0.));
#9347=CARTESIAN_POINT('Ctrl Pts',(-35.1526394906563,-5.0028895846963,0.167499999999993));
#9348=CARTESIAN_POINT('Ctrl Pts',(-35.0363197453258,-4.88656983936582,0.334999999999987));
#9349=CARTESIAN_POINT('Ctrl Pts',(-34.9199999999953,-4.77025009403534,0.50249999999998));
#9350=CARTESIAN_POINT('Ctrl Pts',(-35.0891282599184,-5.29904030609509,0.));
#9351=CARTESIAN_POINT('Ctrl Pts',(-35.0336521734436,-5.2437923771322,0.167499999999994));
#9352=CARTESIAN_POINT('Ctrl Pts',(-34.9754760864701,-5.18740278490299,0.334999999999987));
#9353=CARTESIAN_POINT('Ctrl Pts',(-34.9199999999953,-5.1321548559401,0.50249999999998));
#9354=CARTESIAN_POINT('Ctrl Pts',(-34.9287639297977,-5.76131537731632,0.));
#9355=CARTESIAN_POINT('Ctrl Pts',(-34.9255602974924,-5.76262763984224,0.167499999999993));
#9356=CARTESIAN_POINT('Ctrl Pts',(-34.9232036323007,-5.76417592674752,0.334999999999987));
#9357=CARTESIAN_POINT('Ctrl Pts',(-34.9199999999953,-5.76548818927344,0.50249999999998));
#9358=CARTESIAN_POINT('Ctrl Pts',(-35.1340860039355,-6.18641762599267,0.));
#9359=CARTESIAN_POINT('Ctrl Pts',(-35.0627948693092,-6.25696412982145,0.167499999999993));
#9360=CARTESIAN_POINT('Ctrl Pts',(-34.9912911346216,-6.32827501877799,0.334999999999987));
#9361=CARTESIAN_POINT('Ctrl Pts',(-34.9199999999953,-6.39882152260677,0.50249999999998));
#9362=CARTESIAN_POINT('Ctrl Pts',(-35.2689592359867,-6.3212908580439,0.));
#9363=CARTESIAN_POINT('Ctrl Pts',(-35.1526394906563,-6.43761060337438,0.167499999999993));
#9364=CARTESIAN_POINT('Ctrl Pts',(-35.0363197453258,-6.55393034870486,0.334999999999987));
#9365=CARTESIAN_POINT('Ctrl Pts',(-34.9199999999953,-6.67025009403534,0.50249999999998));
#9366=CARTESIAN_POINT('',(-34.9199999999953,-6.67025009403534,0.50249999999998));
#9367=CARTESIAN_POINT('',(-35.2689592359867,-6.3212908580439,0.));
#9368=CARTESIAN_POINT('',(-34.9199999999953,-4.77025009403534,0.50249999999998));
#9369=CARTESIAN_POINT('',(-34.9199999999953,-6.19525009403284,0.50249999999998));
#9370=CARTESIAN_POINT('',(-35.2689592359867,-5.11920933002678,0.));
#9371=CARTESIAN_POINT('Ctrl Pts',(-35.2689592359867,-6.3212908580439,0.));
#9372=CARTESIAN_POINT('Ctrl Pts',(-35.1526394906563,-6.43761060337438,0.167499999999993));
#9373=CARTESIAN_POINT('Ctrl Pts',(-35.0363197453258,-6.55393034870486,0.334999999999987));
#9374=CARTESIAN_POINT('Ctrl Pts',(-34.9199999999953,-6.67025009403534,0.50249999999998));
#9375=CARTESIAN_POINT('Ctrl Pts',(-35.4487902120551,-6.50112183411222,0.));
#9376=CARTESIAN_POINT('Ctrl Pts',(-35.3935422830922,-6.55659792058705,0.167499999999994));
#9377=CARTESIAN_POINT('Ctrl Pts',(-35.337152690863,-6.61477400756051,0.334999999999987));
#9378=CARTESIAN_POINT('Ctrl Pts',(-35.2819047619001,-6.67025009403534,0.50249999999998));
#9379=CARTESIAN_POINT('Ctrl Pts',(-35.911064465169,-6.66147715928045,0.));
#9380=CARTESIAN_POINT('Ctrl Pts',(-35.912376727695,-6.66468079158583,0.167499999999993));
#9381=CARTESIAN_POINT('Ctrl Pts',(-35.9139258327075,-6.66704646172997,0.334999999999987));
#9382=CARTESIAN_POINT('Ctrl Pts',(-35.9152380952334,-6.67025009403534,0.50249999999998));
#9383=CARTESIAN_POINT('Ctrl Pts',(-36.3361675319526,-6.45616409009514,0.));
#9384=CARTESIAN_POINT('Ctrl Pts',(-36.4067140357814,-6.52745522472144,0.167499999999993));
#9385=CARTESIAN_POINT('Ctrl Pts',(-36.478024924738,-6.59895895940904,0.334999999999987));
#9386=CARTESIAN_POINT('Ctrl Pts',(-36.5485714285667,-6.67025009403534,0.50249999999998));
#9387=CARTESIAN_POINT('Ctrl Pts',(-36.4710407640039,-6.32129085804391,0.));
#9388=CARTESIAN_POINT('Ctrl Pts',(-36.5873605093344,-6.43761060337438,0.167499999999993));
#9389=CARTESIAN_POINT('Ctrl Pts',(-36.7036802546648,-6.55393034870486,0.334999999999987));
#9390=CARTESIAN_POINT('Ctrl Pts',(-36.8199999999953,-6.67025009403534,0.50249999999998));
#9391=CARTESIAN_POINT('',(-36.8199999999953,-6.67025009403534,0.50249999999998));
#9392=CARTESIAN_POINT('',(-36.4710407640039,-6.32129085804391,0.));
#9393=CARTESIAN_POINT('',(-36.3449999999941,-6.67025009403534,0.50249999999998));
#9394=CARTESIAN_POINT('Ctrl Pts',(-36.4710407640039,-6.32129085804391,0.));
#9395=CARTESIAN_POINT('Ctrl Pts',(-36.5873605093344,-6.43761060337439,0.167499999999993));
#9396=CARTESIAN_POINT('Ctrl Pts',(-36.7036802546648,-6.55393034870486,0.334999999999987));
#9397=CARTESIAN_POINT('Ctrl Pts',(-36.8199999999953,-6.67025009403534,0.50249999999998));
#9398=CARTESIAN_POINT('Ctrl Pts',(-36.6508717400722,-6.14145988197559,0.));
#9399=CARTESIAN_POINT('Ctrl Pts',(-36.706347826547,-6.19670781093848,0.167499999999994));
#9400=CARTESIAN_POINT('Ctrl Pts',(-36.7645239135205,-6.25309740316769,0.334999999999987));
#9401=CARTESIAN_POINT('Ctrl Pts',(-36.8199999999953,-6.30834533213058,0.50249999999998));
#9402=CARTESIAN_POINT('Ctrl Pts',(-36.8112270652404,-5.6791856288616,0.));
#9403=CARTESIAN_POINT('Ctrl Pts',(-36.8144306975458,-5.67787336633568,0.167499999999993));
#9404=CARTESIAN_POINT('Ctrl Pts',(-36.8167963676899,-5.67632426132316,0.334999999999987));
#9405=CARTESIAN_POINT('Ctrl Pts',(-36.8199999999953,-5.67501199879724,0.50249999999998));
#9406=CARTESIAN_POINT('Ctrl Pts',(-36.6059139960551,-5.25408256207801,0.));
#9407=CARTESIAN_POINT('Ctrl Pts',(-36.6772051306814,-5.18353605824923,0.167499999999993));
#9408=CARTESIAN_POINT('Ctrl Pts',(-36.748708865369,-5.11222516929269,0.334999999999987));
#9409=CARTESIAN_POINT('Ctrl Pts',(-36.8199999999953,-5.04167866546391,0.50249999999998));
#9410=CARTESIAN_POINT('Ctrl Pts',(-36.4710407640039,-5.11920933002677,0.));
#9411=CARTESIAN_POINT('Ctrl Pts',(-36.5873605093344,-5.00288958469629,0.167499999999993));
#9412=CARTESIAN_POINT('Ctrl Pts',(-36.7036802546648,-4.88656983936582,0.334999999999987));
#9413=CARTESIAN_POINT('Ctrl Pts',(-36.8199999999953,-4.77025009403534,0.50249999999998));
#9414=CARTESIAN_POINT('',(-36.8199999999953,-4.77025009403534,0.50249999999998));
#9415=CARTESIAN_POINT('',(-36.4710407640039,-5.11920933002677,0.));
#9416=CARTESIAN_POINT('',(-36.8199999999953,-5.24525009403284,0.50249999999998));
#9417=CARTESIAN_POINT('Ctrl Pts',(-36.4710407640039,-5.11920933002677,0.));
#9418=CARTESIAN_POINT('Ctrl Pts',(-36.5873605093344,-5.00288958469629,0.167499999999993));
#9419=CARTESIAN_POINT('Ctrl Pts',(-36.7036802546648,-4.88656983936582,0.334999999999987));
#9420=CARTESIAN_POINT('Ctrl Pts',(-36.8199999999953,-4.77025009403534,0.50249999999998));
#9421=CARTESIAN_POINT('Ctrl Pts',(-36.2912097879356,-4.93937835395846,0.));
#9422=CARTESIAN_POINT('Ctrl Pts',(-36.3464577168984,-4.88390226748363,0.167499999999994));
#9423=CARTESIAN_POINT('Ctrl Pts',(-36.4028473091277,-4.82572618051017,0.334999999999987));
#9424=CARTESIAN_POINT('Ctrl Pts',(-36.4580952380905,-4.77025009403534,0.50249999999998));
#9425=CARTESIAN_POINT('Ctrl Pts',(-35.8289347167143,-4.77901402383775,0.));
#9426=CARTESIAN_POINT('Ctrl Pts',(-35.8276224541884,-4.77581039153238,0.167499999999993));
#9427=CARTESIAN_POINT('Ctrl Pts',(-35.8260741672831,-4.77345372634072,0.334999999999987));
#9428=CARTESIAN_POINT('Ctrl Pts',(-35.8247619047572,-4.77025009403534,0.50249999999998));
#9429=CARTESIAN_POINT('Ctrl Pts',(-35.403832468038,-4.98433609797554,0.));
#9430=CARTESIAN_POINT('Ctrl Pts',(-35.3332859642092,-4.91304496334924,0.167499999999993));
#9431=CARTESIAN_POINT('Ctrl Pts',(-35.2619750752527,-4.84154122866164,0.334999999999987));
#9432=CARTESIAN_POINT('Ctrl Pts',(-35.1914285714239,-4.77025009403534,0.50249999999998));
#9433=CARTESIAN_POINT('Ctrl Pts',(-35.2689592359867,-5.11920933002678,0.));
#9434=CARTESIAN_POINT('Ctrl Pts',(-35.1526394906563,-5.0028895846963,0.167499999999993));
#9435=CARTESIAN_POINT('Ctrl Pts',(-35.0363197453258,-4.88656983936582,0.334999999999987));
#9436=CARTESIAN_POINT('Ctrl Pts',(-34.9199999999953,-4.77025009403534,0.50249999999998));
#9437=CARTESIAN_POINT('',(-35.3949999999941,-4.77025009403534,0.50249999999998));
#9438=CARTESIAN_POINT('Ctrl Pts',(-36.471040763999,6.32129085803392,0.));
#9439=CARTESIAN_POINT('Ctrl Pts',(-36.5873605093311,6.43761060336773,0.167499999999993));
#9440=CARTESIAN_POINT('Ctrl Pts',(-36.7036802546632,6.55393034870153,0.334999999999987));
#9441=CARTESIAN_POINT('Ctrl Pts',(-36.8199999999953,6.67025009403534,0.50249999999998));
#9442=CARTESIAN_POINT('Ctrl Pts',(-36.2912097879306,6.50112183410223,0.));
#9443=CARTESIAN_POINT('Ctrl Pts',(-36.3464577168952,6.55659792058039,0.167499999999994));
#9444=CARTESIAN_POINT('Ctrl Pts',(-36.402847309126,6.61477400755718,0.334999999999987));
#9445=CARTESIAN_POINT('Ctrl Pts',(-36.4580952380905,6.67025009403534,0.50249999999998));
#9446=CARTESIAN_POINT('Ctrl Pts',(-35.8289355348167,6.66147715927046,0.));
#9447=CARTESIAN_POINT('Ctrl Pts',(-35.8276232722924,6.66468079157917,0.167499999999993));
#9448=CARTESIAN_POINT('Ctrl Pts',(-35.8260741672815,6.66704646172664,0.334999999999987));
#9449=CARTESIAN_POINT('Ctrl Pts',(-35.8247619047572,6.67025009403534,0.50249999999998));
#9450=CARTESIAN_POINT('Ctrl Pts',(-35.4038324680331,6.45616409008515,0.));
#9451=CARTESIAN_POINT('Ctrl Pts',(-35.3332859642059,6.52745522471478,0.167499999999993));
#9452=CARTESIAN_POINT('Ctrl Pts',(-35.261975075251,6.59895895940571,0.334999999999987));
#9453=CARTESIAN_POINT('Ctrl Pts',(-35.1914285714239,6.67025009403534,0.50249999999998));
#9454=CARTESIAN_POINT('Ctrl Pts',(-35.2689592359818,6.32129085803391,0.));
#9455=CARTESIAN_POINT('Ctrl Pts',(-35.152639490653,6.43761060336772,0.167499999999993));
#9456=CARTESIAN_POINT('Ctrl Pts',(-35.0363197453241,6.55393034870153,0.334999999999987));
#9457=CARTESIAN_POINT('Ctrl Pts',(-34.9199999999953,6.67025009403534,0.50249999999998));
#9458=CARTESIAN_POINT('',(-34.9199999999953,6.67025009403534,0.50249999999998));
#9459=CARTESIAN_POINT('',(-35.2689592359818,6.32129085803391,0.));
#9460=CARTESIAN_POINT('',(-36.8199999999953,6.67025009403534,0.50249999999998));
#9461=CARTESIAN_POINT('',(-35.3949999999941,6.67025009403534,0.50249999999998));
#9462=CARTESIAN_POINT('',(-36.471040763999,6.32129085803392,0.));
#9463=CARTESIAN_POINT('Ctrl Pts',(-35.2689592359818,6.32129085803391,0.));
#9464=CARTESIAN_POINT('Ctrl Pts',(-35.152639490653,6.43761060336772,0.167499999999993));
#9465=CARTESIAN_POINT('Ctrl Pts',(-35.0363197453241,6.55393034870153,0.334999999999987));
#9466=CARTESIAN_POINT('Ctrl Pts',(-34.9199999999953,6.67025009403534,0.50249999999998));
#9467=CARTESIAN_POINT('Ctrl Pts',(-35.0891282599135,6.1414598819656,0.));
#9468=CARTESIAN_POINT('Ctrl Pts',(-35.0336521734403,6.19670781093182,0.167499999999994));
#9469=CARTESIAN_POINT('Ctrl Pts',(-34.9754760864685,6.25309740316436,0.334999999999987));
#9470=CARTESIAN_POINT('Ctrl Pts',(-34.9199999999953,6.30834533213058,0.50249999999998));
#9471=CARTESIAN_POINT('Ctrl Pts',(-34.9287639297928,5.67918481074438,0.));
#9472=CARTESIAN_POINT('Ctrl Pts',(-34.9255602974891,5.67787254822179,0.167499999999993));
#9473=CARTESIAN_POINT('Ctrl Pts',(-34.923203632299,5.67632426131984,0.334999999999987));
#9474=CARTESIAN_POINT('Ctrl Pts',(-34.9199999999953,5.67501199879724,0.50249999999998));
#9475=CARTESIAN_POINT('Ctrl Pts',(-35.1340860039306,5.25408256206802,0.));
#9476=CARTESIAN_POINT('Ctrl Pts',(-35.0627948693059,5.18353605824258,0.167499999999993));
#9477=CARTESIAN_POINT('Ctrl Pts',(-34.99129113462,5.11222516928936,0.334999999999987));
#9478=CARTESIAN_POINT('Ctrl Pts',(-34.9199999999953,5.04167866546391,0.50249999999998));
#9479=CARTESIAN_POINT('Ctrl Pts',(-35.2689592359818,5.11920933001679,0.));
#9480=CARTESIAN_POINT('Ctrl Pts',(-35.152639490653,5.00288958468964,0.167499999999993));
#9481=CARTESIAN_POINT('Ctrl Pts',(-35.0363197453241,4.88656983936249,0.334999999999987));
#9482=CARTESIAN_POINT('Ctrl Pts',(-34.9199999999953,4.77025009403534,0.50249999999998));
#9483=CARTESIAN_POINT('',(-34.9199999999953,4.77025009403534,0.50249999999998));
#9484=CARTESIAN_POINT('',(-35.2689592359818,5.11920933001679,0.));
#9485=CARTESIAN_POINT('',(-34.9199999999953,5.24525009403284,0.50249999999998));
#9486=CARTESIAN_POINT('Ctrl Pts',(-35.2689592359818,5.11920933001679,0.));
#9487=CARTESIAN_POINT('Ctrl Pts',(-35.152639490653,5.00288958468964,0.167499999999993));
#9488=CARTESIAN_POINT('Ctrl Pts',(-35.0363197453241,4.88656983936249,0.334999999999987));
#9489=CARTESIAN_POINT('Ctrl Pts',(-34.9199999999953,4.77025009403534,0.50249999999998));
#9490=CARTESIAN_POINT('Ctrl Pts',(-35.4487902120501,4.93937835394847,0.));
#9491=CARTESIAN_POINT('Ctrl Pts',(-35.3935422830889,4.88390226747697,0.167499999999994));
#9492=CARTESIAN_POINT('Ctrl Pts',(-35.3371526908613,4.82572618050684,0.334999999999987));
#9493=CARTESIAN_POINT('Ctrl Pts',(-35.2819047619001,4.77025009403534,0.50249999999998));
#9494=CARTESIAN_POINT('Ctrl Pts',(-35.9110652832714,4.77901402382776,0.));
#9495=CARTESIAN_POINT('Ctrl Pts',(-35.9123775457989,4.77581039152572,0.167499999999993));
#9496=CARTESIAN_POINT('Ctrl Pts',(-35.9139258327059,4.77345372633738,0.334999999999987));
#9497=CARTESIAN_POINT('Ctrl Pts',(-35.9152380952334,4.77025009403534,0.50249999999998));
#9498=CARTESIAN_POINT('Ctrl Pts',(-36.3361675319477,4.98433609796555,0.));
#9499=CARTESIAN_POINT('Ctrl Pts',(-36.4067140357781,4.91304496334257,0.167499999999993));
#9500=CARTESIAN_POINT('Ctrl Pts',(-36.4780249247363,4.84154122865831,0.334999999999987));
#9501=CARTESIAN_POINT('Ctrl Pts',(-36.5485714285667,4.77025009403534,0.50249999999998));
#9502=CARTESIAN_POINT('Ctrl Pts',(-36.471040763999,5.11920933001678,0.));
#9503=CARTESIAN_POINT('Ctrl Pts',(-36.5873605093311,5.00288958468964,0.167499999999993));
#9504=CARTESIAN_POINT('Ctrl Pts',(-36.7036802546632,4.88656983936249,0.334999999999987));
#9505=CARTESIAN_POINT('Ctrl Pts',(-36.8199999999953,4.77025009403534,0.50249999999998));
#9506=CARTESIAN_POINT('',(-36.8199999999953,4.77025009403534,0.50249999999998));
#9507=CARTESIAN_POINT('',(-36.471040763999,5.11920933001678,0.));
#9508=CARTESIAN_POINT('',(-36.3449999999941,4.77025009403534,0.50249999999998));
#9509=CARTESIAN_POINT('Ctrl Pts',(-36.471040763999,5.11920933001678,0.));
#9510=CARTESIAN_POINT('Ctrl Pts',(-36.5873605093311,5.00288958468964,0.167499999999993));
#9511=CARTESIAN_POINT('Ctrl Pts',(-36.7036802546632,4.88656983936249,0.334999999999987));
#9512=CARTESIAN_POINT('Ctrl Pts',(-36.8199999999953,4.77025009403534,0.50249999999998));
#9513=CARTESIAN_POINT('Ctrl Pts',(-36.6508717400673,5.2990403060851,0.));
#9514=CARTESIAN_POINT('Ctrl Pts',(-36.7063478265437,5.24379237712554,0.167499999999994));
#9515=CARTESIAN_POINT('Ctrl Pts',(-36.7645239135188,5.18740278489966,0.334999999999987));
#9516=CARTESIAN_POINT('Ctrl Pts',(-36.8199999999953,5.1321548559401,0.50249999999998));
#9517=CARTESIAN_POINT('Ctrl Pts',(-36.8112270652355,5.76131455919909,0.));
#9518=CARTESIAN_POINT('Ctrl Pts',(-36.8144306975425,5.76262682172834,0.167499999999993));
#9519=CARTESIAN_POINT('Ctrl Pts',(-36.8167963676883,5.76417592674419,0.334999999999987));
#9520=CARTESIAN_POINT('Ctrl Pts',(-36.8199999999953,5.76548818927344,0.50249999999998));
#9521=CARTESIAN_POINT('Ctrl Pts',(-36.6059139960502,6.18641762598268,0.));
#9522=CARTESIAN_POINT('Ctrl Pts',(-36.6772051306781,6.25696412981479,0.167499999999993));
#9523=CARTESIAN_POINT('Ctrl Pts',(-36.7487088653674,6.32827501877466,0.334999999999987));
#9524=CARTESIAN_POINT('Ctrl Pts',(-36.8199999999953,6.39882152260677,0.50249999999998));
#9525=CARTESIAN_POINT('Ctrl Pts',(-36.471040763999,6.32129085803392,0.));
#9526=CARTESIAN_POINT('Ctrl Pts',(-36.5873605093311,6.43761060336773,0.167499999999993));
#9527=CARTESIAN_POINT('Ctrl Pts',(-36.7036802546632,6.55393034870153,0.334999999999987));
#9528=CARTESIAN_POINT('Ctrl Pts',(-36.8199999999953,6.67025009403534,0.50249999999998));
#9529=CARTESIAN_POINT('',(-36.8199999999953,6.19525009403284,0.50249999999998));
#9530=CARTESIAN_POINT('Ctrl Pts',(10.7310407640134,-5.75420933003911,0.));
#9531=CARTESIAN_POINT('Ctrl Pts',(10.8473605093438,-5.63788958470863,0.167499999999993));
#9532=CARTESIAN_POINT('Ctrl Pts',(10.9636802546743,-5.52156983937815,0.334999999999987));
#9533=CARTESIAN_POINT('Ctrl Pts',(11.0800000000048,-5.40525009404767,0.50249999999998));
#9534=CARTESIAN_POINT('Ctrl Pts',(10.9108717400817,-5.93404030610742,0.));
#9535=CARTESIAN_POINT('Ctrl Pts',(10.9663478265565,-5.87879237714453,0.167499999999994));
#9536=CARTESIAN_POINT('Ctrl Pts',(11.02452391353,-5.82240278491532,0.334999999999987));
#9537=CARTESIAN_POINT('Ctrl Pts',(11.0800000000048,-5.76715485595243,0.50249999999998));
#9538=CARTESIAN_POINT('Ctrl Pts',(11.0714381559461,-6.39633373698239,0.));
#9539=CARTESIAN_POINT('Ctrl Pts',(11.0746417882515,-6.39764599950831,0.167499999999993));
#9540=CARTESIAN_POINT('Ctrl Pts',(11.0767963676994,-6.39917592675984,0.334999999999987));
#9541=CARTESIAN_POINT('Ctrl Pts',(11.0800000000048,-6.40048818928577,0.50249999999998));
#9542=CARTESIAN_POINT('Ctrl Pts',(10.8659139960646,-6.821417626005,0.));
#9543=CARTESIAN_POINT('Ctrl Pts',(10.9372051306909,-6.89196412983378,0.167499999999993));
#9544=CARTESIAN_POINT('Ctrl Pts',(11.0087088653785,-6.96327501879032,0.334999999999987));
#9545=CARTESIAN_POINT('Ctrl Pts',(11.0800000000048,-7.0338215226191,0.50249999999998));
#9546=CARTESIAN_POINT('Ctrl Pts',(10.7310407640134,-6.95629085805624,0.));
#9547=CARTESIAN_POINT('Ctrl Pts',(10.8473605093438,-7.07261060338671,0.167499999999993));
#9548=CARTESIAN_POINT('Ctrl Pts',(10.9636802546743,-7.18893034871719,0.334999999999987));
#9549=CARTESIAN_POINT('Ctrl Pts',(11.0800000000048,-7.30525009404767,0.50249999999998));
#9550=CARTESIAN_POINT('',(11.0800000000048,-7.30525009404767,0.50249999999998));
#9551=CARTESIAN_POINT('',(10.7310407640134,-6.95629085805624,0.));
#9552=CARTESIAN_POINT('',(11.0800000000048,-5.40525009404767,0.50249999999998));
#9553=CARTESIAN_POINT('',(11.0800000000048,-6.83025009404761,0.50249999999998));
#9554=CARTESIAN_POINT('',(10.7310407640134,-5.75420933003911,0.));
#9555=CARTESIAN_POINT('Ctrl Pts',(10.7310407640134,-6.95629085805624,0.));
#9556=CARTESIAN_POINT('Ctrl Pts',(10.8473605093438,-7.07261060338671,0.167499999999993));
#9557=CARTESIAN_POINT('Ctrl Pts',(10.9636802546743,-7.18893034871719,0.334999999999987));
#9558=CARTESIAN_POINT('Ctrl Pts',(11.0800000000048,-7.30525009404767,0.50249999999998));
#9559=CARTESIAN_POINT('Ctrl Pts',(10.5512097879451,-7.13612183412455,0.));
#9560=CARTESIAN_POINT('Ctrl Pts',(10.6064577169079,-7.19159792059938,0.167499999999994));
#9561=CARTESIAN_POINT('Ctrl Pts',(10.6628473091372,-7.24977400757284,0.334999999999987));
#9562=CARTESIAN_POINT('Ctrl Pts',(10.7180952381,-7.30525009404767,0.50249999999998));
#9563=CARTESIAN_POINT('Ctrl Pts',(10.0889163570701,-7.29668824998897,0.));
#9564=CARTESIAN_POINT('Ctrl Pts',(10.0876040945442,-7.29989188229435,0.167499999999993));
#9565=CARTESIAN_POINT('Ctrl Pts',(10.0860741672926,-7.3020464617423,0.334999999999987));
#9566=CARTESIAN_POINT('Ctrl Pts',(10.0847619047667,-7.30525009404767,0.50249999999998));
#9567=CARTESIAN_POINT('Ctrl Pts',(9.66383246804747,-7.09116409010747,0.));
#9568=CARTESIAN_POINT('Ctrl Pts',(9.59328596421869,-7.16245522473377,0.167499999999993));
#9569=CARTESIAN_POINT('Ctrl Pts',(9.52197507526215,-7.23395895942137,0.334999999999987));
#9570=CARTESIAN_POINT('Ctrl Pts',(9.45142857143337,-7.30525009404767,0.50249999999998));
#9571=CARTESIAN_POINT('Ctrl Pts',(9.52895923599624,-6.95629085805623,0.));
#9572=CARTESIAN_POINT('Ctrl Pts',(9.41263949066576,-7.07261060338671,0.167499999999993));
#9573=CARTESIAN_POINT('Ctrl Pts',(9.29631974533528,-7.18893034871719,0.334999999999987));
#9574=CARTESIAN_POINT('Ctrl Pts',(9.1800000000048,-7.30525009404767,0.50249999999998));
#9575=CARTESIAN_POINT('',(9.1800000000048,-7.30525009404767,0.50249999999998));
#9576=CARTESIAN_POINT('',(9.52895923599624,-6.95629085805623,0.));
#9577=CARTESIAN_POINT('',(9.6550000000048,-7.30525009404767,0.50249999999998));
#9578=CARTESIAN_POINT('Ctrl Pts',(9.52895923599624,-6.95629085805623,0.));
#9579=CARTESIAN_POINT('Ctrl Pts',(9.41263949066576,-7.07261060338671,0.167499999999993));
#9580=CARTESIAN_POINT('Ctrl Pts',(9.29631974533528,-7.18893034871719,0.334999999999987));
#9581=CARTESIAN_POINT('Ctrl Pts',(9.1800000000048,-7.30525009404767,0.50249999999998));
#9582=CARTESIAN_POINT('Ctrl Pts',(9.34912825992792,-6.77645988198792,0.));
#9583=CARTESIAN_POINT('Ctrl Pts',(9.29365217345309,-6.83170781095081,0.167499999999994));
#9584=CARTESIAN_POINT('Ctrl Pts',(9.23547608647963,-6.88809740318002,0.334999999999987));
#9585=CARTESIAN_POINT('Ctrl Pts',(9.1800000000048,-6.94334533214291,0.50249999999998));
#9586=CARTESIAN_POINT('Ctrl Pts',(9.18853050204821,-6.31416360366544,0.));
#9587=CARTESIAN_POINT('Ctrl Pts',(9.18532686974283,-6.31285134113952,0.167499999999993));
#9588=CARTESIAN_POINT('Ctrl Pts',(9.18320363231018,-6.31132426133549,0.334999999999987));
#9589=CARTESIAN_POINT('Ctrl Pts',(9.1800000000048,-6.31001199880958,0.50249999999998));
#9590=CARTESIAN_POINT('Ctrl Pts',(9.394086003945,-5.88908256209034,0.));
#9591=CARTESIAN_POINT('Ctrl Pts',(9.3227948693187,-5.81853605826156,0.167499999999993));
#9592=CARTESIAN_POINT('Ctrl Pts',(9.25129113463111,-5.74722516930502,0.334999999999987));
#9593=CARTESIAN_POINT('Ctrl Pts',(9.1800000000048,-5.67667866547624,0.50249999999998));
#9594=CARTESIAN_POINT('Ctrl Pts',(9.52895923599624,-5.7542093300391,0.));
#9595=CARTESIAN_POINT('Ctrl Pts',(9.41263949066576,-5.63788958470863,0.167499999999993));
#9596=CARTESIAN_POINT('Ctrl Pts',(9.29631974533528,-5.52156983937815,0.334999999999987));
#9597=CARTESIAN_POINT('Ctrl Pts',(9.1800000000048,-5.40525009404767,0.50249999999998));
#9598=CARTESIAN_POINT('',(9.1800000000048,-5.40525009404767,0.50249999999998));
#9599=CARTESIAN_POINT('',(9.52895923599624,-5.7542093300391,0.));
#9600=CARTESIAN_POINT('',(9.1800000000048,-5.88025009404761,0.50249999999998));
#9601=CARTESIAN_POINT('Ctrl Pts',(9.52895923599624,-5.7542093300391,0.));
#9602=CARTESIAN_POINT('Ctrl Pts',(9.41263949066576,-5.63788958470863,0.167499999999993));
#9603=CARTESIAN_POINT('Ctrl Pts',(9.29631974533528,-5.52156983937815,0.334999999999987));
#9604=CARTESIAN_POINT('Ctrl Pts',(9.1800000000048,-5.40525009404767,0.50249999999998));
#9605=CARTESIAN_POINT('Ctrl Pts',(9.70879021206455,-5.57437835397079,0.));
#9606=CARTESIAN_POINT('Ctrl Pts',(9.65354228310166,-5.51890226749596,0.167499999999994));
#9607=CARTESIAN_POINT('Ctrl Pts',(9.59715269087245,-5.4607261805225,0.334999999999987));
#9608=CARTESIAN_POINT('Ctrl Pts',(9.54190476190956,-5.40525009404767,0.50249999999998));
#9609=CARTESIAN_POINT('Ctrl Pts',(10.171086490387,-5.41378059609108,0.));
#9610=CARTESIAN_POINT('Ctrl Pts',(10.172398752913,-5.4105769637857,0.167499999999993));
#9611=CARTESIAN_POINT('Ctrl Pts',(10.173925832717,-5.40845372635304,0.334999999999987));
#9612=CARTESIAN_POINT('Ctrl Pts',(10.1752380952429,-5.40525009404767,0.50249999999998));
#9613=CARTESIAN_POINT('Ctrl Pts',(10.5961675319621,-5.61933609798787,0.));
#9614=CARTESIAN_POINT('Ctrl Pts',(10.6667140357909,-5.54804496336157,0.167499999999993));
#9615=CARTESIAN_POINT('Ctrl Pts',(10.7380249247475,-5.47654122867397,0.334999999999987));
#9616=CARTESIAN_POINT('Ctrl Pts',(10.8085714285762,-5.40525009404767,0.50249999999998));
#9617=CARTESIAN_POINT('Ctrl Pts',(10.7310407640134,-5.75420933003911,0.));
#9618=CARTESIAN_POINT('Ctrl Pts',(10.8473605093438,-5.63788958470863,0.167499999999993));
#9619=CARTESIAN_POINT('Ctrl Pts',(10.9636802546743,-5.52156983937815,0.334999999999987));
#9620=CARTESIAN_POINT('Ctrl Pts',(11.0800000000048,-5.40525009404767,0.50249999999998));
#9621=CARTESIAN_POINT('',(10.6050000000048,-5.40525009404767,0.50249999999998));
#9622=CARTESIAN_POINT('Origin',(-34.9199999999953,-6.67025009403534,1.80249999999998));
#9623=CARTESIAN_POINT('',(-36.8199999999953,-6.67025009403534,10.2025));
#9624=CARTESIAN_POINT('',(-36.8199999999953,-6.67025009403534,1.80249999999998));
#9625=CARTESIAN_POINT('',(-34.9199999999953,-6.67025009403534,10.2025));
#9626=CARTESIAN_POINT('',(-34.9199999999953,-6.67025009403534,10.2025));
#9627=CARTESIAN_POINT('',(-34.9199999999953,-6.67025009403534,1.80249999999998));
#9628=CARTESIAN_POINT('Origin',(-34.9199999999953,-4.77025009403534,1.80249999999998));
#9629=CARTESIAN_POINT('',(-34.9199999999953,-4.77025009403534,10.2025));
#9630=CARTESIAN_POINT('',(-34.9199999999953,-4.77025009403534,10.2025));
#9631=CARTESIAN_POINT('',(-34.9199999999953,-4.77025009403534,1.80249999999998));
#9632=CARTESIAN_POINT('Origin',(-36.8199999999953,-4.77025009403534,1.80249999999998));
#9633=CARTESIAN_POINT('',(-36.8199999999953,-4.77025009403534,10.2025));
#9634=CARTESIAN_POINT('',(-36.8199999999953,-4.77025009403534,10.2025));
#9635=CARTESIAN_POINT('',(-36.8199999999953,-4.77025009403534,1.80249999999998));
#9636=CARTESIAN_POINT('Origin',(-36.8199999999953,-6.67025009403534,1.80249999999998));
#9637=CARTESIAN_POINT('',(-36.8199999999953,-6.67025009403534,10.2025));
#9638=CARTESIAN_POINT('Origin',(-36.8699999999953,-4.72025009403534,1.80249999999998));
#9639=CARTESIAN_POINT('',(-36.8699999999953,-4.82025009403534,10.2025));
#9640=CARTESIAN_POINT('',(-36.8699999999953,-4.72025009403534,10.1025));
#9641=CARTESIAN_POINT('',(-36.8699999999953,-4.82025009403534,10.2025));
#9642=CARTESIAN_POINT('',(-36.8699999999953,-4.72025009403534,10.2025));
#9643=CARTESIAN_POINT('',(-36.8699999999953,-6.72025009402535,10.2025));
#9644=CARTESIAN_POINT('',(-36.8699999999953,-4.72025009403534,1.80249999999998));
#9645=CARTESIAN_POINT('Origin',(-34.8699999999904,-4.72025009403534,1.80249999999998));
#9646=CARTESIAN_POINT('',(-34.8699999999904,-4.72025009403534,10.1025));
#9647=CARTESIAN_POINT('',(-36.8699999999953,-4.72025009403534,10.1025));
#9648=CARTESIAN_POINT('',(-34.8699999999904,-4.72025009403534,10.2025));
#9649=CARTESIAN_POINT('',(-36.8699999999953,-4.72025009403534,10.2025));
#9650=CARTESIAN_POINT('',(-34.8699999999904,-4.72025009403534,1.80249999999998));
#9651=CARTESIAN_POINT('Origin',(-34.8699999999904,-6.72025009402535,1.80249999999998));
#9652=CARTESIAN_POINT('',(-34.8699999999904,-4.82025009403534,10.2025));
#9653=CARTESIAN_POINT('',(-34.8699999999904,-4.72025009403534,10.1025));
#9654=CARTESIAN_POINT('',(-34.8699999999904,-4.72025009403534,10.2025));
#9655=CARTESIAN_POINT('Origin',(-36.8699999999953,6.72025009402535,1.80249999999998));
#9656=CARTESIAN_POINT('',(-36.8699999999953,4.8097499059693,10.2025));
#9657=CARTESIAN_POINT('',(-36.8699999999953,4.72025009403534,10.113000188066));
#9658=CARTESIAN_POINT('',(-36.8699999999953,4.8097499059693,10.2025));
#9659=CARTESIAN_POINT('',(-36.8699999999953,4.72025009403534,10.2025));
#9660=CARTESIAN_POINT('',(-36.8699999999953,4.72025009403534,1.80249999999998));
#9661=CARTESIAN_POINT('',(-36.8699999999953,6.72025009402535,10.2025));
#9662=CARTESIAN_POINT('Origin',(-34.9199999999953,6.67025009403534,1.80249999999998));
#9663=CARTESIAN_POINT('',(-34.9199999999953,4.77025009403534,10.2025));
#9664=CARTESIAN_POINT('',(-34.9199999999953,4.77025009403534,1.80249999999998));
#9665=CARTESIAN_POINT('',(-34.9199999999953,6.67025009403534,10.2025));
#9666=CARTESIAN_POINT('',(-34.9199999999953,6.67025009403534,10.2025));
#9667=CARTESIAN_POINT('',(-34.9199999999953,6.67025009403534,1.80249999999998));
#9668=CARTESIAN_POINT('Origin',(-36.8199999999953,6.67025009403534,1.80249999999998));
#9669=CARTESIAN_POINT('',(-36.8199999999953,6.67025009403534,10.2025));
#9670=CARTESIAN_POINT('',(-36.8199999999953,6.67025009403534,10.2025));
#9671=CARTESIAN_POINT('',(-36.8199999999953,6.67025009403534,1.80249999999998));
#9672=CARTESIAN_POINT('Origin',(-36.8199999999953,4.77025009403534,1.80249999999998));
#9673=CARTESIAN_POINT('',(-36.8199999999953,4.77025009403534,10.2025));
#9674=CARTESIAN_POINT('',(-36.8199999999953,4.77025009403534,10.2025));
#9675=CARTESIAN_POINT('',(-36.8199999999953,4.77025009403534,1.80249999999998));
#9676=CARTESIAN_POINT('Origin',(-34.9199999999953,4.77025009403534,1.80249999999998));
#9677=CARTESIAN_POINT('',(-34.9199999999953,4.77025009403534,10.2025));
#9678=CARTESIAN_POINT('Origin',(-34.8699999999904,4.72025009403534,1.80249999999998));
#9679=CARTESIAN_POINT('',(-34.8699999999904,4.72025009403534,10.113000188066));
#9680=CARTESIAN_POINT('',(-34.8699999999904,4.8097499059693,10.2025));
#9681=CARTESIAN_POINT('',(-34.8699999999904,4.72025009403534,10.113000188066));
#9682=CARTESIAN_POINT('',(-34.8699999999904,4.72025009403534,10.2025));
#9683=CARTESIAN_POINT('',(-34.8699999999904,4.72025009403534,10.2025));
#9684=CARTESIAN_POINT('',(-34.8699999999904,4.72025009403534,1.80249999999998));
#9685=CARTESIAN_POINT('Origin',(-36.8699999999953,4.72025009403534,1.80249999999998));
#9686=CARTESIAN_POINT('',(-36.8699999999953,4.72025009403534,10.113000188066));
#9687=CARTESIAN_POINT('',(-36.8699999999953,4.72025009403534,10.2025));
#9688=CARTESIAN_POINT('Origin',(9.1800000000048,-5.40525009404767,1.80249999999998));
#9689=CARTESIAN_POINT('',(11.0800000000048,-5.40525009404767,10.202));
#9690=CARTESIAN_POINT('',(9.1800000000048,-5.40525009404767,10.202));
#9691=CARTESIAN_POINT('',(9.6550000000048,-5.40525009404767,10.202));
#9692=CARTESIAN_POINT('',(9.1800000000048,-5.40525009404767,1.80249999999998));
#9693=CARTESIAN_POINT('',(11.0800000000048,-5.40525009404767,1.80249999999998));
#9694=CARTESIAN_POINT('Origin',(9.1800000000048,-7.30525009404767,1.80249999999998));
#9695=CARTESIAN_POINT('',(9.1800000000048,-7.30525009404767,10.202));
#9696=CARTESIAN_POINT('',(9.1800000000048,-6.83025009404761,10.202));
#9697=CARTESIAN_POINT('',(9.1800000000048,-7.30525009404767,1.80249999999998));
#9698=CARTESIAN_POINT('Origin',(11.0800000000048,-7.30525009404767,1.80249999999998));
#9699=CARTESIAN_POINT('',(11.0800000000048,-7.30525009404767,10.202));
#9700=CARTESIAN_POINT('',(10.6050000000048,-7.30525009404767,10.202));
#9701=CARTESIAN_POINT('',(11.0800000000048,-7.30525009404767,1.80249999999998));
#9702=CARTESIAN_POINT('Origin',(11.0800000000048,-5.40525009404767,1.80249999999998));
#9703=CARTESIAN_POINT('',(11.0800000000048,-5.88025009404761,10.202));
#9704=CARTESIAN_POINT('Origin',(38.3,-7.90000002997253,12.2));
#9705=CARTESIAN_POINT('',(38.8,-12.1500000299725,12.2));
#9706=CARTESIAN_POINT('',(38.3,-12.6500000299725,12.2));
#9707=CARTESIAN_POINT('Origin',(38.8,-7.90000002997253,12.2));
#9708=CARTESIAN_POINT('Origin',(42.,-7.90000002997253,12.2));
#9709=CARTESIAN_POINT('',(41.,-12.1500000299725,12.2));
#9710=CARTESIAN_POINT('Origin',(41.,-7.90000002997253,12.2));
#9711=CARTESIAN_POINT('',(42.,-12.1500000299725,12.2));
#9712=CARTESIAN_POINT('Origin',(41.5,-7.90000002997253,12.2));
#9713=CARTESIAN_POINT('',(42.,-13.1500000299725,12.2));
#9714=CARTESIAN_POINT('Origin',(42.,-7.90000002997253,12.2));
#9715=CARTESIAN_POINT('',(41.5,-12.6500000299725,12.2));
#9716=CARTESIAN_POINT('Origin',(42.,21.0000000000002,22.35));
#9717=CARTESIAN_POINT('',(42.0000000000448,4.9999999726675,18.8590163787486));
#9718=CARTESIAN_POINT('',(41.9999999971494,4.50000000000006,18.2999994238215));
#9719=CARTESIAN_POINT('Origin',(42.,4.49999760055562,18.8590170527402));
#9720=CARTESIAN_POINT('',(41.9999999991802,-4.49999999999992,18.2999993758481));
#9721=CARTESIAN_POINT('',(42.0000000038643,-4.49999999999992,18.2999993854613));
#9722=CARTESIAN_POINT('',(42.0000000001694,-5.00000000862749,18.8590163787504));
#9723=CARTESIAN_POINT('Origin',(42.0000000289878,-4.49999730552843,18.8590170041511));
#9724=CARTESIAN_POINT('',(42.,-4.99999999999992,20.2999999994765));
#9725=CARTESIAN_POINT('',(42.,-4.99999999999992,20.2999999994765));
#9726=CARTESIAN_POINT('',(42.,-17.4000000000001,20.3));
#9727=CARTESIAN_POINT('',(42.,-4.99999999999992,20.3));
#9728=CARTESIAN_POINT('',(42.,-17.4000000000001,4.99999999999999));
#9729=CARTESIAN_POINT('',(42.,-17.4000000000001,4.99999999999999));
#9730=CARTESIAN_POINT('',(42.,-13.4000000000001,0.999999999999984));
#9731=CARTESIAN_POINT('Origin',(42.,-13.4000000000001,5.));
#9732=CARTESIAN_POINT('',(42.,13.4000000000001,0.999999999999991));
#9733=CARTESIAN_POINT('',(42.,-13.4000000000001,0.999999999999984));
#9734=CARTESIAN_POINT('',(42.,17.4000000000001,5.00000000000001));
#9735=CARTESIAN_POINT('Origin',(41.9999999999999,13.4000000000001,4.99999999999999));
#9736=CARTESIAN_POINT('',(42.,17.4000000000001,20.3));
#9737=CARTESIAN_POINT('',(42.,17.4000000000001,20.3));
#9738=CARTESIAN_POINT('',(42.,5.00000000000008,20.2999999994765));
#9739=CARTESIAN_POINT('',(42.,17.4000000000001,20.3));
#9740=CARTESIAN_POINT('',(42.0000000000776,5.00000000000008,18.8590163787452));
#9741=CARTESIAN_POINT('',(41.9999999999999,4.59737731982211,16.3021971846397));
#9742=CARTESIAN_POINT('',(41.9999999999999,4.50000001486162,16.299999437992));
#9743=CARTESIAN_POINT('Ctrl Pts',(41.9999999999999,4.59737731982211,16.3021971846397));
#9744=CARTESIAN_POINT('Ctrl Pts',(41.9999999999999,4.90558545466998,16.3147661056312));
#9745=CARTESIAN_POINT('Ctrl Pts',(42.0000000000002,5.56196977425211,16.4672212721446));
#9746=CARTESIAN_POINT('Ctrl Pts',(41.9999999999999,6.20653714449848,16.9389506633767));
#9747=CARTESIAN_POINT('Ctrl Pts',(41.9999999999999,6.49628312742847,17.3131997815516));
#9748=CARTESIAN_POINT('Ctrl Pts',(41.9999999999999,6.56232361503923,17.41193427892));
#9749=CARTESIAN_POINT('Ctrl Pts',(41.9999999999999,6.94142294821113,17.9787105582748));
#9750=CARTESIAN_POINT('Ctrl Pts',(41.9999999999999,7.542858520497,18.3000000035415));
#9751=CARTESIAN_POINT('Ctrl Pts',(41.9999999999999,8.22473215633478,18.3000000047458));
#9752=CARTESIAN_POINT('Ctrl Pts',(41.9999999999999,9.94982143800534,18.3000000035845));
#9753=CARTESIAN_POINT('Ctrl Pts',(41.9999999999999,11.6749107196759,18.3000000024232));
#9754=CARTESIAN_POINT('Ctrl Pts',(41.9999999999999,13.4000000013465,18.3000000012619));
#9755=CARTESIAN_POINT('Ctrl Pts',(41.9999999999999,14.5715728759749,18.3000000004733));
#9756=CARTESIAN_POINT('Ctrl Pts',(41.9999999999999,15.4000000000001,17.4715728758904));
#9757=CARTESIAN_POINT('Ctrl Pts',(41.9999999999999,15.4000000000001,16.3000000012619));
#9758=CARTESIAN_POINT('Ctrl Pts',(41.9999999999999,15.4000000000001,12.5333333341746));
#9759=CARTESIAN_POINT('Ctrl Pts',(41.9999999999999,15.4000000000001,8.76666666708731));
#9760=CARTESIAN_POINT('Ctrl Pts',(41.9999999999999,15.4000000000001,5.));
#9761=CARTESIAN_POINT('Ctrl Pts',(41.9999999999999,15.4000000000001,3.82842712474619));
#9762=CARTESIAN_POINT('Ctrl Pts',(41.9999999999999,14.5715728752539,2.99999999999999));
#9763=CARTESIAN_POINT('Ctrl Pts',(41.9999999999999,13.4000000000001,2.99999999999999));
#9764=CARTESIAN_POINT('Ctrl Pts',(41.9999999999999,9.9333333333334,2.99999999999999));
#9765=CARTESIAN_POINT('Ctrl Pts',(42.,6.4666666666667,2.99999999999999));
#9766=CARTESIAN_POINT('Ctrl Pts',(42.,3.,2.99999999999999));
#9767=CARTESIAN_POINT('Ctrl Pts',(42.,1.82842712474619,2.99999999999999));
#9768=CARTESIAN_POINT('Ctrl Pts',(42.,0.999999999999999,3.82842712474618));
#9769=CARTESIAN_POINT('Ctrl Pts',(42.,0.999999999999998,4.99999999999999));
#9770=CARTESIAN_POINT('Ctrl Pts',(42.,1.,8.10000576314863));
#9771=CARTESIAN_POINT('Ctrl Pts',(42.,1.,11.2000115262973));
#9772=CARTESIAN_POINT('Ctrl Pts',(42.,1.,14.3000172894459));
#9773=CARTESIAN_POINT('Ctrl Pts',(42.,1.,14.8375437843827));
#9774=CARTESIAN_POINT('Ctrl Pts',(42.,1.20570396161468,15.3341528992156));
#9775=CARTESIAN_POINT('Ctrl Pts',(42.,1.5857948529747,15.7142392671167));
#9776=CARTESIAN_POINT('Ctrl Pts',(42.,1.96588574433472,16.0943256350178));
#9777=CARTESIAN_POINT('Ctrl Pts',(41.9999999999999,2.46249730722837,16.3000236864413));
#9778=CARTESIAN_POINT('Ctrl Pts',(41.9999999999999,3.00002380212715,16.3000172893043));
#9779=CARTESIAN_POINT('Ctrl Pts',(41.9999999999999,3.50001587303864,16.3000113388668));
#9780=CARTESIAN_POINT('Ctrl Pts',(41.9999999999999,4.00000794393685,16.3000039007737));
#9781=CARTESIAN_POINT('Ctrl Pts',(41.9999999999999,4.50000001486162,16.299999437992));
#9782=CARTESIAN_POINT('',(42.0000000140028,4.54871399335052,16.2999981697828));
#9783=CARTESIAN_POINT('Ctrl Pts',(41.9999999999999,4.50000001486162,16.299999437992));
#9784=CARTESIAN_POINT('Ctrl Pts',(41.9999999999999,4.51623799427907,16.2999992930566));
#9785=CARTESIAN_POINT('Ctrl Pts',(41.9999999999999,4.53247597369738,16.2999992447487));
#9786=CARTESIAN_POINT('Ctrl Pts',(41.9999999999999,4.54871395311527,16.2999991481271));
#9787=CARTESIAN_POINT('',(42.0000007930461,4.54871402474793,16.2999975636485));
#9788=CARTESIAN_POINT('Origin',(33.6500000000049,-4.27999999999987,8.80000000000004));
#9789=CARTESIAN_POINT('',(20.3300000000049,-15.4,8.80000000000004));
#9790=CARTESIAN_POINT('',(22.3300000000049,-7.39999999999988,8.80000000000004));
#9791=CARTESIAN_POINT('',(22.3300000000049,-7.39999999999988,8.80000000000004));
#9792=CARTESIAN_POINT('',(30.3300000000049,-7.39999999999988,8.80000000000004));
#9793=CARTESIAN_POINT('',(30.3300000000049,-7.39999999999988,8.80000000000004));
#9794=CARTESIAN_POINT('',(30.3300000000049,-15.4,8.80000000000004));
#9795=CARTESIAN_POINT('Origin',(-39.3699999999951,-15.2989727441858,18.4794096700576));
#9796=CARTESIAN_POINT('Origin',(37.8000645391049,-15.2989727441858,18.4794096700576));
#9797=CARTESIAN_POINT('',(-39.3699999999951,-15.4,19.3988760879232));
#9798=CARTESIAN_POINT('Origin',(-39.3699999999951,-15.2989727441858,18.4794096700576));
#9799=CARTESIAN_POINT('',(-39.3699999999951,-15.4,19.3988760879232));
#9800=CARTESIAN_POINT('Origin',(37.8000645391049,-15.7614727441858,18.4794096700576));
#9801=CARTESIAN_POINT('Origin',(-39.3699999999951,15.2990032975343,18.4794096700576));
#9802=CARTESIAN_POINT('Origin',(37.8000645391049,15.2990032975343,18.4794096700576));
#9803=CARTESIAN_POINT('',(-39.3699999999951,15.4000000000002,19.398879444488));
#9804=CARTESIAN_POINT('',(-39.3699999999951,15.4000000000002,19.398879444488));
#9805=CARTESIAN_POINT('Origin',(-39.3699999999951,15.2990032975343,18.4794096700576));
#9806=CARTESIAN_POINT('Origin',(37.8000645391049,15.7615032975343,18.4794096700576));
#9807=CARTESIAN_POINT('Origin',(45.6369999999995,-15.4,20.5174087397181));
#9808=CARTESIAN_POINT('',(-39.3699999999951,-15.4,20.3));
#9809=CARTESIAN_POINT('',(-39.3699999999951,-15.4,18.1999999999993));
#9810=CARTESIAN_POINT('',(-39.3699999999951,-15.4,20.3));
#9811=CARTESIAN_POINT('Origin',(45.6369999999995,15.4000000000002,19.1085038631017));
#9812=CARTESIAN_POINT('',(-39.3699999999951,15.4000000000002,20.3));
#9813=CARTESIAN_POINT('',(37.8,15.4000000000002,20.3));
#9814=CARTESIAN_POINT('',(-39.3699999999951,15.4000000000002,18.2));
#9815=CARTESIAN_POINT('Origin',(-39.3699999999951,16.6700000000002,19.5585038631017));
#9816=CARTESIAN_POINT('Origin',(-39.3699999999952,-13.4,3.80000009536739));
#9817=CARTESIAN_POINT('',(-39.3699999999951,-10.9999999999999,12.8));
#9818=CARTESIAN_POINT('',(-39.3699999999951,-10.9999999999999,1.80000009536739));
#9819=CARTESIAN_POINT('',(-39.3699999999951,-6.99999999999995,12.8));
#9820=CARTESIAN_POINT('',(-39.3699999999951,-10.9999999999999,12.8));
#9821=CARTESIAN_POINT('',(-39.3699999999951,-6.99999999999995,10.2025));
#9822=CARTESIAN_POINT('',(-39.3699999999951,-6.99999999999995,12.8));
#9823=CARTESIAN_POINT('',(-39.3699999999951,-4.82025009403534,10.2025));
#9824=CARTESIAN_POINT('',(-39.3699999999951,-4.82025009403534,10.2025));
#9825=CARTESIAN_POINT('',(-39.3699999999951,-3.82025009403534,9.20249999999999));
#9826=CARTESIAN_POINT('',(-39.3699999999951,-4.82025009403534,10.2025));
#9827=CARTESIAN_POINT('',(-39.3699999999951,-3.82025009403534,1.80000009536739));
#9828=CARTESIAN_POINT('',(-39.3699999999951,3.8097499059693,9.20249999999999));
#9829=CARTESIAN_POINT('',(-39.3699999999951,3.8097499059693,1.80000009536739));
#9830=CARTESIAN_POINT('',(-39.3699999999951,4.8097499059693,10.2025));
#9831=CARTESIAN_POINT('',(-39.3699999999951,3.8097499059693,9.20249999999999));
#9832=CARTESIAN_POINT('',(-39.3699999999951,6.99999999999995,10.2025));
#9833=CARTESIAN_POINT('',(-39.3699999999951,6.99999999999995,10.2025));
#9834=CARTESIAN_POINT('',(-39.3699999999951,6.99999999999995,12.8));
#9835=CARTESIAN_POINT('',(-39.3699999999951,6.99999999999995,10.2025));
#9836=CARTESIAN_POINT('',(-39.3699999999951,10.9999999999999,12.8));
#9837=CARTESIAN_POINT('',(-39.3699999999951,6.99999999999995,12.8));
#9838=CARTESIAN_POINT('',(-39.3699999999951,10.9999999999999,12.8));
#9839=CARTESIAN_POINT('Origin',(-39.3699999999951,13.4000000000002,3.80000009536739));
#9840=CARTESIAN_POINT('',(-39.3699999999951,15.4000000000002,20.3));
#9841=CARTESIAN_POINT('',(-39.3699999999951,3.35000000000008,13.3));
#9842=CARTESIAN_POINT('',(-39.3699999999951,4.35000000000008,12.3));
#9843=CARTESIAN_POINT('Origin',(-39.369999999995,3.35000000000008,12.3));
#9844=CARTESIAN_POINT('',(-39.3699999999951,4.35000000000008,10.8));
#9845=CARTESIAN_POINT('',(-39.3699999999951,4.35000000000008,12.3));
#9846=CARTESIAN_POINT('',(-39.3699999999951,3.35000000000008,9.80000000000004));
#9847=CARTESIAN_POINT('Origin',(-39.3699999999951,3.35000000000012,10.8));
#9848=CARTESIAN_POINT('',(-39.3699999999951,-3.34999999999984,9.80000000000004));
#9849=CARTESIAN_POINT('',(-39.3699999999951,3.35000000000008,9.80000000000004));
#9850=CARTESIAN_POINT('',(-39.3699999999951,-4.34999999999984,10.8));
#9851=CARTESIAN_POINT('Origin',(-39.369999999995,-3.34999999999987,10.8));
#9852=CARTESIAN_POINT('',(-39.3699999999951,-4.34999999999984,12.3));
#9853=CARTESIAN_POINT('',(-39.3699999999951,-4.34999999999984,10.8));
#9854=CARTESIAN_POINT('',(-39.3699999999951,-3.34999999999984,13.3));
#9855=CARTESIAN_POINT('Origin',(-39.3699999999951,-3.34999999999985,12.3));
#9856=CARTESIAN_POINT('',(-39.3699999999951,-3.34999999999984,13.3));
#9857=CARTESIAN_POINT('Origin',(12.1300000000048,-13.6999999999999,12.8));
#9858=CARTESIAN_POINT('',(8.13000000000485,-13.6999999999999,15.2));
#9859=CARTESIAN_POINT('',(12.1300000000048,-13.6999999999999,15.2));
#9860=CARTESIAN_POINT('',(12.1300000000048,-13.6999999999999,15.2));
#9861=CARTESIAN_POINT('',(8.13000000000485,-13.6999999999999,15.8));
#9862=CARTESIAN_POINT('',(8.13000000000485,-13.6999999999999,12.8));
#9863=CARTESIAN_POINT('',(12.1300000000048,-13.6999999999999,15.8));
#9864=CARTESIAN_POINT('',(12.1300000000048,-13.6999999999999,15.8));
#9865=CARTESIAN_POINT('',(12.1300000000048,-13.6999999999999,12.8));
#9866=CARTESIAN_POINT('Origin',(10.1300000000048,-14.55,15.8));
#9867=CARTESIAN_POINT('',(12.1300000000048,-11.3999999999999,15.8));
#9868=CARTESIAN_POINT('',(8.13000000000485,-15.4,15.8));
#9869=CARTESIAN_POINT('Origin',(8.13000000000487,13.7000000000001,12.8));
#9870=CARTESIAN_POINT('',(12.1300000000048,13.7000000000001,15.2));
#9871=CARTESIAN_POINT('',(8.13000000000487,13.7000000000001,15.2));
#9872=CARTESIAN_POINT('',(8.13000000000486,13.7000000000001,15.2));
#9873=CARTESIAN_POINT('',(12.1300000000048,13.7000000000001,15.8));
#9874=CARTESIAN_POINT('',(12.1300000000048,13.7000000000001,12.8));
#9875=CARTESIAN_POINT('',(8.13000000000487,13.7000000000001,15.8));
#9876=CARTESIAN_POINT('',(8.13000000000486,13.7000000000001,15.8));
#9877=CARTESIAN_POINT('',(8.13000000000487,13.7000000000001,12.8));
#9878=CARTESIAN_POINT('Origin',(10.1300000000048,14.5500000000002,15.8));
#9879=CARTESIAN_POINT('',(8.13000000000485,15.4000000000002,15.8));
#9880=CARTESIAN_POINT('',(12.1300000000048,15.4000000000002,15.8));
#9881=CARTESIAN_POINT('Origin',(12.1300000000048,-11.3999999999999,12.8));
#9882=CARTESIAN_POINT('',(8.13000000000486,-11.3999999999999,12.8));
#9883=CARTESIAN_POINT('',(12.1300000000048,-11.3999999999999,12.8));
#9884=CARTESIAN_POINT('',(12.3900001484378,-11.3999999999999,12.8));
#9885=CARTESIAN_POINT('',(8.13000000000486,-11.3999999999999,15.2));
#9886=CARTESIAN_POINT('',(8.13000000000486,-11.3999999999999,12.8));
#9887=CARTESIAN_POINT('',(12.1300000000048,-11.3999999999999,15.2));
#9888=CARTESIAN_POINT('',(12.1300000000048,-11.3999999999999,15.2));
#9889=CARTESIAN_POINT('',(12.1300000000048,-11.3999999999999,12.8));
#9890=CARTESIAN_POINT('Origin',(10.1300000000048,-12.5499999999999,15.2));
#9891=CARTESIAN_POINT('',(12.1300000000048,-11.3999999999999,15.2));
#9892=CARTESIAN_POINT('',(8.13000000000485,-15.4,15.2));
#9893=CARTESIAN_POINT('Origin',(12.6500002968707,-6.03999999649348,12.8));
#9894=CARTESIAN_POINT('',(12.1300000000048,-9.3999999999999,12.8));
#9895=CARTESIAN_POINT('',(12.1300000000048,-15.4,12.8));
#9896=CARTESIAN_POINT('',(8.13000000000486,-9.3999999999999,12.8));
#9897=CARTESIAN_POINT('',(12.3900001484378,-9.3999999999999,12.8));
#9898=CARTESIAN_POINT('',(8.13000000000486,-9.0000005831392,12.8));
#9899=CARTESIAN_POINT('Origin',(8.13000000000486,11.4000000000001,12.8));
#9900=CARTESIAN_POINT('',(12.1300000000048,11.4000000000001,12.8));
#9901=CARTESIAN_POINT('',(8.13000000000486,11.4000000000001,12.8));
#9902=CARTESIAN_POINT('',(10.3900001484378,11.4000000000001,12.8));
#9903=CARTESIAN_POINT('',(12.1300000000048,11.4000000000001,15.2));
#9904=CARTESIAN_POINT('',(12.1300000000048,11.4000000000001,12.8));
#9905=CARTESIAN_POINT('',(8.13000000000486,11.4000000000001,15.2));
#9906=CARTESIAN_POINT('',(12.1300000000048,11.4000000000001,15.2));
#9907=CARTESIAN_POINT('',(8.13000000000486,11.4000000000001,12.8));
#9908=CARTESIAN_POINT('Origin',(10.1300000000048,12.5500000000001,15.2));
#9909=CARTESIAN_POINT('',(8.13000000000485,15.4000000000002,15.2));
#9910=CARTESIAN_POINT('',(12.1300000000048,9.0000005985304,15.2));
#9911=CARTESIAN_POINT('Origin',(12.6500002968707,16.360000000319,12.8));
#9912=CARTESIAN_POINT('',(8.13000000000486,9.4000000000001,12.8));
#9913=CARTESIAN_POINT('',(8.13000000000486,15.4000000000002,12.8));
#9914=CARTESIAN_POINT('',(12.1300000000048,9.4000000000001,12.8));
#9915=CARTESIAN_POINT('',(10.3900001484378,9.4000000000001,12.8));
#9916=CARTESIAN_POINT('',(12.1300000000048,9.0000005985304,12.8));
#9917=CARTESIAN_POINT('Origin',(10.1300000000048,9.99200722162641E-14,10.202));
#9918=CARTESIAN_POINT('',(8.13000000000486,-4.45525009404767,10.202));
#9919=CARTESIAN_POINT('',(12.1300000000048,-4.45525009404767,10.202));
#9920=CARTESIAN_POINT('',(11.1300000000048,-4.45525009404767,10.202));
#9921=CARTESIAN_POINT('',(8.13000000000486,-9.3999999999999,10.202));
#9922=CARTESIAN_POINT('',(8.13000000000491,-2.22762504702379,10.202));
#9923=CARTESIAN_POINT('',(12.1300000000048,-9.3999999999999,10.202));
#9924=CARTESIAN_POINT('',(12.1300000000048,-9.3999999999999,10.202));
#9925=CARTESIAN_POINT('',(12.1300000000048,-8.01999997007345,10.202));
#9926=CARTESIAN_POINT('Origin',(8.13000000000486,9.4000000000001,12.8));
#9927=CARTESIAN_POINT('',(8.13000000000486,9.4000000000001,10.202));
#9928=CARTESIAN_POINT('',(8.13000000000486,9.4000000000001,13.4099999952317));
#9929=CARTESIAN_POINT('',(12.1300000000048,9.4000000000001,10.202));
#9930=CARTESIAN_POINT('',(8.13000000000486,9.4000000000001,10.202));
#9931=CARTESIAN_POINT('',(12.1300000000048,9.4000000000001,13.4099999952317));
#9932=CARTESIAN_POINT('Origin',(12.1300000000048,-9.3999999999999,12.8));
#9933=CARTESIAN_POINT('',(12.1300000000048,-9.3999999999999,6.75000005245206));
#9934=CARTESIAN_POINT('',(8.13000000000491,-9.3999999999999,6.75000005245206));
#9935=CARTESIAN_POINT('Origin',(10.1300000000048,9.99200722162641E-14,10.202));
#9936=CARTESIAN_POINT('',(12.1300000000048,8.99999999999993,10.202));
#9937=CARTESIAN_POINT('',(8.13000000000486,8.99999999999993,10.202));
#9938=CARTESIAN_POINT('Origin',(10.1300000000048,8.99999999999993,10.202));
#9939=CARTESIAN_POINT('',(12.1300000000048,8.07999997007365,10.202));
#9940=CARTESIAN_POINT('',(8.13000000000486,4.1200003207266,10.202));
#9941=CARTESIAN_POINT('Origin',(8.13000000000486,8.2400006414531,14.0199999904633));
#9942=CARTESIAN_POINT('Origin',(8.13000000000483,13.4000000000001,3.8000000953675));
#9943=CARTESIAN_POINT('',(8.13000000000486,9.0000005831392,12.8));
#9944=CARTESIAN_POINT('Origin',(12.1300000000048,-16.039999940147,0.700000104904127));
#9945=CARTESIAN_POINT('Origin',(12.1300000000048,-13.4,3.80000009536739));
#9946=CARTESIAN_POINT('',(12.1300000000048,-4.45525009404767,1.80000009536739));
#9947=CARTESIAN_POINT('Origin',(-42.3699999999951,-4.84999999999985,9.29999999999998));
#9948=CARTESIAN_POINT('',(-40.3699999999951,-4.84999999999985,7.79999999999998));
#9949=CARTESIAN_POINT('',(-40.3699999999951,-6.34999999999985,9.29999999999998));
#9950=CARTESIAN_POINT('Origin',(-40.3699999999951,-4.84999999999985,9.29999999999998));
#9951=CARTESIAN_POINT('',(-42.3699999999951,-4.84999999999985,7.79999999999998));
#9952=CARTESIAN_POINT('',(-42.3699999999951,-4.84999999999985,7.79999999999998));
#9953=CARTESIAN_POINT('',(-42.3699999999951,-6.34999999999985,9.29999999999998));
#9954=CARTESIAN_POINT('Origin',(-42.3699999999951,-4.84999999999985,9.29999999999998));
#9955=CARTESIAN_POINT('',(-42.3699999999951,-6.34999999999985,9.29999999999998));
#9956=CARTESIAN_POINT('Origin',(-42.3699999999951,-6.34999999999985,15.3));
#9957=CARTESIAN_POINT('',(-42.3699999999951,-6.34999999999985,13.8));
#9958=CARTESIAN_POINT('',(-42.3699999999951,-6.34999999999985,18.825));
#9959=CARTESIAN_POINT('',(-40.3699999999951,-6.34999999999985,13.8));
#9960=CARTESIAN_POINT('',(-42.3699999999951,-6.34999999999985,13.8));
#9961=CARTESIAN_POINT('',(-40.3699999999951,-6.34999999999985,15.3));
#9962=CARTESIAN_POINT('Origin',(-42.3699999999951,4.85000000000008,13.8));
#9963=CARTESIAN_POINT('',(-40.3699999999951,4.85000000000008,15.3));
#9964=CARTESIAN_POINT('',(-40.3699999999951,6.35000000000008,13.8));
#9965=CARTESIAN_POINT('Origin',(-40.3699999999951,4.85000000000008,13.8));
#9966=CARTESIAN_POINT('',(-42.3699999999951,4.85000000000008,15.3));
#9967=CARTESIAN_POINT('',(-42.3699999999951,4.85000000000008,15.3));
#9968=CARTESIAN_POINT('',(-42.3699999999951,6.35000000000008,13.8));
#9969=CARTESIAN_POINT('Origin',(-42.3699999999951,4.85000000000008,13.8));
#9970=CARTESIAN_POINT('',(-42.3699999999951,6.35000000000008,13.8));
#9971=CARTESIAN_POINT('Origin',(-42.3699999999951,6.35000000000008,7.79999999999998));
#9972=CARTESIAN_POINT('',(-42.3699999999951,6.35000000000008,9.29999999999998));
#9973=CARTESIAN_POINT('',(-42.3699999999951,6.35000000000008,15.075));
#9974=CARTESIAN_POINT('',(-40.3699999999951,6.35000000000008,9.29999999999998));
#9975=CARTESIAN_POINT('',(-42.3699999999951,6.35000000000008,9.29999999999998));
#9976=CARTESIAN_POINT('',(-40.3699999999951,6.35000000000008,7.79999999999998));
#9977=CARTESIAN_POINT('Origin',(-42.3699999999951,4.85000000000008,9.29999999999998));
#9978=CARTESIAN_POINT('',(-40.3699999999951,4.85000000000008,7.79999999999998));
#9979=CARTESIAN_POINT('Origin',(-40.3699999999951,4.85000000000008,9.29999999999998));
#9980=CARTESIAN_POINT('',(-42.3699999999951,4.85000000000008,7.79999999999998));
#9981=CARTESIAN_POINT('Origin',(-42.3699999999951,4.85000000000008,9.29999999999998));
#9982=CARTESIAN_POINT('',(-42.3699999999951,4.85000000000008,7.79999999999998));
#9983=CARTESIAN_POINT('Origin',(-42.3699999999951,-6.34999999999985,7.79999999999998));
#9984=CARTESIAN_POINT('',(-40.3699999999951,-6.34999999999985,7.79999999999998));
#9985=CARTESIAN_POINT('',(-42.3699999999951,-14.8749999999999,7.79999999999998));
#9986=CARTESIAN_POINT('Origin',(-42.3699999999951,-4.84999999999985,13.8));
#9987=CARTESIAN_POINT('',(-40.3699999999951,-4.84999999999985,15.3));
#9988=CARTESIAN_POINT('Origin',(-40.3699999999951,-4.84999999999985,13.8));
#9989=CARTESIAN_POINT('',(-42.3699999999951,-4.84999999999985,15.3));
#9990=CARTESIAN_POINT('Origin',(-42.3699999999951,-4.84999999999985,13.8));
#9991=CARTESIAN_POINT('',(-42.3699999999951,-4.84999999999985,15.3));
#9992=CARTESIAN_POINT('Origin',(-42.3699999999951,6.35000000000008,15.3));
#9993=CARTESIAN_POINT('',(-40.3699999999951,6.35000000000008,15.3));
#9994=CARTESIAN_POINT('',(-42.3699999999951,-8.52499999999996,15.3));
#9995=CARTESIAN_POINT('Origin',(-40.3699999999951,1.13242748511766E-13,
11.55));
#9996=CARTESIAN_POINT('',(-40.3699999999951,3.35000000000008,13.3));
#9997=CARTESIAN_POINT('',(-40.3699999999951,4.35000000000008,12.3));
#9998=CARTESIAN_POINT('Origin',(-40.3699999999951,3.35000000000008,12.3));
#9999=CARTESIAN_POINT('',(-40.3699999999951,-3.34999999999984,13.3));
#10000=CARTESIAN_POINT('',(-40.3699999999951,2.07000000000009,13.3));
#10001=CARTESIAN_POINT('',(-40.3699999999951,-4.34999999999984,12.3));
#10002=CARTESIAN_POINT('Origin',(-40.3699999999951,-3.34999999999984,12.3));
#10003=CARTESIAN_POINT('',(-40.3699999999951,-4.34999999999987,10.8));
#10004=CARTESIAN_POINT('',(-40.3699999999951,-4.34999999999984,12.06));
#10005=CARTESIAN_POINT('',(-40.3699999999951,-3.34999999999984,9.79999999999997));
#10006=CARTESIAN_POINT('Origin',(-40.3699999999951,-3.34999999999985,10.8));
#10007=CARTESIAN_POINT('',(-40.3699999999951,3.35000000000008,9.8));
#10008=CARTESIAN_POINT('',(-40.3699999999951,2.07000000000009,9.80000000000004));
#10009=CARTESIAN_POINT('',(-40.3699999999951,4.35000000000008,10.8));
#10010=CARTESIAN_POINT('Origin',(-40.3699999999951,3.35000000000008,10.8));
#10011=CARTESIAN_POINT('',(-40.3699999999951,4.35000000000008,11.04));
#10012=CARTESIAN_POINT('Origin',(-39.1499999287878,-4.34999999999984,12.57));
#10013=CARTESIAN_POINT('',(-40.3700007120685,-4.34999999999984,12.3));
#10014=CARTESIAN_POINT('',(-39.8700003560318,-4.34999999999984,10.8));
#10015=CARTESIAN_POINT('Origin',(-39.8700003560318,-3.34999999999984,12.3));
#10016=CARTESIAN_POINT('',(-39.8700003560318,-3.34999999999984,13.3));
#10017=CARTESIAN_POINT('Origin',(-40.5900007832758,4.14000000000007,13.3));
#10018=CARTESIAN_POINT('',(-40.3700007120685,3.35000000000008,13.3));
#10019=CARTESIAN_POINT('Origin',(-39.8700003560318,3.35000000000008,12.3));
#10020=CARTESIAN_POINT('',(-39.3699999999951,4.35000000000008,12.3));
#10021=CARTESIAN_POINT('Origin',(-39.1499999287878,4.35000000000008,10.53));
#10022=CARTESIAN_POINT('',(-40.3700007120685,4.35000000000008,10.8));
#10023=CARTESIAN_POINT('Origin',(-39.8700003560318,3.35000000000008,10.8));
#10024=CARTESIAN_POINT('',(-39.3699999999951,3.35000000000008,9.80000000000004));
#10025=CARTESIAN_POINT('Origin',(-39.1499999287878,4.14000000000007,9.80000000000004));
#10026=CARTESIAN_POINT('',(-40.3700007120685,-3.34999999999984,9.80000000000004));
#10027=CARTESIAN_POINT('Origin',(-39.8700003560318,-3.34999999999984,10.8));
#10028=CARTESIAN_POINT('Origin',(41.9999999999999,4.52435698398844,16.2999992930595));
#10029=CARTESIAN_POINT('',(39.9999999999999,4.49999108909893,15.2999994380274));
#10030=CARTESIAN_POINT('Ctrl Pts',(39.9999999999999,4.49999108909893,15.2999994380274));
#10031=CARTESIAN_POINT('Ctrl Pts',(41.9999999999999,4.50000001486162,16.299999437992));
#10032=CARTESIAN_POINT('',(39.9999999999999,4.57128357064373,15.2999990138123));
#10033=CARTESIAN_POINT('Ctrl Pts',(39.9999999999999,4.57128357064373,15.2999990138123));
#10034=CARTESIAN_POINT('Ctrl Pts',(39.9999999999999,4.5475194101288,15.2999991552174));
#10035=CARTESIAN_POINT('Ctrl Pts',(39.9999999999999,4.52375524961324,15.2999992259155));
#10036=CARTESIAN_POINT('Ctrl Pts',(39.9999999999999,4.49999108909893,15.2999994380274));
#10037=CARTESIAN_POINT('',(41.9999999999999,4.54871395311527,16.2999991481271));
#10038=CARTESIAN_POINT('Origin',(-39.3699999999951,-8.36500059851807,0.));
#10039=CARTESIAN_POINT('',(-33.869999999995,-8.36500059851807,10.2025));
#10040=CARTESIAN_POINT('',(-33.869999999995,-8.36500059851807,1.80000009536739));
#10041=CARTESIAN_POINT('',(-33.9734832560358,-8.36500059851807,10.2025));
#10042=CARTESIAN_POINT('',(-33.9734832560358,-8.36500059851807,10.2025));
#10043=CARTESIAN_POINT('',(-33.9734832560358,-8.36500059851807,10.2025));
#10044=CARTESIAN_POINT('Origin',(-33.869999999995,-8.36500059851807,0.));
#10045=CARTESIAN_POINT('',(-33.8699999999951,-3.82025009403534,9.20249999999999));
#10046=CARTESIAN_POINT('',(-33.869999999995,-3.82025009403534,1.80000009536739));
#10047=CARTESIAN_POINT('',(-33.8699999999951,-4.82025009403534,10.2025));
#10048=CARTESIAN_POINT('',(-33.8699999999951,-3.82025009403534,9.20249999999999));
#10049=CARTESIAN_POINT('',(-33.869999999995,-8.36500059851807,10.2025));
#10050=CARTESIAN_POINT('Origin',(-33.869999999995,-3.82025009403534,0.));
#10051=CARTESIAN_POINT('',(-33.8699999999951,-3.82025009403534,9.20249999999999));
#10052=CARTESIAN_POINT('Origin',(-39.3699999999951,-3.82025009403534,10.2025));
#10053=CARTESIAN_POINT('',(-36.8699999999953,-4.82025009403534,10.2025));
#10054=CARTESIAN_POINT('',(-35.8700005831343,-6.99999999999995,10.2025));
#10055=CARTESIAN_POINT('',(-39.3699999999951,-6.99999999999995,10.2025));
#10056=CARTESIAN_POINT('Origin',(-35.8699999999951,-8.9999999999999,10.2025));
#10057=CARTESIAN_POINT('',(-33.8699999999951,-4.82025009403534,10.2025));
#10058=CARTESIAN_POINT('Origin',(-32.869999999995,-3.82025009403534,9.20249999999999));
#10059=CARTESIAN_POINT('Origin',(-39.3699999999951,3.8097499059693,0.));
#10060=CARTESIAN_POINT('',(-33.8699999999951,3.8097499059693,9.20249999999999));
#10061=CARTESIAN_POINT('',(-33.869999999995,3.8097499059693,1.80000009536739));
#10062=CARTESIAN_POINT('',(-39.3699999999951,3.8097499059693,9.20249999999999));
#10063=CARTESIAN_POINT('Origin',(-33.869999999995,3.8097499059693,0.));
#10064=CARTESIAN_POINT('',(-33.869999999995,8.35450041045203,10.2025));
#10065=CARTESIAN_POINT('',(-33.869999999995,8.35450041045203,1.80000009536739));
#10066=CARTESIAN_POINT('',(-33.8699999999951,4.8097499059693,10.2025));
#10067=CARTESIAN_POINT('',(-33.8699999999951,4.8097499059693,10.2025));
#10068=CARTESIAN_POINT('',(-33.8699999999951,4.8097499059693,10.2025));
#10069=CARTESIAN_POINT('Origin',(-33.869999999995,8.35450041045203,0.));
#10070=CARTESIAN_POINT('',(-33.9770313579163,8.35450041045203,10.2025));
#10071=CARTESIAN_POINT('',(-33.9770313579163,8.35450041045204,1.80000009536739));
#10072=CARTESIAN_POINT('',(-33.869999999995,8.35450041045203,10.2025));
#10073=CARTESIAN_POINT('Origin',(12.1300000000048,-4.45525009404767,0.));
#10074=CARTESIAN_POINT('',(8.13000000000491,-4.45525009404767,1.80000009536739));
#10075=CARTESIAN_POINT('Ctrl Pts',(0.499999999999972,13.4000000000002,0.));
#10076=CARTESIAN_POINT('Ctrl Pts',(0.499042251285515,13.4033177388775,0.));
#10077=CARTESIAN_POINT('Ctrl Pts',(0.498084363055353,13.4066353142721,1.39397262676953E-6));
#10078=CARTESIAN_POINT('Ctrl Pts',(0.304957191262092,14.0758342993744,0.000551182895334569));
#10079=CARTESIAN_POINT('Ctrl Pts',(0.109894461352933,14.7498544631669,0.0566422957905669));
#10080=CARTESIAN_POINT('Ctrl Pts',(-0.0600968657159235,15.4000000000002,
0.171572875253815));
#10081=CARTESIAN_POINT('Ctrl Pts',(0.499999999999972,13.4000000000002,0.));
#10082=CARTESIAN_POINT('Ctrl Pts',(0.498722386586532,13.4031314167801,0.));
#10083=CARTESIAN_POINT('Ctrl Pts',(0.4974464414474,13.406268623044,1.90784336733155E-5));
#10084=CARTESIAN_POINT('Ctrl Pts',(0.239922123602847,14.0382205475854,0.000272452967668624));
#10085=CARTESIAN_POINT('Ctrl Pts',(-0.01990089647647,14.6750163737312,0.0965977438328971));
#10086=CARTESIAN_POINT('Ctrl Pts',(-0.217589387347745,15.2799955114372,
0.278053053298084));
#10087=CARTESIAN_POINT('Ctrl Pts',(0.499999999999972,13.4000000000002,0.));
#10088=CARTESIAN_POINT('Ctrl Pts',(0.498403786173546,13.4029475396383,0.));
#10089=CARTESIAN_POINT('Ctrl Pts',(0.496807184915139,13.4058995883435,1.3675040058625E-5));
#10090=CARTESIAN_POINT('Ctrl Pts',(0.174948329353406,14.000681053588,0.000621529494649602));
#10091=CARTESIAN_POINT('Ctrl Pts',(-0.150271228387988,14.6000088418751,
0.108407732634509));
#10092=CARTESIAN_POINT('Ctrl Pts',(-0.418551317683922,15.1603960024729,
0.31909311656198));
#10093=CARTESIAN_POINT('Ctrl Pts',(0.499999999999972,13.4000000000002,0.));
#10094=CARTESIAN_POINT('Ctrl Pts',(0.4980845025698,13.4027647824001,0.));
#10095=CARTESIAN_POINT('Ctrl Pts',(0.496168726110736,13.4055294285601,2.32328771031674E-6));
#10096=CARTESIAN_POINT('Ctrl Pts',(0.10991438252413,13.963195249479,0.000918638158848294));
#10097=CARTESIAN_POINT('Ctrl Pts',(-0.280211077294101,14.5248787193058,
0.0944038263176105));
#10098=CARTESIAN_POINT('Ctrl Pts',(-0.620193731431813,15.0666666666668,
0.285954792089691));
#10099=CARTESIAN_POINT('',(-0.620193731431811,15.0666666666668,0.285954792089691));
#10100=CARTESIAN_POINT('',(-0.0600968657159233,15.4000000000002,0.171572875253815));
#10101=CARTESIAN_POINT('Origin',(-0.620193731431757,15.4,-0.656854249492531));
#10102=CARTESIAN_POINT('Ctrl Pts',(-0.0600968657159233,15.4000000000002,
0.171572875253815));
#10103=CARTESIAN_POINT('Ctrl Pts',(0.109894461352934,14.7498544631669,0.0566422957905668));
#10104=CARTESIAN_POINT('Ctrl Pts',(0.304957191262093,14.0758342993744,0.000551182895334609));
#10105=CARTESIAN_POINT('Ctrl Pts',(0.498084363055355,13.4066353142721,1.39397262682503E-6));
#10106=CARTESIAN_POINT('Ctrl Pts',(0.499042251285517,13.4033177388775,5.55111512312578E-17));
#10107=CARTESIAN_POINT('Ctrl Pts',(0.499999999999972,13.4000000000002,0.));
#10108=CARTESIAN_POINT('Ctrl Pts',(0.499999999999972,13.4000000000002,0.));
#10109=CARTESIAN_POINT('Ctrl Pts',(0.498084502569802,13.4027647824001,1.66624574452005E-16));
#10110=CARTESIAN_POINT('Ctrl Pts',(0.496168726110738,13.4055294285601,2.32328771048348E-6));
#10111=CARTESIAN_POINT('Ctrl Pts',(0.109914382524131,13.963195249479,0.000918638158848425));
#10112=CARTESIAN_POINT('Ctrl Pts',(-0.2802110772941,14.5248787193058,0.0944038263176105));
#10113=CARTESIAN_POINT('Ctrl Pts',(-0.620193731431811,15.0666666666668,
0.285954792089691));
#10114=CARTESIAN_POINT('Ctrl Pts',(-0.0600968657159268,15.4000000000002,
0.171572875253802));
#10115=CARTESIAN_POINT('Ctrl Pts',(-0.199762660524559,15.8559367196262,
0.266000461680314));
#10116=CARTESIAN_POINT('Ctrl Pts',(-0.284225090543122,16.3478230498064,
0.436428307881614));
#10117=CARTESIAN_POINT('Ctrl Pts',(-0.346028224275309,16.8166056593263,
0.693891603180726));
#10118=CARTESIAN_POINT('Ctrl Pts',(-0.138843126531839,15.3399977557187,
0.224812964275939));
#10119=CARTESIAN_POINT('Ctrl Pts',(-0.291735181878812,15.788915111518,0.341931437744855));
#10120=CARTESIAN_POINT('Ctrl Pts',(-0.376164118311852,16.2656662202636,
0.533509127572098));
#10121=CARTESIAN_POINT('Ctrl Pts',(-0.432038672638873,16.7134858986231,
0.803652327304476));
#10122=CARTESIAN_POINT('Ctrl Pts',(-0.317755786320045,15.2200085475543,
0.299567861113939));
#10123=CARTESIAN_POINT('Ctrl Pts',(-0.51170740977347,15.6579310441854,0.451961664670228));
#10124=CARTESIAN_POINT('Ctrl Pts',(-0.615689729581438,16.1107891049416,
0.680333041819684));
#10125=CARTESIAN_POINT('Ctrl Pts',(-0.682074504553491,16.5227916235618,
0.976229129616448));
#10126=CARTESIAN_POINT('Ctrl Pts',(-0.519372524557879,15.1135313345699,
0.30252395432583));
#10127=CARTESIAN_POINT('Ctrl Pts',(-0.770224272637003,15.5532869039662,
0.463040739103046));
#10128=CARTESIAN_POINT('Ctrl Pts',(-0.917535030210449,16.0063604195315,
0.702305910397707));
#10129=CARTESIAN_POINT('Ctrl Pts',(-1.02197651780455,16.4132299460105,1.00981240936478));
#10130=CARTESIAN_POINT('Ctrl Pts',(-0.620193731431827,15.0666666666668,
0.285954792089687));
#10131=CARTESIAN_POINT('Ctrl Pts',(-0.899525321049093,15.5118025779553,
0.44333410280054));
#10132=CARTESIAN_POINT('Ctrl Pts',(-1.06845018108622,15.9719494691104,0.681254244958167));
#10133=CARTESIAN_POINT('Ctrl Pts',(-1.19205644855059,16.386009432116,0.989545203930723));
#10134=CARTESIAN_POINT('',(-1.19205644855059,16.386009432116,0.989545203930722));
#10135=CARTESIAN_POINT('',(-0.346028224275309,16.816605659262,0.693891603159581));
#10136=CARTESIAN_POINT('Origin',(-1.1920564485506,16.9832113185391,0.187454244716723));
#10137=CARTESIAN_POINT('Ctrl Pts',(-0.346028224275309,16.816605659262,0.693891603159581));
#10138=CARTESIAN_POINT('Ctrl Pts',(-0.284225090541187,16.3478230497617,
0.436428307874518));
#10139=CARTESIAN_POINT('Ctrl Pts',(-0.199762660521162,15.8559367196054,
0.266000461679772));
#10140=CARTESIAN_POINT('Ctrl Pts',(-0.0600968657159233,15.4000000000002,
0.171572875253815));
#10141=CARTESIAN_POINT('Ctrl Pts',(-0.620193731431811,15.0666666666668,
0.285954792089691));
#10142=CARTESIAN_POINT('Ctrl Pts',(-0.899525321049082,15.5118025779553,
0.443334102800545));
#10143=CARTESIAN_POINT('Ctrl Pts',(-1.06845018108621,15.9719494691104,0.681254244958169));
#10144=CARTESIAN_POINT('Ctrl Pts',(-1.19205644855059,16.386009432116,0.989545203930722));
#10145=CARTESIAN_POINT('Origin',(-1.50000000000003,19.4000000000001,12.65));
#10146=CARTESIAN_POINT('',(-1.50000000000003,18.4000000000001,20.3));
#10147=CARTESIAN_POINT('',(-1.50000000000003,18.4000000000001,4.99999999999999));
#10148=CARTESIAN_POINT('',(-1.50000000000003,18.4000000000001,20.3));
#10149=CARTESIAN_POINT('',(-0.499999999999956,19.4000000000002,20.3));
#10150=CARTESIAN_POINT('Origin',(-1.50000000000004,19.4000000000002,20.3));
#10151=CARTESIAN_POINT('',(-0.500000000000027,19.4000000000002,5.));
#10152=CARTESIAN_POINT('',(-0.500000000000027,19.4000000000002,5.));
#10153=CARTESIAN_POINT('Origin',(-1.50000000000003,19.4000000000001,5.));
#10154=CARTESIAN_POINT('Ctrl Pts',(-0.346028224267985,16.8166056592708,
0.69389160315021));
#10155=CARTESIAN_POINT('Ctrl Pts',(-0.424331980266889,17.4105470479118,
1.02009420543136));
#10156=CARTESIAN_POINT('Ctrl Pts',(-0.509659051092378,18.733422619321,2.10400738653135));
#10157=CARTESIAN_POINT('Ctrl Pts',(-0.50000000000002,19.4000000000002,3.93279735891928));
#10158=CARTESIAN_POINT('Ctrl Pts',(-0.50000000000002,19.4000000000002,5.));
#10159=CARTESIAN_POINT('Ctrl Pts',(-0.444325879541425,16.6987545041842,
0.819332430718493));
#10160=CARTESIAN_POINT('Ctrl Pts',(-0.513975323008511,17.26226993028,1.16395927366969));
#10161=CARTESIAN_POINT('Ctrl Pts',(-0.552497544661752,18.4889604243412,
2.2511761653388));
#10162=CARTESIAN_POINT('Ctrl Pts',(-0.500000000000012,19.1008006996583,
3.98624565365382));
#10163=CARTESIAN_POINT('Ctrl Pts',(-0.500000000000014,19.1008006996583,
5.));
#10164=CARTESIAN_POINT('Ctrl Pts',(-0.705946371775791,16.5106465644216,
0.984564942353342));
#10165=CARTESIAN_POINT('Ctrl Pts',(-0.793259767666524,17.0301822805109,
1.36162920543391));
#10166=CARTESIAN_POINT('Ctrl Pts',(-0.832604935988544,18.1024350045285,
2.48847226618721));
#10167=CARTESIAN_POINT('Ctrl Pts',(-0.751062304002109,18.5827198286604,
4.07805408993845));
#10168=CARTESIAN_POINT('Ctrl Pts',(-0.751062304002111,18.5827198286604,
5.));
#10169=CARTESIAN_POINT('Ctrl Pts',(-1.04627365075557,16.4093413011201,1.00691709426632));
#10170=CARTESIAN_POINT('Ctrl Pts',(-1.18213918854855,16.9262257124025,1.3965912413354));
#10171=CARTESIAN_POINT('Ctrl Pts',(-1.31351804376264,17.9731749658383,2.56074622135232));
#10172=CARTESIAN_POINT('Ctrl Pts',(-1.2756005247436,18.4000000000001,4.1108090262846));
#10173=CARTESIAN_POINT('Ctrl Pts',(-1.2756005247436,18.4000000000001,5.));
#10174=CARTESIAN_POINT('Ctrl Pts',(-1.19205644853595,16.3860094320669,0.989545203894182));
#10175=CARTESIAN_POINT('Ctrl Pts',(-1.34866396053375,16.9106179487123,1.38014578624362));
#10176=CARTESIAN_POINT('Ctrl Pts',(-1.51931810218474,17.9740565793342,2.55562712436686));
#10177=CARTESIAN_POINT('Ctrl Pts',(-1.50000000000003,18.4000000000001,4.11066446576607));
#10178=CARTESIAN_POINT('Ctrl Pts',(-1.50000000000003,18.4000000000001,5.));
#10179=CARTESIAN_POINT('Ctrl Pts',(-0.500000000000027,19.4000000000002,
5.));
#10180=CARTESIAN_POINT('Ctrl Pts',(-0.500000000000824,19.3999999999958,
3.93279735892191));
#10181=CARTESIAN_POINT('Ctrl Pts',(-0.509659051094782,18.7334226193118,
2.10400738655172));
#10182=CARTESIAN_POINT('Ctrl Pts',(-0.424331980271905,17.410547047908,1.02009420545864));
#10183=CARTESIAN_POINT('Ctrl Pts',(-0.346028224275309,16.816605659262,0.693891603159581));
#10184=CARTESIAN_POINT('Ctrl Pts',(-1.19205644855059,16.386009432116,0.989545203930722));
#10185=CARTESIAN_POINT('Ctrl Pts',(-1.22162644755656,16.4850638971172,1.06329683107204));
#10186=CARTESIAN_POINT('Ctrl Pts',(-1.24822061756416,16.5817380656975,1.14098570673197));
#10187=CARTESIAN_POINT('Ctrl Pts',(-1.27216595898158,16.6756426368558,1.22241276532055));
#10188=CARTESIAN_POINT('Ctrl Pts',(-1.29607925035052,16.7694215198476,1.30373083648106));
#10189=CARTESIAN_POINT('Ctrl Pts',(-1.31735079912307,16.8604378132726,1.38877688887608));
#10190=CARTESIAN_POINT('Ctrl Pts',(-1.33630629442636,16.9483280380267,1.47730669308914));
#10191=CARTESIAN_POINT('Ctrl Pts',(-1.35523969142775,17.0361158004241,1.56573328932423));
#10192=CARTESIAN_POINT('Ctrl Pts',(-1.37186243191888,17.1207844077622,1.6576352637646));
#10193=CARTESIAN_POINT('Ctrl Pts',(-1.38649906728992,17.2020016623542,1.75272678090423));
#10194=CARTESIAN_POINT('Ctrl Pts',(-1.40112590987662,17.2831645777461,1.84775467613241));
#10195=CARTESIAN_POINT('Ctrl Pts',(-1.41376930410034,17.3608804221259,1.94596754458287));
#10196=CARTESIAN_POINT('Ctrl Pts',(-1.42475315035413,17.4348529533454,2.04704188230165));
#10197=CARTESIAN_POINT('Ctrl Pts',(-1.43573324101295,17.5088001918889,2.14808166069901));
#10198=CARTESIAN_POINT('Ctrl Pts',(-1.44505491837258,17.5790063847567,2.25198060604506));
#10199=CARTESIAN_POINT('Ctrl Pts',(-1.4530417506957,17.6452155795821,2.35838218455539));
#10200=CARTESIAN_POINT('Ctrl Pts',(-1.45549981786714,17.6655924501189,2.39112886265554));
#10201=CARTESIAN_POINT('Ctrl Pts',(-1.45783144948614,17.6855910303165,2.42411237049888));
#10202=CARTESIAN_POINT('Ctrl Pts',(-1.46004607797977,17.7052046836025,2.45732175997669));
#10203=CARTESIAN_POINT('Ctrl Pts',(-1.4683843836855,17.7790521201254,2.58235855172885));
#10204=CARTESIAN_POINT('Ctrl Pts',(-1.47506405249049,17.8474751253476,2.71065957469136));
#10205=CARTESIAN_POINT('Ctrl Pts',(-1.48040456829936,17.9101980347193,2.84173363839964));
#10206=CARTESIAN_POINT('Ctrl Pts',(-1.485742853482,17.9728947459911,2.97275295510347));
#10207=CARTESIAN_POINT('Ctrl Pts',(-1.48974310410953,18.0298959632155,3.10654269856994));
#10208=CARTESIAN_POINT('Ctrl Pts',(-1.49272440392771,18.0809725102273,3.24258816480103));
#10209=CARTESIAN_POINT('Ctrl Pts',(-1.49579337558783,18.1335510782468,3.38263435465627));
#10210=CARTESIAN_POINT('Ctrl Pts',(-1.49778258617241,18.1798509964066,3.52507064490918));
#10211=CARTESIAN_POINT('Ctrl Pts',(-1.49904010549047,18.2196757864096,3.66931396869941));
#10212=CARTESIAN_POINT('Ctrl Pts',(-1.50026114355337,18.2583452396281,3.80937272258062));
#10213=CARTESIAN_POINT('Ctrl Pts',(-1.50079232800049,18.2909099590259,3.95113477287159));
#10214=CARTESIAN_POINT('Ctrl Pts',(-1.50095230592818,18.3172408150905,4.09405145487761));
#10215=CARTESIAN_POINT('Ctrl Pts',(-1.50111945340583,18.3447517113694,4.2433730722816));
#10216=CARTESIAN_POINT('Ctrl Pts',(-1.50088137692379,18.3654569709201,4.39395482521807));
#10217=CARTESIAN_POINT('Ctrl Pts',(-1.50060151357234,18.3792690517849,4.54515968743093));
#10218=CARTESIAN_POINT('Ctrl Pts',(-1.50032165022089,18.3930811326497,4.69636454964378));
#10219=CARTESIAN_POINT('Ctrl Pts',(-1.50000000000003,18.4000000000001,4.84819210190838));
#10220=CARTESIAN_POINT('Ctrl Pts',(-1.50000000000003,18.4000000000001,5.));
#10221=CARTESIAN_POINT('Origin',(0.49999999999998,15.4000000000002,4.99999999999998));
#10222=CARTESIAN_POINT('',(0.499999999999973,20.4000000000002,5.));
#10223=CARTESIAN_POINT('Origin',(0.49999999999997,19.4000000000002,5.));
#10224=CARTESIAN_POINT('Origin',(0.49999999999998,15.4000000000003,4.99999999999937));
#10225=CARTESIAN_POINT('Origin',(0.499999999999979,15.4000000000002,1.00000000000003));
#10226=CARTESIAN_POINT('Ctrl Pts',(-7.50000000000008,13.4,0.));
#10227=CARTESIAN_POINT('Ctrl Pts',(-7.49799312371798,13.4028966763972,7.21261868829855E-15));
#10228=CARTESIAN_POINT('Ctrl Pts',(-7.49598595940063,13.4057932123054,2.54846981619534E-6));
#10229=CARTESIAN_POINT('Ctrl Pts',(-7.10972946571534,13.9634598661888,0.00096306623274286));
#10230=CARTESIAN_POINT('Ctrl Pts',(-6.71970899548023,14.5250060893554,0.0944488584305619));
#10231=CARTESIAN_POINT('Ctrl Pts',(-6.37980626856822,15.0666666666668,0.285954792089727));
#10232=CARTESIAN_POINT('Ctrl Pts',(-7.50000000000008,13.4,0.));
#10233=CARTESIAN_POINT('Ctrl Pts',(-7.49832763774529,13.4030882203473,7.21053525250931E-15));
#10234=CARTESIAN_POINT('Ctrl Pts',(-7.49665487685272,13.4061809678943,1.40012688131924E-5));
#10235=CARTESIAN_POINT('Ctrl Pts',(-7.17479404819189,14.0009633548933,0.000672256346145294));
#10236=CARTESIAN_POINT('Ctrl Pts',(-6.84966570305512,14.6001406163839,0.108457533283644));
#10237=CARTESIAN_POINT('Ctrl Pts',(-6.58144868231613,15.1603960024729,0.319093116562021));
#10238=CARTESIAN_POINT('Ctrl Pts',(-7.50000000000008,13.4,0.));
#10239=CARTESIAN_POINT('Ctrl Pts',(-7.49866146649593,13.4032808891151,7.21115782172555E-15));
#10240=CARTESIAN_POINT('Ctrl Pts',(-7.49732459988878,13.4065675896966,1.94128461669799E-5));
#10241=CARTESIAN_POINT('Ctrl Pts',(-7.23979911639993,14.0385204365669,0.000317462045882083));
#10242=CARTESIAN_POINT('Ctrl Pts',(-6.9800526499902,14.6751586425371,0.0966408105188413));
#10243=CARTESIAN_POINT('Ctrl Pts',(-6.78241061265233,15.2799955114372,0.278053053298119));
#10244=CARTESIAN_POINT('Ctrl Pts',(-7.50000000000008,13.4,0.));
#10245=CARTESIAN_POINT('Ctrl Pts',(-7.4989965618578,13.4034760116787,7.21484676855178E-15));
#10246=CARTESIAN_POINT('Ctrl Pts',(-7.49799297970035,13.4069518547665,1.52908188889172E-6));
#10247=CARTESIAN_POINT('Ctrl Pts',(-7.30486473285798,14.0761518394261,0.000577839739644942));
#10248=CARTESIAN_POINT('Ctrl Pts',(-7.10985449774016,14.7500073072265,0.0566693150583369));
#10249=CARTESIAN_POINT('Ctrl Pts',(-6.93990313428416,15.4000000000002,0.171572875253836));
#10250=CARTESIAN_POINT('',(-6.93990313428416,15.4000000000002,0.171572875253835));
#10251=CARTESIAN_POINT('',(-6.37980626856822,15.0666666666668,0.285954792089727));
#10252=CARTESIAN_POINT('Origin',(-6.37980626856826,15.4000000000001,-0.656854249492454));
#10253=CARTESIAN_POINT('Ctrl Pts',(-6.37980626856822,15.0666666666668,0.285954792089727));
#10254=CARTESIAN_POINT('Ctrl Pts',(-6.71970899548023,14.5250060893554,0.0944488584305594));
#10255=CARTESIAN_POINT('Ctrl Pts',(-7.10972946571534,13.9634598661888,0.000963066232738128));
#10256=CARTESIAN_POINT('Ctrl Pts',(-7.49598595940063,13.4057932123054,2.54846980920011E-6));
#10257=CARTESIAN_POINT('Ctrl Pts',(-7.49799312371798,13.4028966763972,1.62356875386459E-16));
#10258=CARTESIAN_POINT('Ctrl Pts',(-7.50000000000008,13.4,0.));
#10259=CARTESIAN_POINT('Ctrl Pts',(-7.50000000000008,13.4,0.));
#10260=CARTESIAN_POINT('Ctrl Pts',(-7.4989965618578,13.4034760116787,5.25404726882709E-17));
#10261=CARTESIAN_POINT('Ctrl Pts',(-7.49799297970035,13.4069518547665,1.5290818817281E-6));
#10262=CARTESIAN_POINT('Ctrl Pts',(-7.30486473285798,14.0761518394261,0.000577839739639911));
#10263=CARTESIAN_POINT('Ctrl Pts',(-7.10985449774016,14.7500073072265,0.056669315058334));
#10264=CARTESIAN_POINT('Ctrl Pts',(-6.93990313428416,15.4000000000002,0.171572875253835));
#10265=CARTESIAN_POINT('Ctrl Pts',(-6.37980626856823,15.0666666666668,0.285954792089719));
#10266=CARTESIAN_POINT('Ctrl Pts',(-6.10047467895096,15.5118025779552,0.443334102800573));
#10267=CARTESIAN_POINT('Ctrl Pts',(-5.93154981891385,15.9719494691104,0.681254244958202));
#10268=CARTESIAN_POINT('Ctrl Pts',(-5.80794355144947,16.386009432116,0.98954520393075));
#10269=CARTESIAN_POINT('Ctrl Pts',(-6.48062747544218,15.1135313345699,0.302523954325867));
#10270=CARTESIAN_POINT('Ctrl Pts',(-6.22977572736306,15.5532869039662,0.463040739103083));
#10271=CARTESIAN_POINT('Ctrl Pts',(-6.08246496978962,16.0063604195315,0.702305910397744));
#10272=CARTESIAN_POINT('Ctrl Pts',(-5.97802348219552,16.4132299460104,1.00981240936481));
#10273=CARTESIAN_POINT('Ctrl Pts',(-6.68224265634411,15.2200094743796,0.299562936234247));
#10274=CARTESIAN_POINT('Ctrl Pts',(-6.48829103289069,15.6579319710108,0.451956739790538));
#10275=CARTESIAN_POINT('Ctrl Pts',(-6.38429610494089,16.110801893757,0.68031113246934));
#10276=CARTESIAN_POINT('Ctrl Pts',(-6.31791132996883,16.5228044123772,0.976207220266104));
#10277=CARTESIAN_POINT('Ctrl Pts',(-6.86115687346823,15.3399977557187,0.224812964275981));
#10278=CARTESIAN_POINT('Ctrl Pts',(-6.70826481812128,15.788915111518,0.341931437744895));
#10279=CARTESIAN_POINT('Ctrl Pts',(-6.62383588168827,16.2656662202636,0.533509127572112));
#10280=CARTESIAN_POINT('Ctrl Pts',(-6.56796132736124,16.7134858986231,0.803652327304494));
#10281=CARTESIAN_POINT('Ctrl Pts',(-6.93990313428416,15.4000000000002,0.171572875253838));
#10282=CARTESIAN_POINT('Ctrl Pts',(-6.80023733947553,15.8559367196262,0.266000461680344));
#10283=CARTESIAN_POINT('Ctrl Pts',(-6.715774909457,16.3478230498064,0.436428307881611));
#10284=CARTESIAN_POINT('Ctrl Pts',(-6.65397177572481,16.8166056593263,0.693891603180726));
#10285=CARTESIAN_POINT('',(-6.65397177572478,16.816605659262,0.693891603159609));
#10286=CARTESIAN_POINT('',(-5.80794355144948,16.386009432116,0.989545203930752));
#10287=CARTESIAN_POINT('Origin',(-5.80794355144949,16.9832113185392,0.187454244716839));
#10288=CARTESIAN_POINT('Ctrl Pts',(-5.80794355144948,16.386009432116,0.989545203930752));
#10289=CARTESIAN_POINT('Ctrl Pts',(-5.93154981891386,15.9719494691104,0.681254244958208));
#10290=CARTESIAN_POINT('Ctrl Pts',(-6.10047467895097,15.5118025779552,0.44333410280058));
#10291=CARTESIAN_POINT('Ctrl Pts',(-6.37980626856822,15.0666666666668,0.285954792089727));
#10292=CARTESIAN_POINT('Ctrl Pts',(-6.93990313428416,15.4000000000002,0.171572875253835));
#10293=CARTESIAN_POINT('Ctrl Pts',(-6.80023733947891,15.8559367196054,0.266000461679807));
#10294=CARTESIAN_POINT('Ctrl Pts',(-6.71577490945891,16.3478230497617,0.436428307874534));
#10295=CARTESIAN_POINT('Ctrl Pts',(-6.65397177572478,16.816605659262,0.693891603159609));
#10296=CARTESIAN_POINT('Origin',(-5.50000000000008,19.4000000000001,12.65));
#10297=CARTESIAN_POINT('',(-6.50000000000002,19.4000000000002,20.3));
#10298=CARTESIAN_POINT('',(-6.50000000000008,19.4000000000002,5.));
#10299=CARTESIAN_POINT('',(-6.50000000000002,19.4000000000002,20.3));
#10300=CARTESIAN_POINT('',(-5.50000000000008,18.4,20.3));
#10301=CARTESIAN_POINT('Origin',(-5.49999999999998,19.4,20.3));
#10302=CARTESIAN_POINT('',(-5.50000000000008,18.4,5.));
#10303=CARTESIAN_POINT('',(-5.50000000000008,18.4,5.));
#10304=CARTESIAN_POINT('Origin',(-5.50000000000007,19.4,5.));
#10305=CARTESIAN_POINT('Ctrl Pts',(-5.80794355146411,16.386009432067,0.989545203894252));
#10306=CARTESIAN_POINT('Ctrl Pts',(-5.65133603946633,16.9106179487123,1.3801457862437));
#10307=CARTESIAN_POINT('Ctrl Pts',(-5.48065152334473,17.9740150261589,2.5556389271687));
#10308=CARTESIAN_POINT('Ctrl Pts',(-5.50000000000005,18.4000000000001,4.11066446576607));
#10309=CARTESIAN_POINT('Ctrl Pts',(-5.50000000000005,18.4000000000001,5.));
#10310=CARTESIAN_POINT('Ctrl Pts',(-6.00232061517129,16.4171185908045,1.01270772439043));
#10311=CARTESIAN_POINT('Ctrl Pts',(-5.87353314905738,16.9312434612083,1.40223638660504));
#10312=CARTESIAN_POINT('Ctrl Pts',(-5.75524464531063,17.9725565068956,2.56302308852013));
#10313=CARTESIAN_POINT('Ctrl Pts',(-5.79919930034194,18.4000000000001,4.1112329011038));
#10314=CARTESIAN_POINT('Ctrl Pts',(-5.79919930034194,18.4000000000001,5.));
#10315=CARTESIAN_POINT('Ctrl Pts',(-6.34178342805724,16.5349483381678,0.967873006640008));
#10316=CARTESIAN_POINT('Ctrl Pts',(-6.26088245678351,17.0594131304707,1.34060419180467));
#10317=CARTESIAN_POINT('Ctrl Pts',(-6.23238725479386,18.1502651764525,2.45885575387339));
#10318=CARTESIAN_POINT('Ctrl Pts',(-6.31723014732589,18.6511039955802,4.06583171744323));
#10319=CARTESIAN_POINT('Ctrl Pts',(-6.31723014732589,18.6511039955802,5.));
#10320=CARTESIAN_POINT('Ctrl Pts',(-6.58024853427705,16.7282172929558,0.787972223826476));
#10321=CARTESIAN_POINT('Ctrl Pts',(-6.50829783538352,17.2994695709301,1.12787666039156));
#10322=CARTESIAN_POINT('Ctrl Pts',(-6.45803958653565,18.5502467182652,2.21408963876281));
#10323=CARTESIAN_POINT('Ctrl Pts',(-6.50000000000009,19.1756005247438,3.97262899897257));
#10324=CARTESIAN_POINT('Ctrl Pts',(-6.50000000000009,19.1756005247438,5.));
#10325=CARTESIAN_POINT('Ctrl Pts',(-6.65397177573213,16.8166056592708,0.693891603150238));
#10326=CARTESIAN_POINT('Ctrl Pts',(-6.57566801973324,17.4105470479118,1.02009420543136));
#10327=CARTESIAN_POINT('Ctrl Pts',(-6.49032576167242,18.7333849944426,2.10408222305449));
#10328=CARTESIAN_POINT('Ctrl Pts',(-6.50000000000007,19.4000000000002,3.93279735891927));
#10329=CARTESIAN_POINT('Ctrl Pts',(-6.50000000000007,19.4000000000002,5.));
#10330=CARTESIAN_POINT('Ctrl Pts',(-5.50000000000008,18.4000000000001,5.));
#10331=CARTESIAN_POINT('Ctrl Pts',(-5.50000000000008,18.4000000000001,4.85470569551024));
#10332=CARTESIAN_POINT('Ctrl Pts',(-5.49970489632416,18.3936625257862,4.70939329930142));
#10333=CARTESIAN_POINT('Ctrl Pts',(-5.49943348501206,18.3810088846683,4.56462603332704));
#10334=CARTESIAN_POINT('Ctrl Pts',(-5.49916209725415,18.3683563416856,4.41987133085374));
#10335=CARTESIAN_POINT('Ctrl Pts',(-5.49891439774798,18.3493887551828,4.27566200071437));
#10336=CARTESIAN_POINT('Ctrl Pts',(-5.49900909954118,18.3241793675334,4.132556885808));
#10337=CARTESIAN_POINT('Ctrl Pts',(-5.49910667480955,18.2982050677639,3.98510962509573));
#10338=CARTESIAN_POINT('Ctrl Pts',(-5.49956774513356,18.2656042267718,3.83883502484738));
#10339=CARTESIAN_POINT('Ctrl Pts',(-5.50074092425222,18.2265138950211,3.69433403154964));
#10340=CARTESIAN_POINT('Ctrl Pts',(-5.50187996593507,18.1885610227341,3.55403776138942));
#10341=CARTESIAN_POINT('Ctrl Pts',(-5.50369027714907,18.1444911842129,3.41541364908684));
#10342=CARTESIAN_POINT('Ctrl Pts',(-5.506490916437,18.094480724735,3.27899717458343));
#10343=CARTESIAN_POINT('Ctrl Pts',(-5.50941745977926,18.0422220215672,3.13644803340939));
#10344=CARTESIAN_POINT('Ctrl Pts',(-5.51342537397001,17.9834763094513,2.99631000766451));
#10345=CARTESIAN_POINT('Ctrl Pts',(-5.51887871126626,17.9185013209967,2.85917169951636));
#10346=CARTESIAN_POINT('Ctrl Pts',(-5.52433204856252,17.8535263325421,2.72203339136821));
#10347=CARTESIAN_POINT('Ctrl Pts',(-5.53123080896428,17.7823222676728,2.58789517038935));
#10348=CARTESIAN_POINT('Ctrl Pts',(-5.53993904472858,17.7052019514497,2.4573171339637));
#10349=CARTESIAN_POINT('Ctrl Pts',(-5.54713645842443,17.6414615067448,2.34939353460517));
#10350=CARTESIAN_POINT('Ctrl Pts',(-5.55556994833379,17.5736526716508,2.24385796060182));
#10351=CARTESIAN_POINT('Ctrl Pts',(-5.56556308625437,17.5020183665704,2.14107619543303));
#10352=CARTESIAN_POINT('Ctrl Pts',(-5.57555839738172,17.4303684831843,2.03827207832338));
#10353=CARTESIAN_POINT('Ctrl Pts',(-5.58711403494705,17.3548917436117,1.93822332573154));
#10354=CARTESIAN_POINT('Ctrl Pts',(-5.60055378189534,17.275872555009,1.84126418684178));
#10355=CARTESIAN_POINT('Ctrl Pts',(-5.61400820195924,17.1967670956087,1.74419919085073));
#10356=CARTESIAN_POINT('Ctrl Pts',(-5.62935084768097,17.1141117681182,1.65023087938598));
#10357=CARTESIAN_POINT('Ctrl Pts',(-5.64690656365346,17.0282288392142,1.55965764926008));
#10358=CARTESIAN_POINT('Ctrl Pts',(-5.66447358919844,16.9422905836457,1.46902607092935));
#10359=CARTESIAN_POINT('Ctrl Pts',(-5.6842565372778,16.8531209306059,1.38179421859867));
#10360=CARTESIAN_POINT('Ctrl Pts',(-5.70658088069367,16.7610745774567,1.29821966011286));
#10361=CARTESIAN_POINT('Ctrl Pts',(-5.72894025485579,16.6688837876994,1.21451395872639));
#10362=CARTESIAN_POINT('Ctrl Pts',(-5.75384900638757,16.5738076559182,1.13447725961412));
#10363=CARTESIAN_POINT('Ctrl Pts',(-5.78163414266559,16.4762287616155,1.05832312255179));
#10364=CARTESIAN_POINT('Ctrl Pts',(-5.79013178617745,16.446385803504,1.0350325868411));
#10365=CARTESIAN_POINT('Ctrl Pts',(-5.79889847097537,16.4163089125818,1.01210487335975));
#10366=CARTESIAN_POINT('Ctrl Pts',(-5.80794355144948,16.386009432116,0.989545203930765));
#10367=CARTESIAN_POINT('Ctrl Pts',(-6.65397177572478,16.816605659262,0.693891603159609));
#10368=CARTESIAN_POINT('Ctrl Pts',(-6.5756680197282,17.4105470479079,1.0200942054586));
#10369=CARTESIAN_POINT('Ctrl Pts',(-6.49032576167001,18.7333849944334,2.10408222307483));
#10370=CARTESIAN_POINT('Ctrl Pts',(-6.49999999999928,19.3999999999957,3.93279735892188));
#10371=CARTESIAN_POINT('Ctrl Pts',(-6.50000000000008,19.4000000000002,5.));
#10372=CARTESIAN_POINT('Origin',(-3.50000000000001,13.4000000000001,5.));
#10373=CARTESIAN_POINT('',(-5.50000000000008,18.4,5.));
#10374=CARTESIAN_POINT('Origin',(-0.980000000000024,18.4000000000001,21.95));
#10375=CARTESIAN_POINT('',(-5.50000000000008,18.4,20.3));
#10376=CARTESIAN_POINT('Ctrl Pts',(-15.5,13.4000000000002,0.));
#10377=CARTESIAN_POINT('Ctrl Pts',(-15.5009577487134,13.4033177388796,0.));
#10378=CARTESIAN_POINT('Ctrl Pts',(-15.5019156333952,13.4066353183097,1.39374487832723E-6));
#10379=CARTESIAN_POINT('Ctrl Pts',(-15.6950438478549,14.0758331184214,0.000551250048045217));
#10380=CARTESIAN_POINT('Ctrl Pts',(-15.8901055386474,14.7498544631684,0.0566422957908336));
#10381=CARTESIAN_POINT('Ctrl Pts',(-16.0600968657159,15.4000000000002,0.171572875253813));
#10382=CARTESIAN_POINT('Ctrl Pts',(-15.5,13.4000000000002,0.));
#10383=CARTESIAN_POINT('Ctrl Pts',(-15.5012776134123,13.4031314167826,0.));
#10384=CARTESIAN_POINT('Ctrl Pts',(-15.5025535550033,13.4062686270814,1.90782059256119E-5));
#10385=CARTESIAN_POINT('Ctrl Pts',(-15.7600789155147,14.0382193666322,0.000272520120570252));
#10386=CARTESIAN_POINT('Ctrl Pts',(-16.0199008964767,14.6750163737326,0.0965977438332706));
#10387=CARTESIAN_POINT('Ctrl Pts',(-16.2175893873477,15.2799955114372,0.278053053298081));
#10388=CARTESIAN_POINT('Ctrl Pts',(-15.5,13.4000000000002,0.));
#10389=CARTESIAN_POINT('Ctrl Pts',(-15.5015962138253,13.4029475396411,0.));
#10390=CARTESIAN_POINT('Ctrl Pts',(-15.5031928079859,13.4058995917084,1.36746604781371E-5));
#10391=CARTESIAN_POINT('Ctrl Pts',(-15.8250537488803,14.0006800694603,0.000621641415870555));
#10392=CARTESIAN_POINT('Ctrl Pts',(-16.1502712283887,14.6000088418764,0.108407732634984));
#10393=CARTESIAN_POINT('Ctrl Pts',(-16.4185513176839,15.1603960024729,0.319093116561975));
#10394=CARTESIAN_POINT('Ctrl Pts',(-15.5,13.4000000000002,0.));
#10395=CARTESIAN_POINT('Ctrl Pts',(-15.5019154974289,13.4027647824033,0.));
#10396=CARTESIAN_POINT('Ctrl Pts',(-15.5038312667904,13.4055294319248,2.32290812870387E-6));
#10397=CARTESIAN_POINT('Ctrl Pts',(-15.8900876957101,13.9631942653511,0.000918750080003865));
#10398=CARTESIAN_POINT('Ctrl Pts',(-16.2802110772949,14.524878719307,0.0944038263180548));
#10399=CARTESIAN_POINT('Ctrl Pts',(-16.6201937314318,15.0666666666668,0.285954792089686));
#10400=CARTESIAN_POINT('',(-16.6201937314318,15.0666666666668,0.285954792089684));
#10401=CARTESIAN_POINT('',(-16.0600968657159,15.4000000000002,0.171572875253812));
#10402=CARTESIAN_POINT('Origin',(-16.6201937314318,15.4,-0.656854249492543));
#10403=CARTESIAN_POINT('Ctrl Pts',(-16.0600968657159,15.4000000000002,0.171572875253812));
#10404=CARTESIAN_POINT('Ctrl Pts',(-15.8901055386474,14.7498544631684,0.0566422957908334));
#10405=CARTESIAN_POINT('Ctrl Pts',(-15.6950438478549,14.0758331184214,0.000551250048045235));
#10406=CARTESIAN_POINT('Ctrl Pts',(-15.5019156333952,13.4066353183097,1.39374487832742E-6));
#10407=CARTESIAN_POINT('Ctrl Pts',(-15.5009577487134,13.4033177388796,9.16665000493402E-20));
#10408=CARTESIAN_POINT('Ctrl Pts',(-15.5,13.4000000000002,0.));
#10409=CARTESIAN_POINT('Ctrl Pts',(-15.5,13.4000000000002,0.));
#10410=CARTESIAN_POINT('Ctrl Pts',(-15.5019154974289,13.4027647824033,-2.13842889050834E-18));
#10411=CARTESIAN_POINT('Ctrl Pts',(-15.5038312667904,13.4055294319248,2.3229081286996E-6));
#10412=CARTESIAN_POINT('Ctrl Pts',(-15.8900876957101,13.9631942653511,0.000918750080003435));
#10413=CARTESIAN_POINT('Ctrl Pts',(-16.2802110772949,14.524878719307,0.0944038263180536));
#10414=CARTESIAN_POINT('Ctrl Pts',(-16.6201937314318,15.0666666666668,0.285954792089684));
#10415=CARTESIAN_POINT('Ctrl Pts',(-16.0600968657159,15.4000000000002,0.171572875253804));
#10416=CARTESIAN_POINT('Ctrl Pts',(-16.1997626605245,15.8559367196263,0.266000461680322));
#10417=CARTESIAN_POINT('Ctrl Pts',(-16.2842250905431,16.3478230498065,0.436428307881653));
#10418=CARTESIAN_POINT('Ctrl Pts',(-16.3460282242753,16.8166056593264,0.693891603180799));
#10419=CARTESIAN_POINT('Ctrl Pts',(-16.1388431265318,15.3399977557187,0.224812964275939));
#10420=CARTESIAN_POINT('Ctrl Pts',(-16.2917351818788,15.7889151115182,0.341931437744897));
#10421=CARTESIAN_POINT('Ctrl Pts',(-16.3761641183118,16.2656662202637,0.533509127572131));
#10422=CARTESIAN_POINT('Ctrl Pts',(-16.4320386726388,16.7134858986232,0.803652327304546));
#10423=CARTESIAN_POINT('Ctrl Pts',(-16.3177593728134,15.2200106820026,0.299556519277953));
#10424=CARTESIAN_POINT('Ctrl Pts',(-16.511710996267,15.657933178634,0.451950322834356));
#10425=CARTESIAN_POINT('Ctrl Pts',(-16.6157223522106,16.1108185571628,0.680282585306681));
#10426=CARTESIAN_POINT('Ctrl Pts',(-16.6821071271827,16.522821075783,0.976178673103486));
#10427=CARTESIAN_POINT('Ctrl Pts',(-16.5193725245578,15.1135313345699,0.302523954325826));
#10428=CARTESIAN_POINT('Ctrl Pts',(-16.7702242726372,15.5532869039667,0.463040739103216));
#10429=CARTESIAN_POINT('Ctrl Pts',(-16.9175350302104,16.0063604195315,0.702305910397728));
#10430=CARTESIAN_POINT('Ctrl Pts',(-17.0219765178045,16.4132299460106,1.00981240936484));
#10431=CARTESIAN_POINT('Ctrl Pts',(-16.6201937314318,15.0666666666668,0.285954792089683));
#10432=CARTESIAN_POINT('Ctrl Pts',(-16.8995253210493,15.5118025779558,0.443334102800736));
#10433=CARTESIAN_POINT('Ctrl Pts',(-17.0684501810862,15.9719494691105,0.681254244958187));
#10434=CARTESIAN_POINT('Ctrl Pts',(-17.1920564485506,16.3860094321161,0.98954520393079));
#10435=CARTESIAN_POINT('',(-17.1920564485506,16.3860094321161,0.98954520393079));
#10436=CARTESIAN_POINT('',(-16.3460282242753,16.8166056592621,0.693891603159652));
#10437=CARTESIAN_POINT('Origin',(-17.1920564485506,16.9832113185393,0.187454244716891));
#10438=CARTESIAN_POINT('Ctrl Pts',(-16.3460282242753,16.8166056592621,0.693891603159652));
#10439=CARTESIAN_POINT('Ctrl Pts',(-16.2842250905412,16.3478230497618,0.436428307874553));
#10440=CARTESIAN_POINT('Ctrl Pts',(-16.1997626605211,15.8559367196055,0.266000461679776));
#10441=CARTESIAN_POINT('Ctrl Pts',(-16.0600968657159,15.4000000000002,0.171572875253812));
#10442=CARTESIAN_POINT('Ctrl Pts',(-16.6201937314318,15.0666666666668,0.285954792089684));
#10443=CARTESIAN_POINT('Ctrl Pts',(-16.8995253210493,15.5118025779558,0.443334102800737));
#10444=CARTESIAN_POINT('Ctrl Pts',(-17.0684501810862,15.9719494691105,0.681254244958187));
#10445=CARTESIAN_POINT('Ctrl Pts',(-17.1920564485506,16.3860094321161,0.98954520393079));
#10446=CARTESIAN_POINT('Origin',(-17.5,19.4000000000001,12.65));
#10447=CARTESIAN_POINT('',(-17.5,18.4000000000001,20.3));
#10448=CARTESIAN_POINT('',(-17.5,18.4000000000001,4.99999999999999));
#10449=CARTESIAN_POINT('',(-17.5,18.4000000000001,20.3));
#10450=CARTESIAN_POINT('',(-16.5,19.4000000000002,20.3));
#10451=CARTESIAN_POINT('Origin',(-17.5,19.4000000000001,20.3));
#10452=CARTESIAN_POINT('',(-16.5,19.4000000000002,5.));
#10453=CARTESIAN_POINT('',(-16.5,19.4000000000002,5.));
#10454=CARTESIAN_POINT('Origin',(-17.5,19.4000000000001,5.));
#10455=CARTESIAN_POINT('Ctrl Pts',(-16.3460282242679,16.8166056592709,0.693891603150245));
#10456=CARTESIAN_POINT('Ctrl Pts',(-16.450433232266,17.6085275107892,1.12882840618978));
#10457=CARTESIAN_POINT('Ctrl Pts',(-16.5053973140804,18.9057005883652,2.34324554637284));
#10458=CARTESIAN_POINT('Ctrl Pts',(-16.5,19.4000000000002,4.19959801918947));
#10459=CARTESIAN_POINT('Ctrl Pts',(-16.5,19.4000000000002,5.));
#10460=CARTESIAN_POINT('Ctrl Pts',(-16.4443258795414,16.6987545041843,0.819332430718545));
#10461=CARTESIAN_POINT('Ctrl Pts',(-16.5371918041638,17.4501084056425,1.27883488798477));
#10462=CARTESIAN_POINT('Ctrl Pts',(-16.5372647736038,18.6453712557533,2.47947411470645));
#10463=CARTESIAN_POINT('Ctrl Pts',(-16.5,19.1008006996583,4.23968424024038));
#10464=CARTESIAN_POINT('Ctrl Pts',(-16.5,19.1008006996583,5.));
#10465=CARTESIAN_POINT('Ctrl Pts',(-16.7059588720396,16.5106598417068,0.984542933324469));
#10466=CARTESIAN_POINT('Ctrl Pts',(-16.8223767332268,17.2033741298232,1.4872952840965));
#10467=CARTESIAN_POINT('Ctrl Pts',(-16.809428385212,18.225502700025,2.70528924345783));
#10468=CARTESIAN_POINT('Ctrl Pts',(-16.7511520965305,18.5828275670312,4.30854056745386));
#10469=CARTESIAN_POINT('Ctrl Pts',(-16.7511520965305,18.5828275670312,5.));
#10470=CARTESIAN_POINT('Ctrl Pts',(-17.0462736507556,16.4093413011202,1.00691709426639));
#10471=CARTESIAN_POINT('Ctrl Pts',(-17.2274277011455,17.0985205161609,1.52648262368978));
#10472=CARTESIAN_POINT('Ctrl Pts',(-17.3005823013472,18.0851662545758,2.7790163658958));
#10473=CARTESIAN_POINT('Ctrl Pts',(-17.2756005247437,18.4000000000001,4.33310676971346));
#10474=CARTESIAN_POINT('Ctrl Pts',(-17.2756005247437,18.4000000000001,5.));
#10475=CARTESIAN_POINT('Ctrl Pts',(-17.192056448536,16.386009432067,0.989545203894246));
#10476=CARTESIAN_POINT('Ctrl Pts',(-17.4008664645322,17.0854874542582,1.51034598035813));
#10477=CARTESIAN_POINT('Ctrl Pts',(-17.5107946281611,18.0866347396405,2.77620775127624));
#10478=CARTESIAN_POINT('Ctrl Pts',(-17.5000000000001,18.4000000000001,4.33299834932456));
#10479=CARTESIAN_POINT('Ctrl Pts',(-17.5000000000001,18.4000000000001,5.));
#10480=CARTESIAN_POINT('Ctrl Pts',(-16.5,19.4000000000002,5.));
#10481=CARTESIAN_POINT('Ctrl Pts',(-16.5000000000006,19.3999999999968,4.19959801919142));
#10482=CARTESIAN_POINT('Ctrl Pts',(-16.5053973140826,18.9057005883562,2.34324554639257));
#10483=CARTESIAN_POINT('Ctrl Pts',(-16.4504332322705,17.6085275107859,1.12882840621828));
#10484=CARTESIAN_POINT('Ctrl Pts',(-16.3460282242753,16.8166056592621,0.693891603159652));
#10485=CARTESIAN_POINT('Ctrl Pts',(-17.1920564485506,16.3860094321161,0.98954520393079));
#10486=CARTESIAN_POINT('Ctrl Pts',(-17.4008664645352,17.0854874542852,1.5103459803918));
#10487=CARTESIAN_POINT('Ctrl Pts',(-17.5107946281609,18.0866347396448,2.77620775129694));
#10488=CARTESIAN_POINT('Ctrl Pts',(-17.5,18.4000000000001,4.33299834932453));
#10489=CARTESIAN_POINT('Ctrl Pts',(-17.5,18.4000000000001,4.99999999999999));
#10490=CARTESIAN_POINT('Origin',(-15.5,15.4000000000001,4.99999999999998));
#10491=CARTESIAN_POINT('',(-15.5,20.4000000000002,5.));
#10492=CARTESIAN_POINT('Origin',(-15.5,19.4000000000002,5.));
#10493=CARTESIAN_POINT('Origin',(-15.5,15.4000000000001,5.00000000000012));
#10494=CARTESIAN_POINT('Origin',(-15.5,15.4,1.00000000000003));
#10495=CARTESIAN_POINT('Ctrl Pts',(-23.5000000000001,13.4,0.));
#10496=CARTESIAN_POINT('Ctrl Pts',(-23.4979931237175,13.4028966763939,1.15125812840908E-14));
#10497=CARTESIAN_POINT('Ctrl Pts',(-23.4959859637986,13.4057932143863,2.54823480405914E-6));
#10498=CARTESIAN_POINT('Ctrl Pts',(-23.1097282356098,13.9634592836867,0.000963132454876318));
#10499=CARTESIAN_POINT('Ctrl Pts',(-22.7197089954806,14.5250060893549,0.0944488584303736));
#10500=CARTESIAN_POINT('Ctrl Pts',(-22.3798062685682,15.0666666666668,0.285954792089732));
#10501=CARTESIAN_POINT('Ctrl Pts',(-23.5000000000001,13.4,0.));
#10502=CARTESIAN_POINT('Ctrl Pts',(-23.4983276377447,13.4030882203441,1.15095556850919E-14));
#10503=CARTESIAN_POINT('Ctrl Pts',(-23.4966548812508,13.4061809699751,1.40010338004859E-5));
#10504=CARTESIAN_POINT('Ctrl Pts',(-23.174792818086,14.0009627723911,0.000672322568250049));
#10505=CARTESIAN_POINT('Ctrl Pts',(-22.8496657030555,14.6001406163833,0.10845753328345));
#10506=CARTESIAN_POINT('Ctrl Pts',(-22.5814486823161,15.1603960024729,0.319093116562026));
#10507=CARTESIAN_POINT('Ctrl Pts',(-23.5000000000001,13.4,0.));
#10508=CARTESIAN_POINT('Ctrl Pts',(-23.4986614664951,13.4032808891122,1.15108474103365E-14));
#10509=CARTESIAN_POINT('Ctrl Pts',(-23.4973246020878,13.4065675921938,1.94127051593154E-5));
#10510=CARTESIAN_POINT('Ctrl Pts',(-23.2397985013471,14.0385197375646,0.000317501779077717));
#10511=CARTESIAN_POINT('Ctrl Pts',(-22.9800526499903,14.6751586425365,0.0966408105187037));
#10512=CARTESIAN_POINT('Ctrl Pts',(-22.7824106126523,15.2799955114372,0.278053053298124));
#10513=CARTESIAN_POINT('Ctrl Pts',(-23.5000000000001,13.4,0.));
#10514=CARTESIAN_POINT('Ctrl Pts',(-23.4989965618568,13.403476011676,1.15170374445953E-14));
#10515=CARTESIAN_POINT('Ctrl Pts',(-23.4979929818994,13.4069518572635,1.52894088118306E-6));
#10516=CARTESIAN_POINT('Ctrl Pts',(-23.3048641178049,14.0761511404238,0.000577879472924126));
#10517=CARTESIAN_POINT('Ctrl Pts',(-23.1098544977403,14.7500073072259,0.0566693150582233));
#10518=CARTESIAN_POINT('Ctrl Pts',(-22.9399031342842,15.4000000000002,0.171572875253839));
#10519=CARTESIAN_POINT('',(-22.9399031342842,15.4000000000002,0.171572875253838));
#10520=CARTESIAN_POINT('',(-22.3798062685682,15.0666666666668,0.285954792089732));
#10521=CARTESIAN_POINT('Origin',(-22.3798062685683,15.4,-0.656854249492675));
#10522=CARTESIAN_POINT('Ctrl Pts',(-22.3798062685682,15.0666666666668,0.285954792089732));
#10523=CARTESIAN_POINT('Ctrl Pts',(-22.7197089954806,14.5250060893549,0.0944488584303701));
#10524=CARTESIAN_POINT('Ctrl Pts',(-23.1097282356098,13.9634592836867,0.000963132454868838));
#10525=CARTESIAN_POINT('Ctrl Pts',(-23.4959859637986,13.4057932143863,2.54823479273591E-6));
#10526=CARTESIAN_POINT('Ctrl Pts',(-23.4979931237175,13.4028966763939,1.3329210450866E-16));
#10527=CARTESIAN_POINT('Ctrl Pts',(-23.5000000000001,13.4,0.));
#10528=CARTESIAN_POINT('Ctrl Pts',(-23.5000000000001,13.4,0.));
#10529=CARTESIAN_POINT('Ctrl Pts',(-23.4989965618568,13.403476011676,8.07344162213117E-17));
#10530=CARTESIAN_POINT('Ctrl Pts',(-23.4979929818994,13.4069518572635,1.5289408697735E-6));
#10531=CARTESIAN_POINT('Ctrl Pts',(-23.3048641178049,14.0761511404238,0.000577879472916336));
#10532=CARTESIAN_POINT('Ctrl Pts',(-23.1098544977403,14.7500073072259,0.0566693150582192));
#10533=CARTESIAN_POINT('Ctrl Pts',(-22.9399031342842,15.4000000000002,0.171572875253838));
#10534=CARTESIAN_POINT('Ctrl Pts',(-22.3798062685682,15.0666666666668,0.285954792089732));
#10535=CARTESIAN_POINT('Ctrl Pts',(-22.100474678951,15.5118025779552,0.443334102800572));
#10536=CARTESIAN_POINT('Ctrl Pts',(-21.9315498189139,15.9719494691103,0.681254244958179));
#10537=CARTESIAN_POINT('Ctrl Pts',(-21.8079435514495,16.3860094321159,0.989545203930694));
#10538=CARTESIAN_POINT('Ctrl Pts',(-22.4806274754422,15.1135313345699,0.302523954325879));
#10539=CARTESIAN_POINT('Ctrl Pts',(-22.2297757273631,15.5532869039662,0.463040739103079));
#10540=CARTESIAN_POINT('Ctrl Pts',(-22.0824649697896,16.0063604195314,0.702305910397724));
#10541=CARTESIAN_POINT('Ctrl Pts',(-21.9780234821956,16.4132299460104,1.00981240936475));
#10542=CARTESIAN_POINT('Ctrl Pts',(-22.6822398310184,15.2200111558303,0.299554001495629));
#10543=CARTESIAN_POINT('Ctrl Pts',(-22.488288207565,15.6579336524614,0.451947805051903));
#10544=CARTESIAN_POINT('Ctrl Pts',(-22.3842704058684,16.1108250952826,0.680271384428837));
#10545=CARTESIAN_POINT('Ctrl Pts',(-22.3178856308963,16.5228276139027,0.976167472225553));
#10546=CARTESIAN_POINT('Ctrl Pts',(-22.8611568734683,15.3399977557187,0.224812964275984));
#10547=CARTESIAN_POINT('Ctrl Pts',(-22.7082648181213,15.788915111518,0.341931437744885));
#10548=CARTESIAN_POINT('Ctrl Pts',(-22.6238358816883,16.2656662202635,0.533509127572123));
#10549=CARTESIAN_POINT('Ctrl Pts',(-22.5679613273612,16.713485898623,0.803652327304451));
#10550=CARTESIAN_POINT('Ctrl Pts',(-22.9399031342842,15.4000000000002,0.171572875253843));
#10551=CARTESIAN_POINT('Ctrl Pts',(-22.8002373394756,15.8559367196262,0.266000461680338));
#10552=CARTESIAN_POINT('Ctrl Pts',(-22.715774909457,16.3478230498063,0.436428307881638));
#10553=CARTESIAN_POINT('Ctrl Pts',(-22.6539717757248,16.8166056593262,0.693891603180697));
#10554=CARTESIAN_POINT('',(-22.6539717757248,16.8166056592619,0.693891603159545));
#10555=CARTESIAN_POINT('',(-21.8079435514495,16.3860094321159,0.989545203930691));
#10556=CARTESIAN_POINT('Origin',(-21.8079435514495,16.9832113185391,0.187454244716941));
#10557=CARTESIAN_POINT('Ctrl Pts',(-21.8079435514495,16.3860094321159,0.989545203930691));
#10558=CARTESIAN_POINT('Ctrl Pts',(-21.9315498189139,15.9719494691103,0.681254244958178));
#10559=CARTESIAN_POINT('Ctrl Pts',(-22.100474678951,15.5118025779552,0.443334102800572));
#10560=CARTESIAN_POINT('Ctrl Pts',(-22.3798062685682,15.0666666666668,0.285954792089732));
#10561=CARTESIAN_POINT('Ctrl Pts',(-22.9399031342842,15.4000000000002,0.171572875253838));
#10562=CARTESIAN_POINT('Ctrl Pts',(-22.800237339479,15.8559367196054,0.266000461679784));
#10563=CARTESIAN_POINT('Ctrl Pts',(-22.7157749094589,16.3478230497616,0.436428307874532));
#10564=CARTESIAN_POINT('Ctrl Pts',(-22.6539717757248,16.8166056592619,0.693891603159545));
#10565=CARTESIAN_POINT('Origin',(-21.5000000000001,19.4000000000001,12.65));
#10566=CARTESIAN_POINT('',(-22.5,19.4000000000002,20.3));
#10567=CARTESIAN_POINT('',(-22.5000000000001,19.4000000000002,5.));
#10568=CARTESIAN_POINT('',(-22.5,19.4000000000002,20.3));
#10569=CARTESIAN_POINT('',(-21.5000000000001,18.4,20.3));
#10570=CARTESIAN_POINT('Origin',(-21.5,19.4,20.3));
#10571=CARTESIAN_POINT('',(-21.5000000000001,18.4,5.));
#10572=CARTESIAN_POINT('',(-21.5000000000001,18.4,5.));
#10573=CARTESIAN_POINT('Origin',(-21.5000000000001,19.4,5.));
#10574=CARTESIAN_POINT('Ctrl Pts',(-21.8079435514641,16.3860094320669,0.989545203894197));
#10575=CARTESIAN_POINT('Ctrl Pts',(-21.599133535468,17.0854874542581,1.51034598035809));
#10576=CARTESIAN_POINT('Ctrl Pts',(-21.4891890203951,18.0866182754107,2.77621184153709));
#10577=CARTESIAN_POINT('Ctrl Pts',(-21.5000000000001,18.4000000000001,4.33299834932454));
#10578=CARTESIAN_POINT('Ctrl Pts',(-21.5000000000001,18.4000000000001,5.));
#10579=CARTESIAN_POINT('Ctrl Pts',(-22.0023206151713,16.4171185908044,1.01270772439038));
#10580=CARTESIAN_POINT('Ctrl Pts',(-21.8306039936868,17.1026184180069,1.5320792740078));
#10581=CARTESIAN_POINT('Ctrl Pts',(-21.7693979383094,18.0846753538797,2.78064914446463));
#10582=CARTESIAN_POINT('Ctrl Pts',(-21.799199300342,18.4000000000001,4.33342467582783));
#10583=CARTESIAN_POINT('Ctrl Pts',(-21.799199300342,18.4000000000001,5.));
#10584=CARTESIAN_POINT('Ctrl Pts',(-22.3417716542996,16.5349574371219,0.967856852189074));
#10585=CARTESIAN_POINT('Ctrl Pts',(-22.2339036926017,17.2342438268564,1.46483176573993));
#10586=CARTESIAN_POINT('Ctrl Pts',(-22.2563368672178,18.2780593997463,2.67633355494737));
#10587=CARTESIAN_POINT('Ctrl Pts',(-22.3171473589654,18.6511729939895,4.29937378808241));
#10588=CARTESIAN_POINT('Ctrl Pts',(-22.3171473589654,18.6511729939895,5.));
#10589=CARTESIAN_POINT('Ctrl Pts',(-22.5802485342771,16.7282172929558,0.787972223826421));
#10590=CARTESIAN_POINT('Ctrl Pts',(-22.4843142690861,17.4898869969186,1.24117813924455));
#10591=CARTESIAN_POINT('Ctrl Pts',(-22.4707486710088,18.7104408848245,2.44498929748825));
#10592=CARTESIAN_POINT('Ctrl Pts',(-22.5000000000001,19.1756005247438,4.22947174922939));
#10593=CARTESIAN_POINT('Ctrl Pts',(-22.5000000000001,19.1756005247438,5.));
#10594=CARTESIAN_POINT('Ctrl Pts',(-22.6539717757322,16.8166056592707,0.693891603150182));
#10595=CARTESIAN_POINT('Ctrl Pts',(-22.5495667677341,17.6085275107892,1.12882840618972));
#10596=CARTESIAN_POINT('Ctrl Pts',(-22.4945945101976,18.9056731476511,2.34328238115075));
#10597=CARTESIAN_POINT('Ctrl Pts',(-22.5000000000001,19.4000000000002,4.19959801918943));
#10598=CARTESIAN_POINT('Ctrl Pts',(-22.5000000000001,19.4000000000002,5.));
#10599=CARTESIAN_POINT('Ctrl Pts',(-21.5000000000001,18.4,5.));
#10600=CARTESIAN_POINT('Ctrl Pts',(-21.5000000000001,18.4000000000001,4.33299834932453));
#10601=CARTESIAN_POINT('Ctrl Pts',(-21.4891890203952,18.086618275415,2.77621184155778));
#10602=CARTESIAN_POINT('Ctrl Pts',(-21.599133535465,17.085487454285,1.51034598039172));
#10603=CARTESIAN_POINT('Ctrl Pts',(-21.8079435514495,16.3860094321159,0.989545203930691));
#10604=CARTESIAN_POINT('Ctrl Pts',(-22.6539717757248,16.8166056592619,0.693891603159545));
#10605=CARTESIAN_POINT('Ctrl Pts',(-22.5495667677296,17.6085275107859,1.12882840621814));
#10606=CARTESIAN_POINT('Ctrl Pts',(-22.4945945101954,18.9056731476421,2.34328238117041));
#10607=CARTESIAN_POINT('Ctrl Pts',(-22.4999999999995,19.3999999999968,4.19959801919137));
#10608=CARTESIAN_POINT('Ctrl Pts',(-22.5000000000001,19.4000000000002,5.));
#10609=CARTESIAN_POINT('Origin',(-19.5,13.4000000000001,5.));
#10610=CARTESIAN_POINT('',(-21.5000000000001,18.4,5.));
#10611=CARTESIAN_POINT('Origin',(-16.98,18.4000000000001,21.95));
#10612=CARTESIAN_POINT('',(-21.5000000000001,18.4,20.3));
#10613=CARTESIAN_POINT('Ctrl Pts',(-31.5,13.4000000000001,0.));
#10614=CARTESIAN_POINT('Ctrl Pts',(-31.5009740183999,13.403374098729,0.));
#10615=CARTESIAN_POINT('Ctrl Pts',(-31.5019481738662,13.4067480367592,1.44110612370183E-6));
#10616=CARTESIAN_POINT('Ctrl Pts',(-31.6950769072464,14.0759460387207,0.000560750365389266));
#10617=CARTESIAN_POINT('Ctrl Pts',(-31.8901197693898,14.74990888979,0.0566519171491237));
#10618=CARTESIAN_POINT('Ctrl Pts',(-32.0600968657159,15.4000000000002,0.171572875253811));
#10619=CARTESIAN_POINT('Ctrl Pts',(-31.5,13.4000000000001,0.));
#10620=CARTESIAN_POINT('Ctrl Pts',(-31.5012993066318,13.4031846428463,0.));
#10621=CARTESIAN_POINT('Ctrl Pts',(-31.5025969414292,13.4063750876095,1.91960804784791E-5));
#10622=CARTESIAN_POINT('Ctrl Pts',(-31.7601228535888,14.0383260016007,0.000288555096549861));
#10623=CARTESIAN_POINT('Ctrl Pts',(-32.0199174382288,14.6750670345891,0.0966130796000003));
#10624=CARTESIAN_POINT('Ctrl Pts',(-32.2175893873477,15.2799955114372,0.278053053298078));
#10625=CARTESIAN_POINT('Ctrl Pts',(-31.5,13.4000000000001,0.));
#10626=CARTESIAN_POINT('Ctrl Pts',(-31.5016233297502,13.4029976350684,0.));
#10627=CARTESIAN_POINT('Ctrl Pts',(-31.5032470428156,13.4059997894954,1.37894318296103E-5));
#10628=CARTESIAN_POINT('Ctrl Pts',(-31.8251089586117,14.0007804673008,0.000639718093185966));
#10629=CARTESIAN_POINT('Ctrl Pts',(-32.1502936866283,14.6000557657914,0.108425466299969));
#10630=CARTESIAN_POINT('Ctrl Pts',(-32.4185513176839,15.1603960024729,0.319093116561973));
#10631=CARTESIAN_POINT('Ctrl Pts',(-31.5,13.4000000000001,0.));
#10632=CARTESIAN_POINT('Ctrl Pts',(-31.5019480368022,13.402811748945,0.));
#10633=CARTESIAN_POINT('Ctrl Pts',(-31.5038963477325,13.4056233639661,2.40184353735628E-6));
#10634=CARTESIAN_POINT('Ctrl Pts',(-31.8901538144926,13.9632883656004,0.00093458394223319));
#10635=CARTESIAN_POINT('Ctrl Pts',(-32.2802395387795,14.524924074825,0.0944198619152044));
#10636=CARTESIAN_POINT('Ctrl Pts',(-32.6201937314318,15.0666666666668,0.285954792089683));
#10637=CARTESIAN_POINT('',(-32.6201937314318,15.0666666666668,0.285954792089681));
#10638=CARTESIAN_POINT('',(-32.0600968657159,15.4000000000002,0.171572875253811));
#10639=CARTESIAN_POINT('Origin',(-32.6201937314317,15.4,-0.656854249492535));
#10640=CARTESIAN_POINT('Ctrl Pts',(-32.0600968657159,15.4000000000002,0.171572875253811));
#10641=CARTESIAN_POINT('Ctrl Pts',(-31.8901197693898,14.74990888979,0.0566519171491236));
#10642=CARTESIAN_POINT('Ctrl Pts',(-31.6950769072464,14.0759460387207,0.000560750365389219));
#10643=CARTESIAN_POINT('Ctrl Pts',(-31.5019481738662,13.4067480367592,1.4411061237014E-6));
#10644=CARTESIAN_POINT('Ctrl Pts',(-31.5009740183999,13.403374098729,-2.33059195229287E-19));
#10645=CARTESIAN_POINT('Ctrl Pts',(-31.5,13.4000000000001,0.));
#10646=CARTESIAN_POINT('Ctrl Pts',(-31.5,13.4000000000001,0.));
#10647=CARTESIAN_POINT('Ctrl Pts',(-31.5019480368022,13.402811748945,-3.11268319687104E-18));
#10648=CARTESIAN_POINT('Ctrl Pts',(-31.5038963477325,13.4056233639661,2.40184353735003E-6));
#10649=CARTESIAN_POINT('Ctrl Pts',(-31.8901538144926,13.9632883656004,0.000934583942232563));
#10650=CARTESIAN_POINT('Ctrl Pts',(-32.2802395387795,14.524924074825,0.0944198619152031));
#10651=CARTESIAN_POINT('Ctrl Pts',(-32.6201937314318,15.0666666666668,0.285954792089681));
#10652=CARTESIAN_POINT('Ctrl Pts',(-32.0600968657159,15.4000000000002,0.171572875253801));
#10653=CARTESIAN_POINT('Ctrl Pts',(-32.1997626605245,15.8559367196262,0.266000461680312));
#10654=CARTESIAN_POINT('Ctrl Pts',(-32.2842250905431,16.3478230498064,0.436428307881616));
#10655=CARTESIAN_POINT('Ctrl Pts',(-32.3460282242753,16.8166056593263,0.693891603180733));
#10656=CARTESIAN_POINT('Ctrl Pts',(-32.1388431265318,15.3399977557187,0.224812964275939));
#10657=CARTESIAN_POINT('Ctrl Pts',(-32.2917351818788,15.7889151115181,0.341931437744863));
#10658=CARTESIAN_POINT('Ctrl Pts',(-32.3761641183118,16.2656662202636,0.533509127572105));
#10659=CARTESIAN_POINT('Ctrl Pts',(-32.4320386726388,16.7134858986231,0.803652327304484));
#10660=CARTESIAN_POINT('Ctrl Pts',(-32.3177613082168,15.2200118338292,0.299550398807313));
#10661=CARTESIAN_POINT('Ctrl Pts',(-32.5117129316702,15.6579343304604,0.45194420236363));
#10662=CARTESIAN_POINT('Ctrl Pts',(-32.6157399565777,16.1108344506614,0.680255357121811));
#10663=CARTESIAN_POINT('Ctrl Pts',(-32.6821247315498,16.5228369692816,0.976151444918568));
#10664=CARTESIAN_POINT('Ctrl Pts',(-32.5193725245578,15.1135313345699,0.302523954325828));
#10665=CARTESIAN_POINT('Ctrl Pts',(-32.770224272637,15.5532869039664,0.463040739103087));
#10666=CARTESIAN_POINT('Ctrl Pts',(-32.9175350302104,16.0063604195315,0.702305910397731));
#10667=CARTESIAN_POINT('Ctrl Pts',(-33.0219765178045,16.4132299460105,1.00981240936479));
#10668=CARTESIAN_POINT('Ctrl Pts',(-32.6201937314318,15.0666666666668,0.285954792089684));
#10669=CARTESIAN_POINT('Ctrl Pts',(-32.8995253210491,15.5118025779554,0.443334102800588));
#10670=CARTESIAN_POINT('Ctrl Pts',(-33.0684501810862,15.9719494691104,0.681254244958194));
#10671=CARTESIAN_POINT('Ctrl Pts',(-33.1920564485505,16.386009432116,0.989545203930735));
#10672=CARTESIAN_POINT('',(-33.1920564485505,16.386009432116,0.989545203930729));
#10673=CARTESIAN_POINT('',(-32.3460282242753,16.8166056592621,0.69389160315959));
#10674=CARTESIAN_POINT('Origin',(-33.1920564485506,16.9832113185392,0.187454244716838));
#10675=CARTESIAN_POINT('Ctrl Pts',(-32.3460282242753,16.8166056592621,0.69389160315959));
#10676=CARTESIAN_POINT('Ctrl Pts',(-32.2842250905412,16.3478230497617,0.436428307874513));
#10677=CARTESIAN_POINT('Ctrl Pts',(-32.1997626605211,15.8559367196055,0.266000461679762));
#10678=CARTESIAN_POINT('Ctrl Pts',(-32.0600968657159,15.4000000000002,0.171572875253811));
#10679=CARTESIAN_POINT('Ctrl Pts',(-32.6201937314318,15.0666666666668,0.285954792089681));
#10680=CARTESIAN_POINT('Ctrl Pts',(-32.8995253210491,15.5118025779554,0.443334102800586));
#10681=CARTESIAN_POINT('Ctrl Pts',(-33.0684501810862,15.9719494691104,0.68125424495819));
#10682=CARTESIAN_POINT('Ctrl Pts',(-33.1920564485505,16.386009432116,0.989545203930729));
#10683=CARTESIAN_POINT('Origin',(-33.5,19.4000000000001,12.65));
#10684=CARTESIAN_POINT('',(-33.5,18.4000000000001,20.3));
#10685=CARTESIAN_POINT('',(-33.5,18.4000000000001,4.99999999999999));
#10686=CARTESIAN_POINT('',(-33.5,18.4000000000001,20.3));
#10687=CARTESIAN_POINT('',(-32.5,19.4000000000002,20.3));
#10688=CARTESIAN_POINT('Origin',(-33.5,19.4000000000001,20.3));
#10689=CARTESIAN_POINT('',(-32.5,19.4000000000002,5.));
#10690=CARTESIAN_POINT('',(-32.5,19.4000000000002,5.));
#10691=CARTESIAN_POINT('Origin',(-33.5,19.4000000000001,5.));
#10692=CARTESIAN_POINT('Ctrl Pts',(-32.3460282242679,16.8166056592709,0.693891603150226));
#10693=CARTESIAN_POINT('Ctrl Pts',(-32.4243319802668,17.4105470479119,1.02009420543135));
#10694=CARTESIAN_POINT('Ctrl Pts',(-32.5097058402009,18.7333067039166,2.10423794424217));
#10695=CARTESIAN_POINT('Ctrl Pts',(-32.5,19.4000000000003,3.93279735891927));
#10696=CARTESIAN_POINT('Ctrl Pts',(-32.5,19.4000000000002,5.));
#10697=CARTESIAN_POINT('Ctrl Pts',(-32.4443258795413,16.6987545041843,0.81933243071853));
#10698=CARTESIAN_POINT('Ctrl Pts',(-32.5139753230085,17.2622699302801,1.1639592736697));
#10699=CARTESIAN_POINT('Ctrl Pts',(-32.5525054736598,18.4888135857925,2.25142114520696));
#10700=CARTESIAN_POINT('Ctrl Pts',(-32.5,19.1008006996584,3.98624565365382));
#10701=CARTESIAN_POINT('Ctrl Pts',(-32.5,19.1008006996584,5.));
#10702=CARTESIAN_POINT('Ctrl Pts',(-32.705965488834,16.5106668698038,0.984531283232742));
#10703=CARTESIAN_POINT('Ctrl Pts',(-32.7932788847246,17.030202585893,1.36159554631328));
#10704=CARTESIAN_POINT('Ctrl Pts',(-32.8327632475233,18.1024192954184,2.48850911364507));
#10705=CARTESIAN_POINT('Ctrl Pts',(-32.7511996266233,18.5828845964396,4.07805408993847));
#10706=CARTESIAN_POINT('Ctrl Pts',(-32.7511996266233,18.5828845964396,5.));
#10707=CARTESIAN_POINT('Ctrl Pts',(-33.0462736507556,16.4093413011202,1.00691709426638));
#10708=CARTESIAN_POINT('Ctrl Pts',(-33.1821391885486,16.9262257124025,1.39659124133542));
#10709=CARTESIAN_POINT('Ctrl Pts',(-33.3136158292047,17.9730485523151,2.56081874483021));
#10710=CARTESIAN_POINT('Ctrl Pts',(-33.2756005247436,18.4000000000001,4.1108090262846));
#10711=CARTESIAN_POINT('Ctrl Pts',(-33.2756005247436,18.4000000000001,5.));
#10712=CARTESIAN_POINT('Ctrl Pts',(-33.1920564485359,16.386009432067,0.989545203894244));
#10713=CARTESIAN_POINT('Ctrl Pts',(-33.3486639605337,16.9106179487123,1.38014578624365));
#10714=CARTESIAN_POINT('Ctrl Pts',(-33.5194116804018,17.9739285615621,2.55566348665164));
#10715=CARTESIAN_POINT('Ctrl Pts',(-33.5,18.4000000000001,4.11066446576607));
#10716=CARTESIAN_POINT('Ctrl Pts',(-33.5,18.4000000000001,5.));
#10717=CARTESIAN_POINT('Ctrl Pts',(-32.5,19.4000000000002,5.));
#10718=CARTESIAN_POINT('Ctrl Pts',(-32.5000000000008,19.3999999999958,3.93279735892188));
#10719=CARTESIAN_POINT('Ctrl Pts',(-32.5097058402033,18.7333067039074,2.1042379442625));
#10720=CARTESIAN_POINT('Ctrl Pts',(-32.4243319802719,17.4105470479081,1.02009420545859));
#10721=CARTESIAN_POINT('Ctrl Pts',(-32.3460282242753,16.8166056592621,0.69389160315959));
#10722=CARTESIAN_POINT('Ctrl Pts',(-33.1920564485505,16.386009432116,0.98954520393072));
#10723=CARTESIAN_POINT('Ctrl Pts',(-33.2216413867326,16.485113940815,1.06333409142309));
#10724=CARTESIAN_POINT('Ctrl Pts',(-33.2482489195415,16.5818350943944,1.14106371516745));
#10725=CARTESIAN_POINT('Ctrl Pts',(-33.27220604112,16.6757833749728,1.22253480753926));
#10726=CARTESIAN_POINT('Ctrl Pts',(-33.2961310768175,16.7696058301958,1.30389678530995));
#10727=CARTESIAN_POINT('Ctrl Pts',(-33.3174127959458,16.8606624337991,1.38899001508543));
#10728=CARTESIAN_POINT('Ctrl Pts',(-33.3363768805722,16.9485894872189,1.47757006440153));
#10729=CARTESIAN_POINT('Ctrl Pts',(-33.3553188098765,17.0364138174006,1.56604662759869));
#10730=CARTESIAN_POINT('Ctrl Pts',(-33.371948516798,17.1211155347245,1.65800161246329));
#10731=CARTESIAN_POINT('Ctrl Pts',(-33.3865905432757,17.2023622192245,1.75314897880802));
#10732=CARTESIAN_POINT('Ctrl Pts',(-33.4012227510627,17.2835544210979,1.8482325409684));
#10733=CARTESIAN_POINT('Ctrl Pts',(-33.4138699433204,17.3612958873816,1.94650390181444));
#10734=CARTESIAN_POINT('Ctrl Pts',(-33.4248560095285,17.4352901480192,2.04763934769132));
#10735=CARTESIAN_POINT('Ctrl Pts',(-33.4358382817517,17.5092588550956,2.14873986692969));
#10736=CARTESIAN_POINT('Ctrl Pts',(-33.445160575051,17.5794826523596,2.25270214769033));
#10737=CARTESIAN_POINT('Ctrl Pts',(-33.453146443461,17.6457053543175,2.35916944043714));
#10738=CARTESIAN_POINT('Ctrl Pts',(-33.4555829399218,17.6659099670987,2.39165271822884));
#10739=CARTESIAN_POINT('Ctrl Pts',(-33.4578950331042,17.6857424291401,2.42436896460574));
#10740=CARTESIAN_POINT('Ctrl Pts',(-33.4600919122085,17.7051962662492,2.45730750796029));
#10741=CARTESIAN_POINT('Ctrl Pts',(-33.4684309229877,17.7790400007662,2.58233708630053));
#10742=CARTESIAN_POINT('Ctrl Pts',(-33.4751098794322,17.8474599140038,2.71063054171837));
#10743=CARTESIAN_POINT('Ctrl Pts',(-33.4804487038231,17.9101803750141,2.8416967347383));
#10744=CARTESIAN_POINT('Ctrl Pts',(-33.4857853020339,17.9728746828797,2.97270827584651));
#10745=CARTESIAN_POINT('Ctrl Pts',(-33.4897828855732,18.0298741317825,3.10648994463438));
#10746=CARTESIAN_POINT('Ctrl Pts',(-33.4927609766858,18.0809495795135,3.24252708867134));
#10747=CARTESIAN_POINT('Ctrl Pts',(-33.495826939791,18.1335320668859,3.38257816460512));
#10748=CARTESIAN_POINT('Ctrl Pts',(-33.4978123603007,18.1798354062116,3.5250195380338));
#10749=CARTESIAN_POINT('Ctrl Pts',(-33.4990658868186,18.2196631034702,3.66926803260417));
#10750=CARTESIAN_POINT('Ctrl Pts',(-33.5002829343603,18.2583317717014,3.80931874010986));
#10751=CARTESIAN_POINT('Ctrl Pts',(-33.5008100659011,18.290896361569,3.95107250836734));
#10752=CARTESIAN_POINT('Ctrl Pts',(-33.5009663690821,18.3172277834457,4.09398072552995));
#10753=CARTESIAN_POINT('Ctrl Pts',(-33.5011296996549,18.344743066198,4.24331409693982));
#10754=CARTESIAN_POINT('Ctrl Pts',(-33.5008881073844,18.365451592271,4.39390775200081));
#10755=CARTESIAN_POINT('Ctrl Pts',(-33.5006056824707,18.3792658344125,4.545124467295));
#10756=CARTESIAN_POINT('Ctrl Pts',(-33.5003232575569,18.393080076554,4.69634118258918));
#10757=CARTESIAN_POINT('Ctrl Pts',(-33.5,18.4000000000001,4.84818053850506));
#10758=CARTESIAN_POINT('Ctrl Pts',(-33.5,18.4000000000001,5.));
#10759=CARTESIAN_POINT('Origin',(-31.5,15.4000000000002,4.99999999999996));
#10760=CARTESIAN_POINT('',(-31.5,20.4000000000002,5.));
#10761=CARTESIAN_POINT('Origin',(-31.5,19.4000000000002,5.));
#10762=CARTESIAN_POINT('Origin',(-31.5,15.4000000000003,4.99999999999921));
#10763=CARTESIAN_POINT('Origin',(-31.5,15.4000000000002,1.00000000000003));
#10764=CARTESIAN_POINT('Ctrl Pts',(-38.5000000000001,13.4000000000001,0.));
#10765=CARTESIAN_POINT('Ctrl Pts',(-38.4979931237204,13.4028966764063,0.));
#10766=CARTESIAN_POINT('Ctrl Pts',(-38.4959859655472,13.4057932152198,2.54814150460845E-6));
#10767=CARTESIAN_POINT('Ctrl Pts',(-38.1097277470933,13.9634590523599,0.000963158742127908));
#10768=CARTESIAN_POINT('Ctrl Pts',(-37.7197089954794,14.5250060893569,0.0944488584310736));
#10769=CARTESIAN_POINT('Ctrl Pts',(-37.3798062685683,15.0666666666668,0.285954792089714));
#10770=CARTESIAN_POINT('Ctrl Pts',(-38.5000000000001,13.4000000000001,0.));
#10771=CARTESIAN_POINT('Ctrl Pts',(-38.4983276377479,13.4030882203558,0.));
#10772=CARTESIAN_POINT('Ctrl Pts',(-38.4966548829991,13.406180970809,1.40009405032001E-5));
#10773=CARTESIAN_POINT('Ctrl Pts',(-38.1747923295707,14.0009625410645,0.000672348855610188));
#10774=CARTESIAN_POINT('Ctrl Pts',(-37.849665703054,14.6001406163854,0.108457533284172));
#10775=CARTESIAN_POINT('Ctrl Pts',(-37.5814486823162,15.1603960024729,0.319093116562007));
#10776=CARTESIAN_POINT('Ctrl Pts',(-38.5000000000001,13.4000000000001,0.));
#10777=CARTESIAN_POINT('Ctrl Pts',(-38.4986614664992,13.403280889123,0.));
#10778=CARTESIAN_POINT('Ctrl Pts',(-38.4973246029623,13.4065675931936,1.94126491807432E-5));
#10779=CARTESIAN_POINT('Ctrl Pts',(-38.2397982570875,14.0385194599723,0.00031751755174729));
#10780=CARTESIAN_POINT('Ctrl Pts',(-37.9800526499901,14.6751586425389,0.096640810519203));
#10781=CARTESIAN_POINT('Ctrl Pts',(-37.7824106126524,15.2799955114372,0.278053053298108));
#10782=CARTESIAN_POINT('Ctrl Pts',(-38.5000000000001,13.4000000000001,0.));
#10783=CARTESIAN_POINT('Ctrl Pts',(-38.4989965618612,13.4034760116859,0.));
#10784=CARTESIAN_POINT('Ctrl Pts',(-38.4979929827737,13.4069518582637,1.5288849033173E-6));
#10785=CARTESIAN_POINT('Ctrl Pts',(-38.3048638735464,14.0761508628316,0.000577895245277592));
#10786=CARTESIAN_POINT('Ctrl Pts',(-38.1098544977397,14.7500073072283,0.056669315058644));
#10787=CARTESIAN_POINT('Ctrl Pts',(-37.9399031342842,15.4000000000002,0.171572875253828));
#10788=CARTESIAN_POINT('',(-37.9399031342842,15.4000000000002,0.171572875253829));
#10789=CARTESIAN_POINT('',(-37.3798062685683,15.0666666666668,0.285954792089711));
#10790=CARTESIAN_POINT('Origin',(-37.3798062685684,15.4,-0.656854249492441));
#10791=CARTESIAN_POINT('Ctrl Pts',(-37.3798062685683,15.0666666666668,0.285954792089711));
#10792=CARTESIAN_POINT('Ctrl Pts',(-37.7197089954794,14.5250060893569,0.0944488584310718));
#10793=CARTESIAN_POINT('Ctrl Pts',(-38.1097277470933,13.9634590523599,0.000963158742127164));
#10794=CARTESIAN_POINT('Ctrl Pts',(-38.4959859655472,13.4057932152198,2.54814150460074E-6));
#10795=CARTESIAN_POINT('Ctrl Pts',(-38.4979931237204,13.4028966764063,-3.81870704279808E-18));
#10796=CARTESIAN_POINT('Ctrl Pts',(-38.5000000000001,13.4000000000001,0.));
#10797=CARTESIAN_POINT('Ctrl Pts',(-38.5000000000001,13.4000000000001,0.));
#10798=CARTESIAN_POINT('Ctrl Pts',(-38.4989965618612,13.4034760116859,1.49462484480219E-18));
#10799=CARTESIAN_POINT('Ctrl Pts',(-38.4979929827737,13.4069518582637,1.52888490332027E-6));
#10800=CARTESIAN_POINT('Ctrl Pts',(-38.3048638735464,14.0761508628316,0.000577895245277885));
#10801=CARTESIAN_POINT('Ctrl Pts',(-38.1098544977397,14.7500073072283,0.0566693150586445));
#10802=CARTESIAN_POINT('Ctrl Pts',(-37.9399031342842,15.4000000000002,0.171572875253829));
#10803=CARTESIAN_POINT('Ctrl Pts',(-37.3798062685682,15.0666666666668,0.285954792089699));
#10804=CARTESIAN_POINT('Ctrl Pts',(-37.100474678951,15.5118025779552,0.443334102800527));
#10805=CARTESIAN_POINT('Ctrl Pts',(-36.9315498189139,15.9719494691103,0.681254244958138));
#10806=CARTESIAN_POINT('Ctrl Pts',(-36.8079435514495,16.3860094321159,0.989545203930653));
#10807=CARTESIAN_POINT('Ctrl Pts',(-37.4806274754422,15.1135313345699,0.302523954325846));
#10808=CARTESIAN_POINT('Ctrl Pts',(-37.2297757273631,15.5532869039662,0.463040739103035));
#10809=CARTESIAN_POINT('Ctrl Pts',(-37.0824649697896,16.0063604195314,0.702305910397677));
#10810=CARTESIAN_POINT('Ctrl Pts',(-36.9780234821955,16.4132299460103,1.00981240936471));
#10811=CARTESIAN_POINT('Ctrl Pts',(-37.6822382902793,15.2200120727783,0.2995491291013));
#10812=CARTESIAN_POINT('Ctrl Pts',(-37.4882866668259,15.6579345694093,0.451942932657567));
#10813=CARTESIAN_POINT('Ctrl Pts',(-37.384256391355,16.1108377478049,0.680249708570761));
#10814=CARTESIAN_POINT('Ctrl Pts',(-37.3178716163829,16.5228402664251,0.976145796367499));
#10815=CARTESIAN_POINT('Ctrl Pts',(-37.8611568734682,15.3399977557187,0.224812964275958));
#10816=CARTESIAN_POINT('Ctrl Pts',(-37.7082648181213,15.788915111518,0.341931437744854));
#10817=CARTESIAN_POINT('Ctrl Pts',(-37.6238358816883,16.2656662202635,0.533509127572057));
#10818=CARTESIAN_POINT('Ctrl Pts',(-37.5679613273612,16.7134858986229,0.803652327304416));
#10819=CARTESIAN_POINT('Ctrl Pts',(-37.9399031342842,15.4000000000002,0.171572875253819));
#10820=CARTESIAN_POINT('Ctrl Pts',(-37.8002373394755,15.8559367196262,0.266000461680314));
#10821=CARTESIAN_POINT('Ctrl Pts',(-37.715774909457,16.3478230498063,0.43642830788157));
#10822=CARTESIAN_POINT('Ctrl Pts',(-37.6539717757248,16.8166056593262,0.693891603180665));
#10823=CARTESIAN_POINT('',(-37.6539717757248,16.8166056592619,0.693891603159516));
#10824=CARTESIAN_POINT('',(-36.8079435514495,16.3860094321159,0.989545203930654));
#10825=CARTESIAN_POINT('Origin',(-36.8079435514495,16.9832113185391,0.18745424471688));
#10826=CARTESIAN_POINT('Ctrl Pts',(-36.8079435514495,16.3860094321159,0.989545203930654));
#10827=CARTESIAN_POINT('Ctrl Pts',(-36.9315498189139,15.9719494691103,0.681254244958152));
#10828=CARTESIAN_POINT('Ctrl Pts',(-37.1004746789511,15.5118025779552,0.44333410280055));
#10829=CARTESIAN_POINT('Ctrl Pts',(-37.3798062685683,15.0666666666668,0.285954792089711));
#10830=CARTESIAN_POINT('Ctrl Pts',(-37.9399031342842,15.4000000000002,0.171572875253829));
#10831=CARTESIAN_POINT('Ctrl Pts',(-37.8002373394789,15.8559367196054,0.266000461679773));
#10832=CARTESIAN_POINT('Ctrl Pts',(-37.7157749094589,16.3478230497616,0.436428307874475));
#10833=CARTESIAN_POINT('Ctrl Pts',(-37.6539717757248,16.8166056592619,0.693891603159516));
#10834=CARTESIAN_POINT('Origin',(-36.5000000000001,19.4000000000001,12.65));
#10835=CARTESIAN_POINT('',(-37.5,19.4000000000002,20.3));
#10836=CARTESIAN_POINT('',(-37.5000000000001,19.4000000000002,5.));
#10837=CARTESIAN_POINT('',(-37.5,19.4000000000002,20.3));
#10838=CARTESIAN_POINT('',(-36.5000000000001,18.4,20.3));
#10839=CARTESIAN_POINT('Origin',(-36.5,19.4,20.3));
#10840=CARTESIAN_POINT('',(-36.5000000000001,18.4,5.));
#10841=CARTESIAN_POINT('',(-36.5000000000001,18.4,5.));
#10842=CARTESIAN_POINT('Origin',(-36.5000000000001,19.4,5.));
#10843=CARTESIAN_POINT('Ctrl Pts',(-36.8079435514641,16.3860094320668,0.989545203894159));
#10844=CARTESIAN_POINT('Ctrl Pts',(-36.6513360394663,16.9106179487122,1.38014578624362));
#10845=CARTESIAN_POINT('Ctrl Pts',(-36.4805818258937,17.9739196779819,2.55566600995178));
#10846=CARTESIAN_POINT('Ctrl Pts',(-36.5,18.4000000000001,4.11066446576604));
#10847=CARTESIAN_POINT('Ctrl Pts',(-36.5,18.4000000000001,5.));
#10848=CARTESIAN_POINT('Ctrl Pts',(-37.0023206151713,16.4171185908044,1.01270772439034));
#10849=CARTESIAN_POINT('Ctrl Pts',(-36.8735331490574,16.9312434612082,1.40223638660496));
#10850=CARTESIAN_POINT('Ctrl Pts',(-36.755192975163,17.972433226351,2.56314913842576));
#10851=CARTESIAN_POINT('Ctrl Pts',(-36.7991993003419,18.4000000000001,4.11123290110377));
#10852=CARTESIAN_POINT('Ctrl Pts',(-36.7991993003419,18.4000000000001,5.));
#10853=CARTESIAN_POINT('Ctrl Pts',(-37.3417653044648,16.534962344379,0.967848139754368));
#10854=CARTESIAN_POINT('Ctrl Pts',(-37.260864333191,17.059427136682,1.34057932491908));
#10855=CARTESIAN_POINT('Ctrl Pts',(-37.2322646034743,18.1502485417795,2.45888669511216));
#10856=CARTESIAN_POINT('Ctrl Pts',(-37.3171027094637,18.6512102062809,4.0658317174432));
#10857=CARTESIAN_POINT('Ctrl Pts',(-37.3171027094637,18.6512102062809,5.));
#10858=CARTESIAN_POINT('Ctrl Pts',(-37.5802485342771,16.7282172929558,0.787972223826389));
#10859=CARTESIAN_POINT('Ctrl Pts',(-37.5082978353835,17.2994695709301,1.12787666039153));
#10860=CARTESIAN_POINT('Ctrl Pts',(-37.4580075841893,18.550165043083,2.21422606224733));
#10861=CARTESIAN_POINT('Ctrl Pts',(-37.5000000000001,19.1756005247438,3.97262899897253));
#10862=CARTESIAN_POINT('Ctrl Pts',(-37.5000000000001,19.1756005247438,5.));
#10863=CARTESIAN_POINT('Ctrl Pts',(-37.6539717757322,16.8166056592707,0.693891603150152));
#10864=CARTESIAN_POINT('Ctrl Pts',(-37.5756680197332,17.4105470479118,1.02009420543133));
#10865=CARTESIAN_POINT('Ctrl Pts',(-37.4902909129468,18.73329866016,2.10425394341057));
#10866=CARTESIAN_POINT('Ctrl Pts',(-37.5000000000001,19.4000000000002,3.93279735891923));
#10867=CARTESIAN_POINT('Ctrl Pts',(-37.5000000000001,19.4000000000002,5.));
#10868=CARTESIAN_POINT('Ctrl Pts',(-36.5000000000001,18.4000000000001,5.));
#10869=CARTESIAN_POINT('Ctrl Pts',(-36.5000000000001,18.4000000000001,4.85471207478912));
#10870=CARTESIAN_POINT('Ctrl Pts',(-36.4997038593025,18.3936630818938,4.70940589762326));
#10871=CARTESIAN_POINT('Ctrl Pts',(-36.4994307040611,18.3810105114187,4.56464464498869));
#10872=CARTESIAN_POINT('Ctrl Pts',(-36.4991575728749,18.3683590551788,4.4198961405989));
#10873=CARTESIAN_POINT('Ctrl Pts',(-36.4989074230968,18.3493930859827,4.27569280154049));
#10874=CARTESIAN_POINT('Ctrl Pts',(-36.4989992965777,18.3241858049184,4.13259342944549));
#10875=CARTESIAN_POINT('Ctrl Pts',(-36.49909396404,18.2982119405399,3.98514223572252));
#10876=CARTESIAN_POINT('Ctrl Pts',(-36.4995517737441,18.2656111683158,3.83886359575061));
#10877=CARTESIAN_POINT('Ctrl Pts',(-36.5007217690254,18.2265205241151,3.69435853685011));
#10878=CARTESIAN_POINT('Ctrl Pts',(-36.5018576409528,18.1885699733041,3.55406802252386));
#10879=CARTESIAN_POINT('Ctrl Pts',(-36.503664761934,18.1445029436709,3.4154494103668));
#10880=CARTESIAN_POINT('Ctrl Pts',(-36.5064625174123,18.0944957439805,3.27903814401649));
#10881=CARTESIAN_POINT('Ctrl Pts',(-36.5093863462594,18.0422351035658,3.1364798687409));
#10882=CARTESIAN_POINT('Ctrl Pts',(-36.513392101788,17.9834866188936,2.99633288363305));
#10883=CARTESIAN_POINT('Ctrl Pts',(-36.5188443210642,17.9185080643798,2.85918593237639));
#10884=CARTESIAN_POINT('Ctrl Pts',(-36.5242965403404,17.8535295098661,2.72203898111973));
#10885=CARTESIAN_POINT('Ctrl Pts',(-36.5311952233642,17.7823210855469,2.58789243355195));
#10886=CARTESIAN_POINT('Ctrl Pts',(-36.5399049072016,17.7051956821313,2.45730651895301));
#10887=CARTESIAN_POINT('Ctrl Pts',(-36.5471057932854,17.641430882566,2.34934229054451));
#10888=CARTESIAN_POINT('Ctrl Pts',(-36.5555445798906,17.5735950189666,2.24376856683698));
#10889=CARTESIAN_POINT('Ctrl Pts',(-36.5655448288222,17.501931273885,2.14095123785467));
#10890=CARTESIAN_POINT('Ctrl Pts',(-36.5755472757907,17.43025177724,2.03811130980669));
#10891=CARTESIAN_POINT('Ctrl Pts',(-36.5871118715743,17.3547429941306,1.93802934588938));
#10892=CARTESIAN_POINT('Ctrl Pts',(-36.6005623913799,17.2756895814742,1.84103968558436));
#10893=CARTESIAN_POINT('Ctrl Pts',(-36.6140276263373,17.1965496827212,1.74394391655044));
#10894=CARTESIAN_POINT('Ctrl Pts',(-36.629382914055,17.1138577146719,1.64994754152895));
#10895=CARTESIAN_POINT('Ctrl Pts',(-36.6469530935536,17.0279361812602,1.55934903474591));
#10896=CARTESIAN_POINT('Ctrl Pts',(-36.6645346185989,16.9419591659589,1.46869202602339));
#10897=CARTESIAN_POINT('Ctrl Pts',(-36.6843338967813,16.852748776906,1.38143754387969));
#10898=CARTESIAN_POINT('Ctrl Pts',(-36.7066763968004,16.7606599350416,1.29784322306483));
#10899=CARTESIAN_POINT('Ctrl Pts',(-36.7290539618143,16.6684265661652,1.21411770679607));
#10900=CARTESIAN_POINT('Ctrl Pts',(-36.7539827377475,16.5733060955434,1.13406407096466));
#10901=CARTESIAN_POINT('Ctrl Pts',(-36.7817897281068,16.4756813120908,1.05789593409103));
#10902=CARTESIAN_POINT('Ctrl Pts',(-36.7902388808671,16.4460180260638,1.03475224915446));
#10903=CARTESIAN_POINT('Ctrl Pts',(-36.7989537641841,16.4161236897414,1.01196696452477));
#10904=CARTESIAN_POINT('Ctrl Pts',(-36.8079435514495,16.3860094321159,0.989545203930672));
#10905=CARTESIAN_POINT('Ctrl Pts',(-37.6539717757248,16.8166056592619,0.693891603159516));
#10906=CARTESIAN_POINT('Ctrl Pts',(-37.5756680197281,17.4105470479079,1.02009420545857));
#10907=CARTESIAN_POINT('Ctrl Pts',(-37.4902909129444,18.7332986601508,2.1042539434309));
#10908=CARTESIAN_POINT('Ctrl Pts',(-37.4999999999993,19.3999999999957,3.93279735892184));
#10909=CARTESIAN_POINT('Ctrl Pts',(-37.5000000000001,19.4000000000002,5.));
#10910=CARTESIAN_POINT('Origin',(-35.,13.4000000000001,5.));
#10911=CARTESIAN_POINT('',(-36.5000000000001,18.4,5.));
#10912=CARTESIAN_POINT('Origin',(-33.08,18.4000000000001,21.95));
#10913=CARTESIAN_POINT('',(-36.5000000000001,18.4,20.3));
#10914=CARTESIAN_POINT('Ctrl Pts',(16.5,13.4,0.));
#10915=CARTESIAN_POINT('Ctrl Pts',(16.499042296532,13.403317582069,0.));
#10916=CARTESIAN_POINT('Ctrl Pts',(16.4980844570775,13.4066350046434,1.39361738332138E-6));
#10917=CARTESIAN_POINT('Ctrl Pts',(16.3049562588838,14.0758328210485,0.000551222691246909));
#10918=CARTESIAN_POINT('Ctrl Pts',(16.1098945009444,14.749854311746,0.0566422690229267));
#10919=CARTESIAN_POINT('Ctrl Pts',(15.939903134284,15.4000000000002,0.171572875253884));
#10920=CARTESIAN_POINT('Ctrl Pts',(16.5,13.4,0.));
#10921=CARTESIAN_POINT('Ctrl Pts',(16.4987224469189,13.4031312686849,0.));
#10922=CARTESIAN_POINT('Ctrl Pts',(16.4974465656415,13.406268330826,1.90778829735535E-5));
#10923=CARTESIAN_POINT('Ctrl Pts',(16.2399212214937,14.0382190867452,0.000272474584013022));
#10924=CARTESIAN_POINT('Ctrl Pts',(15.9800991495426,14.6750162327867,0.0965977011677243));
#10925=CARTESIAN_POINT('Ctrl Pts',(15.7824106126522,15.2799955114372,0.278053053298193));
#10926=CARTESIAN_POINT('Ctrl Pts',(16.5,13.4,0.));
#10927=CARTESIAN_POINT('Ctrl Pts',(16.498403861591,13.4029474002473,0.));
#10928=CARTESIAN_POINT('Ctrl Pts',(16.4968073427869,13.405899312887,1.36743485185675E-5));
#10929=CARTESIAN_POINT('Ctrl Pts',(16.1749464342443,14.0006798041292,0.000621589581929736));
#10930=CARTESIAN_POINT('Ctrl Pts',(15.8497288340953,14.6000087113276,0.108407683297726));
#10931=CARTESIAN_POINT('Ctrl Pts',(15.581448682316,15.1603960024729,0.319093116562109));
#10932=CARTESIAN_POINT('Ctrl Pts',(16.5,13.4,0.));
#10933=CARTESIAN_POINT('Ctrl Pts',(16.4980845930728,13.4027646517089,0.));
#10934=CARTESIAN_POINT('Ctrl Pts',(16.4961689141549,13.4055291705361,2.32269564612126E-6));
#10935=CARTESIAN_POINT('Ctrl Pts',(16.1099125177678,13.9631940175405,0.000918704485715714));
#10936=CARTESIAN_POINT('Ctrl Pts',(15.7197890018887,14.5248785931216,0.0944037817048876));
#10937=CARTESIAN_POINT('Ctrl Pts',(15.379806268568,15.0666666666668,0.285954792089817));
#10938=CARTESIAN_POINT('',(15.379806268568,15.0666666666668,0.285954792089816));
#10939=CARTESIAN_POINT('',(15.939903134284,15.4000000000002,0.171572875253884));
#10940=CARTESIAN_POINT('Origin',(15.379806268568,15.4000000000001,-0.656854249492277));
#10941=CARTESIAN_POINT('Ctrl Pts',(15.939903134284,15.4000000000002,0.171572875253884));
#10942=CARTESIAN_POINT('Ctrl Pts',(16.1098945009444,14.749854311746,0.0566422690229265));
#10943=CARTESIAN_POINT('Ctrl Pts',(16.3049562588838,14.0758328210485,0.000551222691246836));
#10944=CARTESIAN_POINT('Ctrl Pts',(16.4980844570775,13.4066350046434,1.39361738332063E-6));
#10945=CARTESIAN_POINT('Ctrl Pts',(16.499042296532,13.403317582069,-3.66648670634165E-19));
#10946=CARTESIAN_POINT('Ctrl Pts',(16.5,13.4,0.));
#10947=CARTESIAN_POINT('Ctrl Pts',(16.5,13.4,0.));
#10948=CARTESIAN_POINT('Ctrl Pts',(16.4980845930728,13.4027646517089,-1.57439196179237E-18));
#10949=CARTESIAN_POINT('Ctrl Pts',(16.4961689141549,13.4055291705361,2.32269564611809E-6));
#10950=CARTESIAN_POINT('Ctrl Pts',(16.1099125177678,13.9631940175405,0.000918704485715391));
#10951=CARTESIAN_POINT('Ctrl Pts',(15.7197890018887,14.5248785931216,0.0944037817048869));
#10952=CARTESIAN_POINT('Ctrl Pts',(15.379806268568,15.0666666666668,0.285954792089816));
#10953=CARTESIAN_POINT('Ctrl Pts',(15.939903134284,15.4000000000002,0.171572875253871));
#10954=CARTESIAN_POINT('Ctrl Pts',(15.8002373394754,15.8559367196262,0.266000461680389));
#10955=CARTESIAN_POINT('Ctrl Pts',(15.7157749094568,16.3478230498064,0.436428307881694));
#10956=CARTESIAN_POINT('Ctrl Pts',(15.6539717757247,16.8166056593263,0.693891603180799));
#10957=CARTESIAN_POINT('Ctrl Pts',(15.8611568734681,15.3399977557187,0.224812964276028));
#10958=CARTESIAN_POINT('Ctrl Pts',(15.7082648181211,15.788915111518,0.341931437744951));
#10959=CARTESIAN_POINT('Ctrl Pts',(15.6238358816881,16.2656662202636,0.533509127572199));
#10960=CARTESIAN_POINT('Ctrl Pts',(15.5679613273611,16.713485898623,0.803652327304566));
#10961=CARTESIAN_POINT('Ctrl Pts',(15.6822408536013,15.2200105472551,0.299557235286646));
#10962=CARTESIAN_POINT('Ctrl Pts',(15.4882892301479,15.6579330438862,0.451951038842945));
#10963=CARTESIAN_POINT('Ctrl Pts',(15.3842797072515,16.1108166978479,0.680285770619626));
#10964=CARTESIAN_POINT('Ctrl Pts',(15.3178949322794,16.5228192164681,0.976181858416374));
#10965=CARTESIAN_POINT('Ctrl Pts',(15.480627475442,15.1135313345698,0.302523954325959));
#10966=CARTESIAN_POINT('Ctrl Pts',(15.2297757273629,15.5532869039662,0.463040739103185));
#10967=CARTESIAN_POINT('Ctrl Pts',(15.0824649697895,16.0063604195314,0.702305910397863));
#10968=CARTESIAN_POINT('Ctrl Pts',(14.9780234821954,16.4132299460104,1.00981240936492));
#10969=CARTESIAN_POINT('Ctrl Pts',(15.379806268568,15.0666666666668,0.285954792089814));
#10970=CARTESIAN_POINT('Ctrl Pts',(15.1004746789508,15.5118025779552,0.443334102800679));
#10971=CARTESIAN_POINT('Ctrl Pts',(14.9315498189137,15.9719494691103,0.681254244958325));
#10972=CARTESIAN_POINT('Ctrl Pts',(14.8079435514493,16.3860094321159,0.989545203930864));
#10973=CARTESIAN_POINT('',(14.8079435514493,16.3860094321159,0.989545203930863));
#10974=CARTESIAN_POINT('',(15.6539717757247,16.816605659262,0.693891603159653));
#10975=CARTESIAN_POINT('Origin',(14.8079435514493,16.9832113185391,0.187454244716934));
#10976=CARTESIAN_POINT('Ctrl Pts',(15.6539717757247,16.816605659262,0.693891603159653));
#10977=CARTESIAN_POINT('Ctrl Pts',(15.7157749094587,16.3478230497617,0.436428307874595));
#10978=CARTESIAN_POINT('Ctrl Pts',(15.8002373394788,15.8559367196054,0.266000461679845));
#10979=CARTESIAN_POINT('Ctrl Pts',(15.939903134284,15.4000000000002,0.171572875253884));
#10980=CARTESIAN_POINT('Ctrl Pts',(15.379806268568,15.0666666666668,0.285954792089816));
#10981=CARTESIAN_POINT('Ctrl Pts',(15.1004746789508,15.5118025779552,0.443334102800678));
#10982=CARTESIAN_POINT('Ctrl Pts',(14.9315498189137,15.9719494691103,0.681254244958322));
#10983=CARTESIAN_POINT('Ctrl Pts',(14.8079435514493,16.3860094321159,0.989545203930863));
#10984=CARTESIAN_POINT('Origin',(14.5,19.4000000000001,12.65));
#10985=CARTESIAN_POINT('',(14.5,18.4000000000001,20.3));
#10986=CARTESIAN_POINT('',(14.5,18.4,5.));
#10987=CARTESIAN_POINT('',(14.5,18.4000000000001,20.3));
#10988=CARTESIAN_POINT('',(15.5000000000001,19.4000000000002,20.3));
#10989=CARTESIAN_POINT('Origin',(14.5,19.4000000000002,20.3));
#10990=CARTESIAN_POINT('',(15.5,19.4000000000002,5.));
#10991=CARTESIAN_POINT('',(15.5,19.4000000000002,5.));
#10992=CARTESIAN_POINT('Origin',(14.4999999999999,19.4000000000001,5.));
#10993=CARTESIAN_POINT('Ctrl Pts',(15.653971775732,16.8166056592708,0.693891603150276));
#10994=CARTESIAN_POINT('Ctrl Pts',(15.5756680197332,17.4105470479118,1.02009420543139));
#10995=CARTESIAN_POINT('Ctrl Pts',(15.4903106492795,18.7333475549787,2.10415669078473));
#10996=CARTESIAN_POINT('Ctrl Pts',(15.5,19.4000000000001,3.93279735891927));
#10997=CARTESIAN_POINT('Ctrl Pts',(15.5,19.4000000000002,5.));
#10998=CARTESIAN_POINT('Ctrl Pts',(15.5556741204586,16.6987545041842,0.819332430718604));
#10999=CARTESIAN_POINT('Ctrl Pts',(15.4860246769916,17.26226993028,1.16395927366977));
#11000=CARTESIAN_POINT('Ctrl Pts',(15.4474973206883,18.4888653348305,2.25133480907351));
#11001=CARTESIAN_POINT('Ctrl Pts',(15.5,19.1008006996582,3.98624565365383));
#11002=CARTESIAN_POINT('Ctrl Pts',(15.5,19.1008006996582,5.));
#11003=CARTESIAN_POINT('Ctrl Pts',(15.2940416793909,16.510659255999,0.984543904220125));
#11004=CARTESIAN_POINT('Ctrl Pts',(15.2067282835003,17.0301949720883,1.3616081673007));
#11005=CARTESIAN_POINT('Ctrl Pts',(15.1672934574077,18.1024238606715,2.48849530040061));
#11006=CARTESIAN_POINT('Ctrl Pts',(15.2488518645334,18.5828228143131,4.07805408993849));
#11007=CARTESIAN_POINT('Ctrl Pts',(15.2488518645334,18.5828228143131,5.00000000000001));
#11008=CARTESIAN_POINT('Ctrl Pts',(14.9537263492443,16.4093413011201,1.0069170942665));
#11009=CARTESIAN_POINT('Ctrl Pts',(14.8178608114514,16.9262257124025,1.39659124133562));
#11010=CARTESIAN_POINT('Ctrl Pts',(14.6864186324718,17.9730931031383,2.56079318600905));
#11011=CARTESIAN_POINT('Ctrl Pts',(14.7243994752565,18.3999999999999,4.11080902628464));
#11012=CARTESIAN_POINT('Ctrl Pts',(14.7243994752564,18.3999999999999,5.00000000000001));
#11013=CARTESIAN_POINT('Ctrl Pts',(14.8079435514639,16.3860094320669,0.989545203894369));
#11014=CARTESIAN_POINT('Ctrl Pts',(14.6513360394662,16.9106179487122,1.38014578624385));
#11015=CARTESIAN_POINT('Ctrl Pts',(14.4806212985589,17.9739736777567,2.55565067180662));
#11016=CARTESIAN_POINT('Ctrl Pts',(14.5,18.3999999999999,4.11066446576611));
#11017=CARTESIAN_POINT('Ctrl Pts',(14.5,18.3999999999999,5.00000000000001));
#11018=CARTESIAN_POINT('Ctrl Pts',(15.5,19.4000000000002,5.));
#11019=CARTESIAN_POINT('Ctrl Pts',(15.4999999999992,19.3999999999956,3.93279735892188));
#11020=CARTESIAN_POINT('Ctrl Pts',(15.4903106492771,18.7333475549695,2.10415669080507));
#11021=CARTESIAN_POINT('Ctrl Pts',(15.5756680197282,17.4105470479079,1.02009420545865));
#11022=CARTESIAN_POINT('Ctrl Pts',(15.6539717757247,16.816605659262,0.693891603159653));
#11023=CARTESIAN_POINT('Ctrl Pts',(14.8079435514493,16.3860094321159,0.989545203930855));
#11024=CARTESIAN_POINT('Ctrl Pts',(14.7783638824953,16.4850962897975,1.06332094924685));
#11025=CARTESIAN_POINT('Ctrl Pts',(14.7517610626486,16.5818008713004,1.14103620039179));
#11026=CARTESIAN_POINT('Ctrl Pts',(14.727808095586,16.6757337352873,1.2224917610282));
#11027=CARTESIAN_POINT('Ctrl Pts',(14.7038872016974,16.7695408225768,1.30383825215508));
#11028=CARTESIAN_POINT('Ctrl Pts',(14.6826090690048,16.8605832089436,1.38891484143883));
#11029=CARTESIAN_POINT('Ctrl Pts',(14.6636480129775,16.9484972732764,1.47747716805854));
#11030=CARTESIAN_POINT('Ctrl Pts',(14.6447090920955,17.0363087066913,1.56593610697857));
#11031=CARTESIAN_POINT('Ctrl Pts',(14.6280818411238,17.120998747009,1.65787239394463));
#11032=CARTESIAN_POINT('Ctrl Pts',(14.6134417148136,17.2022350527097,1.7530000609879));
#11033=CARTESIAN_POINT('Ctrl Pts',(14.5988113980321,17.2834169265114,1.84806398830881));
#11034=CARTESIAN_POINT('Ctrl Pts',(14.5861655438822,17.3611493574492,1.94631471762194));
#11035=CARTESIAN_POINT('Ctrl Pts',(14.5751802590568,17.4351359559006,2.04742860926328));
#11036=CARTESIAN_POINT('Ctrl Pts',(14.5641987546626,17.5090970929055,2.14850770398191));
#11037=CARTESIAN_POINT('Ctrl Pts',(14.5548766768663,17.5793146832443,2.25244764500404));
#11038=CARTESIAN_POINT('Ctrl Pts',(14.5468904666357,17.6455326237011,2.35889175892233));
#11039=CARTESIAN_POINT('Ctrl Pts',(14.5444463646022,17.6657979808924,2.3914679455959));
#11040=CARTESIAN_POINT('Ctrl Pts',(14.542127380799,17.6856890276216,2.42427845904935));
#11041=CARTESIAN_POINT('Ctrl Pts',(14.5399242407518,17.7051992327336,2.45731253071298));
#11042=CARTESIAN_POINT('Ctrl Pts',(14.5315854784523,17.7790442717943,2.58234465099727));
#11043=CARTESIAN_POINT('Ctrl Pts',(14.5249062709944,17.8474652746132,2.71064077314933));
#11044=CARTESIAN_POINT('Ctrl Pts',(14.5195668505706,17.9101865984022,2.84170973972633));
#11045=CARTESIAN_POINT('Ctrl Pts',(14.5142296578931,17.9728817532102,2.97272402089347));
#11046=CARTESIAN_POINT('Ctrl Pts',(14.5102311344943,18.0298818252606,3.10650853513269));
#11047=CARTESIAN_POINT('Ctrl Pts',(14.5072519126463,18.0809576603791,3.24254861184221));
#11048=CARTESIAN_POINT('Ctrl Pts',(14.5041848892695,18.1335387665514,3.38259796591668));
#11049=CARTESIAN_POINT('Ctrl Pts',(14.5021981330407,18.1798409002419,3.52503754802783));
#11050=CARTESIAN_POINT('Ctrl Pts',(14.500943199347,18.2196675729713,3.66928422041046));
#11051=CARTESIAN_POINT('Ctrl Pts',(14.4997247455194,18.2583365178467,3.80933776344034));
#11052=CARTESIAN_POINT('Ctrl Pts',(14.4991961856984,18.2909011533812,3.95109445026657));
#11053=CARTESIAN_POINT('Ctrl Pts',(14.4990385874812,18.3172323758927,4.09400565041965));
#11054=CARTESIAN_POINT('Ctrl Pts',(14.4988739116525,18.3447461128157,4.24333487972683));
#11055=CARTESIAN_POINT('Ctrl Pts',(14.4991142647822,18.3654534877419,4.39392434049052));
#11056=CARTESIAN_POINT('Ctrl Pts',(14.4993957868691,18.3792669682346,4.54513687877891));
#11057=CARTESIAN_POINT('Ctrl Pts',(14.499677308956,18.3930804487273,4.69634941706731));
#11058=CARTESIAN_POINT('Ctrl Pts',(14.5,18.3999999999999,4.84818461340527));
#11059=CARTESIAN_POINT('Ctrl Pts',(14.5,18.3999999999999,5.));
#11060=CARTESIAN_POINT('Origin',(16.5,15.4000000000002,4.99999999999998));
#11061=CARTESIAN_POINT('',(16.5,20.4000000000002,5.));
#11062=CARTESIAN_POINT('Origin',(16.5,19.4000000000002,5.));
#11063=CARTESIAN_POINT('Origin',(16.5,15.4000000000002,4.99999999999999));
#11064=CARTESIAN_POINT('Origin',(16.5,15.4000000000002,0.999999999999994));
#11065=CARTESIAN_POINT('Ctrl Pts',(8.49999999999995,13.3999999999998,0.));
#11066=CARTESIAN_POINT('Ctrl Pts',(8.50200680340906,13.4028965711276,9.75483460704018E-14));
#11067=CARTESIAN_POINT('Ctrl Pts',(8.50401389378722,13.4057930023577,2.54823036128408E-6));
#11068=CARTESIAN_POINT('Ctrl Pts',(8.89027067741275,13.9634595174789,0.000963046494754455));
#11069=CARTESIAN_POINT('Ctrl Pts',(9.28029094075973,14.5250059877484,0.0944488225071966));
#11070=CARTESIAN_POINT('Ctrl Pts',(9.62019373143206,15.0666666666668,0.285954792089879));
#11071=CARTESIAN_POINT('Ctrl Pts',(8.49999999999995,13.3999999999998,0.));
#11072=CARTESIAN_POINT('Ctrl Pts',(8.50167230153198,13.4030881080732,9.75116335571178E-14));
#11073=CARTESIAN_POINT('Ctrl Pts',(8.50334500062889,13.4061807439092,1.40009482399262E-5));
#11074=CARTESIAN_POINT('Ctrl Pts',(8.82520611937949,14.0009629920776,0.000672231582928708));
#11075=CARTESIAN_POINT('Ctrl Pts',(9.15033424663043,14.6001405112634,0.108457493556646));
#11076=CARTESIAN_POINT('Ctrl Pts',(9.4185513176841,15.1603960024729,0.319093116562179));
#11077=CARTESIAN_POINT('Ctrl Pts',(8.49999999999995,13.3999999999998,0.));
#11078=CARTESIAN_POINT('Ctrl Pts',(8.50133848493213,13.403280769833,9.75114959142639E-14));
#11079=CARTESIAN_POINT('Ctrl Pts',(8.50267530241174,13.4065673517793,1.94125419272112E-5));
#11080=CARTESIAN_POINT('Ctrl Pts',(8.76020093079233,14.0385200321957,0.000317435561313523));
#11081=CARTESIAN_POINT('Ctrl Pts',(9.01994731295524,14.6751585290446,0.0966407761643707));
#11082=CARTESIAN_POINT('Ctrl Pts',(9.21758938734785,15.2799955114372,0.278053053298252));
#11083=CARTESIAN_POINT('Ctrl Pts',(8.49999999999995,13.3999999999998,0.));
#11084=CARTESIAN_POINT('Ctrl Pts',(8.50100340172068,13.4034758853812,9.75528020690313E-14));
#11085=CARTESIAN_POINT('Ctrl Pts',(8.50200694689358,13.4069516028292,1.52893820709363E-6));
#11086=CARTESIAN_POINT('Ctrl Pts',(8.69513533870622,14.0761514209747,0.000577827896843018));
#11087=CARTESIAN_POINT('Ctrl Pts',(8.89014547037983,14.7500071852981,0.0566692935043091));
#11088=CARTESIAN_POINT('Ctrl Pts',(9.060096865716,15.4000000000002,0.171572875253919));
#11089=CARTESIAN_POINT('',(9.060096865716,15.4000000000002,0.171572875253918));
#11090=CARTESIAN_POINT('',(9.62019373143206,15.0666666666668,0.285954792089878));
#11091=CARTESIAN_POINT('Origin',(9.62019373143204,15.4000000000002,-0.656854249492179));
#11092=CARTESIAN_POINT('Ctrl Pts',(9.62019373143206,15.0666666666668,0.285954792089878));
#11093=CARTESIAN_POINT('Ctrl Pts',(9.28029094075974,14.5250059877484,0.0944488225071649));
#11094=CARTESIAN_POINT('Ctrl Pts',(8.89027067741276,13.9634595174789,0.000963046494690265));
#11095=CARTESIAN_POINT('Ctrl Pts',(8.50401389378723,13.4057930023577,2.54823026524903E-6));
#11096=CARTESIAN_POINT('Ctrl Pts',(8.50200680340908,13.4028965711276,1.34717302335273E-15));
#11097=CARTESIAN_POINT('Ctrl Pts',(8.49999999999995,13.3999999999998,0.));
#11098=CARTESIAN_POINT('Ctrl Pts',(8.49999999999995,13.3999999999998,0.));
#11099=CARTESIAN_POINT('Ctrl Pts',(8.50100340172069,13.4034758853812,6.03079747282871E-16));
#11100=CARTESIAN_POINT('Ctrl Pts',(8.50200694689359,13.4069516028292,1.52893811031087E-6));
#11101=CARTESIAN_POINT('Ctrl Pts',(8.69513533870623,14.0761514209747,0.000577827896778678));
#11102=CARTESIAN_POINT('Ctrl Pts',(8.89014547037983,14.7500071852981,0.0566692935042775));
#11103=CARTESIAN_POINT('Ctrl Pts',(9.060096865716,15.4000000000002,0.171572875253918));
#11104=CARTESIAN_POINT('Ctrl Pts',(9.62019373143205,15.0666666666668,0.285954792089877));
#11105=CARTESIAN_POINT('Ctrl Pts',(9.89952532104924,15.5118025779552,0.443334102800733));
#11106=CARTESIAN_POINT('Ctrl Pts',(10.0684501810863,15.9719494691103,0.681254244958352));
#11107=CARTESIAN_POINT('Ctrl Pts',(10.1920564485507,16.3860094321158,0.989545203930874));
#11108=CARTESIAN_POINT('Ctrl Pts',(9.51937252455807,15.1135313345698,0.30252395432603));
#11109=CARTESIAN_POINT('Ctrl Pts',(9.77022427263712,15.5532869039662,0.463040739103248));
#11110=CARTESIAN_POINT('Ctrl Pts',(9.91753503021055,16.0063604195313,0.702305910397896));
#11111=CARTESIAN_POINT('Ctrl Pts',(10.0219765178046,16.4132299460103,1.00981240936494));
#11112=CARTESIAN_POINT('Ctrl Pts',(9.31775810735034,15.2200099288809,0.299560521146997));
#11113=CARTESIAN_POINT('Ctrl Pts',(9.5117097308037,15.657932425512,0.45195432470329));
#11114=CARTESIAN_POINT('Ctrl Pts',(9.61571084159779,16.1108081652008,0.680300388451557));
#11115=CARTESIAN_POINT('Ctrl Pts',(9.68209561656982,16.5228106838209,0.976196476248301));
#11116=CARTESIAN_POINT('Ctrl Pts',(9.13884312653192,15.3399977557187,0.224812964276093));
#11117=CARTESIAN_POINT('Ctrl Pts',(9.29173518187884,15.788915111518,0.34193143774501));
#11118=CARTESIAN_POINT('Ctrl Pts',(9.37616411831186,16.2656662202635,0.533509127572218));
#11119=CARTESIAN_POINT('Ctrl Pts',(9.43203867263886,16.7134858986229,0.803652327304581));
#11120=CARTESIAN_POINT('Ctrl Pts',(9.06009686571599,15.4000000000002,0.171572875253929));
#11121=CARTESIAN_POINT('Ctrl Pts',(9.19976266052458,15.8559367196262,0.266000461680442));
#11122=CARTESIAN_POINT('Ctrl Pts',(9.28422509054312,16.3478230498063,0.436428307881706));
#11123=CARTESIAN_POINT('Ctrl Pts',(9.34602822427531,16.8166056593262,0.693891603180808));
#11124=CARTESIAN_POINT('',(9.34602822427531,16.8166056592619,0.693891603159651));
#11125=CARTESIAN_POINT('',(10.1920564485507,16.3860094321158,0.989545203930877));
#11126=CARTESIAN_POINT('Origin',(10.1920564485507,16.983211318539,0.187454244716975));
#11127=CARTESIAN_POINT('Ctrl Pts',(10.1920564485507,16.3860094321158,0.989545203930877));
#11128=CARTESIAN_POINT('Ctrl Pts',(10.0684501810863,15.9719494691103,0.681254244958355));
#11129=CARTESIAN_POINT('Ctrl Pts',(9.89952532104923,15.5118025779552,0.443334102800735));
#11130=CARTESIAN_POINT('Ctrl Pts',(9.62019373143206,15.0666666666668,0.285954792089878));
#11131=CARTESIAN_POINT('Ctrl Pts',(9.060096865716,15.4000000000002,0.171572875253918));
#11132=CARTESIAN_POINT('Ctrl Pts',(9.19976266052119,15.8559367196054,0.266000461679881));
#11133=CARTESIAN_POINT('Ctrl Pts',(9.2842250905412,16.3478230497616,0.436428307874594));
#11134=CARTESIAN_POINT('Ctrl Pts',(9.34602822427531,16.8166056592619,0.693891603159651));
#11135=CARTESIAN_POINT('Origin',(10.5,19.4000000000001,12.65));
#11136=CARTESIAN_POINT('',(9.50000000000003,19.4000000000002,20.3));
#11137=CARTESIAN_POINT('',(9.49999999999995,19.4000000000002,5.));
#11138=CARTESIAN_POINT('',(9.50000000000003,19.4000000000002,20.3));
#11139=CARTESIAN_POINT('',(10.5,18.4,20.3));
#11140=CARTESIAN_POINT('Origin',(10.5000000000001,19.4000000000001,20.3));
#11141=CARTESIAN_POINT('',(10.5,18.4,5.));
#11142=CARTESIAN_POINT('',(10.5,18.4,5.));
#11143=CARTESIAN_POINT('Origin',(10.5,19.4,5.));
#11144=CARTESIAN_POINT('Ctrl Pts',(10.1920564485361,16.3860094320668,0.989545203894374));
#11145=CARTESIAN_POINT('Ctrl Pts',(10.4008664645322,17.0854874542579,1.51034598035826));
#11146=CARTESIAN_POINT('Ctrl Pts',(10.5107691201566,18.0866604235885,2.77620137053138));
#11147=CARTESIAN_POINT('Ctrl Pts',(10.5,18.3999999999998,4.33299834932459));
#11148=CARTESIAN_POINT('Ctrl Pts',(10.5,18.3999999999999,5.00000000000002));
#11149=CARTESIAN_POINT('Ctrl Pts',(9.99767938482885,16.4171185908043,1.01270772439056));
#11150=CARTESIAN_POINT('Ctrl Pts',(10.1693960063133,17.1026184180068,1.53207927400795));
#11151=CARTESIAN_POINT('Ctrl Pts',(10.2305613815765,18.0847186682285,2.78057990374922));
#11152=CARTESIAN_POINT('Ctrl Pts',(10.200800699658,18.3999999999998,4.33342467582788));
#11153=CARTESIAN_POINT('Ctrl Pts',(10.200800699658,18.3999999999999,5.00000000000002));
#11154=CARTESIAN_POINT('Ctrl Pts',(9.65821941743017,16.5349505372073,0.967869102424742));
#11155=CARTESIAN_POINT('Ctrl Pts',(9.766087379128,17.2342369269416,1.46484401597553));
#11156=CARTESIAN_POINT('Ctrl Pts',(9.74357810858802,18.2780686434674,2.67630273000649));
#11157=CARTESIAN_POINT('Ctrl Pts',(9.68278986100433,18.6511206711484,4.29937378808244));
#11158=CARTESIAN_POINT('Ctrl Pts',(9.68278986100433,18.6511206711484,5.00000000000001));
#11159=CARTESIAN_POINT('Ctrl Pts',(9.419751465723,16.7282172929558,0.787972223826515));
#11160=CARTESIAN_POINT('Ctrl Pts',(9.51568573091393,17.4898869969185,1.24117813924456));
#11161=CARTESIAN_POINT('Ctrl Pts',(9.52922527196892,18.7105077715989,2.44490874114887));
#11162=CARTESIAN_POINT('Ctrl Pts',(9.49999999999986,19.1756005247437,4.22947174922941));
#11163=CARTESIAN_POINT('Ctrl Pts',(9.49999999999987,19.1756005247437,5.));
#11164=CARTESIAN_POINT('Ctrl Pts',(9.34602822426793,16.8166056592707,0.693891603150238));
#11165=CARTESIAN_POINT('Ctrl Pts',(9.450433232266,17.608527510789,1.12882840618968));
#11166=CARTESIAN_POINT('Ctrl Pts',(9.50538456007824,18.9057433954626,2.34318808467818));
#11167=CARTESIAN_POINT('Ctrl Pts',(9.49999999999996,19.4000000000002,4.19959801918943));
#11168=CARTESIAN_POINT('Ctrl Pts',(9.49999999999996,19.4000000000002,5.));
#11169=CARTESIAN_POINT('Ctrl Pts',(10.5,18.4,5.));
#11170=CARTESIAN_POINT('Ctrl Pts',(10.5,18.3999999999999,4.33299834932453));
#11171=CARTESIAN_POINT('Ctrl Pts',(10.5107691201565,18.0866604235929,2.77620137055204));
#11172=CARTESIAN_POINT('Ctrl Pts',(10.4008664645352,17.0854874542849,1.51034598039188));
#11173=CARTESIAN_POINT('Ctrl Pts',(10.1920564485507,16.3860094321158,0.989545203930877));
#11174=CARTESIAN_POINT('Ctrl Pts',(9.34602822427531,16.8166056592619,0.693891603159651));
#11175=CARTESIAN_POINT('Ctrl Pts',(9.45043323227049,17.6085275107857,1.12882840621815));
#11176=CARTESIAN_POINT('Ctrl Pts',(9.50538456008043,18.9057433954535,2.34318808469788));
#11177=CARTESIAN_POINT('Ctrl Pts',(9.50000000000055,19.3999999999968,4.19959801919135));
#11178=CARTESIAN_POINT('Ctrl Pts',(9.49999999999995,19.4000000000002,5.));
#11179=CARTESIAN_POINT('Origin',(12.5,13.3999999999999,5.00000000000007));
#11180=CARTESIAN_POINT('',(10.5,18.4,5.));
#11181=CARTESIAN_POINT('Origin',(15.02,18.4000000000001,21.95));
#11182=CARTESIAN_POINT('',(10.5,18.4,20.3));
#11183=CARTESIAN_POINT('Ctrl Pts',(24.5,13.4000000000001,0.));
#11184=CARTESIAN_POINT('Ctrl Pts',(24.5020068762813,13.4028966763992,0.));
#11185=CARTESIAN_POINT('Ctrl Pts',(24.5040140358266,13.4057932145661,2.54821483663054E-6));
#11186=CARTESIAN_POINT('Ctrl Pts',(24.8902718689772,13.9634592341624,0.000963138080327849));
#11187=CARTESIAN_POINT('Ctrl Pts',(25.28029100452,14.5250060893558,0.0944488584306556));
#11188=CARTESIAN_POINT('Ctrl Pts',(25.6201937314318,15.0666666666668,0.285954792089708));
#11189=CARTESIAN_POINT('Ctrl Pts',(24.5,13.4000000000001,0.));
#11190=CARTESIAN_POINT('Ctrl Pts',(24.501672362254,13.4030882203492,0.));
#11191=CARTESIAN_POINT('Ctrl Pts',(24.5033451183746,13.4061809701551,1.40010138339872E-5));
#11192=CARTESIAN_POINT('Ctrl Pts',(24.8252072865005,14.0009627228669,0.000672328193746256));
#11193=CARTESIAN_POINT('Ctrl Pts',(25.1503342969452,14.6001406163842,0.108457533283738));
#11194=CARTESIAN_POINT('Ctrl Pts',(25.4185513176839,15.1603960024729,0.319093116562002));
#11195=CARTESIAN_POINT('Ctrl Pts',(24.5,13.4000000000001,0.));
#11196=CARTESIAN_POINT('Ctrl Pts',(24.5013385335032,13.4032808891168,0.));
#11197=CARTESIAN_POINT('Ctrl Pts',(24.5026753977248,13.4065675924094,1.94126931794959E-5));
#11198=CARTESIAN_POINT('Ctrl Pts',(24.7602015509463,14.0385196781358,0.000317505154479786));
#11199=CARTESIAN_POINT('Ctrl Pts',(25.0199473500099,14.6751586425375,0.096640810518901));
#11200=CARTESIAN_POINT('Ctrl Pts',(25.2175893873477,15.2799955114372,0.278053053298104));
#11201=CARTESIAN_POINT('Ctrl Pts',(24.5,13.4000000000001,0.));
#11202=CARTESIAN_POINT('Ctrl Pts',(24.5010034381413,13.4034760116803,0.));
#11203=CARTESIAN_POINT('Ctrl Pts',(24.5020070179133,13.4069518574793,1.52892890165375E-6));
#11204=CARTESIAN_POINT('Ctrl Pts',(24.6951359344881,14.076151080995,0.000577882848196514));
#11205=CARTESIAN_POINT('Ctrl Pts',(24.89014550226,14.7500073072269,0.0566693150583946));
#11206=CARTESIAN_POINT('Ctrl Pts',(25.0600968657159,15.4000000000002,0.171572875253827));
#11207=CARTESIAN_POINT('',(25.0600968657159,15.4000000000002,0.171572875253823));
#11208=CARTESIAN_POINT('',(25.6201937314318,15.0666666666668,0.285954792089708));
#11209=CARTESIAN_POINT('Origin',(25.6201937314318,15.4,-0.656854249492481));
#11210=CARTESIAN_POINT('Ctrl Pts',(25.6201937314318,15.0666666666668,0.285954792089708));
#11211=CARTESIAN_POINT('Ctrl Pts',(25.28029100452,14.5250060893558,0.0944488584306558));
#11212=CARTESIAN_POINT('Ctrl Pts',(24.8902718689772,13.9634592341624,0.000963138080328104));
#11213=CARTESIAN_POINT('Ctrl Pts',(24.5040140358266,13.4057932145661,2.54821483663315E-6));
#11214=CARTESIAN_POINT('Ctrl Pts',(24.5020068762813,13.4028966763992,1.33654746308242E-18));
#11215=CARTESIAN_POINT('Ctrl Pts',(24.5,13.4000000000001,0.));
#11216=CARTESIAN_POINT('Ctrl Pts',(24.5,13.4000000000001,0.));
#11217=CARTESIAN_POINT('Ctrl Pts',(24.5010034381413,13.4034760116803,-5.66579654229287E-18));
#11218=CARTESIAN_POINT('Ctrl Pts',(24.5020070179133,13.4069518574793,1.5289289016425E-6));
#11219=CARTESIAN_POINT('Ctrl Pts',(24.6951359344881,14.076151080995,0.000577882848195415));
#11220=CARTESIAN_POINT('Ctrl Pts',(24.89014550226,14.7500073072269,0.0566693150583922));
#11221=CARTESIAN_POINT('Ctrl Pts',(25.0600968657159,15.4000000000002,0.171572875253823));
#11222=CARTESIAN_POINT('Ctrl Pts',(25.6201937314318,15.0666666666668,0.28595479208968));
#11223=CARTESIAN_POINT('Ctrl Pts',(25.8995253210491,15.5118025779552,0.443334102800535));
#11224=CARTESIAN_POINT('Ctrl Pts',(26.0684501810863,15.9719494691105,0.681254244958191));
#11225=CARTESIAN_POINT('Ctrl Pts',(26.1920564485507,16.3860094321161,0.989545203930778));
#11226=CARTESIAN_POINT('Ctrl Pts',(25.5193725245579,15.1135313345698,0.302523954325834));
#11227=CARTESIAN_POINT('Ctrl Pts',(25.770224272637,15.5532869039662,0.463040739103055));
#11228=CARTESIAN_POINT('Ctrl Pts',(25.9175350302105,16.0063604195315,0.702305910397748));
#11229=CARTESIAN_POINT('Ctrl Pts',(26.0219765178046,16.4132299460105,1.00981240936486));
#11230=CARTESIAN_POINT('Ctrl Pts',(25.3177605833881,15.220011402458,0.299552690987214));
#11231=CARTESIAN_POINT('Ctrl Pts',(25.5117122068415,15.6579338990892,0.451946494543511));
#11232=CARTESIAN_POINT('Ctrl Pts',(25.6157333635593,16.110828498381,0.680265554360148));
#11233=CARTESIAN_POINT('Ctrl Pts',(25.6821181385313,16.5228310170011,0.976161642156941));
#11234=CARTESIAN_POINT('Ctrl Pts',(25.1388431265318,15.3399977557186,0.224812964275955));
#11235=CARTESIAN_POINT('Ctrl Pts',(25.2917351818788,15.788915111518,0.341931437744872));
#11236=CARTESIAN_POINT('Ctrl Pts',(25.3761641183118,16.2656662202637,0.533509127572142));
#11237=CARTESIAN_POINT('Ctrl Pts',(25.4320386726389,16.7134858986232,0.803652327304541));
#11238=CARTESIAN_POINT('Ctrl Pts',(25.0600968657159,15.4000000000001,0.17157287525382));
#11239=CARTESIAN_POINT('Ctrl Pts',(25.1997626605245,15.8559367196262,0.266000461680329));
#11240=CARTESIAN_POINT('Ctrl Pts',(25.2842250905431,16.3478230498065,0.436428307881653));
#11241=CARTESIAN_POINT('Ctrl Pts',(25.3460282242753,16.8166056593264,0.693891603180785));
#11242=CARTESIAN_POINT('',(25.3460282242753,16.8166056592621,0.693891603159636));
#11243=CARTESIAN_POINT('',(26.1920564485506,16.3860094321161,0.989545203930785));
#11244=CARTESIAN_POINT('Origin',(26.1920564485506,16.9832113185392,0.187454244716834));
#11245=CARTESIAN_POINT('Ctrl Pts',(26.1920564485506,16.3860094321161,0.989545203930785));
#11246=CARTESIAN_POINT('Ctrl Pts',(26.0684501810862,15.9719494691105,0.681254244958226));
#11247=CARTESIAN_POINT('Ctrl Pts',(25.8995253210491,15.5118025779553,0.44333410280059));
#11248=CARTESIAN_POINT('Ctrl Pts',(25.6201937314318,15.0666666666668,0.285954792089708));
#11249=CARTESIAN_POINT('Ctrl Pts',(25.0600968657159,15.4000000000002,0.171572875253823));
#11250=CARTESIAN_POINT('Ctrl Pts',(25.1997626605211,15.8559367196055,0.266000461679788));
#11251=CARTESIAN_POINT('Ctrl Pts',(25.2842250905412,16.3478230497618,0.436428307874561));
#11252=CARTESIAN_POINT('Ctrl Pts',(25.3460282242753,16.8166056592621,0.693891603159636));
#11253=CARTESIAN_POINT('Origin',(26.5,19.4000000000001,12.65));
#11254=CARTESIAN_POINT('',(25.5000000000001,19.4000000000002,20.3));
#11255=CARTESIAN_POINT('',(25.5,19.4000000000002,5.));
#11256=CARTESIAN_POINT('',(25.5000000000001,19.4000000000002,20.3));
#11257=CARTESIAN_POINT('',(26.5,18.4000000000001,20.3));
#11258=CARTESIAN_POINT('Origin',(26.5,19.4,20.3));
#11259=CARTESIAN_POINT('',(26.5,18.4000000000001,5.));
#11260=CARTESIAN_POINT('',(26.5,18.4000000000001,5.));
#11261=CARTESIAN_POINT('Origin',(26.5,19.4000000000001,5.));
#11262=CARTESIAN_POINT('Ctrl Pts',(26.192056448536,16.3860094320671,0.989545203894293));
#11263=CARTESIAN_POINT('Ctrl Pts',(26.4008664645321,17.0854874542582,1.51034598035818));
#11264=CARTESIAN_POINT('Ctrl Pts',(26.5108178067125,18.0866114012127,2.77621354931607));
#11265=CARTESIAN_POINT('Ctrl Pts',(26.5,18.4000000000001,4.33299834932456));
#11266=CARTESIAN_POINT('Ctrl Pts',(26.5,18.4000000000001,5.));
#11267=CARTESIAN_POINT('Ctrl Pts',(25.9976793848288,16.4171185908046,1.01270772439047));
#11268=CARTESIAN_POINT('Ctrl Pts',(26.1693960063133,17.102618418007,1.53207927400789));
#11269=CARTESIAN_POINT('Ctrl Pts',(26.2306086964535,18.0846682894838,2.7806604373467));
#11270=CARTESIAN_POINT('Ctrl Pts',(26.2008006996581,18.4000000000001,4.33342467582786));
#11271=CARTESIAN_POINT('Ctrl Pts',(26.2008006996581,18.4000000000001,5.));
#11272=CARTESIAN_POINT('Ctrl Pts',(25.658229865544,16.5349586116822,0.96785476685346));
#11273=CARTESIAN_POINT('Ctrl Pts',(25.7660978272419,17.2342450014166,1.46482968040427));
#11274=CARTESIAN_POINT('Ctrl Pts',(25.743677295409,18.2780581194645,2.67633870049915));
#11275=CARTESIAN_POINT('Ctrl Pts',(25.6828633279671,18.6511819008133,4.29937378808243));
#11276=CARTESIAN_POINT('Ctrl Pts',(25.6828633279671,18.6511819008133,5.));
#11277=CARTESIAN_POINT('Ctrl Pts',(25.419751465723,16.7282172929559,0.787972223826535));
#11278=CARTESIAN_POINT('Ctrl Pts',(25.515685730914,17.4898869969187,1.24117813924461));
#11279=CARTESIAN_POINT('Ctrl Pts',(25.5292555787868,18.7104299758608,2.44500243590309));
#11280=CARTESIAN_POINT('Ctrl Pts',(25.5,19.1756005247437,4.22947174922944));
#11281=CARTESIAN_POINT('Ctrl Pts',(25.5,19.1756005247437,5.));
#11282=CARTESIAN_POINT('Ctrl Pts',(25.3460282242679,16.8166056592709,0.693891603150314));
#11283=CARTESIAN_POINT('Ctrl Pts',(25.4504332322661,17.6085275107892,1.1288284061898));
#11284=CARTESIAN_POINT('Ctrl Pts',(25.5054089033562,18.9056616905158,2.34329776052603));
#11285=CARTESIAN_POINT('Ctrl Pts',(25.5,19.4000000000002,4.19959801918947));
#11286=CARTESIAN_POINT('Ctrl Pts',(25.5,19.4000000000002,5.));
#11287=CARTESIAN_POINT('Ctrl Pts',(26.5,18.4000000000001,5.));
#11288=CARTESIAN_POINT('Ctrl Pts',(26.5,18.4000000000001,4.33299834932454));
#11289=CARTESIAN_POINT('Ctrl Pts',(26.5108178067124,18.086611401217,2.77621354933675));
#11290=CARTESIAN_POINT('Ctrl Pts',(26.4008664645351,17.0854874542852,1.51034598039181));
#11291=CARTESIAN_POINT('Ctrl Pts',(26.1920564485506,16.3860094321161,0.989545203930785));
#11292=CARTESIAN_POINT('Ctrl Pts',(25.3460282242753,16.8166056592621,0.693891603159636));
#11293=CARTESIAN_POINT('Ctrl Pts',(25.4504332322705,17.608527510786,1.12882840621817));
#11294=CARTESIAN_POINT('Ctrl Pts',(25.5054089033584,18.9056616905069,2.34329776054568));
#11295=CARTESIAN_POINT('Ctrl Pts',(25.5000000000006,19.3999999999969,4.19959801919144));
#11296=CARTESIAN_POINT('Ctrl Pts',(25.5,19.4000000000002,5.));
#11297=CARTESIAN_POINT('Origin',(32.7500000000001,13.4000000000002,4.99999999999995));
#11298=CARTESIAN_POINT('',(41.,18.4000000000001,4.99999999999999));
#11299=CARTESIAN_POINT('',(26.5,18.4000000000001,5.));
#11300=CARTESIAN_POINT('Origin',(41.,13.4000000000001,4.99999999999999));
#11301=CARTESIAN_POINT('Origin',(42.57,18.4000000000001,21.95));
#11302=CARTESIAN_POINT('',(41.,18.4000000000001,20.3));
#11303=CARTESIAN_POINT('',(26.5,18.4000000000001,20.3));
#11304=CARTESIAN_POINT('',(41.,18.4000000000001,20.3));
#11305=CARTESIAN_POINT('Origin',(0.499999999999973,19.4000000000002,12.65));
#11306=CARTESIAN_POINT('',(0.499999999999973,20.4000000000002,20.3));
#11307=CARTESIAN_POINT('Origin',(0.499999999999966,19.4000000000003,20.3));
#11308=CARTESIAN_POINT('',(0.499999999999973,20.4000000000002,20.3));
#11309=CARTESIAN_POINT('Origin',(0.499999999999972,14.4000000000002,1.));
#11310=CARTESIAN_POINT('Origin',(4.49999999999997,15.4000000000002,5.));
#11311=CARTESIAN_POINT('',(8.49999999999995,20.4000000000002,5.));
#11312=CARTESIAN_POINT('',(0.499999999999973,20.4000000000002,5.));
#11313=CARTESIAN_POINT('Origin',(8.49999999999995,15.4000000000002,5.00000000000002));
#11314=CARTESIAN_POINT('Origin',(9.41999999999995,20.4000000000002,21.95));
#11315=CARTESIAN_POINT('',(8.49999999999995,20.4000000000002,20.3));
#11316=CARTESIAN_POINT('',(0.499999999999973,20.4000000000002,20.3));
#11317=CARTESIAN_POINT('',(8.49999999999995,20.4000000000002,20.3));
#11318=CARTESIAN_POINT('Origin',(-7.50000000000008,19.4000000000002,12.65));
#11319=CARTESIAN_POINT('',(-7.50000000000008,20.4000000000002,20.3));
#11320=CARTESIAN_POINT('Origin',(-7.50000000000007,19.4000000000001,20.3));
#11321=CARTESIAN_POINT('',(-7.50000000000008,20.4000000000002,5.));
#11322=CARTESIAN_POINT('Origin',(-7.50000000000008,19.4000000000002,5.));
#11323=CARTESIAN_POINT('',(-7.50000000000008,20.4000000000002,5.));
#11324=CARTESIAN_POINT('Origin',(-7.50000000000007,15.4000000000001,5.00000000000001));
#11325=CARTESIAN_POINT('Origin',(-7.50000000000018,15.4,1.00000000000031));
#11326=CARTESIAN_POINT('Origin',(-7.49999999999997,15.4,5.00000000000053));
#11327=CARTESIAN_POINT('Origin',(-7.50000000000008,14.4000000000001,1.));
#11328=CARTESIAN_POINT('Origin',(-15.5,19.4000000000002,12.65));
#11329=CARTESIAN_POINT('',(-15.5,20.4000000000002,20.3));
#11330=CARTESIAN_POINT('Origin',(-15.5,19.4000000000002,20.3));
#11331=CARTESIAN_POINT('',(-15.5,20.4000000000002,20.3));
#11332=CARTESIAN_POINT('Origin',(-15.5,14.4000000000002,1.));
#11333=CARTESIAN_POINT('Origin',(-11.5,15.4000000000001,5.));
#11334=CARTESIAN_POINT('',(-7.50000000000008,20.4000000000002,5.));
#11335=CARTESIAN_POINT('Origin',(-6.58000000000009,20.4000000000002,21.95));
#11336=CARTESIAN_POINT('',(-15.5,20.4000000000002,20.3));
#11337=CARTESIAN_POINT('Origin',(-23.5000000000001,19.4000000000002,12.65));
#11338=CARTESIAN_POINT('',(-23.5000000000001,20.4000000000002,20.3));
#11339=CARTESIAN_POINT('Origin',(-23.5000000000001,19.4000000000001,20.3));
#11340=CARTESIAN_POINT('',(-23.5000000000001,20.4000000000002,5.));
#11341=CARTESIAN_POINT('Origin',(-23.5000000000001,19.4000000000002,5.));
#11342=CARTESIAN_POINT('',(-23.5000000000001,20.4000000000002,5.));
#11343=CARTESIAN_POINT('Origin',(-23.5000000000001,15.4000000000002,5.));
#11344=CARTESIAN_POINT('Origin',(-23.5000000000002,15.4000000000003,1.0000000000003));
#11345=CARTESIAN_POINT('Origin',(-23.5000000000001,15.4000000000001,5.00000000000061));
#11346=CARTESIAN_POINT('Origin',(-23.5000000000001,14.4000000000001,1.));
#11347=CARTESIAN_POINT('Origin',(-31.5,19.4000000000002,12.65));
#11348=CARTESIAN_POINT('',(-31.5,20.4000000000002,20.3));
#11349=CARTESIAN_POINT('Origin',(-31.5,19.4000000000002,20.3));
#11350=CARTESIAN_POINT('',(-31.5,20.4000000000002,20.3));
#11351=CARTESIAN_POINT('Origin',(-31.5,14.4000000000002,1.));
#11352=CARTESIAN_POINT('Origin',(-27.5,15.4000000000002,4.99999999999999));
#11353=CARTESIAN_POINT('',(-23.5000000000001,20.4000000000002,5.));
#11354=CARTESIAN_POINT('Origin',(-22.5800000000001,20.4000000000002,21.95));
#11355=CARTESIAN_POINT('',(-31.5,20.4000000000002,20.3));
#11356=CARTESIAN_POINT('Origin',(-38.5000000000001,19.4000000000002,12.65));
#11357=CARTESIAN_POINT('',(-38.5000000000001,20.4000000000002,20.3));
#11358=CARTESIAN_POINT('Origin',(-38.5000000000001,19.4000000000001,20.3));
#11359=CARTESIAN_POINT('',(-38.5000000000001,20.4000000000002,5.));
#11360=CARTESIAN_POINT('Origin',(-38.5000000000001,19.4000000000002,5.));
#11361=CARTESIAN_POINT('',(-38.5000000000001,20.4000000000002,5.));
#11362=CARTESIAN_POINT('Origin',(-38.5000000000001,15.4000000000002,4.99999999999999));
#11363=CARTESIAN_POINT('Origin',(-38.5000000000002,15.4000000000002,1.00000000000039));
#11364=CARTESIAN_POINT('Origin',(-38.5000000000001,15.4000000000004,4.99999999999904));
#11365=CARTESIAN_POINT('Origin',(-38.5000000000001,14.4000000000001,0.999999999999999));
#11366=CARTESIAN_POINT('Origin',(16.5,19.4000000000002,12.65));
#11367=CARTESIAN_POINT('',(16.5,20.4000000000002,20.3));
#11368=CARTESIAN_POINT('Origin',(16.5,19.4000000000003,20.3));
#11369=CARTESIAN_POINT('',(16.5,20.4000000000002,20.3));
#11370=CARTESIAN_POINT('Origin',(16.5,14.4000000000001,1.));
#11371=CARTESIAN_POINT('Origin',(20.5,15.4000000000002,5.));
#11372=CARTESIAN_POINT('',(24.5,20.4000000000002,5.));
#11373=CARTESIAN_POINT('',(16.5,20.4000000000002,5.));
#11374=CARTESIAN_POINT('Origin',(24.5,15.4000000000002,5.00000000000002));
#11375=CARTESIAN_POINT('Origin',(25.42,20.4000000000002,21.95));
#11376=CARTESIAN_POINT('',(24.5,20.4000000000002,20.3));
#11377=CARTESIAN_POINT('',(16.5,20.4000000000002,20.3));
#11378=CARTESIAN_POINT('',(24.5,20.4000000000002,20.3));
#11379=CARTESIAN_POINT('Origin',(8.49999999999995,19.4000000000002,12.65));
#11380=CARTESIAN_POINT('Origin',(8.49999999999994,19.4000000000001,20.3));
#11381=CARTESIAN_POINT('Origin',(8.49999999999995,19.4000000000002,5.));
#11382=CARTESIAN_POINT('Origin',(8.49999999999996,15.4000000000002,5.));
#11383=CARTESIAN_POINT('Origin',(8.49999999999987,15.4000000000003,1.00000000000026));
#11384=CARTESIAN_POINT('Origin',(8.49999999999995,14.4,1.));
#11385=CARTESIAN_POINT('Origin',(24.5,19.4000000000002,12.65));
#11386=CARTESIAN_POINT('Origin',(24.5,19.4000000000001,20.3));
#11387=CARTESIAN_POINT('Origin',(24.5,19.4000000000002,5.));
#11388=CARTESIAN_POINT('Origin',(24.5,15.4000000000002,5.));
#11389=CARTESIAN_POINT('Origin',(24.4999999999999,15.4000000000003,1.0000000000002));
#11390=CARTESIAN_POINT('Origin',(24.5,14.4000000000001,1.));
#11391=CARTESIAN_POINT('Ctrl Pts',(-7.50000000000005,-13.4,0.));
#11392=CARTESIAN_POINT('Ctrl Pts',(-7.499042251282,-13.40331773887,0.));
#11393=CARTESIAN_POINT('Ctrl Pts',(-7.4980843651088,-13.4066353165931,1.39384087525171E-6));
#11394=CARTESIAN_POINT('Ctrl Pts',(-7.30495659025341,-14.0758336163181,
0.000551221743091544));
#11395=CARTESIAN_POINT('Ctrl Pts',(-7.10989446135419,-14.7498544631623,
0.0566422957897742));
#11396=CARTESIAN_POINT('Ctrl Pts',(-6.93990313428418,-15.4,0.171572875253802));
#11397=CARTESIAN_POINT('Ctrl Pts',(-7.50000000000005,-13.4,0.));
#11398=CARTESIAN_POINT('Ctrl Pts',(-7.49872238658263,-13.4031314167714,
0.));
#11399=CARTESIAN_POINT('Ctrl Pts',(-7.49744644350099,-13.4062686253656,
1.90783019200635E-5));
#11400=CARTESIAN_POINT('Ctrl Pts',(-7.23992152259581,-14.0382198645295,
0.000272491814860528));
#11401=CARTESIAN_POINT('Ctrl Pts',(-6.98009910352447,-14.6750163737268,
0.0965977438318105));
#11402=CARTESIAN_POINT('Ctrl Pts',(-6.78241061265235,-15.279995511437,0.278053053298068));
#11403=CARTESIAN_POINT('Ctrl Pts',(-7.50000000000005,-13.4,0.));
#11404=CARTESIAN_POINT('Ctrl Pts',(-7.49840378616968,-13.4029475396282,
0.));
#11405=CARTESIAN_POINT('Ctrl Pts',(-7.49680718902183,-13.4058995902769,
1.36748204716658E-5));
#11406=CARTESIAN_POINT('Ctrl Pts',(-7.17494712733399,-14.000680484374,0.000621594240815961));
#11407=CARTESIAN_POINT('Ctrl Pts',(-6.84972877161454,-14.6000088418711,
0.108407732633104));
#11408=CARTESIAN_POINT('Ctrl Pts',(-6.58144868231618,-15.1603960024727,
0.319093116561961));
#11409=CARTESIAN_POINT('Ctrl Pts',(-7.50000000000005,-13.4,0.));
#11410=CARTESIAN_POINT('Ctrl Pts',(-7.49808450256555,-13.4027647823889,
0.));
#11411=CARTESIAN_POINT('Ctrl Pts',(-7.49616873021756,-13.4055294304942,
2.3230681267746E-6));
#11412=CARTESIAN_POINT('Ctrl Pts',(-7.1099131805064,-13.9631946802653,0.000918702905207887));
#11413=CARTESIAN_POINT('Ctrl Pts',(-6.71978892270833,-14.5248787193019,
0.0944038263162919));
#11414=CARTESIAN_POINT('Ctrl Pts',(-6.37980626856829,-15.0666666666667,
0.285954792089673));
#11415=CARTESIAN_POINT('',(-6.37980626856829,-15.0666666666667,0.285954792089671));
#11416=CARTESIAN_POINT('',(-6.93990313428418,-15.4,0.171572875253802));
#11417=CARTESIAN_POINT('Origin',(-6.37980626856829,-15.4000000000001,-0.656854249492356));
#11418=CARTESIAN_POINT('Ctrl Pts',(-6.93990313428418,-15.4,0.171572875253802));
#11419=CARTESIAN_POINT('Ctrl Pts',(-7.10989446135419,-14.7498544631623,
0.0566422957897743));
#11420=CARTESIAN_POINT('Ctrl Pts',(-7.30495659025341,-14.0758336163181,
0.000551221743091619));
#11421=CARTESIAN_POINT('Ctrl Pts',(-7.4980843651088,-13.4066353165931,1.39384087525246E-6));
#11422=CARTESIAN_POINT('Ctrl Pts',(-7.499042251282,-13.40331773887,3.66665999369131E-19));
#11423=CARTESIAN_POINT('Ctrl Pts',(-7.50000000000005,-13.4,0.));
#11424=CARTESIAN_POINT('Ctrl Pts',(-7.50000000000005,-13.4,0.));
#11425=CARTESIAN_POINT('Ctrl Pts',(-7.49808450256555,-13.4027647823889,
-1.40946282423116E-18));
#11426=CARTESIAN_POINT('Ctrl Pts',(-7.49616873021756,-13.4055294304942,
2.32306812677173E-6));
#11427=CARTESIAN_POINT('Ctrl Pts',(-7.1099131805064,-13.9631946802653,0.000918702905207611));
#11428=CARTESIAN_POINT('Ctrl Pts',(-6.71978892270833,-14.5248787193019,
0.0944038263162911));
#11429=CARTESIAN_POINT('Ctrl Pts',(-6.37980626856829,-15.0666666666667,
0.285954792089671));
#11430=CARTESIAN_POINT('Ctrl Pts',(-6.93990313428419,-15.4,0.171572875253818));
#11431=CARTESIAN_POINT('Ctrl Pts',(-6.80023733947554,-15.8559367196261,
0.266000461680334));
#11432=CARTESIAN_POINT('Ctrl Pts',(-6.71577490945697,-16.3478230498064,
0.436428307881662));
#11433=CARTESIAN_POINT('Ctrl Pts',(-6.65397177572478,-16.8166056593263,
0.693891603180819));
#11434=CARTESIAN_POINT('Ctrl Pts',(-6.86115687346828,-15.3399977557185,
0.224812964275948));
#11435=CARTESIAN_POINT('Ctrl Pts',(-6.70826481812128,-15.788915111518,0.341931437744871));
#11436=CARTESIAN_POINT('Ctrl Pts',(-6.62383588168824,-16.2656662202636,
0.533509127572139));
#11437=CARTESIAN_POINT('Ctrl Pts',(-6.56796132736121,-16.7134858986231,
0.803652327304566));
#11438=CARTESIAN_POINT('Ctrl Pts',(-6.68224265634416,-15.2200094743795,
0.299562936234205));
#11439=CARTESIAN_POINT('Ctrl Pts',(-6.4882910328907,-15.6579319710107,0.451956739790504));
#11440=CARTESIAN_POINT('Ctrl Pts',(-6.38429610494087,-16.110801893757,0.68031113246934));
#11441=CARTESIAN_POINT('Ctrl Pts',(-6.3179113299688,-16.5228044123772,0.976207220266158));
#11442=CARTESIAN_POINT('Ctrl Pts',(-6.48062747544225,-15.1135313345697,
0.302523954325824));
#11443=CARTESIAN_POINT('Ctrl Pts',(-6.22977572736309,-15.5532869039662,
0.463040739103047));
#11444=CARTESIAN_POINT('Ctrl Pts',(-6.08246496978962,-16.0063604195314,
0.70230591039773));
#11445=CARTESIAN_POINT('Ctrl Pts',(-5.97802348219551,-16.4132299460105,
1.00981240936486));
#11446=CARTESIAN_POINT('Ctrl Pts',(-6.3798062685683,-15.0666666666667,0.285954792089677));
#11447=CARTESIAN_POINT('Ctrl Pts',(-6.10047467895099,-15.5118025779552,
0.443334102800537));
#11448=CARTESIAN_POINT('Ctrl Pts',(-5.93154981891385,-15.9719494691104,
0.681254244958183));
#11449=CARTESIAN_POINT('Ctrl Pts',(-5.80794355144945,-16.386009432116,0.989545203930798));
#11450=CARTESIAN_POINT('',(-5.80794355144948,-16.386009432116,0.989545203930799));
#11451=CARTESIAN_POINT('',(-6.65397177572478,-16.8166056592621,0.693891603159673));
#11452=CARTESIAN_POINT('Origin',(-5.80794355144947,-16.9832113185393,0.187454244717011));
#11453=CARTESIAN_POINT('Ctrl Pts',(-6.65397177572478,-16.8166056592621,
0.693891603159673));
#11454=CARTESIAN_POINT('Ctrl Pts',(-6.7157749094589,-16.3478230497617,0.436428307874546));
#11455=CARTESIAN_POINT('Ctrl Pts',(-6.80023733947892,-15.8559367196054,
0.266000461679765));
#11456=CARTESIAN_POINT('Ctrl Pts',(-6.93990313428418,-15.4,0.171572875253802));
#11457=CARTESIAN_POINT('Ctrl Pts',(-6.37980626856829,-15.0666666666667,
0.285954792089671));
#11458=CARTESIAN_POINT('Ctrl Pts',(-6.100474678951,-15.5118025779552,0.443334102800534));
#11459=CARTESIAN_POINT('Ctrl Pts',(-5.93154981891387,-15.9719494691104,
0.681254244958181));
#11460=CARTESIAN_POINT('Ctrl Pts',(-5.80794355144948,-16.386009432116,0.989545203930799));
#11461=CARTESIAN_POINT('Origin',(-5.50000000000005,-19.4000000000001,12.65));
#11462=CARTESIAN_POINT('',(-5.50000000000005,-18.4,20.3));
#11463=CARTESIAN_POINT('',(-5.50000000000005,-18.4,5.));
#11464=CARTESIAN_POINT('',(-5.50000000000005,-18.4,20.3));
#11465=CARTESIAN_POINT('',(-6.49999999999998,-19.4,20.3));
#11466=CARTESIAN_POINT('Origin',(-5.49999999999994,-19.4,20.3));
#11467=CARTESIAN_POINT('',(-6.50000000000005,-19.4,5.));
#11468=CARTESIAN_POINT('',(-6.50000000000005,-19.4,5.));
#11469=CARTESIAN_POINT('Origin',(-5.49999999999994,-19.4000000000001,5.));
#11470=CARTESIAN_POINT('Ctrl Pts',(-6.65397177573209,-16.8166056592709,
0.693891603150342));
#11471=CARTESIAN_POINT('Ctrl Pts',(-6.5756680197332,-17.4105470479118,1.02009420543149));
#11472=CARTESIAN_POINT('Ctrl Pts',(-6.49032576167241,-18.7333849944426,
2.10408222305462));
#11473=CARTESIAN_POINT('Ctrl Pts',(-6.50000000000006,-19.4,3.93279735891931));
#11474=CARTESIAN_POINT('Ctrl Pts',(-6.50000000000006,-19.4,5.));
#11475=CARTESIAN_POINT('Ctrl Pts',(-6.55567412045864,-16.6987545041843,
0.819332430718624));
#11476=CARTESIAN_POINT('Ctrl Pts',(-6.48602467699157,-17.26226993028,1.16395927366981));
#11477=CARTESIAN_POINT('Ctrl Pts',(-6.44749988167182,-18.4889127621467,
2.25125568313733));
#11478=CARTESIAN_POINT('Ctrl Pts',(-6.50000000000005,-19.1008006996582,
3.98624565365386));
#11479=CARTESIAN_POINT('Ctrl Pts',(-6.50000000000005,-19.1008006996582,
5.));
#11480=CARTESIAN_POINT('Ctrl Pts',(-6.29404782422551,-16.5106527291993,
0.984554723338986));
#11481=CARTESIAN_POINT('Ctrl Pts',(-6.20673442833478,-17.0301884452885,
1.36161898641953));
#11482=CARTESIAN_POINT('Ctrl Pts',(-6.16734452732902,-18.1024290016345,
2.48848345622304));
#11483=CARTESIAN_POINT('Ctrl Pts',(-6.2488960044199,-18.5827698526743,4.07805408993848));
#11484=CARTESIAN_POINT('Ctrl Pts',(-6.2488960044199,-18.5827698526743,5.));
#11485=CARTESIAN_POINT('Ctrl Pts',(-5.95372634924449,-16.4093413011202,
1.00691709426645));
#11486=CARTESIAN_POINT('Ctrl Pts',(-5.81786081145153,-16.9262257124025,
1.3965912413355));
#11487=CARTESIAN_POINT('Ctrl Pts',(-5.6864502161474,-17.9731339333848,2.56076976168386));
#11488=CARTESIAN_POINT('Ctrl Pts',(-5.72439947525645,-18.4000000000001,
4.11080902628462));
#11489=CARTESIAN_POINT('Ctrl Pts',(-5.72439947525645,-18.4000000000001,
5.));
#11490=CARTESIAN_POINT('Ctrl Pts',(-5.80794355146411,-16.386009432067,0.989545203894305));
#11491=CARTESIAN_POINT('Ctrl Pts',(-5.65133603946634,-16.9106179487123,
1.38014578624372));
#11492=CARTESIAN_POINT('Ctrl Pts',(-5.48065152334473,-17.9740150261589,
2.55563892716874));
#11493=CARTESIAN_POINT('Ctrl Pts',(-5.50000000000003,-18.4000000000001,
4.11066446576608));
#11494=CARTESIAN_POINT('Ctrl Pts',(-5.50000000000003,-18.4000000000001,
5.));
#11495=CARTESIAN_POINT('Ctrl Pts',(-6.50000000000005,-19.4,5.));
#11496=CARTESIAN_POINT('Ctrl Pts',(-6.49999999999925,-19.3999999999956,
3.93279735892194));
#11497=CARTESIAN_POINT('Ctrl Pts',(-6.49032576167,-18.7333849944333,2.10408222307493));
#11498=CARTESIAN_POINT('Ctrl Pts',(-6.57566801972819,-17.410547047908,1.0200942054587));
#11499=CARTESIAN_POINT('Ctrl Pts',(-6.65397177572478,-16.8166056592621,
0.693891603159673));
#11500=CARTESIAN_POINT('Ctrl Pts',(-5.80794355144948,-16.386009432116,0.989545203930786));
#11501=CARTESIAN_POINT('Ctrl Pts',(-5.77836870752009,-16.4850801267863,
1.06330891497463));
#11502=CARTESIAN_POINT('Ctrl Pts',(-5.75177020357405,-16.5817695331659,
1.14101100539674));
#11503=CARTESIAN_POINT('Ctrl Pts',(-5.72782104126343,-16.6756882799635,
1.22245234411128));
#11504=CARTESIAN_POINT('Ctrl Pts',(-5.70390394055634,-16.7694812943623,
1.30378465438135));
#11505=CARTESIAN_POINT('Ctrl Pts',(-5.68262909269531,-16.8605106614043,
1.38884600642997));
#11506=CARTESIAN_POINT('Ctrl Pts',(-5.66367081086834,-16.948412830857,1.47739210501511));
#11507=CARTESIAN_POINT('Ctrl Pts',(-5.64473464577318,-17.0362124536377,
1.56583490572056));
#11508=CARTESIAN_POINT('Ctrl Pts',(-5.6281096448529,-17.1208918001079,1.65775407150706));
#11509=CARTESIAN_POINT('Ctrl Pts',(-5.613471259805,-17.2021186005371,1.75286370051235));
#11510=CARTESIAN_POINT('Ctrl Pts',(-5.59884267591965,-17.2832910153854,
1.84790964865869));
#11511=CARTESIAN_POINT('Ctrl Pts',(-5.58619804851132,-17.3610151709402,
1.94614148623958));
#11512=CARTESIAN_POINT('Ctrl Pts',(-5.5752134807472,-17.4349947511864,2.04723564131871));
#11513=CARTESIAN_POINT('Ctrl Pts',(-5.5642326810157,-17.508948954242,2.14829511810354));
#11514=CARTESIAN_POINT('Ctrl Pts',(-5.55491080222433,-17.5791608586536,
2.252214603205));
#11515=CARTESIAN_POINT('Ctrl Pts',(-5.54692428074461,-17.6453744364984,
2.35863749289759));
#11516=CARTESIAN_POINT('Ctrl Pts',(-5.54447321173834,-17.6656954296694,
2.39129875188818));
#11517=CARTESIAN_POINT('Ctrl Pts',(-5.54214791741679,-17.6856401291907,
2.42419558487539));
#11518=CARTESIAN_POINT('Ctrl Pts',(-5.53993904472859,-17.7052019514497,
2.45731713396371));
#11519=CARTESIAN_POINT('Ctrl Pts',(-5.53160051016054,-17.7790481862244,
2.58235158411325));
#11520=CARTESIAN_POINT('Ctrl Pts',(-5.52492107261618,-17.847470187726,2.71065015051228));
#11521=CARTESIAN_POINT('Ctrl Pts',(-5.51958110587978,-17.9101923023132,
2.84172165924893));
#11522=CARTESIAN_POINT('Ctrl Pts',(-5.51424336832565,-17.9728882333991,
2.97273845186119));
#11523=CARTESIAN_POINT('Ctrl Pts',(-5.51024398348211,-18.0298888766006,
3.10652557414663));
#11524=CARTESIAN_POINT('Ctrl Pts',(-5.50726372525261,-18.0809650667763,
3.24256833884763));
#11525=CARTESIAN_POINT('Ctrl Pts',(-5.50419573014372,-18.1335449070361,
3.38261611476588));
#11526=CARTESIAN_POINT('Ctrl Pts',(-5.50220774976098,-18.1798459357235,
3.52505405506033));
#11527=CARTESIAN_POINT('Ctrl Pts',(-5.50095152643564,-18.2196716694377,
3.66929905733085));
#11528=CARTESIAN_POINT('Ctrl Pts',(-5.49973178370914,-18.2583408678559,
3.80935519926334));
#11529=CARTESIAN_POINT('Ctrl Pts',(-5.49920191483978,-18.2909055452266,
3.95111456110748));
#11530=CARTESIAN_POINT('Ctrl Pts',(-5.49904312971691,-18.3172365849852,
4.09402849532434));
#11531=CARTESIAN_POINT('Ctrl Pts',(-5.4988772210717,-18.3447489051208,4.24335392820025));
#11532=CARTESIAN_POINT('Ctrl Pts',(-5.49911643864248,-18.3654552249926,
4.39393954469166));
#11533=CARTESIAN_POINT('Ctrl Pts',(-5.49939713337457,-18.3792680074143,
4.54514825454792));
#11534=CARTESIAN_POINT('Ctrl Pts',(-5.49967782810666,-18.393080789836,4.69635696440419));
#11535=CARTESIAN_POINT('Ctrl Pts',(-5.50000000000005,-18.4000000000001,
4.8481883482751));
#11536=CARTESIAN_POINT('Ctrl Pts',(-5.50000000000005,-18.4000000000001,
5.));
#11537=CARTESIAN_POINT('Origin',(-7.50000000000006,-15.4,5.00000000000001));
#11538=CARTESIAN_POINT('',(-7.50000000000005,-20.4,5.));
#11539=CARTESIAN_POINT('Origin',(-7.50000000000005,-19.4,5.));
#11540=CARTESIAN_POINT('Origin',(-7.49999999999999,-15.3999999999999,5.00000000000002));
#11541=CARTESIAN_POINT('Origin',(-7.50000000000006,-15.4,1.00000000000001));
#11542=CARTESIAN_POINT('Ctrl Pts',(-38.5000000000001,-13.4000000000001,
0.));
#11543=CARTESIAN_POINT('Ctrl Pts',(-38.4990259815985,-13.4033740987254,
0.));
#11544=CARTESIAN_POINT('Ctrl Pts',(-38.4980518263856,-13.4067480370397,
1.44108997056095E-6));
#11545=CARTESIAN_POINT('Ctrl Pts',(-38.3049230202937,-14.0759459563654,
0.000560755050541567));
#11546=CARTESIAN_POINT('Ctrl Pts',(-38.1098802306109,-14.7499088897878,
0.0566519171487644));
#11547=CARTESIAN_POINT('Ctrl Pts',(-37.9399031342842,-15.4,0.171572875253793));
#11548=CARTESIAN_POINT('Ctrl Pts',(-38.5000000000001,-13.4000000000001,
0.));
#11549=CARTESIAN_POINT('Ctrl Pts',(-38.4987006933664,-13.4031846428422,
0.));
#11550=CARTESIAN_POINT('Ctrl Pts',(-38.4974030588227,-13.4063750878902,
1.91960643246946E-5));
#11551=CARTESIAN_POINT('Ctrl Pts',(-38.2398770739521,-14.0383259192455,
0.000288559781447135));
#11552=CARTESIAN_POINT('Ctrl Pts',(-37.9800825617717,-14.675067034587,0.0966130795995127));
#11553=CARTESIAN_POINT('Ctrl Pts',(-37.7824106126524,-15.279995511437,0.278053053298053));
#11554=CARTESIAN_POINT('Ctrl Pts',(-38.5000000000001,-13.4000000000001,
0.));
#11555=CARTESIAN_POINT('Ctrl Pts',(-38.498376670248,-13.4029976350637,0.));
#11556=CARTESIAN_POINT('Ctrl Pts',(-38.4967529576878,-13.4059997897288,
1.37894049074175E-5));
#11557=CARTESIAN_POINT('Ctrl Pts',(-38.174890896468,-14.0007803986717,0.000639725901733065));
#11558=CARTESIAN_POINT('Ctrl Pts',(-37.8497063133729,-14.6000557657896,
0.108425466299333));
#11559=CARTESIAN_POINT('Ctrl Pts',(-37.5814486823162,-15.1603960024727,
0.319093116561943));
#11560=CARTESIAN_POINT('Ctrl Pts',(-38.5000000000001,-13.4000000000001,
0.));
#11561=CARTESIAN_POINT('Ctrl Pts',(-38.4980519631959,-13.4028117489397,
0.));
#11562=CARTESIAN_POINT('Ctrl Pts',(-38.496103652771,-13.4056233641997,2.40181661671668E-6));
#11563=CARTESIAN_POINT('Ctrl Pts',(-38.1098460405879,-13.9632882969715,
0.000934591750866561));
#11564=CARTESIAN_POINT('Ctrl Pts',(-37.7197604612216,-14.5249240748232,
0.0944198619146062));
#11565=CARTESIAN_POINT('Ctrl Pts',(-37.3798062685684,-15.0666666666667,
0.285954792089654));
#11566=CARTESIAN_POINT('',(-37.3798062685684,-15.0666666666667,0.285954792089656));
#11567=CARTESIAN_POINT('',(-37.9399031342842,-15.4,0.171572875253793));
#11568=CARTESIAN_POINT('Origin',(-37.3798062685683,-15.4000000000001,-0.656854249492111));
#11569=CARTESIAN_POINT('Ctrl Pts',(-37.9399031342842,-15.4,0.171572875253793));
#11570=CARTESIAN_POINT('Ctrl Pts',(-38.1098802306109,-14.7499088897878,
0.0566519171487641));
#11571=CARTESIAN_POINT('Ctrl Pts',(-38.3049230202937,-14.0759459563654,
0.000560755050541446));
#11572=CARTESIAN_POINT('Ctrl Pts',(-38.4980518263856,-13.4067480370397,
1.44108997055977E-6));
#11573=CARTESIAN_POINT('Ctrl Pts',(-38.4990259815985,-13.4033740987254,
-6.05953907077216E-19));
#11574=CARTESIAN_POINT('Ctrl Pts',(-38.5000000000001,-13.4000000000001,
0.));
#11575=CARTESIAN_POINT('Ctrl Pts',(-38.5000000000001,-13.4000000000001,
0.));
#11576=CARTESIAN_POINT('Ctrl Pts',(-38.4980519631959,-13.4028117489397,
2.40611113952418E-18));
#11577=CARTESIAN_POINT('Ctrl Pts',(-38.496103652771,-13.4056233641997,2.40181661672152E-6));
#11578=CARTESIAN_POINT('Ctrl Pts',(-38.1098460405879,-13.9632882969715,
0.000934591750867048));
#11579=CARTESIAN_POINT('Ctrl Pts',(-37.7197604612216,-14.5249240748232,
0.094419861914607));
#11580=CARTESIAN_POINT('Ctrl Pts',(-37.3798062685684,-15.0666666666667,
0.285954792089656));
#11581=CARTESIAN_POINT('Ctrl Pts',(-37.9399031342842,-15.4,0.171572875253795));
#11582=CARTESIAN_POINT('Ctrl Pts',(-37.8002373394756,-15.8559367196261,
0.266000461680309));
#11583=CARTESIAN_POINT('Ctrl Pts',(-37.715774909457,-16.3478230498063,0.436428307881633));
#11584=CARTESIAN_POINT('Ctrl Pts',(-37.6539717757248,-16.8166056593263,
0.693891603180787));
#11585=CARTESIAN_POINT('Ctrl Pts',(-37.8611568734683,-15.3399977557185,
0.224812964275924));
#11586=CARTESIAN_POINT('Ctrl Pts',(-37.7082648181213,-15.7889151115179,
0.341931437744847));
#11587=CARTESIAN_POINT('Ctrl Pts',(-37.6238358816883,-16.2656662202636,
0.533509127572113));
#11588=CARTESIAN_POINT('Ctrl Pts',(-37.5679613273613,-16.7134858986231,
0.803652327304532));
#11589=CARTESIAN_POINT('Ctrl Pts',(-37.6822382902794,-15.2200120727781,
0.299549129101256));
#11590=CARTESIAN_POINT('Ctrl Pts',(-37.4882866668259,-15.6579345694093,
0.451942932657559));
#11591=CARTESIAN_POINT('Ctrl Pts',(-37.384256391355,-16.110837747805,0.680249708570805));
#11592=CARTESIAN_POINT('Ctrl Pts',(-37.3178716163829,-16.5228402664252,
0.976145796367611));
#11593=CARTESIAN_POINT('Ctrl Pts',(-37.4806274754423,-15.1135313345697,
0.3025239543258));
#11594=CARTESIAN_POINT('Ctrl Pts',(-37.2297757273631,-15.5532869039662,
0.463040739103033));
#11595=CARTESIAN_POINT('Ctrl Pts',(-37.0824649697897,-16.0063604195314,
0.702305910397711));
#11596=CARTESIAN_POINT('Ctrl Pts',(-36.9780234821956,-16.4132299460105,
1.00981240936482));
#11597=CARTESIAN_POINT('Ctrl Pts',(-37.3798062685684,-15.0666666666667,
0.285954792089655));
#11598=CARTESIAN_POINT('Ctrl Pts',(-37.100474678951,-15.5118025779552,0.443334102800526));
#11599=CARTESIAN_POINT('Ctrl Pts',(-36.9315498189139,-15.9719494691104,
0.681254244958168));
#11600=CARTESIAN_POINT('Ctrl Pts',(-36.8079435514495,-16.386009432116,0.989545203930764));
#11601=CARTESIAN_POINT('',(-36.8079435514495,-16.386009432116,0.989545203930766));
#11602=CARTESIAN_POINT('',(-37.6539717757248,-16.816605659262,0.693891603159639));
#11603=CARTESIAN_POINT('Origin',(-36.8079435514495,-16.9832113185392,0.187454244716776));
#11604=CARTESIAN_POINT('Ctrl Pts',(-37.6539717757248,-16.816605659262,0.693891603159639));
#11605=CARTESIAN_POINT('Ctrl Pts',(-37.7157749094589,-16.3478230497616,
0.436428307874529));
#11606=CARTESIAN_POINT('Ctrl Pts',(-37.800237339479,-15.8559367196053,0.266000461679755));
#11607=CARTESIAN_POINT('Ctrl Pts',(-37.9399031342842,-15.4,0.171572875253793));
#11608=CARTESIAN_POINT('Ctrl Pts',(-37.3798062685684,-15.0666666666667,
0.285954792089656));
#11609=CARTESIAN_POINT('Ctrl Pts',(-37.100474678951,-15.5118025779552,0.443334102800528));
#11610=CARTESIAN_POINT('Ctrl Pts',(-36.9315498189139,-15.9719494691104,
0.68125424495817));
#11611=CARTESIAN_POINT('Ctrl Pts',(-36.8079435514495,-16.386009432116,0.989545203930766));
#11612=CARTESIAN_POINT('Origin',(-36.5000000000001,-19.4000000000001,12.65));
#11613=CARTESIAN_POINT('',(-36.5000000000001,-18.4,20.3));
#11614=CARTESIAN_POINT('',(-36.5000000000001,-18.4,5.));
#11615=CARTESIAN_POINT('',(-36.5000000000001,-18.4,20.3));
#11616=CARTESIAN_POINT('',(-37.5,-19.4,20.3));
#11617=CARTESIAN_POINT('Origin',(-36.5,-19.4,20.3));
#11618=CARTESIAN_POINT('',(-37.5000000000001,-19.4,5.));
#11619=CARTESIAN_POINT('',(-37.5000000000001,-19.4,5.));
#11620=CARTESIAN_POINT('Origin',(-36.5,-19.4000000000001,5.));
#11621=CARTESIAN_POINT('Ctrl Pts',(-37.6539717757322,-16.8166056592708,
0.693891603150282));
#11622=CARTESIAN_POINT('Ctrl Pts',(-37.5756680197332,-17.4105470479118,
1.02009420543144));
#11623=CARTESIAN_POINT('Ctrl Pts',(-37.4902909129469,-18.7332986601599,
2.10425394341077));
#11624=CARTESIAN_POINT('Ctrl Pts',(-37.5000000000001,-19.4,3.93279735891931));
#11625=CARTESIAN_POINT('Ctrl Pts',(-37.5000000000001,-19.4,5.));
#11626=CARTESIAN_POINT('Ctrl Pts',(-37.5556741204587,-16.6987545041842,
0.819332430718561));
#11627=CARTESIAN_POINT('Ctrl Pts',(-37.4860246769916,-17.26226993028,1.16395927366974));
#11628=CARTESIAN_POINT('Ctrl Pts',(-37.4474939761206,-18.4888033961757,
2.25143814517714));
#11629=CARTESIAN_POINT('Ctrl Pts',(-37.5000000000001,-19.1008006996582,
3.98624565365385));
#11630=CARTESIAN_POINT('Ctrl Pts',(-37.5000000000001,-19.1008006996582,
5.));
#11631=CARTESIAN_POINT('Ctrl Pts',(-37.294033038343,-16.510668434178,0.984528690054996));
#11632=CARTESIAN_POINT('Ctrl Pts',(-37.2067196424523,-17.0302041502672,
1.36159295313554));
#11633=CARTESIAN_POINT('Ctrl Pts',(-37.167225457077,-18.1024185347618,2.48851195135476));
#11634=CARTESIAN_POINT('Ctrl Pts',(-37.2487897937192,-18.5828972905365,
4.07805408993848));
#11635=CARTESIAN_POINT('Ctrl Pts',(-37.2487897937192,-18.5828972905365,
5.));
#11636=CARTESIAN_POINT('Ctrl Pts',(-36.9537263492445,-16.4093413011201,
1.00691709426638));
#11637=CARTESIAN_POINT('Ctrl Pts',(-36.8178608114515,-16.9262257124025,
1.39659124133542));
#11638=CARTESIAN_POINT('Ctrl Pts',(-36.6863773851374,-17.9730397800591,
2.56082377747624));
#11639=CARTESIAN_POINT('Ctrl Pts',(-36.7243994752564,-18.4000000000001,
4.11080902628461));
#11640=CARTESIAN_POINT('Ctrl Pts',(-36.7243994752564,-18.4000000000001,
5.));
#11641=CARTESIAN_POINT('Ctrl Pts',(-36.8079435514641,-16.3860094320669,
0.98954520389423));
#11642=CARTESIAN_POINT('Ctrl Pts',(-36.6513360394663,-16.9106179487123,
1.38014578624363));
#11643=CARTESIAN_POINT('Ctrl Pts',(-36.4805818258936,-17.9739196779819,
2.55566600995185));
#11644=CARTESIAN_POINT('Ctrl Pts',(-36.5,-18.4000000000001,4.11066446576608));
#11645=CARTESIAN_POINT('Ctrl Pts',(-36.5,-18.4000000000001,5.));
#11646=CARTESIAN_POINT('Ctrl Pts',(-37.5000000000001,-19.4,5.));
#11647=CARTESIAN_POINT('Ctrl Pts',(-37.4999999999993,-19.3999999999956,
3.93279735892194));
#11648=CARTESIAN_POINT('Ctrl Pts',(-37.4902909129445,-18.7332986601507,
2.10425394343112));
#11649=CARTESIAN_POINT('Ctrl Pts',(-37.5756680197282,-17.410547047908,1.02009420545871));
#11650=CARTESIAN_POINT('Ctrl Pts',(-37.6539717757248,-16.816605659262,0.693891603159639));
#11651=CARTESIAN_POINT('Ctrl Pts',(-36.8079435514495,-16.386009432116,0.989545203930756));
#11652=CARTESIAN_POINT('Ctrl Pts',(-36.7783575751749,-16.4851174182482,
1.06333668056799));
#11653=CARTESIAN_POINT('Ctrl Pts',(-36.7517491138969,-16.5818418366853,
1.14106913589636));
#11654=CARTESIAN_POINT('Ctrl Pts',(-36.7277911738987,-16.67579315446,1.22254328824356));
#11655=CARTESIAN_POINT('Ctrl Pts',(-36.7038653222936,-16.7696186372578,
1.30390831707541));
#11656=CARTESIAN_POINT('Ctrl Pts',(-36.6825828966995,-16.8606780417199,
1.38900482525868));
#11657=CARTESIAN_POINT('Ctrl Pts',(-36.6636182155311,-16.9486076540175,
1.47758836621143));
#11658=CARTESIAN_POINT('Ctrl Pts',(-36.644675693668,-17.0364345248502,1.56606840161547));
#11659=CARTESIAN_POINT('Ctrl Pts',(-36.6280455030522,-17.1211385425,1.65802707022148));
#11660=CARTESIAN_POINT('Ctrl Pts',(-36.6134031023942,-17.2023872715401,
1.75317831761111));
#11661=CARTESIAN_POINT('Ctrl Pts',(-36.5987705222349,-17.283581507942,1.84826574809482));
#11662=CARTESIAN_POINT('Ctrl Pts',(-36.5861230665493,-17.3613247540502,
1.94654117363832));
#11663=CARTESIAN_POINT('Ctrl Pts',(-36.575136846609,-17.4353205239554,2.04768086600641));
#11664=CARTESIAN_POINT('Ctrl Pts',(-36.5641544233256,-17.5092907221392,
2.14878560615973));
#11665=CARTESIAN_POINT('Ctrl Pts',(-36.5548320877943,-17.5795157419286,
2.25275228815333));
#11666=CARTESIAN_POINT('Ctrl Pts',(-36.5468462869624,-17.6457393816136,
2.35922414744901));
#11667=CARTESIAN_POINT('Ctrl Pts',(-36.5444112885336,-17.6659320287855,
2.3916891206628));
#11668=CARTESIAN_POINT('Ctrl Pts',(-36.5421005527688,-17.6857529499614,
2.42438679535652));
#11669=CARTESIAN_POINT('Ctrl Pts',(-36.5399049072015,-17.7051956821313,
2.45730651895307));
#11670=CARTESIAN_POINT('Ctrl Pts',(-36.5315658474961,-17.7790391597935,
2.58233559680087));
#11671=CARTESIAN_POINT('Ctrl Pts',(-36.5248869404724,-17.8474588585005,
2.7106285271563));
#11672=CARTESIAN_POINT('Ctrl Pts',(-36.5195482334354,-17.9101791496355,
2.84169417408139));
#11673=CARTESIAN_POINT('Ctrl Pts',(-36.5142117522703,-17.9728732907433,
2.97270517568892));
#11674=CARTESIAN_POINT('Ctrl Pts',(-36.5102143537834,-18.0298726169517,
3.10648628422526));
#11675=CARTESIAN_POINT('Ctrl Pts',(-36.5072364853073,-18.0809479884071,
3.24252285083753));
#11676=CARTESIAN_POINT('Ctrl Pts',(-36.5041707309734,-18.1335307477359,
3.38257426580039));
#11677=CARTESIAN_POINT('Ctrl Pts',(-36.5021855734748,-18.1798343244492,
3.52501599193439));
#11678=CARTESIAN_POINT('Ctrl Pts',(-36.5009323240396,-18.2196622234359,
3.66926484528811));
#11679=CARTESIAN_POINT('Ctrl Pts',(-36.4997155533943,-18.2583308371949,
3.80931499449096));
#11680=CARTESIAN_POINT('Ctrl Pts',(-36.4991887030818,-18.2908954180682,
3.95106818809459));
#11681=CARTESIAN_POINT('Ctrl Pts',(-36.4990326548963,-18.3172268791958,
4.09397581791898));
#11682=CARTESIAN_POINT('Ctrl Pts',(-36.4988695892228,-18.3447424663213,
4.24331000489395));
#11683=CARTESIAN_POINT('Ctrl Pts',(-36.4991114254987,-18.3654512190545,
4.39390448579669));
#11684=CARTESIAN_POINT('Ctrl Pts',(-36.4993940281931,-18.379265611164,4.54512202352686));
#11685=CARTESIAN_POINT('Ctrl Pts',(-36.4996766308874,-18.3930800032735,
4.69633956125703));
#11686=CARTESIAN_POINT('Ctrl Pts',(-36.5000000000001,-18.4000000000001,
4.84817973617629));
#11687=CARTESIAN_POINT('Ctrl Pts',(-36.5000000000001,-18.4000000000001,
5.));
#11688=CARTESIAN_POINT('Origin',(-38.5000000000001,-15.4,5.));
#11689=CARTESIAN_POINT('',(-38.5000000000001,-20.4,5.));
#11690=CARTESIAN_POINT('Origin',(-38.5000000000001,-19.4,5.));
#11691=CARTESIAN_POINT('Origin',(-38.5000000000001,-15.4,5.));
#11692=CARTESIAN_POINT('Origin',(-38.5000000000001,-15.4,1.00000000000005));
#11693=CARTESIAN_POINT('Ctrl Pts',(-31.5,-13.4000000000001,0.));
#11694=CARTESIAN_POINT('Ctrl Pts',(-31.5020068762783,-13.4028966764123,
-1.41525151161667E-14));
#11695=CARTESIAN_POINT('Ctrl Pts',(-31.5040140349698,-13.4057932149778,
2.54816918912443E-6));
#11696=CARTESIAN_POINT('Ctrl Pts',(-31.8902721080863,-13.9634591209392,
0.000963150940334927));
#11697=CARTESIAN_POINT('Ctrl Pts',(-32.2802910045212,-14.5250060893578,
0.0944488584313886));
#11698=CARTESIAN_POINT('Ctrl Pts',(-32.6201937314317,-15.0666666666667,
0.285954792089634));
#11699=CARTESIAN_POINT('Ctrl Pts',(-31.5,-13.4000000000001,0.));
#11700=CARTESIAN_POINT('Ctrl Pts',(-31.5016723622506,-13.4030882203614,
-1.41484550685272E-14));
#11701=CARTESIAN_POINT('Ctrl Pts',(-31.503345117518,-13.4061809705672,1.40009681887445E-5));
#11702=CARTESIAN_POINT('Ctrl Pts',(-31.8252075256082,-14.0009626096438,
0.000672341053869352));
#11703=CARTESIAN_POINT('Ctrl Pts',(-32.1503342969468,-14.6001406163863,
0.108457533284493));
#11704=CARTESIAN_POINT('Ctrl Pts',(-32.4185513176838,-15.1603960024728,
0.319093116561918));
#11705=CARTESIAN_POINT('Ctrl Pts',(-31.5,-13.4000000000001,0.));
#11706=CARTESIAN_POINT('Ctrl Pts',(-31.5013385334991,-13.4032808891281,
-1.4149702324542E-14));
#11707=CARTESIAN_POINT('Ctrl Pts',(-31.5026753972961,-13.4065675929029,
1.94126657917393E-5));
#11708=CARTESIAN_POINT('Ctrl Pts',(-31.7602016705027,-14.0385195422674,
0.000317512870824767));
#11709=CARTESIAN_POINT('Ctrl Pts',(-32.0199473500101,-14.6751586425399,
0.0966408105194218));
#11710=CARTESIAN_POINT('Ctrl Pts',(-32.2175893873477,-15.279995511437,0.278053053298032));
#11711=CARTESIAN_POINT('Ctrl Pts',(-31.5,-13.4000000000001,0.));
#11712=CARTESIAN_POINT('Ctrl Pts',(-31.5010034381368,-13.4034760116907,
-1.41569712766805E-14));
#11713=CARTESIAN_POINT('Ctrl Pts',(-31.5020070174849,-13.4069518579733,
1.52890151477491E-6));
#11714=CARTESIAN_POINT('Ctrl Pts',(-31.6951360540431,-14.0761509451267,
0.000577890564201826));
#11715=CARTESIAN_POINT('Ctrl Pts',(-31.8901455022606,-14.7500073072294,
0.0566693150588341));
#11716=CARTESIAN_POINT('Ctrl Pts',(-32.0600968657158,-15.4,0.171572875253782));
#11717=CARTESIAN_POINT('',(-32.0600968657158,-15.4,0.171572875253781));
#11718=CARTESIAN_POINT('',(-32.6201937314317,-15.0666666666667,0.285954792089633));
#11719=CARTESIAN_POINT('Origin',(-32.6201937314317,-15.4,-0.656854249492568));
#11720=CARTESIAN_POINT('Ctrl Pts',(-32.6201937314317,-15.0666666666667,
0.285954792089633));
#11721=CARTESIAN_POINT('Ctrl Pts',(-32.2802910045212,-14.5250060893578,
0.0944488584313929));
#11722=CARTESIAN_POINT('Ctrl Pts',(-31.8902721080863,-13.9634591209392,
0.000963150940344183));
#11723=CARTESIAN_POINT('Ctrl Pts',(-31.5040140349698,-13.4057932149778,
2.54816920289167E-6));
#11724=CARTESIAN_POINT('Ctrl Pts',(-31.5020068762783,-13.4028966764123,
-3.30057046386717E-16));
#11725=CARTESIAN_POINT('Ctrl Pts',(-31.5,-13.4000000000001,0.));
#11726=CARTESIAN_POINT('Ctrl Pts',(-31.5,-13.4000000000001,0.));
#11727=CARTESIAN_POINT('Ctrl Pts',(-31.5010034381368,-13.4034760116907,
-1.4011606297914E-16));
#11728=CARTESIAN_POINT('Ctrl Pts',(-31.5020070174849,-13.4069518579733,
1.52890152879207E-6));
#11729=CARTESIAN_POINT('Ctrl Pts',(-31.6951360540431,-14.0761509451267,
0.000577890564211204));
#11730=CARTESIAN_POINT('Ctrl Pts',(-31.8901455022606,-14.7500073072294,
0.0566693150588386));
#11731=CARTESIAN_POINT('Ctrl Pts',(-32.0600968657158,-15.4,0.171572875253781));
#11732=CARTESIAN_POINT('Ctrl Pts',(-32.6201937314317,-15.0666666666667,
0.285954792089612));
#11733=CARTESIAN_POINT('Ctrl Pts',(-32.8995253210491,-15.5118025779552,
0.443334102800471));
#11734=CARTESIAN_POINT('Ctrl Pts',(-33.0684501810862,-15.9719494691104,
0.681254244958147));
#11735=CARTESIAN_POINT('Ctrl Pts',(-33.1920564485506,-16.3860094321161,
0.98954520393077));
#11736=CARTESIAN_POINT('Ctrl Pts',(-32.5193725245578,-15.1135313345697,
0.302523954325754));
#11737=CARTESIAN_POINT('Ctrl Pts',(-32.770224272637,-15.5532869039661,0.463040739102972));
#11738=CARTESIAN_POINT('Ctrl Pts',(-32.9175350302104,-16.0063604195315,
0.702305910397683));
#11739=CARTESIAN_POINT('Ctrl Pts',(-33.0219765178045,-16.4132299460105,
1.00981240936482));
#11740=CARTESIAN_POINT('Ctrl Pts',(-32.3177613082167,-15.220011833829,0.299550398807239));
#11741=CARTESIAN_POINT('Ctrl Pts',(-32.5117129316702,-15.6579343304601,
0.451944202363523));
#11742=CARTESIAN_POINT('Ctrl Pts',(-32.6157399565778,-16.1108344506614,
0.680255357121764));
#11743=CARTESIAN_POINT('Ctrl Pts',(-32.6821247315498,-16.5228369692816,
0.9761514449186));
#11744=CARTESIAN_POINT('Ctrl Pts',(-32.1388431265318,-15.3399977557185,
0.224812964275863));
#11745=CARTESIAN_POINT('Ctrl Pts',(-32.2917351818787,-15.7889151115179,
0.341931437744756));
#11746=CARTESIAN_POINT('Ctrl Pts',(-32.3761641183118,-16.2656662202636,
0.533509127572044));
#11747=CARTESIAN_POINT('Ctrl Pts',(-32.4320386726389,-16.7134858986231,
0.803652327304494));
#11748=CARTESIAN_POINT('Ctrl Pts',(-32.0600968657158,-15.4,0.171572875253719));
#11749=CARTESIAN_POINT('Ctrl Pts',(-32.1997626605244,-15.8559367196261,
0.266000461680194));
#11750=CARTESIAN_POINT('Ctrl Pts',(-32.284225090543,-16.3478230498064,0.436428307881534));
#11751=CARTESIAN_POINT('Ctrl Pts',(-32.3460282242753,-16.8166056593265,
0.693891603180718));
#11752=CARTESIAN_POINT('',(-32.3460282242753,-16.8166056592621,0.693891603159651));
#11753=CARTESIAN_POINT('',(-33.1920564485506,-16.3860094321161,0.98954520393077));
#11754=CARTESIAN_POINT('Origin',(-33.1920564485506,-16.9832113185392,0.187454244716804));
#11755=CARTESIAN_POINT('Ctrl Pts',(-33.1920564485506,-16.3860094321161,
0.98954520393077));
#11756=CARTESIAN_POINT('Ctrl Pts',(-33.0684501810862,-15.9719494691104,
0.681254244958158));
#11757=CARTESIAN_POINT('Ctrl Pts',(-32.8995253210491,-15.5118025779552,
0.44333410280049));
#11758=CARTESIAN_POINT('Ctrl Pts',(-32.6201937314317,-15.0666666666667,
0.285954792089633));
#11759=CARTESIAN_POINT('Ctrl Pts',(-32.0600968657158,-15.4,0.171572875253781));
#11760=CARTESIAN_POINT('Ctrl Pts',(-32.199762660521,-15.8559367196053,0.26600046167972));
#11761=CARTESIAN_POINT('Ctrl Pts',(-32.2842250905411,-16.3478230497617,
0.436428307874514));
#11762=CARTESIAN_POINT('Ctrl Pts',(-32.3460282242753,-16.8166056592621,
0.693891603159651));
#11763=CARTESIAN_POINT('Origin',(-33.5,-19.4000000000001,12.65));
#11764=CARTESIAN_POINT('',(-32.5,-19.4,20.3));
#11765=CARTESIAN_POINT('',(-32.5,-19.4,5.));
#11766=CARTESIAN_POINT('',(-32.5,-19.4,20.3));
#11767=CARTESIAN_POINT('',(-33.5,-18.4000000000001,20.3));
#11768=CARTESIAN_POINT('Origin',(-33.5,-19.4000000000001,20.3));
#11769=CARTESIAN_POINT('',(-33.5,-18.4000000000001,4.99999999999999));
#11770=CARTESIAN_POINT('',(-33.5,-18.4000000000001,4.99999999999999));
#11771=CARTESIAN_POINT('Origin',(-33.5,-19.4000000000001,4.99999999999999));
#11772=CARTESIAN_POINT('Ctrl Pts',(-33.192056448536,-16.3860094320671,0.989545203894295));
#11773=CARTESIAN_POINT('Ctrl Pts',(-33.4008664645322,-17.0854874542582,
1.51034598035819));
#11774=CARTESIAN_POINT('Ctrl Pts',(-33.5108311489583,-18.0865979669375,
2.77621688683578));
#11775=CARTESIAN_POINT('Ctrl Pts',(-33.5,-18.4000000000001,4.33299834932456));
#11776=CARTESIAN_POINT('Ctrl Pts',(-33.5,-18.4000000000001,5.));
#11777=CARTESIAN_POINT('Ctrl Pts',(-32.9976793848288,-16.4171185908046,
1.01270772439047));
#11778=CARTESIAN_POINT('Ctrl Pts',(-33.1693960063133,-17.102618418007,1.53207927400788));
#11779=CARTESIAN_POINT('Ctrl Pts',(-33.2306216627992,-18.0846544835043,
2.78068250707477));
#11780=CARTESIAN_POINT('Ctrl Pts',(-33.2008006996581,-18.4000000000001,
4.33342467582786));
#11781=CARTESIAN_POINT('Ctrl Pts',(-33.2008006996581,-18.4000000000001,
5.));
#11782=CARTESIAN_POINT('Ctrl Pts',(-32.6582328902427,-16.5349609492192,
0.967850616747213));
#11783=CARTESIAN_POINT('Ctrl Pts',(-32.7661008519405,-17.2342473389536,
1.46482553029799));
#11784=CARTESIAN_POINT('Ctrl Pts',(-32.7437052262413,-18.2780558118323,
2.6763488575034));
#11785=CARTESIAN_POINT('Ctrl Pts',(-32.6828845964395,-18.6511996266235,
4.29937378808244));
#11786=CARTESIAN_POINT('Ctrl Pts',(-32.6828845964395,-18.6511996266235,
5.));
#11787=CARTESIAN_POINT('Ctrl Pts',(-32.4197514657231,-16.7282172929559,
0.78797222382654));
#11788=CARTESIAN_POINT('Ctrl Pts',(-32.515685730914,-17.4898869969186,1.24117813924458));
#11789=CARTESIAN_POINT('Ctrl Pts',(-32.5292638841804,-18.710408656426,2.44502811236377));
#11790=CARTESIAN_POINT('Ctrl Pts',(-32.5,-19.1756005247437,4.22947174922946));
#11791=CARTESIAN_POINT('Ctrl Pts',(-32.5,-19.1756005247437,5.));
#11792=CARTESIAN_POINT('Ctrl Pts',(-32.3460282242679,-16.8166056592709,
0.693891603150323));
#11793=CARTESIAN_POINT('Ctrl Pts',(-32.4504332322661,-17.6085275107891,
1.12882840618978));
#11794=CARTESIAN_POINT('Ctrl Pts',(-32.5054155744791,-18.9056392997868,
2.34332781650533));
#11795=CARTESIAN_POINT('Ctrl Pts',(-32.5,-19.4000000000001,4.1995980191895));
#11796=CARTESIAN_POINT('Ctrl Pts',(-32.5,-19.4000000000001,5.));
#11797=CARTESIAN_POINT('Ctrl Pts',(-33.5,-18.4000000000001,4.99999999999999));
#11798=CARTESIAN_POINT('Ctrl Pts',(-33.5,-18.4000000000001,4.33299834932453));
#11799=CARTESIAN_POINT('Ctrl Pts',(-33.5108311489582,-18.0865979669418,
2.77621688685645));
#11800=CARTESIAN_POINT('Ctrl Pts',(-33.4008664645352,-17.0854874542851,
1.5103459803918));
#11801=CARTESIAN_POINT('Ctrl Pts',(-33.1920564485506,-16.3860094321161,
0.98954520393077));
#11802=CARTESIAN_POINT('Ctrl Pts',(-32.3460282242753,-16.8166056592621,
0.693891603159651));
#11803=CARTESIAN_POINT('Ctrl Pts',(-32.4504332322705,-17.6085275107859,
1.12882840621816));
#11804=CARTESIAN_POINT('Ctrl Pts',(-32.5054155744813,-18.9056392997778,
2.34332781652499));
#11805=CARTESIAN_POINT('Ctrl Pts',(-32.5000000000006,-19.3999999999967,
4.19959801919148));
#11806=CARTESIAN_POINT('Ctrl Pts',(-32.5,-19.4,5.));
#11807=CARTESIAN_POINT('Origin',(-35.,-13.4000000000001,5.));
#11808=CARTESIAN_POINT('',(-33.5,-18.4000000000001,4.99999999999999));
#11809=CARTESIAN_POINT('Origin',(-33.08,-18.4000000000001,3.34999999999999));
#11810=CARTESIAN_POINT('',(-33.5,-18.4000000000001,20.3));
#11811=CARTESIAN_POINT('Ctrl Pts',(-23.5000000000001,-13.4,0.));
#11812=CARTESIAN_POINT('Ctrl Pts',(-23.4990422512817,-13.403317738869,0.));
#11813=CARTESIAN_POINT('Ctrl Pts',(-23.4980843672123,-13.4066353189809,
1.39370592239101E-6));
#11814=CARTESIAN_POINT('Ctrl Pts',(-23.3049559745648,-14.075832916587,0.000551261533629538));
#11815=CARTESIAN_POINT('Ctrl Pts',(-23.1098944613545,-14.7498544631614,
0.0566422957896169));
#11816=CARTESIAN_POINT('Ctrl Pts',(-22.9399031342842,-15.4,0.171572875253799));
#11817=CARTESIAN_POINT('Ctrl Pts',(-23.5000000000001,-13.4,0.));
#11818=CARTESIAN_POINT('Ctrl Pts',(-23.4987223865823,-13.4031314167702,
0.));
#11819=CARTESIAN_POINT('Ctrl Pts',(-23.4974464456046,-13.4062686277535,
1.90781669664837E-5));
#11820=CARTESIAN_POINT('Ctrl Pts',(-23.2399209069075,-14.0382191647985,
0.000272531605289976));
#11821=CARTESIAN_POINT('Ctrl Pts',(-22.9800991035247,-14.6750163737259,
0.0965977438315807));
#11822=CARTESIAN_POINT('Ctrl Pts',(-22.7824106126524,-15.279995511437,0.278053053298062));
#11823=CARTESIAN_POINT('Ctrl Pts',(-23.5000000000001,-13.4,0.));
#11824=CARTESIAN_POINT('Ctrl Pts',(-23.4984037861694,-13.402947539627,0.));
#11825=CARTESIAN_POINT('Ctrl Pts',(-23.4968071932286,-13.4058995922667,
1.36745955498653E-5));
#11826=CARTESIAN_POINT('Ctrl Pts',(-23.1749458959572,-14.0006799012647,
0.000621660558353116));
#11827=CARTESIAN_POINT('Ctrl Pts',(-22.849728771615,-14.6000088418703,0.108407732632821));
#11828=CARTESIAN_POINT('Ctrl Pts',(-22.5814486823162,-15.1603960024727,
0.319093116561954));
#11829=CARTESIAN_POINT('Ctrl Pts',(-23.5000000000001,-13.4,0.));
#11830=CARTESIAN_POINT('Ctrl Pts',(-23.4980845025653,-13.4027647823875,
0.));
#11831=CARTESIAN_POINT('Ctrl Pts',(-23.4961687344244,-13.4055294324841,
2.32284320560546E-6));
#11832=CARTESIAN_POINT('Ctrl Pts',(-23.1099119491299,-13.9631940971561,
0.00091876922278222));
#11833=CARTESIAN_POINT('Ctrl Pts',(-22.7197889227089,-14.5248787193011,
0.0944038263160291));
#11834=CARTESIAN_POINT('Ctrl Pts',(-22.3798062685684,-15.0666666666666,
0.285954792089665));
#11835=CARTESIAN_POINT('',(-22.3798062685684,-15.0666666666666,0.285954792089664));
#11836=CARTESIAN_POINT('',(-22.9399031342842,-15.4,0.171572875253796));
#11837=CARTESIAN_POINT('Origin',(-22.3798062685685,-15.3999999999997,-0.656854249492449));
#11838=CARTESIAN_POINT('Ctrl Pts',(-22.9399031342842,-15.4,0.171572875253796));
#11839=CARTESIAN_POINT('Ctrl Pts',(-23.1098944613545,-14.7498544631614,
0.0566422957896163));
#11840=CARTESIAN_POINT('Ctrl Pts',(-23.3049559745648,-14.075832916587,0.000551261533629636));
#11841=CARTESIAN_POINT('Ctrl Pts',(-23.4980843672123,-13.4066353189809,
1.393705922392E-6));
#11842=CARTESIAN_POINT('Ctrl Pts',(-23.4990422512817,-13.403317738869,5.04165749005681E-19));
#11843=CARTESIAN_POINT('Ctrl Pts',(-23.5000000000001,-13.4,0.));
#11844=CARTESIAN_POINT('Ctrl Pts',(-23.5000000000001,-13.4,0.));
#11845=CARTESIAN_POINT('Ctrl Pts',(-23.4980845025653,-13.4027647823875,
4.64245815151448E-18));
#11846=CARTESIAN_POINT('Ctrl Pts',(-23.4961687344244,-13.4055294324841,
2.3228432056148E-6));
#11847=CARTESIAN_POINT('Ctrl Pts',(-23.1099119491299,-13.9631940971561,
0.000918769222783144));
#11848=CARTESIAN_POINT('Ctrl Pts',(-22.7197889227089,-14.5248787193011,
0.0944038263160296));
#11849=CARTESIAN_POINT('Ctrl Pts',(-22.3798062685684,-15.0666666666666,
0.285954792089664));
#11850=CARTESIAN_POINT('Ctrl Pts',(-22.9399031342843,-15.3999999999999,
0.171572875253812));
#11851=CARTESIAN_POINT('Ctrl Pts',(-22.8002373394756,-15.8559367196262,
0.266000461680328));
#11852=CARTESIAN_POINT('Ctrl Pts',(-22.715774909457,-16.3478230498064,0.436428307881664));
#11853=CARTESIAN_POINT('Ctrl Pts',(-22.6539717757248,-16.8166056593264,
0.693891603180843));
#11854=CARTESIAN_POINT('Ctrl Pts',(-22.8611568734684,-15.3399977557184,
0.224812964275938));
#11855=CARTESIAN_POINT('Ctrl Pts',(-22.7082648181214,-15.788915111518,0.341931437744862));
#11856=CARTESIAN_POINT('Ctrl Pts',(-22.6238358816883,-16.2656662202636,
0.533509127572143));
#11857=CARTESIAN_POINT('Ctrl Pts',(-22.5679613273613,-16.7134858986231,
0.80365232730459));
#11858=CARTESIAN_POINT('Ctrl Pts',(-22.6822398310185,-15.2200111558301,
0.299554001495566));
#11859=CARTESIAN_POINT('Ctrl Pts',(-22.4882882075651,-15.6579336524612,
0.451947805051871));
#11860=CARTESIAN_POINT('Ctrl Pts',(-22.3842704058684,-16.1108250952826,
0.680271384428858));
#11861=CARTESIAN_POINT('Ctrl Pts',(-22.3178856308964,-16.5228276139028,
0.976167472225695));
#11862=CARTESIAN_POINT('Ctrl Pts',(-22.4806274754423,-15.1135313345696,
0.302523954325806));
#11863=CARTESIAN_POINT('Ctrl Pts',(-22.2297757273632,-15.5532869039661,
0.463040739103035));
#11864=CARTESIAN_POINT('Ctrl Pts',(-22.0824649697897,-16.0063604195315,
0.70230591039774));
#11865=CARTESIAN_POINT('Ctrl Pts',(-21.9780234821955,-16.4132299460105,
1.00981240936489));
#11866=CARTESIAN_POINT('Ctrl Pts',(-22.3798062685684,-15.0666666666666,
0.285954792089655));
#11867=CARTESIAN_POINT('Ctrl Pts',(-22.1004746789511,-15.5118025779551,
0.443334102800517));
#11868=CARTESIAN_POINT('Ctrl Pts',(-21.9315498189138,-15.9719494691104,
0.681254244958187));
#11869=CARTESIAN_POINT('Ctrl Pts',(-21.8079435514494,-16.3860094321161,
0.989545203930817));
#11870=CARTESIAN_POINT('',(-21.8079435514495,-16.3860094321161,0.989545203930821));
#11871=CARTESIAN_POINT('',(-22.6539717757248,-16.8166056592621,0.693891603159694));
#11872=CARTESIAN_POINT('Origin',(-21.8079435514496,-16.9832113185392,0.187454244717107));
#11873=CARTESIAN_POINT('Ctrl Pts',(-22.6539717757248,-16.8166056592621,
0.693891603159694));
#11874=CARTESIAN_POINT('Ctrl Pts',(-22.7157749094589,-16.3478230497617,
0.436428307874565));
#11875=CARTESIAN_POINT('Ctrl Pts',(-22.8002373394789,-15.8559367196054,
0.266000461679775));
#11876=CARTESIAN_POINT('Ctrl Pts',(-22.9399031342842,-15.4,0.171572875253796));
#11877=CARTESIAN_POINT('Ctrl Pts',(-22.3798062685684,-15.0666666666666,
0.285954792089664));
#11878=CARTESIAN_POINT('Ctrl Pts',(-22.1004746789511,-15.5118025779552,
0.443334102800561));
#11879=CARTESIAN_POINT('Ctrl Pts',(-21.9315498189139,-15.9719494691104,
0.681254244958213));
#11880=CARTESIAN_POINT('Ctrl Pts',(-21.8079435514495,-16.3860094321161,
0.989545203930821));
#11881=CARTESIAN_POINT('Origin',(-21.5000000000001,-19.4000000000001,12.65));
#11882=CARTESIAN_POINT('',(-21.5000000000001,-18.4,20.3));
#11883=CARTESIAN_POINT('',(-21.5000000000001,-18.4,5.));
#11884=CARTESIAN_POINT('',(-21.5000000000001,-18.4,20.3));
#11885=CARTESIAN_POINT('',(-22.5,-19.4,20.3));
#11886=CARTESIAN_POINT('Origin',(-21.5,-19.4,20.3));
#11887=CARTESIAN_POINT('',(-22.5000000000001,-19.4,5.));
#11888=CARTESIAN_POINT('',(-22.5000000000001,-19.4,5.));
#11889=CARTESIAN_POINT('Origin',(-21.5,-19.4000000000001,5.));
#11890=CARTESIAN_POINT('Ctrl Pts',(-22.6539717757322,-16.8166056592709,
0.693891603150367));
#11891=CARTESIAN_POINT('Ctrl Pts',(-22.549566767734,-17.6085275107892,1.1288284061899));
#11892=CARTESIAN_POINT('Ctrl Pts',(-22.4945945101977,-18.905673147651,2.34328238115099));
#11893=CARTESIAN_POINT('Ctrl Pts',(-22.5000000000001,-19.4,4.19959801918949));
#11894=CARTESIAN_POINT('Ctrl Pts',(-22.5000000000001,-19.4,5.));
#11895=CARTESIAN_POINT('Ctrl Pts',(-22.5556741204588,-16.6987545041843,
0.819332430718649));
#11896=CARTESIAN_POINT('Ctrl Pts',(-22.4628081958364,-17.4501084056424,
1.27883488798484));
#11897=CARTESIAN_POINT('Ctrl Pts',(-22.4627253972453,-18.6453434150151,
2.47951611301697));
#11898=CARTESIAN_POINT('Ctrl Pts',(-22.5000000000001,-19.1008006996582,
4.2396842402404));
#11899=CARTESIAN_POINT('Ctrl Pts',(-22.5000000000001,-19.1008006996582,
5.));
#11900=CARTESIAN_POINT('Ctrl Pts',(-22.294038218768,-16.5106629317358,0.984537811152499));
#11901=CARTESIAN_POINT('Ctrl Pts',(-22.1776203575809,-17.2033772198521,
1.48729016192448));
#11902=CARTESIAN_POINT('Ctrl Pts',(-22.190540463686,-18.2255035817103,2.70530046295316));
#11903=CARTESIAN_POINT('Ctrl Pts',(-22.2488270060107,-18.5828526410347,
4.30854056745388));
#11904=CARTESIAN_POINT('Ctrl Pts',(-22.2488270060107,-18.5828526410348,
5.));
#11905=CARTESIAN_POINT('Ctrl Pts',(-21.9537263492445,-16.4093413011202,
1.00691709426647));
#11906=CARTESIAN_POINT('Ctrl Pts',(-21.7725722988546,-17.0985205161607,
1.52648262368979));
#11907=CARTESIAN_POINT('Ctrl Pts',(-21.6994010805529,-18.0851508203262,
2.77902759634456));
#11908=CARTESIAN_POINT('Ctrl Pts',(-21.7243994752564,-18.4000000000001,
4.33310676971347));
#11909=CARTESIAN_POINT('Ctrl Pts',(-21.7243994752564,-18.4000000000001,
5.));
#11910=CARTESIAN_POINT('Ctrl Pts',(-21.8079435514642,-16.386009432067,0.989545203894325));
#11911=CARTESIAN_POINT('Ctrl Pts',(-21.599133535468,-17.0854874542581,1.51034598035813));
#11912=CARTESIAN_POINT('Ctrl Pts',(-21.489189020395,-18.0866182754108,2.77621184153723));
#11913=CARTESIAN_POINT('Ctrl Pts',(-21.5,-18.4000000000001,4.33299834932457));
#11914=CARTESIAN_POINT('Ctrl Pts',(-21.5,-18.4000000000001,5.));
#11915=CARTESIAN_POINT('Ctrl Pts',(-22.5000000000001,-19.4,5.));
#11916=CARTESIAN_POINT('Ctrl Pts',(-22.4999999999995,-19.3999999999967,
4.19959801919146));
#11917=CARTESIAN_POINT('Ctrl Pts',(-22.4945945101955,-18.9056731476421,
2.34328238117064));
#11918=CARTESIAN_POINT('Ctrl Pts',(-22.5495667677296,-17.608527510786,1.12882840621828));
#11919=CARTESIAN_POINT('Ctrl Pts',(-22.6539717757248,-16.8166056592621,
0.693891603159694));
#11920=CARTESIAN_POINT('Ctrl Pts',(-21.8079435514495,-16.3860094321161,
0.989545203930821));
#11921=CARTESIAN_POINT('Ctrl Pts',(-21.599133535465,-17.0854874542851,1.51034598039177));
#11922=CARTESIAN_POINT('Ctrl Pts',(-21.4891890203952,-18.0866182754151,
2.77621184155792));
#11923=CARTESIAN_POINT('Ctrl Pts',(-21.5000000000001,-18.4000000000001,
4.33299834932455));
#11924=CARTESIAN_POINT('Ctrl Pts',(-21.5000000000001,-18.4,5.));
#11925=CARTESIAN_POINT('Origin',(-23.5000000000001,-15.4,5.00000000000003));
#11926=CARTESIAN_POINT('',(-23.5000000000001,-20.4,5.));
#11927=CARTESIAN_POINT('Origin',(-23.5000000000001,-19.4,5.));
#11928=CARTESIAN_POINT('Origin',(-23.5000000000001,-15.4,5.00000000000003));
#11929=CARTESIAN_POINT('Origin',(-23.5000000000001,-15.4000000000001,1.00000000000009));
#11930=CARTESIAN_POINT('Ctrl Pts',(-15.5,-13.4000000000002,0.));
#11931=CARTESIAN_POINT('Ctrl Pts',(-15.5020068762789,-13.4028966764111,
-1.15122928332808E-14));
#11932=CARTESIAN_POINT('Ctrl Pts',(-15.5040140374676,-13.4057932137943,
2.54830263768912E-6));
#11933=CARTESIAN_POINT('Ctrl Pts',(-15.8902714095597,-13.9634594517176,
0.000963113338127405));
#11934=CARTESIAN_POINT('Ctrl Pts',(-16.2802910045211,-14.5250060893576,
0.0944488584312936));
#11935=CARTESIAN_POINT('Ctrl Pts',(-16.6201937314317,-15.0666666666667,
0.285954792089637));
#11936=CARTESIAN_POINT('Ctrl Pts',(-15.5,-13.4000000000002,0.));
#11937=CARTESIAN_POINT('Ctrl Pts',(-15.5016723622512,-13.4030882203603,
-1.1508526540061E-14));
#11938=CARTESIAN_POINT('Ctrl Pts',(-15.5033451200159,-13.4061809693837,
1.4001101637021E-5));
#11939=CARTESIAN_POINT('Ctrl Pts',(-15.8252068270817,-14.0009629404221,
0.000672303451647336));
#11940=CARTESIAN_POINT('Ctrl Pts',(-16.1503342969466,-14.600140616386,0.108457533284394));
#11941=CARTESIAN_POINT('Ctrl Pts',(-16.4185513176838,-15.1603960024728,
0.319093116561921));
#11942=CARTESIAN_POINT('Ctrl Pts',(-15.5,-13.4000000000002,0.));
#11943=CARTESIAN_POINT('Ctrl Pts',(-15.5013385334998,-13.4032808891272,
-1.15090771114768E-14));
#11944=CARTESIAN_POINT('Ctrl Pts',(-15.502675398545,-13.4065675914829,1.94127458608515E-5));
#11945=CARTESIAN_POINT('Ctrl Pts',(-15.7602013212393,-14.0385199392014,
0.000317490309457277));
#11946=CARTESIAN_POINT('Ctrl Pts',(-16.01994735001,-14.6751586425396,0.0966408105193529));
#11947=CARTESIAN_POINT('Ctrl Pts',(-16.2175893873477,-15.279995511437,0.278053053298035));
#11948=CARTESIAN_POINT('Ctrl Pts',(-15.5,-13.4000000000002,0.));
#11949=CARTESIAN_POINT('Ctrl Pts',(-15.5010034381375,-13.4034760116899,
-1.15145209135375E-14));
#11950=CARTESIAN_POINT('Ctrl Pts',(-15.5020070187338,-13.4069518565532,
1.52898158386736E-6));
#11951=CARTESIAN_POINT('Ctrl Pts',(-15.6951357047799,-14.0761513420607,
0.000577868002877195));
#11952=CARTESIAN_POINT('Ctrl Pts',(-15.8901455022605,-14.750007307229,0.0566693150587775));
#11953=CARTESIAN_POINT('Ctrl Pts',(-16.0600968657158,-15.4,0.171572875253784));
#11954=CARTESIAN_POINT('',(-16.0600968657158,-15.4,0.171572875253781));
#11955=CARTESIAN_POINT('',(-16.6201937314317,-15.0666666666667,0.285954792089634));
#11956=CARTESIAN_POINT('Origin',(-16.6201937314317,-15.4,-0.656854249492599));
#11957=CARTESIAN_POINT('Ctrl Pts',(-16.6201937314317,-15.0666666666667,
0.285954792089634));
#11958=CARTESIAN_POINT('Ctrl Pts',(-16.2802910045211,-14.5250060893576,
0.0944488584312966));
#11959=CARTESIAN_POINT('Ctrl Pts',(-15.8902714095597,-13.9634594517176,
0.000963113338135054));
#11960=CARTESIAN_POINT('Ctrl Pts',(-15.5040140374676,-13.4057932137943,
2.54830264895932E-6));
#11961=CARTESIAN_POINT('Ctrl Pts',(-15.5020068762789,-13.4028966764111,
-2.428435342071E-16));
#11962=CARTESIAN_POINT('Ctrl Pts',(-15.5,-13.4000000000002,0.));
#11963=CARTESIAN_POINT('Ctrl Pts',(-15.5,-13.4000000000002,0.));
#11964=CARTESIAN_POINT('Ctrl Pts',(-15.5010034381375,-13.4034760116899,
-1.36885211326163E-16));
#11965=CARTESIAN_POINT('Ctrl Pts',(-15.5020070187338,-13.4069518565532,
1.52898159521514E-6));
#11966=CARTESIAN_POINT('Ctrl Pts',(-15.6951357047799,-14.0761513420607,
0.000577868002884329));
#11967=CARTESIAN_POINT('Ctrl Pts',(-15.8901455022605,-14.750007307229,0.0566693150587798));
#11968=CARTESIAN_POINT('Ctrl Pts',(-16.0600968657158,-15.4,0.171572875253781));
#11969=CARTESIAN_POINT('Ctrl Pts',(-16.6201937314317,-15.0666666666667,
0.285954792089619));
#11970=CARTESIAN_POINT('Ctrl Pts',(-16.899525321049,-15.5118025779552,0.443334102800479));
#11971=CARTESIAN_POINT('Ctrl Pts',(-17.0684501810862,-15.9719494691104,
0.681254244958166));
#11972=CARTESIAN_POINT('Ctrl Pts',(-17.1920564485506,-16.3860094321161,
0.989545203930798));
#11973=CARTESIAN_POINT('Ctrl Pts',(-16.5193725245578,-15.1135313345697,
0.302523954325761));
#11974=CARTESIAN_POINT('Ctrl Pts',(-16.7702242726369,-15.5532869039661,
0.463040739102973));
#11975=CARTESIAN_POINT('Ctrl Pts',(-16.9175350302104,-16.0063604195315,
0.702305910397703));
#11976=CARTESIAN_POINT('Ctrl Pts',(-17.0219765178045,-16.4132299460106,
1.00981240936485));
#11977=CARTESIAN_POINT('Ctrl Pts',(-16.3177593728133,-15.2200106820024,
0.299556519277888));
#11978=CARTESIAN_POINT('Ctrl Pts',(-16.5117109962668,-15.6579331786335,
0.451950322834157));
#11979=CARTESIAN_POINT('Ctrl Pts',(-16.6157223522106,-16.1108185571627,
0.680282585306648));
#11980=CARTESIAN_POINT('Ctrl Pts',(-16.6821071271827,-16.522821075783,0.976178673103488));
#11981=CARTESIAN_POINT('Ctrl Pts',(-16.1388431265318,-15.3399977557185,
0.224812964275872));
#11982=CARTESIAN_POINT('Ctrl Pts',(-16.2917351818786,-15.7889151115178,
0.341931437744744));
#11983=CARTESIAN_POINT('Ctrl Pts',(-16.3761641183117,-16.2656662202636,
0.533509127572069));
#11984=CARTESIAN_POINT('Ctrl Pts',(-16.4320386726388,-16.7134858986232,
0.803652327304521));
#11985=CARTESIAN_POINT('Ctrl Pts',(-16.0600968657158,-15.4,0.171572875253728));
#11986=CARTESIAN_POINT('Ctrl Pts',(-16.1997626605244,-15.855936719626,0.266000461680181));
#11987=CARTESIAN_POINT('Ctrl Pts',(-16.284225090543,-16.3478230498064,0.436428307881559));
#11988=CARTESIAN_POINT('Ctrl Pts',(-16.3460282242752,-16.8166056593265,
0.693891603180744));
#11989=CARTESIAN_POINT('',(-16.3460282242753,-16.8166056592622,0.693891603159677));
#11990=CARTESIAN_POINT('',(-17.1920564485506,-16.3860094321161,0.989545203930798));
#11991=CARTESIAN_POINT('Origin',(-17.1920564485506,-16.9832113185393,0.187454244716976));
#11992=CARTESIAN_POINT('Ctrl Pts',(-17.1920564485506,-16.3860094321161,
0.989545203930798));
#11993=CARTESIAN_POINT('Ctrl Pts',(-17.0684501810862,-15.9719494691104,
0.681254244958175));
#11994=CARTESIAN_POINT('Ctrl Pts',(-16.899525321049,-15.5118025779552,0.443334102800493));
#11995=CARTESIAN_POINT('Ctrl Pts',(-16.6201937314317,-15.0666666666667,
0.285954792089634));
#11996=CARTESIAN_POINT('Ctrl Pts',(-16.0600968657158,-15.4,0.171572875253781));
#11997=CARTESIAN_POINT('Ctrl Pts',(-16.199762660521,-15.8559367196053,0.266000461679692));
#11998=CARTESIAN_POINT('Ctrl Pts',(-16.2842250905411,-16.3478230497617,
0.436428307874528));
#11999=CARTESIAN_POINT('Ctrl Pts',(-16.3460282242753,-16.8166056592622,
0.693891603159677));
#12000=CARTESIAN_POINT('Origin',(-17.5,-19.4000000000001,12.65));
#12001=CARTESIAN_POINT('',(-16.5,-19.4,20.3));
#12002=CARTESIAN_POINT('',(-16.5,-19.4,5.));
#12003=CARTESIAN_POINT('',(-16.5,-19.4,20.3));
#12004=CARTESIAN_POINT('',(-17.5,-18.4000000000001,20.3));
#12005=CARTESIAN_POINT('Origin',(-17.5,-19.4000000000001,20.3));
#12006=CARTESIAN_POINT('',(-17.5,-18.4000000000001,4.99999999999999));
#12007=CARTESIAN_POINT('',(-17.5,-18.4000000000001,4.99999999999999));
#12008=CARTESIAN_POINT('Origin',(-17.5,-19.4000000000001,4.99999999999999));
#12009=CARTESIAN_POINT('Ctrl Pts',(-17.192056448536,-16.3860094320671,0.989545203894319));
#12010=CARTESIAN_POINT('Ctrl Pts',(-17.4008664645321,-17.0854874542583,
1.51034598035823));
#12011=CARTESIAN_POINT('Ctrl Pts',(-17.510794628161,-18.0866347396405,2.77620775127628));
#12012=CARTESIAN_POINT('Ctrl Pts',(-17.5,-18.4000000000001,4.33299834932457));
#12013=CARTESIAN_POINT('Ctrl Pts',(-17.5,-18.4000000000001,5.));
#12014=CARTESIAN_POINT('Ctrl Pts',(-16.9976793848288,-16.4171185908046,
1.01270772439049));
#12015=CARTESIAN_POINT('Ctrl Pts',(-17.1693960063133,-17.1026184180071,
1.53207927400794));
#12016=CARTESIAN_POINT('Ctrl Pts',(-17.2305861709268,-18.0846922736477,
2.78062209714981));
#12017=CARTESIAN_POINT('Ctrl Pts',(-17.2008006996581,-18.4000000000001,
4.33342467582787));
#12018=CARTESIAN_POINT('Ctrl Pts',(-17.2008006996581,-18.4000000000001,
5.));
#12019=CARTESIAN_POINT('Ctrl Pts',(-16.6582247797978,-16.5349546813337,
0.967861744866826));
#12020=CARTESIAN_POINT('Ctrl Pts',(-16.7660927414956,-17.2342410710681,
1.46483665841769));
#12021=CARTESIAN_POINT('Ctrl Pts',(-16.7436295567398,-18.2780627311503,
2.67632136867556));
#12022=CARTESIAN_POINT('Ctrl Pts',(-16.6828275670311,-18.6511520965306,
4.29937378808245));
#12023=CARTESIAN_POINT('Ctrl Pts',(-16.6828275670311,-18.6511520965306,
5.));
#12024=CARTESIAN_POINT('Ctrl Pts',(-16.419751465723,-16.728217292956,0.787972223826564));
#12025=CARTESIAN_POINT('Ctrl Pts',(-16.515685730914,-17.4898869969188,1.24117813924471));
#12026=CARTESIAN_POINT('Ctrl Pts',(-16.5292411504066,-18.7104670126257,
2.44495782998176));
#12027=CARTESIAN_POINT('Ctrl Pts',(-16.5,-19.1756005247437,4.22947174922947));
#12028=CARTESIAN_POINT('Ctrl Pts',(-16.5,-19.1756005247437,5.));
#12029=CARTESIAN_POINT('Ctrl Pts',(-16.3460282242679,-16.816605659271,0.693891603150349));
#12030=CARTESIAN_POINT('Ctrl Pts',(-16.4504332322661,-17.6085275107893,
1.12882840618992));
#12031=CARTESIAN_POINT('Ctrl Pts',(-16.5053973140804,-18.9057005883651,
2.34324554637295));
#12032=CARTESIAN_POINT('Ctrl Pts',(-16.5,-19.4000000000001,4.19959801918951));
#12033=CARTESIAN_POINT('Ctrl Pts',(-16.5,-19.4000000000001,5.));
#12034=CARTESIAN_POINT('Ctrl Pts',(-17.5,-18.4000000000001,4.99999999999999));
#12035=CARTESIAN_POINT('Ctrl Pts',(-17.5,-18.4000000000001,4.33299834932454));
#12036=CARTESIAN_POINT('Ctrl Pts',(-17.5107946281609,-18.0866347396448,
2.77620775129695));
#12037=CARTESIAN_POINT('Ctrl Pts',(-17.4008664645351,-17.0854874542852,
1.51034598039185));
#12038=CARTESIAN_POINT('Ctrl Pts',(-17.1920564485506,-16.3860094321161,
0.989545203930798));
#12039=CARTESIAN_POINT('Ctrl Pts',(-16.3460282242753,-16.8166056592622,
0.693891603159677));
#12040=CARTESIAN_POINT('Ctrl Pts',(-16.4504332322705,-17.6085275107861,
1.1288284062183));
#12041=CARTESIAN_POINT('Ctrl Pts',(-16.5053973140826,-18.9057005883561,
2.34324554639261));
#12042=CARTESIAN_POINT('Ctrl Pts',(-16.5000000000006,-19.3999999999967,
4.19959801919148));
#12043=CARTESIAN_POINT('Ctrl Pts',(-16.5,-19.4,5.));
#12044=CARTESIAN_POINT('Origin',(-19.5,-13.4000000000001,5.));
#12045=CARTESIAN_POINT('',(-17.5,-18.4000000000001,4.99999999999999));
#12046=CARTESIAN_POINT('Origin',(-16.98,-18.4000000000001,3.34999999999999));
#12047=CARTESIAN_POINT('',(-17.5,-18.4000000000001,20.3));
#12048=CARTESIAN_POINT('Ctrl Pts',(0.499999999999972,-13.4000000000002,
0.));
#12049=CARTESIAN_POINT('Ctrl Pts',(0.497993196608643,-13.4028965712043,
-9.01686851953808E-15));
#12050=CARTESIAN_POINT('Ctrl Pts',(0.495986100894872,-13.4057929998743,
2.54851529580264E-6));
#12051=CARTESIAN_POINT('Ctrl Pts',(0.109730813079311,-13.963460223305,0.000962966188073774));
#12052=CARTESIAN_POINT('Ctrl Pts',(-0.280290940767205,-14.5250059877609,
0.094448822511461));
#12053=CARTESIAN_POINT('Ctrl Pts',(-0.620193731431715,-15.0666666666667,
0.285954792089637));
#12054=CARTESIAN_POINT('Ctrl Pts',(0.499999999999972,-13.4000000000002,
0.));
#12055=CARTESIAN_POINT('Ctrl Pts',(0.498327698487772,-13.403088108145,-9.01417121149236E-15));
#12056=CARTESIAN_POINT('Ctrl Pts',(0.496654994051497,-13.4061807414284,
1.40012331877307E-5));
#12057=CARTESIAN_POINT('Ctrl Pts',(0.174795371120367,-14.0009636979043,
0.000672151276916601));
#12058=CARTESIAN_POINT('Ctrl Pts',(-0.150334246639913,-14.6001405112762,
0.108457493561047));
#12059=CARTESIAN_POINT('Ctrl Pts',(-0.418551317683844,-15.1603960024728,
0.319093116561921));
#12060=CARTESIAN_POINT('Ctrl Pts',(0.499999999999972,-13.4000000000002,
0.));
#12061=CARTESIAN_POINT('Ctrl Pts',(0.498661515092313,-13.4032807698994,
-9.01485519059727E-15));
#12062=CARTESIAN_POINT('Ctrl Pts',(0.497324694930958,-13.4065673487966,
1.94127128931837E-5));
#12063=CARTESIAN_POINT('Ctrl Pts',(0.239799814445956,-14.0385208791863,
0.000317387379266034));
#12064=CARTESIAN_POINT('Ctrl Pts',(-0.0199473129564926,-14.6751585290589,
0.0966407761674192));
#12065=CARTESIAN_POINT('Ctrl Pts',(-0.217589387347688,-15.279995511437,
0.278053053298034));
#12066=CARTESIAN_POINT('Ctrl Pts',(0.499999999999972,-13.4000000000002,
0.));
#12067=CARTESIAN_POINT('Ctrl Pts',(0.49899659830581,-13.4034758854425,-9.01937501878915E-15));
#12068=CARTESIAN_POINT('Ctrl Pts',(0.497993050447421,-13.4069515998491,
1.52910917839474E-6));
#12069=CARTESIAN_POINT('Ctrl Pts',(0.304865406539696,-14.076152267966,0.000577779712845218));
#12070=CARTESIAN_POINT('Ctrl Pts',(0.109854529616381,-14.7500071853131,
0.0566692935068781));
#12071=CARTESIAN_POINT('Ctrl Pts',(-0.0600968657158747,-15.4,0.171572875253783));
#12072=CARTESIAN_POINT('',(-0.0600968657158747,-15.4,0.171572875253782));
#12073=CARTESIAN_POINT('',(-0.620193731431714,-15.0666666666667,0.285954792089637));
#12074=CARTESIAN_POINT('Origin',(-0.62019373143174,-15.4000000000001,-0.656854249492386));
#12075=CARTESIAN_POINT('Ctrl Pts',(-0.620193731431714,-15.0666666666667,
0.285954792089637));
#12076=CARTESIAN_POINT('Ctrl Pts',(-0.280290940767203,-14.5250059877609,
0.0944488225114639));
#12077=CARTESIAN_POINT('Ctrl Pts',(0.109730813079312,-13.963460223305,0.000962966188079779));
#12078=CARTESIAN_POINT('Ctrl Pts',(0.495986100894874,-13.4057929998743,
2.54851530485069E-6));
#12079=CARTESIAN_POINT('Ctrl Pts',(0.497993196608645,-13.4028965712043,
3.13463987932583E-17));
#12080=CARTESIAN_POINT('Ctrl Pts',(0.499999999999972,-13.4000000000002,
0.));
#12081=CARTESIAN_POINT('Ctrl Pts',(0.499999999999972,-13.4000000000002,
0.));
#12082=CARTESIAN_POINT('Ctrl Pts',(0.498996598305812,-13.4034758854425,
-2.83395025576994E-17));
#12083=CARTESIAN_POINT('Ctrl Pts',(0.497993050447423,-13.4069515998491,
1.52910918738399E-6));
#12084=CARTESIAN_POINT('Ctrl Pts',(0.304865406539697,-14.076152267966,0.00057777971285085));
#12085=CARTESIAN_POINT('Ctrl Pts',(0.109854529616381,-14.7500071853131,
0.0566692935068802));
#12086=CARTESIAN_POINT('Ctrl Pts',(-0.0600968657158747,-15.4,0.171572875253782));
#12087=CARTESIAN_POINT('Ctrl Pts',(-0.620193731431732,-15.0666666666667,
0.285954792089632));
#12088=CARTESIAN_POINT('Ctrl Pts',(-0.899525321049057,-15.5118025779552,
0.4433341028005));
#12089=CARTESIAN_POINT('Ctrl Pts',(-1.0684501810862,-15.9719494691105,0.681254244958184));
#12090=CARTESIAN_POINT('Ctrl Pts',(-1.19205644855059,-16.3860094321161,
0.989545203930811));
#12091=CARTESIAN_POINT('Ctrl Pts',(-0.519372524557795,-15.1135313345697,
0.302523954325774));
#12092=CARTESIAN_POINT('Ctrl Pts',(-0.770224272636966,-15.5532869039662,
0.463040739103));
#12093=CARTESIAN_POINT('Ctrl Pts',(-0.917535030210436,-16.0063604195315,
0.702305910397709));
#12094=CARTESIAN_POINT('Ctrl Pts',(-1.02197651780454,-16.4132299460106,
1.00981240936486));
#12095=CARTESIAN_POINT('Ctrl Pts',(-0.317755786319981,-15.2200085475541,
0.299567861113883));
#12096=CARTESIAN_POINT('Ctrl Pts',(-0.511707409773429,-15.6579310441853,
0.451961664670174));
#12097=CARTESIAN_POINT('Ctrl Pts',(-0.615689729581421,-16.1107891049416,
0.680333041819659));
#12098=CARTESIAN_POINT('Ctrl Pts',(-0.682074504553493,-16.5227916235619,
0.976229129616534));
#12099=CARTESIAN_POINT('Ctrl Pts',(-0.138843126531787,-15.3399977557185,
0.224812964275897));
#12100=CARTESIAN_POINT('Ctrl Pts',(-0.291735181878763,-15.7889151115179,
0.341931437744805));
#12101=CARTESIAN_POINT('Ctrl Pts',(-0.376164118311829,-16.2656662202636,
0.533509127572061));
#12102=CARTESIAN_POINT('Ctrl Pts',(-0.432038672638873,-16.7134858986232,
0.803652327304568));
#12103=CARTESIAN_POINT('Ctrl Pts',(-0.0600968657158789,-15.4,0.171572875253769));
#12104=CARTESIAN_POINT('Ctrl Pts',(-0.199762660524505,-15.8559367196261,
0.266000461680265));
#12105=CARTESIAN_POINT('Ctrl Pts',(-0.284225090543096,-16.3478230498063,
0.436428307881572));
#12106=CARTESIAN_POINT('Ctrl Pts',(-0.346028224275309,-16.8166056593264,
0.693891603180822));
#12107=CARTESIAN_POINT('',(-0.34602822427531,-16.8166056592622,0.693891603159684));
#12108=CARTESIAN_POINT('',(-1.19205644855059,-16.3860094321161,0.98954520393081));
#12109=CARTESIAN_POINT('Origin',(-1.19205644855062,-16.9832113185393,0.187454244717016));
#12110=CARTESIAN_POINT('Ctrl Pts',(-1.19205644855059,-16.3860094321161,
0.98954520393081));
#12111=CARTESIAN_POINT('Ctrl Pts',(-1.06845018108619,-15.9719494691105,
0.681254244958187));
#12112=CARTESIAN_POINT('Ctrl Pts',(-0.899525321049045,-15.5118025779552,
0.443334102800506));
#12113=CARTESIAN_POINT('Ctrl Pts',(-0.620193731431714,-15.0666666666667,
0.285954792089637));
#12114=CARTESIAN_POINT('Ctrl Pts',(-0.0600968657158747,-15.4,0.171572875253782));
#12115=CARTESIAN_POINT('Ctrl Pts',(-0.199762660521111,-15.8559367196054,
0.266000461679717));
#12116=CARTESIAN_POINT('Ctrl Pts',(-0.284225090541164,-16.3478230497616,
0.436428307874472));
#12117=CARTESIAN_POINT('Ctrl Pts',(-0.34602822427531,-16.8166056592622,
0.693891603159684));
#12118=CARTESIAN_POINT('Origin',(-1.50000000000003,-19.4000000000001,12.65));
#12119=CARTESIAN_POINT('',(-0.499999999999961,-19.4,20.3));
#12120=CARTESIAN_POINT('',(-0.500000000000028,-19.4,5.));
#12121=CARTESIAN_POINT('',(-0.499999999999961,-19.4,20.3));
#12122=CARTESIAN_POINT('',(-1.50000000000003,-18.4000000000001,20.3));
#12123=CARTESIAN_POINT('Origin',(-1.50000000000003,-19.4000000000002,20.3));
#12124=CARTESIAN_POINT('',(-1.50000000000003,-18.4000000000001,4.99999999999999));
#12125=CARTESIAN_POINT('',(-1.50000000000003,-18.4000000000001,4.99999999999999));
#12126=CARTESIAN_POINT('Origin',(-1.50000000000001,-19.4000000000001,4.99999999999999));
#12127=CARTESIAN_POINT('Ctrl Pts',(-1.19205644853597,-16.3860094320671,
0.989545203894329));
#12128=CARTESIAN_POINT('Ctrl Pts',(-1.34866396053375,-16.9106179487125,
1.3801457862438));
#12129=CARTESIAN_POINT('Ctrl Pts',(-1.51931810218471,-17.9740565793342,
2.55562712436698));
#12130=CARTESIAN_POINT('Ctrl Pts',(-1.50000000000003,-18.4000000000001,
4.1106644657661));
#12131=CARTESIAN_POINT('Ctrl Pts',(-1.50000000000003,-18.4000000000001,
5.));
#12132=CARTESIAN_POINT('Ctrl Pts',(-0.9976793848288,-16.4171185908046,1.01270772439051));
#12133=CARTESIAN_POINT('Ctrl Pts',(-1.12646685094269,-16.9312434612084,
1.40223638660513));
#12134=CARTESIAN_POINT('Ctrl Pts',(-1.24473283660079,-17.9726102331256,
2.56296815539001));
#12135=CARTESIAN_POINT('Ctrl Pts',(-1.20080069965815,-18.4000000000001,
4.11123290110382));
#12136=CARTESIAN_POINT('Ctrl Pts',(-1.20080069965815,-18.4000000000001,
5.));
#12137=CARTESIAN_POINT('Ctrl Pts',(-0.658209457771094,-16.5349428402187,
0.96788276780061));
#12138=CARTESIAN_POINT('Ctrl Pts',(-0.739110429044819,-17.0594076325215,
1.3406139529653));
#12139=CARTESIAN_POINT('Ctrl Pts',(-0.767560903975539,-18.1502735141951,
2.45884324645027));
#12140=CARTESIAN_POINT('Ctrl Pts',(-0.682719828660305,-18.6510623040022,
4.06583171744327));
#12141=CARTESIAN_POINT('Ctrl Pts',(-0.682719828660306,-18.6510623040022,
5.));
#12142=CARTESIAN_POINT('Ctrl Pts',(-0.419751465723071,-16.728217292956,
0.787972223826574));
#12143=CARTESIAN_POINT('Ctrl Pts',(-0.491702164616593,-17.2994695709303,
1.1278766603917));
#12144=CARTESIAN_POINT('Ctrl Pts',(-0.541946466694325,-18.5502823126861,
2.21403018477922));
#12145=CARTESIAN_POINT('Ctrl Pts',(-0.500000000000039,-19.1756005247437,
3.97262899897262));
#12146=CARTESIAN_POINT('Ctrl Pts',(-0.500000000000039,-19.1756005247437,
5.));
#12147=CARTESIAN_POINT('Ctrl Pts',(-0.346028224267997,-16.816605659271,
0.693891603150358));
#12148=CARTESIAN_POINT('Ctrl Pts',(-0.424331980266884,-17.410547047912,
1.02009420543153));
#12149=CARTESIAN_POINT('Ctrl Pts',(-0.509659051092365,-18.7334226193211,
2.10400738653153));
#12150=CARTESIAN_POINT('Ctrl Pts',(-0.500000000000024,-19.4000000000001,
3.93279735891934));
#12151=CARTESIAN_POINT('Ctrl Pts',(-0.500000000000024,-19.4000000000001,
5.));
#12152=CARTESIAN_POINT('Ctrl Pts',(-1.50000000000003,-18.4000000000001,
4.99999999999999));
#12153=CARTESIAN_POINT('Ctrl Pts',(-1.50000000000003,-18.4000000000001,
4.85470291518575));
#12154=CARTESIAN_POINT('Ctrl Pts',(-1.50029465167988,-18.3936622834065,
4.70938780849149));
#12155=CARTESIAN_POINT('Ctrl Pts',(-1.50056530289331,-18.3810081756494,
4.56461792168788));
#12156=CARTESIAN_POINT('Ctrl Pts',(-1.50083593076956,-18.3683551590056,
4.41986051781451));
#12157=CARTESIAN_POINT('Ctrl Pts',(-1.50108256231815,-18.3493868675913,
4.27564857649831));
#12158=CARTESIAN_POINT('Ctrl Pts',(-1.50098662781401,-18.3241765617754,
4.1325409586252));
#12159=CARTESIAN_POINT('Ctrl Pts',(-1.50088778530928,-18.2982020722595,
3.98509541206027));
#12160=CARTESIAN_POINT('Ctrl Pts',(-1.50042529402232,-18.2656012013048,
3.83882257245861));
#12161=CARTESIAN_POINT('Ctrl Pts',(-1.49925072741828,-18.2265110057336,
3.69432335108037));
#12162=CARTESIAN_POINT('Ctrl Pts',(-1.4981103042471,-18.1885571216012,3.55402457218537));
#12163=CARTESIAN_POINT('Ctrl Pts',(-1.49629860263366,-18.1444860587845,
3.41539806259437));
#12164=CARTESIAN_POINT('Ctrl Pts',(-1.49349670652946,-18.0944741784765,
3.27897931807349));
#12165=CARTESIAN_POINT('Ctrl Pts',(-1.49056898035543,-18.042216319675,3.13643415790051));
#12166=CARTESIAN_POINT('Ctrl Pts',(-1.48656012556803,-17.983471815968,2.99630003699201));
#12167=CARTESIAN_POINT('Ctrl Pts',(-1.48110630114913,-17.9184983817444,
2.8591654958465));
#12168=CARTESIAN_POINT('Ctrl Pts',(-1.47565247673022,-17.8535249475209,
2.72203095470099));
#12169=CARTESIAN_POINT('Ctrl Pts',(-1.46875368267981,-17.7823227826562,
2.58789636277551));
#12170=CARTESIAN_POINT('Ctrl Pts',(-1.46004607797976,-17.7052046836026,
2.45732175997678));
#12171=CARTESIAN_POINT('Ctrl Pts',(-1.45285017589705,-17.6414748395514,
2.34941584456217));
#12172=CARTESIAN_POINT('Ctrl Pts',(-1.44441899160613,-17.5736777684349,
2.24389687551337));
#12173=CARTESIAN_POINT('Ctrl Pts',(-1.43442894892828,-17.502056276612,2.14113058998682));
#12174=CARTESIAN_POINT('Ctrl Pts',(-1.42443674382086,-17.430419281709,2.03834205982505));
#12175=CARTESIAN_POINT('Ctrl Pts',(-1.4128850053972,-17.3549564880518,1.93830776291454));
#12176=CARTESIAN_POINT('Ctrl Pts',(-1.39944994731066,-17.2759521941414,
1.84136190918756));
#12177=CARTESIAN_POINT('Ctrl Pts',(-1.38600023433934,-17.1968617227976,
1.74431030747596));
#12178=CARTESIAN_POINT('Ctrl Pts',(-1.37066309083561,-17.114222341112,1.6503542112828));
#12179=CARTESIAN_POINT('Ctrl Pts',(-1.35311366974375,-17.0283562125476,
1.55979198377941));
#12180=CARTESIAN_POINT('Ctrl Pts',(-1.3355529546737,-16.9424348246001,1.46917147470551));
#12181=CARTESIAN_POINT('Ctrl Pts',(-1.31577711366463,-16.8532828990609,
1.38194947305346));
#12182=CARTESIAN_POINT('Ctrl Pts',(-1.29346067208848,-16.7612550360329,
1.29838351760416));
#12183=CARTESIAN_POINT('Ctrl Pts',(-1.2711092145584,-16.669082775279,1.21468644171451));
#12184=CARTESIAN_POINT('Ctrl Pts',(-1.24620917747002,-16.5740259381472,
1.13465711584717));
#12185=CARTESIAN_POINT('Ctrl Pts',(-1.21843355171728,-16.4764670130527,
1.05850907427158));
#12186=CARTESIAN_POINT('Ctrl Pts',(-1.20991481739472,-16.4465458666824,
1.03515460726008));
#12187=CARTESIAN_POINT('Ctrl Pts',(-1.20112559432207,-16.4163895272332,
1.01216489550717));
#12188=CARTESIAN_POINT('Ctrl Pts',(-1.19205644855059,-16.3860094321161,
0.989545203930798));
#12189=CARTESIAN_POINT('Ctrl Pts',(-0.34602822427531,-16.8166056592622,
0.693891603159684));
#12190=CARTESIAN_POINT('Ctrl Pts',(-0.424331980271894,-17.4105470479081,
1.02009420545873));
#12191=CARTESIAN_POINT('Ctrl Pts',(-0.509659051094767,-18.7334226193118,
2.10400738655185));
#12192=CARTESIAN_POINT('Ctrl Pts',(-0.500000000000827,-19.3999999999956,
3.93279735892197));
#12193=CARTESIAN_POINT('Ctrl Pts',(-0.500000000000028,-19.4,5.));
#12194=CARTESIAN_POINT('Origin',(-3.5,-13.4000000000001,5.));
#12195=CARTESIAN_POINT('',(-1.50000000000003,-18.4000000000001,4.99999999999999));
#12196=CARTESIAN_POINT('Origin',(-0.980000000000028,-18.4000000000001,3.34999999999999));
#12197=CARTESIAN_POINT('',(-1.50000000000003,-18.4000000000001,20.3));
#12198=CARTESIAN_POINT('Ctrl Pts',(16.5,-13.4,0.));
#12199=CARTESIAN_POINT('Ctrl Pts',(16.4979933917121,-13.4028962895517,3.77567046089249E-14));
#12200=CARTESIAN_POINT('Ctrl Pts',(16.4959864984515,-13.4057924400943,2.54763220352637E-6));
#12201=CARTESIAN_POINT('Ctrl Pts',(16.1097291604445,-13.9634586887406,0.000962981565139643));
#12202=CARTESIAN_POINT('Ctrl Pts',(15.7197092298963,-14.5250057157955,0.0944487263572474));
#12203=CARTESIAN_POINT('Ctrl Pts',(15.3798062685682,-15.0666666666667,0.285954792089735));
#12204=CARTESIAN_POINT('Ctrl Pts',(16.5,-13.4,0.));
#12205=CARTESIAN_POINT('Ctrl Pts',(16.4983278610705,-13.4030878077333,3.77405439934636E-14));
#12206=CARTESIAN_POINT('Ctrl Pts',(16.4966553265739,-13.4061801440769,1.40001329807307E-5));
#12207=CARTESIAN_POINT('Ctrl Pts',(16.1747936530683,-14.0009621255818,0.000672153203342562));
#12208=CARTESIAN_POINT('Ctrl Pts',(15.8496658880279,-14.6001402299062,0.108457387225278));
#12209=CARTESIAN_POINT('Ctrl Pts',(15.5814486823161,-15.1603960024727,0.319093116562022));
#12210=CARTESIAN_POINT('Ctrl Pts',(16.5,-13.4,0.));
#12211=CARTESIAN_POINT('Ctrl Pts',(16.4986616451575,-13.4032804507183,3.77385428781258E-14));
#12212=CARTESIAN_POINT('Ctrl Pts',(16.4973249587426,-13.4065667145853,1.94117532437343E-5));
#12213=CARTESIAN_POINT('Ctrl Pts',(16.2397990533552,-14.0385190753985,0.000317357415020097));
#12214=CARTESIAN_POINT('Ctrl Pts',(15.9800527862314,-14.675158225281,0.0966406842107118));
#12215=CARTESIAN_POINT('Ctrl Pts',(15.7824106126522,-15.279995511437,0.278053053298118));
#12216=CARTESIAN_POINT('Ctrl Pts',(16.5,-13.4,0.));
#12217=CARTESIAN_POINT('Ctrl Pts',(16.4989966958498,-13.403475547473,3.77525705962481E-14));
#12218=CARTESIAN_POINT('Ctrl Pts',(16.4979932492258,-13.4069509281132,1.52857931832892E-6));
#12219=CARTESIAN_POINT('Ctrl Pts',(16.3048645802224,-14.0761504264887,0.000577788939079761));
#12220=CARTESIAN_POINT('Ctrl Pts',(16.1098546149481,-14.7500068589546,0.0566692358143442));
#12221=CARTESIAN_POINT('Ctrl Pts',(15.9399031342841,-15.4,0.171572875253836));
#12222=CARTESIAN_POINT('',(15.9399031342841,-15.4,0.171572875253838));
#12223=CARTESIAN_POINT('',(15.3798062685682,-15.0666666666667,0.285954792089735));
#12224=CARTESIAN_POINT('Origin',(15.3798062685682,-15.3999999999999,-0.656854249492505));
#12225=CARTESIAN_POINT('Ctrl Pts',(15.3798062685682,-15.0666666666667,0.285954792089735));
#12226=CARTESIAN_POINT('Ctrl Pts',(15.7197092298963,-14.5250057157955,0.0944487263572351));
#12227=CARTESIAN_POINT('Ctrl Pts',(16.1097291604445,-13.9634586887406,0.000962981565114942));
#12228=CARTESIAN_POINT('Ctrl Pts',(16.4959864984515,-13.4057924400943,2.5476321666109E-6));
#12229=CARTESIAN_POINT('Ctrl Pts',(16.4979933917121,-13.4028962895517,7.85977050706426E-16));
#12230=CARTESIAN_POINT('Ctrl Pts',(16.5,-13.4,0.));
#12231=CARTESIAN_POINT('Ctrl Pts',(16.5,-13.4,0.));
#12232=CARTESIAN_POINT('Ctrl Pts',(16.4989966958498,-13.403475547473,2.8536972224303E-16));
#12233=CARTESIAN_POINT('Ctrl Pts',(16.4979932492258,-13.4069509281132,1.52857928092E-6));
#12234=CARTESIAN_POINT('Ctrl Pts',(16.3048645802224,-14.0761504264887,0.000577788939055403));
#12235=CARTESIAN_POINT('Ctrl Pts',(16.1098546149481,-14.7500068589546,0.0566692358143331));
#12236=CARTESIAN_POINT('Ctrl Pts',(15.9399031342841,-15.4,0.171572875253838));
#12237=CARTESIAN_POINT('Ctrl Pts',(15.3798062685681,-15.0666666666667,0.285954792089721));
#12238=CARTESIAN_POINT('Ctrl Pts',(15.1004746789508,-15.5118025779551,0.443334102800597));
#12239=CARTESIAN_POINT('Ctrl Pts',(14.9315498189137,-15.9719494691104,0.68125424495829));
#12240=CARTESIAN_POINT('Ctrl Pts',(14.8079435514494,-16.386009432116,0.989545203930921));
#12241=CARTESIAN_POINT('Ctrl Pts',(15.4806274754421,-15.1135313345697,0.302523954325865));
#12242=CARTESIAN_POINT('Ctrl Pts',(15.2297757273629,-15.5532869039661,0.463040739103103));
#12243=CARTESIAN_POINT('Ctrl Pts',(15.0824649697895,-16.0063604195315,0.702305910397821));
#12244=CARTESIAN_POINT('Ctrl Pts',(14.9780234821954,-16.4132299460105,1.00981240936498));
#12245=CARTESIAN_POINT('Ctrl Pts',(15.6822408536014,-15.220010547255,0.299557235286556));
#12246=CARTESIAN_POINT('Ctrl Pts',(15.488289230148,-15.6579330438862,0.451951038842868));
#12247=CARTESIAN_POINT('Ctrl Pts',(15.3842797072515,-16.1108166978479,0.680285770619577));
#12248=CARTESIAN_POINT('Ctrl Pts',(15.3178949322794,-16.5228192164682,0.976181858416435));
#12249=CARTESIAN_POINT('Ctrl Pts',(15.8611568734681,-15.3399977557185,0.224812964275959));
#12250=CARTESIAN_POINT('Ctrl Pts',(15.7082648181212,-15.7889151115179,0.341931437744894));
#12251=CARTESIAN_POINT('Ctrl Pts',(15.6238358816881,-16.2656662202635,0.533509127572153));
#12252=CARTESIAN_POINT('Ctrl Pts',(15.5679613273611,-16.7134858986231,0.80365232730464));
#12253=CARTESIAN_POINT('Ctrl Pts',(15.9399031342841,-15.4,0.171572875253816));
#12254=CARTESIAN_POINT('Ctrl Pts',(15.8002373394754,-15.8559367196261,0.266000461680344));
#12255=CARTESIAN_POINT('Ctrl Pts',(15.7157749094569,-16.3478230498063,0.436428307881656));
#12256=CARTESIAN_POINT('Ctrl Pts',(15.6539717757247,-16.8166056593264,0.693891603180881));
#12257=CARTESIAN_POINT('',(15.6539717757247,-16.8166056592621,0.693891603159744));
#12258=CARTESIAN_POINT('',(14.8079435514494,-16.386009432116,0.989545203930921));
#12259=CARTESIAN_POINT('Origin',(14.8079435514493,-16.9832113185391,0.187454244716732));
#12260=CARTESIAN_POINT('Ctrl Pts',(14.8079435514494,-16.386009432116,0.989545203930921));
#12261=CARTESIAN_POINT('Ctrl Pts',(14.9315498189137,-15.9719494691104,0.681254244958304));
#12262=CARTESIAN_POINT('Ctrl Pts',(15.1004746789509,-15.5118025779551,0.44333410280062));
#12263=CARTESIAN_POINT('Ctrl Pts',(15.3798062685682,-15.0666666666667,0.285954792089735));
#12264=CARTESIAN_POINT('Ctrl Pts',(15.9399031342841,-15.4,0.171572875253838));
#12265=CARTESIAN_POINT('Ctrl Pts',(15.8002373394788,-15.8559367196053,0.266000461679813));
#12266=CARTESIAN_POINT('Ctrl Pts',(15.7157749094588,-16.3478230497616,0.436428307874571));
#12267=CARTESIAN_POINT('Ctrl Pts',(15.6539717757247,-16.8166056592621,0.693891603159744));
#12268=CARTESIAN_POINT('Origin',(14.5,-19.4000000000001,12.65));
#12269=CARTESIAN_POINT('',(15.5000000000001,-19.4,20.3));
#12270=CARTESIAN_POINT('',(15.5,-19.4,5.));
#12271=CARTESIAN_POINT('',(15.5000000000001,-19.4,20.3));
#12272=CARTESIAN_POINT('',(14.5,-18.4000000000001,20.3));
#12273=CARTESIAN_POINT('Origin',(14.5,-19.4000000000002,20.3));
#12274=CARTESIAN_POINT('',(14.5,-18.4,5.));
#12275=CARTESIAN_POINT('',(14.5,-18.4,5.));
#12276=CARTESIAN_POINT('Origin',(14.5,-19.4,5.));
#12277=CARTESIAN_POINT('Ctrl Pts',(14.807943551464,-16.3860094320669,0.989545203894388));
#12278=CARTESIAN_POINT('Ctrl Pts',(14.5991335354679,-17.0854874542581,1.51034598035829));
#12279=CARTESIAN_POINT('Ctrl Pts',(14.4892085251842,-18.086637914736,2.77620696247722));
#12280=CARTESIAN_POINT('Ctrl Pts',(14.5,-18.4,4.3329983493246));
#12281=CARTESIAN_POINT('Ctrl Pts',(14.5,-18.4,5.00000000000001));
#12282=CARTESIAN_POINT('Ctrl Pts',(15.0023206151711,-16.4171185908045,1.01270772439056));
#12283=CARTESIAN_POINT('Ctrl Pts',(14.8306039936867,-17.102618418007,1.532079274008));
#12284=CARTESIAN_POINT('Ctrl Pts',(14.7694168935771,-18.084695536593,2.78061688112611));
#12285=CARTESIAN_POINT('Ctrl Pts',(14.7991993003419,-18.4,4.33342467582789));
#12286=CARTESIAN_POINT('Ctrl Pts',(14.7991993003419,-18.4,5.00000000000001));
#12287=CARTESIAN_POINT('Ctrl Pts',(15.3417758961106,-16.5349541589803,0.967862672262332));
#12288=CARTESIAN_POINT('Ctrl Pts',(15.2339079344128,-17.2342405487148,1.4648375858132));
#12289=CARTESIAN_POINT('Ctrl Pts',(15.2563768637176,-18.2780634156211,2.67631904040866));
#12290=CARTESIAN_POINT('Ctrl Pts',(15.3171771856869,-18.6511481354666,4.29937378808247));
#12291=CARTESIAN_POINT('Ctrl Pts',(15.3171771856869,-18.6511481354667,5.00000000000001));
#12292=CARTESIAN_POINT('Ctrl Pts',(15.580248534277,-16.7282172929558,0.787972223826596));
#12293=CARTESIAN_POINT('Ctrl Pts',(15.484314269086,-17.4898869969187,1.24117813924476));
#12294=CARTESIAN_POINT('Ctrl Pts',(15.4707608125143,-18.7104720513229,2.44495176153235));
#12295=CARTESIAN_POINT('Ctrl Pts',(15.5,-19.1756005247436,4.22947174922948));
#12296=CARTESIAN_POINT('Ctrl Pts',(15.5,-19.1756005247436,5.));
#12297=CARTESIAN_POINT('Ctrl Pts',(15.653971775732,-16.8166056592709,0.69389160315037));
#12298=CARTESIAN_POINT('Ctrl Pts',(15.5495667677339,-17.6085275107891,1.12882840618996));
#12299=CARTESIAN_POINT('Ctrl Pts',(15.4946042625922,-18.9057058802551,2.34323844285535));
#12300=CARTESIAN_POINT('Ctrl Pts',(15.5,-19.4,4.19959801918952));
#12301=CARTESIAN_POINT('Ctrl Pts',(15.5,-19.4,5.));
#12302=CARTESIAN_POINT('Ctrl Pts',(14.5,-18.4,5.));
#12303=CARTESIAN_POINT('Ctrl Pts',(14.5,-18.4,4.33299834932457));
#12304=CARTESIAN_POINT('Ctrl Pts',(14.4892085251843,-18.0866379147403,2.77620696249793));
#12305=CARTESIAN_POINT('Ctrl Pts',(14.5991335354648,-17.0854874542851,1.51034598039195));
#12306=CARTESIAN_POINT('Ctrl Pts',(14.8079435514494,-16.386009432116,0.989545203930921));
#12307=CARTESIAN_POINT('Ctrl Pts',(15.6539717757247,-16.8166056592621,0.693891603159744));
#12308=CARTESIAN_POINT('Ctrl Pts',(15.5495667677295,-17.6085275107859,1.12882840621842));
#12309=CARTESIAN_POINT('Ctrl Pts',(15.49460426259,-18.9057058802461,2.34323844287506));
#12310=CARTESIAN_POINT('Ctrl Pts',(15.4999999999994,-19.3999999999967,4.1995980191915));
#12311=CARTESIAN_POINT('Ctrl Pts',(15.5,-19.4,5.));
#12312=CARTESIAN_POINT('Origin',(12.5,-13.3999999999999,5.00000000000006));
#12313=CARTESIAN_POINT('',(10.5,-18.4,5.));
#12314=CARTESIAN_POINT('',(14.5,-18.4,5.));
#12315=CARTESIAN_POINT('',(10.1920564485506,-16.386009432116,0.989545203930924));
#12316=CARTESIAN_POINT('Ctrl Pts',(10.5,-18.3999999999999,5.));
#12317=CARTESIAN_POINT('Ctrl Pts',(10.5,-18.3999999999999,4.85470676117905));
#12318=CARTESIAN_POINT('Ctrl Pts',(10.5002952769173,-18.3936626186863,4.70939540387087));
#12319=CARTESIAN_POINT('Ctrl Pts',(10.5005669795623,-18.3810091564241,4.56462914243337));
#12320=CARTESIAN_POINT('Ctrl Pts',(10.5008386585697,-18.3683567949877,4.4198754753703));
#12321=CARTESIAN_POINT('Ctrl Pts',(10.5010867674063,-18.3493894786651,4.2756671460602));
#12322=CARTESIAN_POINT('Ctrl Pts',(10.5009925380935,-18.3241804429329,4.13256299050814));
#12323=CARTESIAN_POINT('Ctrl Pts',(10.5008954485582,-18.2982062158932,3.98511507278091));
#12324=CARTESIAN_POINT('Ctrl Pts',(10.5004349228958,-18.265605386387,3.83883979769328));
#12325=CARTESIAN_POINT('Ctrl Pts',(10.4992622756093,-18.2265150024404,3.6943381252345));
#12326=CARTESIAN_POINT('Ctrl Pts',(10.4981237634375,-18.1885625179733,3.55404281662461));
#12327=CARTESIAN_POINT('Ctrl Pts',(10.4963139851522,-18.1444931486988,3.41541962315742));
#12328=CARTESIAN_POINT('Ctrl Pts',(10.4935138275972,-18.0944832337948,3.27900401870942));
#12329=CARTESIAN_POINT('Ctrl Pts',(10.4905877376611,-18.0422242069972,3.13645335166388));
#12330=CARTESIAN_POINT('Ctrl Pts',(10.4865801840277,-17.9834780317154,2.99631382923945));
#12331=CARTESIAN_POINT('Ctrl Pts',(10.4811270334648,-17.9185024475424,2.85917407724222));
#12332=CARTESIAN_POINT('Ctrl Pts',(10.4756738829018,-17.8535268633694,2.72203432524499));
#12333=CARTESIAN_POINT('Ctrl Pts',(10.4687751354094,-17.782322070248,2.58789471329179));
#12334=CARTESIAN_POINT('Ctrl Pts',(10.4600666577553,-17.7052009042048,2.45731536079822));
#12335=CARTESIAN_POINT('Ctrl Pts',(10.4528686643878,-17.6414563941164,2.34938497956279));
#12336=CARTESIAN_POINT('Ctrl Pts',(10.4444342902969,-17.5736430474361,2.24384303750504));
#12337=CARTESIAN_POINT('Ctrl Pts',(10.43443996536,-17.5020038283118,2.14105533587764));
#12338=CARTESIAN_POINT('Ctrl Pts',(10.4244434630785,-17.430349002003,2.03824524111635));
#12339=CARTESIAN_POINT('Ctrl Pts',(10.4128863301809,-17.3548669139201,1.93819094475507));
#12340=CARTESIAN_POINT('Ctrl Pts',(10.3994447850216,-17.2758420128984,1.8412267110395));
#12341=CARTESIAN_POINT('Ctrl Pts',(10.3859885597446,-17.1967308052178,1.74415657831069));
#12342=CARTESIAN_POINT('Ctrl Pts',(10.3706438038548,-17.114069362092,1.65018358231252));
#12343=CARTESIAN_POINT('Ctrl Pts',(10.3530856736977,-17.0281799897895,1.55960613276767));
#12344=CARTESIAN_POINT('Ctrl Pts',(10.3355162279776,-16.9422352649747,1.46897030941877));
#12345=CARTESIAN_POINT('Ctrl Pts',(10.3157305541958,-16.8530588128719,1.3817346794622));
#12346=CARTESIAN_POINT('Ctrl Pts',(10.293403180244,-16.7610053681509,1.29815682189809));
#12347=CARTESIAN_POINT('Ctrl Pts',(10.2710407698546,-16.668807471835,1.21444781275286));
#12348=CARTESIAN_POINT('Ctrl Pts',(10.2461286760912,-16.5737239398214,1.13440828620348));
#12349=CARTESIAN_POINT('Ctrl Pts',(10.2183398922333,-16.4761373865546,1.05825181181752));
#12350=CARTESIAN_POINT('Ctrl Pts',(10.2098503395563,-16.4463244163735,1.03498579181826));
#12351=CARTESIAN_POINT('Ctrl Pts',(10.2010922996636,-16.4162779957925,1.01208185406933));
#12352=CARTESIAN_POINT('Ctrl Pts',(10.1920564485506,-16.386009432116,0.989545203930965));
#12353=CARTESIAN_POINT('',(9.6201937314319,-15.0666666666667,0.285954792089785));
#12354=CARTESIAN_POINT('Ctrl Pts',(10.1920564485506,-16.386009432116,0.989545203930924));
#12355=CARTESIAN_POINT('Ctrl Pts',(10.0684501810863,-15.9719494691103,0.681254244958325));
#12356=CARTESIAN_POINT('Ctrl Pts',(9.8995253210492,-15.5118025779552,0.443334102800686));
#12357=CARTESIAN_POINT('Ctrl Pts',(9.6201937314319,-15.0666666666667,0.285954792089785));
#12358=CARTESIAN_POINT('Ctrl Pts',(9.6201937314319,-15.0666666666667,0.285954792089785));
#12359=CARTESIAN_POINT('Ctrl Pts',(9.28021107804432,-14.5248787205009,0.0944038267403084));
#12360=CARTESIAN_POINT('Ctrl Pts',(8.89008711146142,-13.9631945453295,0.000918718999647734));
#12361=CARTESIAN_POINT('Ctrl Pts',(8.50383127052989,-13.4055294334382,2.32301708118159E-6));
#12362=CARTESIAN_POINT('Ctrl Pts',(8.50191549832234,-13.4027647836041,-9.11207987971511E-20));
#12363=CARTESIAN_POINT('Ctrl Pts',(8.49999999999995,-13.3999999999999,0.));
#12364=CARTESIAN_POINT('Origin',(15.02,-18.4000000000001,3.35));
#12365=CARTESIAN_POINT('',(10.5,-18.4,20.3));
#12366=CARTESIAN_POINT('',(14.5,-18.4000000000001,20.3));
#12367=CARTESIAN_POINT('',(10.5,-18.4,20.3));
#12368=CARTESIAN_POINT('Ctrl Pts',(8.49999999999995,-13.3999999999999,0.));
#12369=CARTESIAN_POINT('Ctrl Pts',(8.50095774916741,-13.403317740351,0.));
#12370=CARTESIAN_POINT('Ctrl Pts',(8.50191563526492,-13.4066353201259,1.39381024238732E-6));
#12371=CARTESIAN_POINT('Ctrl Pts',(8.6950435557307,-14.0758334543954,0.000551231399530978));
#12372=CARTESIAN_POINT('Ctrl Pts',(8.89010553902213,-14.7498544646011,0.0566422960441784));
#12373=CARTESIAN_POINT('Ctrl Pts',(9.06009686571592,-15.4,0.171572875253865));
#12374=CARTESIAN_POINT('Ctrl Pts',(8.49999999999995,-13.3999999999999,0.));
#12375=CARTESIAN_POINT('Ctrl Pts',(8.50127761401349,-13.4031314181638,0.));
#12376=CARTESIAN_POINT('Ctrl Pts',(8.50255355716236,-13.4062686287335,1.90782731601925E-5));
#12377=CARTESIAN_POINT('Ctrl Pts',(8.76007862367304,-14.03821970244,0.000272501643950921));
#12378=CARTESIAN_POINT('Ctrl Pts',(9.01990089691493,-14.6750163750658,0.0965977442379886));
#12379=CARTESIAN_POINT('Ctrl Pts',(9.21758938734776,-15.279995511437,0.278053053298167));
#12380=CARTESIAN_POINT('Ctrl Pts',(8.49999999999995,-13.3999999999999,0.));
#12381=CARTESIAN_POINT('Ctrl Pts',(8.50159621457149,-13.4029475409319,0.));
#12382=CARTESIAN_POINT('Ctrl Pts',(8.50319281143599,-13.405899593386,1.36747703695852E-5));
#12383=CARTESIAN_POINT('Ctrl Pts',(8.82505316434839,-14.0006803496054,0.000621610394514477));
#12384=CARTESIAN_POINT('Ctrl Pts',(9.15027122897711,-14.6000088431117,0.108407733102225));
#12385=CARTESIAN_POINT('Ctrl Pts',(9.41855131768397,-15.1603960024727,0.31909311656208));
#12386=CARTESIAN_POINT('Ctrl Pts',(8.49999999999995,-13.3999999999999,0.));
#12387=CARTESIAN_POINT('Ctrl Pts',(8.50191549832234,-13.4027647836041,0.));
#12388=CARTESIAN_POINT('Ctrl Pts',(8.50383127052989,-13.4055294334382,2.32301708118183E-6));
#12389=CARTESIAN_POINT('Ctrl Pts',(8.89008711146142,-13.9631945453295,0.000918718999647758));
#12390=CARTESIAN_POINT('Ctrl Pts',(9.28021107804432,-14.5248787205009,0.0944038267403089));
#12391=CARTESIAN_POINT('Ctrl Pts',(9.62019373143191,-15.0666666666667,0.285954792089787));
#12392=CARTESIAN_POINT('',(9.06009686571592,-15.4,0.171572875253864));
#12393=CARTESIAN_POINT('Origin',(9.62019373143194,-15.4000000000002,-0.656854249492158));
#12394=CARTESIAN_POINT('Ctrl Pts',(9.06009686571592,-15.4,0.171572875253864));
#12395=CARTESIAN_POINT('Ctrl Pts',(8.89010553902213,-14.7498544646011,0.0566422960441782));
#12396=CARTESIAN_POINT('Ctrl Pts',(8.6950435557307,-14.0758334543954,0.000551231399531033));
#12397=CARTESIAN_POINT('Ctrl Pts',(8.50191563526492,-13.4066353201259,1.39381024238787E-6));
#12398=CARTESIAN_POINT('Ctrl Pts',(8.50095774916741,-13.403317740351,2.74999622761004E-19));
#12399=CARTESIAN_POINT('Ctrl Pts',(8.49999999999995,-13.3999999999999,0.));
#12400=CARTESIAN_POINT('Ctrl Pts',(9.06009686571591,-15.4,0.171572875253876));
#12401=CARTESIAN_POINT('Ctrl Pts',(9.19976266052454,-15.8559367196261,0.266000461680399));
#12402=CARTESIAN_POINT('Ctrl Pts',(9.28422509054311,-16.3478230498063,0.43642830788173));
#12403=CARTESIAN_POINT('Ctrl Pts',(9.34602822427529,-16.8166056593263,0.693891603180886));
#12404=CARTESIAN_POINT('Ctrl Pts',(9.13884312653183,-15.3399977557185,0.224812964276024));
#12405=CARTESIAN_POINT('Ctrl Pts',(9.2917351818788,-15.788915111518,0.341931437744959));
#12406=CARTESIAN_POINT('Ctrl Pts',(9.37616411831184,-16.2656662202635,0.533509127572228));
#12407=CARTESIAN_POINT('Ctrl Pts',(9.43203867263885,-16.7134858986231,0.803652327304649));
#12408=CARTESIAN_POINT('Ctrl Pts',(9.31775810735023,-15.2200099288808,0.299560521146904));
#12409=CARTESIAN_POINT('Ctrl Pts',(9.51170973080368,-15.657932425512,0.451954324703231));
#12410=CARTESIAN_POINT('Ctrl Pts',(9.61571084159777,-16.1108081652009,0.680300388451547));
#12411=CARTESIAN_POINT('Ctrl Pts',(9.68209561656981,-16.5228106838211,0.976196476248351));
#12412=CARTESIAN_POINT('Ctrl Pts',(9.51937252455793,-15.1135313345697,0.302523954325934));
#12413=CARTESIAN_POINT('Ctrl Pts',(9.77022427263709,-15.5532869039662,0.463040739103195));
#12414=CARTESIAN_POINT('Ctrl Pts',(9.9175350302105,-16.0063604195314,0.702305910397872));
#12415=CARTESIAN_POINT('Ctrl Pts',(10.0219765178046,-16.4132299460104,1.00981240936498));
#12416=CARTESIAN_POINT('Ctrl Pts',(9.62019373143189,-15.0666666666667,0.285954792089783));
#12417=CARTESIAN_POINT('Ctrl Pts',(9.89952532104921,-15.5118025779552,0.443334102800684));
#12418=CARTESIAN_POINT('Ctrl Pts',(10.0684501810863,-15.9719494691103,0.681254244958323));
#12419=CARTESIAN_POINT('Ctrl Pts',(10.1920564485506,-16.386009432116,0.989545203930921));
#12420=CARTESIAN_POINT('',(9.34602822427529,-16.816605659262,0.69389160315974));
#12421=CARTESIAN_POINT('Origin',(10.1920564485506,-16.9832113185391,0.187454244717064));
#12422=CARTESIAN_POINT('Ctrl Pts',(9.34602822427529,-16.816605659262,0.69389160315974));
#12423=CARTESIAN_POINT('Ctrl Pts',(9.28422509054118,-16.3478230497616,0.436428307874624));
#12424=CARTESIAN_POINT('Ctrl Pts',(9.19976266052115,-15.8559367196053,0.26600046167984));
#12425=CARTESIAN_POINT('Ctrl Pts',(9.06009686571592,-15.4,0.171572875253864));
#12426=CARTESIAN_POINT('Origin',(10.5,-19.4000000000001,12.65));
#12427=CARTESIAN_POINT('',(9.50000000000002,-19.4,20.3));
#12428=CARTESIAN_POINT('Origin',(10.5000000000001,-19.4000000000001,20.3));
#12429=CARTESIAN_POINT('',(9.49999999999995,-19.4,5.));
#12430=CARTESIAN_POINT('',(9.49999999999995,-19.4,5.));
#12431=CARTESIAN_POINT('Origin',(10.5000000000001,-19.4000000000001,5.));
#12432=CARTESIAN_POINT('Ctrl Pts',(9.34602822426796,-16.8166056592708,0.693891603150371));
#12433=CARTESIAN_POINT('Ctrl Pts',(9.42433198026685,-17.4105470479117,1.02009420543151));
#12434=CARTESIAN_POINT('Ctrl Pts',(9.50968005961325,-18.733370572781,2.10411090798434));
#12435=CARTESIAN_POINT('Ctrl Pts',(9.49999999999996,-19.4,3.93279735891933));
#12436=CARTESIAN_POINT('Ctrl Pts',(9.49999999999996,-19.4,5.));
#12437=CARTESIAN_POINT('Ctrl Pts',(9.4443258795414,-16.6987545041841,0.819332430718668));
#12438=CARTESIAN_POINT('Ctrl Pts',(9.51397532300847,-17.2622699302799,1.16395927366986));
#12439=CARTESIAN_POINT('Ctrl Pts',(9.55250110481765,-18.4888944931698,2.25128616240553));
#12440=CARTESIAN_POINT('Ctrl Pts',(9.49999999999994,-19.1008006996581,3.98624565365387));
#12441=CARTESIAN_POINT('Ctrl Pts',(9.49999999999994,-19.1008006996581,5.00000000000001));
#12442=CARTESIAN_POINT('Ctrl Pts',(9.7059544972261,-16.5106551949531,0.984550635993777));
#12443=CARTESIAN_POINT('Ctrl Pts',(9.7932678931168,-17.0301909110424,1.36161489907436));
#12444=CARTESIAN_POINT('Ctrl Pts',(9.83267504835625,-18.1024269187463,2.48848793117018));
#12445=CARTESIAN_POINT('Ctrl Pts',(9.75112067114844,-18.5827898610045,4.07805408993852));
#12446=CARTESIAN_POINT('Ctrl Pts',(9.75112067114844,-18.5827898610045,5.00000000000001));
#12447=CARTESIAN_POINT('Ctrl Pts',(10.0462736507555,-16.40934130112,1.00691709426653));
#12448=CARTESIAN_POINT('Ctrl Pts',(10.1821391885485,-16.9262257124025,1.39659124133563));
#12449=CARTESIAN_POINT('Ctrl Pts',(10.3135619498675,-17.9731182055956,2.5607787847214));
#12450=CARTESIAN_POINT('Ctrl Pts',(10.2756005247435,-18.3999999999999,4.11080902628465));
#12451=CARTESIAN_POINT('Ctrl Pts',(10.2756005247435,-18.3999999999999,5.00000000000001));
#12452=CARTESIAN_POINT('Ctrl Pts',(10.192056448536,-16.3860094320668,0.989545203894386));
#12453=CARTESIAN_POINT('Ctrl Pts',(10.3486639605337,-16.9106179487123,1.38014578624386));
#12454=CARTESIAN_POINT('Ctrl Pts',(10.5193601192265,-17.9739990987764,2.555643451197));
#12455=CARTESIAN_POINT('Ctrl Pts',(10.5,-18.3999999999999,4.11066446576613));
#12456=CARTESIAN_POINT('Ctrl Pts',(10.5,-18.3999999999999,5.00000000000001));
#12457=CARTESIAN_POINT('Ctrl Pts',(9.49999999999995,-19.4,5.));
#12458=CARTESIAN_POINT('Ctrl Pts',(9.50000000000075,-19.3999999999956,3.93279735892196));
#12459=CARTESIAN_POINT('Ctrl Pts',(9.50968005961565,-18.7333705727718,2.1041109080047));
#12460=CARTESIAN_POINT('Ctrl Pts',(9.42433198027187,-17.4105470479079,1.02009420545879));
#12461=CARTESIAN_POINT('Ctrl Pts',(9.34602822427529,-16.816605659262,0.69389160315974));
#12462=CARTESIAN_POINT('Origin',(8.49999999999995,-14.4,1.));
#12463=CARTESIAN_POINT('Origin',(8.49999999999996,-15.4,0.99999999999997));
#12464=CARTESIAN_POINT('Origin',(8.49999999999996,-15.4,5.00000000000002));
#12465=CARTESIAN_POINT('',(8.49999999999995,-20.4,5.));
#12466=CARTESIAN_POINT('Origin',(8.49999999999995,-19.4,5.));
#12467=CARTESIAN_POINT('Origin',(8.49999999999995,-15.4,5.00000000000003));
#12468=CARTESIAN_POINT('Ctrl Pts',(24.5,-13.4000000000001,0.));
#12469=CARTESIAN_POINT('Ctrl Pts',(24.500803120616,-13.4027820914183,0.));
#12470=CARTESIAN_POINT('Ctrl Pts',(24.50160635458,-13.4055640492933,9.82464053522366E-7));
#12471=CARTESIAN_POINT('Ctrl Pts',(24.6947331859201,-14.0747558651716,0.000461228540132735));
#12472=CARTESIAN_POINT('Ctrl Pts',(24.8899702900767,-14.7493371941043,0.0565508546751231));
#12473=CARTESIAN_POINT('Ctrl Pts',(25.0600968657159,-15.4,0.171572875253791));
#12474=CARTESIAN_POINT('Ctrl Pts',(24.5,-13.4000000000001,0.));
#12475=CARTESIAN_POINT('Ctrl Pts',(24.501071439737,-13.4026255530754,0.));
#12476=CARTESIAN_POINT('Ctrl Pts',(24.5021411955618,-13.4052568336331,1.80220019753988E-5));
#12477=CARTESIAN_POINT('Ctrl Pts',(24.7596648361419,-14.0372018444286,0.00012041736899781));
#12478=CARTESIAN_POINT('Ctrl Pts',(25.0197436842476,-14.6745348942111,0.0964519907418673));
#12479=CARTESIAN_POINT('Ctrl Pts',(25.2175893873477,-15.279995511437,0.27805305329805));
#12480=CARTESIAN_POINT('Ctrl Pts',(24.5,-13.4000000000001,0.));
#12481=CARTESIAN_POINT('Ctrl Pts',(24.5013385024266,-13.4024714296877,0.));
#12482=CARTESIAN_POINT('Ctrl Pts',(24.5026773324378,-13.4049473174201,1.26566690038548E-5));
#12483=CARTESIAN_POINT('Ctrl Pts',(24.8245361002854,-13.9997224930583,0.000450297226586617));
#12484=CARTESIAN_POINT('Ctrl Pts',(25.1500577859225,-14.5995628781946,0.108239190843311));
#12485=CARTESIAN_POINT('Ctrl Pts',(25.4185513176838,-15.1603960024727,0.31909311656194));
#12486=CARTESIAN_POINT('Ctrl Pts',(24.5,-13.4000000000001,0.));
#12487=CARTESIAN_POINT('Ctrl Pts',(24.5016062412313,-13.4023184095141,0.));
#12488=CARTESIAN_POINT('Ctrl Pts',(24.5032127091601,-13.4046367077444,1.63744008969747E-6));
#12489=CARTESIAN_POINT('Ctrl Pts',(24.8894663718392,-13.9622965543104,0.000768714233578973));
#12490=CARTESIAN_POINT('Ctrl Pts',(25.2799405801533,-14.5244476617536,0.0942514244585393));
#12491=CARTESIAN_POINT('Ctrl Pts',(25.6201937314317,-15.0666666666667,0.285954792089652));
#12492=CARTESIAN_POINT('',(25.6201937314317,-15.0666666666667,0.285954792089652));
#12493=CARTESIAN_POINT('',(25.0600968657159,-15.4,0.171572875253791));
#12494=CARTESIAN_POINT('Origin',(25.6201937314318,-15.4000000000001,-0.656854249492196));
#12495=CARTESIAN_POINT('Ctrl Pts',(25.0600968657159,-15.4,0.171572875253791));
#12496=CARTESIAN_POINT('Ctrl Pts',(24.8899702900767,-14.7493371941043,0.0565508546751232));
#12497=CARTESIAN_POINT('Ctrl Pts',(24.6947331859201,-14.0747558651716,0.000461228540132794));
#12498=CARTESIAN_POINT('Ctrl Pts',(24.50160635458,-13.4055640492933,9.82464053522807E-7));
#12499=CARTESIAN_POINT('Ctrl Pts',(24.500803120616,-13.4027820914183,2.30600953700561E-19));
#12500=CARTESIAN_POINT('Ctrl Pts',(24.5,-13.4000000000001,0.));
#12501=CARTESIAN_POINT('Ctrl Pts',(24.5,-13.4000000000001,0.));
#12502=CARTESIAN_POINT('Ctrl Pts',(24.5016062412313,-13.4023184095141,6.45369298752476E-19));
#12503=CARTESIAN_POINT('Ctrl Pts',(24.5032127091601,-13.4046367077444,1.6374400896988E-6));
#12504=CARTESIAN_POINT('Ctrl Pts',(24.8894663718392,-13.9622965543104,0.000768714233579127));
#12505=CARTESIAN_POINT('Ctrl Pts',(25.2799405801533,-14.5244476617536,0.0942514244585396));
#12506=CARTESIAN_POINT('Ctrl Pts',(25.6201937314317,-15.0666666666667,0.285954792089652));
#12507=CARTESIAN_POINT('Ctrl Pts',(25.0600968657158,-15.4,0.171572875253805));
#12508=CARTESIAN_POINT('Ctrl Pts',(25.1997626605245,-15.8559367196262,0.266000461680329));
#12509=CARTESIAN_POINT('Ctrl Pts',(25.2842250905431,-16.3478230498065,0.436428307881686));
#12510=CARTESIAN_POINT('Ctrl Pts',(25.3460282242753,-16.8166056593265,0.693891603180895));
#12511=CARTESIAN_POINT('Ctrl Pts',(25.1388431265318,-15.3399977557185,0.224812964275932));
#12512=CARTESIAN_POINT('Ctrl Pts',(25.2917351818788,-15.788915111518,0.341931437744867));
#12513=CARTESIAN_POINT('Ctrl Pts',(25.3761641183118,-16.2656662202637,0.533509127572168));
#12514=CARTESIAN_POINT('Ctrl Pts',(25.4320386726389,-16.7134858986233,0.803652327304643));
#12515=CARTESIAN_POINT('Ctrl Pts',(25.317760583388,-15.220011402458,0.299552690987178));
#12516=CARTESIAN_POINT('Ctrl Pts',(25.5117122068415,-15.6579338990892,0.451946494543494));
#12517=CARTESIAN_POINT('Ctrl Pts',(25.6157333635593,-16.110828498381,0.680265554360164));
#12518=CARTESIAN_POINT('Ctrl Pts',(25.6821181385313,-16.5228310170013,0.976161642157023));
#12519=CARTESIAN_POINT('Ctrl Pts',(25.5193725245578,-15.1135313345697,0.302523954325804));
#12520=CARTESIAN_POINT('Ctrl Pts',(25.770224272637,-15.5532869039662,0.463040739103047));
#12521=CARTESIAN_POINT('Ctrl Pts',(25.9175350302104,-16.0063604195316,0.702305910397771));
#12522=CARTESIAN_POINT('Ctrl Pts',(26.0219765178046,-16.4132299460107,1.00981240936494));
#12523=CARTESIAN_POINT('Ctrl Pts',(25.6201937314317,-15.0666666666667,0.285954792089659));
#12524=CARTESIAN_POINT('Ctrl Pts',(25.8995253210491,-15.5118025779552,0.44333410280054));
#12525=CARTESIAN_POINT('Ctrl Pts',(26.0684501810862,-15.9719494691105,0.681254244958229));
#12526=CARTESIAN_POINT('Ctrl Pts',(26.1920564485506,-16.3860094321162,0.98954520393088));
#12527=CARTESIAN_POINT('',(26.1920564485506,-16.3860094321162,0.989545203930883));
#12528=CARTESIAN_POINT('',(25.3460282242753,-16.8166056592622,0.693891603159749));
#12529=CARTESIAN_POINT('Origin',(26.1920564485506,-16.9832113185394,0.187454244717069));
#12530=CARTESIAN_POINT('Ctrl Pts',(25.3460282242753,-16.8166056592622,0.693891603159749));
#12531=CARTESIAN_POINT('Ctrl Pts',(25.2842250905412,-16.3478230497618,0.436428307874581));
#12532=CARTESIAN_POINT('Ctrl Pts',(25.1997626605212,-15.8559367196054,0.266000461679769));
#12533=CARTESIAN_POINT('Ctrl Pts',(25.0600968657159,-15.4,0.171572875253791));
#12534=CARTESIAN_POINT('Ctrl Pts',(25.6201937314317,-15.0666666666667,0.285954792089652));
#12535=CARTESIAN_POINT('Ctrl Pts',(25.8995253210491,-15.5118025779552,0.443334102800537));
#12536=CARTESIAN_POINT('Ctrl Pts',(26.0684501810862,-15.9719494691105,0.681254244958228));
#12537=CARTESIAN_POINT('Ctrl Pts',(26.1920564485506,-16.3860094321162,0.989545203930883));
#12538=CARTESIAN_POINT('Origin',(26.5,-19.4000000000001,12.65));
#12539=CARTESIAN_POINT('',(26.5,-18.4000000000001,20.3));
#12540=CARTESIAN_POINT('',(26.5,-18.4000000000001,4.99999999999999));
#12541=CARTESIAN_POINT('',(26.5,-18.4000000000001,20.3));
#12542=CARTESIAN_POINT('',(25.5,-19.4,20.3));
#12543=CARTESIAN_POINT('Origin',(26.5,-19.4000000000001,20.3));
#12544=CARTESIAN_POINT('',(25.5,-19.4,5.));
#12545=CARTESIAN_POINT('',(25.5,-19.4,5.));
#12546=CARTESIAN_POINT('Origin',(26.5,-19.4000000000001,5.));
#12547=CARTESIAN_POINT('Ctrl Pts',(25.3460282242679,-16.816605659271,0.693891603150384));
#12548=CARTESIAN_POINT('Ctrl Pts',(25.4504332322661,-17.6085275107893,1.12882840618993));
#12549=CARTESIAN_POINT('Ctrl Pts',(25.5054089033562,-18.9056616905158,2.34329776052615));
#12550=CARTESIAN_POINT('Ctrl Pts',(25.5,-19.4000000000001,4.19959801918951));
#12551=CARTESIAN_POINT('Ctrl Pts',(25.5,-19.4000000000001,5.));
#12552=CARTESIAN_POINT('Ctrl Pts',(25.4443258795414,-16.6987545041844,0.819332430718665));
#12553=CARTESIAN_POINT('Ctrl Pts',(25.5371918041638,-17.4501084056424,1.27883488798488));
#12554=CARTESIAN_POINT('Ctrl Pts',(25.5372787066537,-18.6453317908606,2.47953364828678));
#12555=CARTESIAN_POINT('Ctrl Pts',(25.5,-19.1008006996582,4.23968424024042));
#12556=CARTESIAN_POINT('Ctrl Pts',(25.5,-19.1008006996582,5.));
#12557=CARTESIAN_POINT('Ctrl Pts',(25.7059630211754,-16.5106642487547,0.984535628002687));
#12558=CARTESIAN_POINT('Ctrl Pts',(25.8223808823626,-17.2033785368709,1.48728797877468));
#12559=CARTESIAN_POINT('Ctrl Pts',(25.8094726631684,-18.2255040884761,2.70530521650414));
#12560=CARTESIAN_POINT('Ctrl Pts',(25.7511819008132,-18.5828633279672,4.30854056745388));
#12561=CARTESIAN_POINT('Ctrl Pts',(25.7511819008132,-18.5828633279672,5.));
#12562=CARTESIAN_POINT('Ctrl Pts',(26.0462736507555,-16.4093413011202,1.00691709426648));
#12563=CARTESIAN_POINT('Ctrl Pts',(26.2274277011454,-17.0985205161609,1.52648262368984));
#12564=CARTESIAN_POINT('Ctrl Pts',(26.3006058578899,-18.0851443761686,2.77903228531767));
#12565=CARTESIAN_POINT('Ctrl Pts',(26.2756005247436,-18.4000000000001,4.33310676971349));
#12566=CARTESIAN_POINT('Ctrl Pts',(26.2756005247436,-18.4000000000001,5.));
#12567=CARTESIAN_POINT('Ctrl Pts',(26.192056448536,-16.3860094320671,0.989545203894346));
#12568=CARTESIAN_POINT('Ctrl Pts',(26.4008664645321,-17.0854874542582,1.51034598035819));
#12569=CARTESIAN_POINT('Ctrl Pts',(26.5108178067125,-18.0866114012127,2.77621354931614));
#12570=CARTESIAN_POINT('Ctrl Pts',(26.5,-18.4000000000001,4.33299834932458));
#12571=CARTESIAN_POINT('Ctrl Pts',(26.5,-18.4000000000001,5.));
#12572=CARTESIAN_POINT('Ctrl Pts',(25.5,-19.4,5.));
#12573=CARTESIAN_POINT('Ctrl Pts',(25.5000000000006,-19.3999999999967,4.19959801919149));
#12574=CARTESIAN_POINT('Ctrl Pts',(25.5054089033584,-18.9056616905068,2.34329776054586));
#12575=CARTESIAN_POINT('Ctrl Pts',(25.4504332322705,-17.608527510786,1.12882840621839));
#12576=CARTESIAN_POINT('Ctrl Pts',(25.3460282242753,-16.8166056592622,0.693891603159749));
#12577=CARTESIAN_POINT('Ctrl Pts',(26.1920564485506,-16.3860094321162,0.989545203930883));
#12578=CARTESIAN_POINT('Ctrl Pts',(26.4008664645351,-17.0854874542852,1.51034598039186));
#12579=CARTESIAN_POINT('Ctrl Pts',(26.5108178067124,-18.086611401217,2.77621354933684));
#12580=CARTESIAN_POINT('Ctrl Pts',(26.5,-18.4000000000001,4.33299834932455));
#12581=CARTESIAN_POINT('Ctrl Pts',(26.5,-18.4000000000001,4.99999999999999));
#12582=CARTESIAN_POINT('Origin',(24.5,-14.4000000000001,1.));
#12583=CARTESIAN_POINT('Origin',(24.5,-15.4000000000001,1.00000000000014));
#12584=CARTESIAN_POINT('Origin',(24.5,-15.4,5.));
#12585=CARTESIAN_POINT('',(24.5,-20.4,5.));
#12586=CARTESIAN_POINT('Origin',(24.5,-19.4,5.));
#12587=CARTESIAN_POINT('Origin',(24.5,-15.3999999999999,5.00000000000027));
#12588=CARTESIAN_POINT('Origin',(-7.50000000000005,-19.4,12.65));
#12589=CARTESIAN_POINT('',(-7.50000000000005,-20.4,20.3));
#12590=CARTESIAN_POINT('Origin',(-7.50000000000005,-19.3999999999999,20.3));
#12591=CARTESIAN_POINT('',(-7.50000000000005,-20.4,20.3));
#12592=CARTESIAN_POINT('Origin',(-7.50000000000005,-14.4,1.));
#12593=CARTESIAN_POINT('Origin',(-11.5,-15.4,5.));
#12594=CARTESIAN_POINT('',(-15.5,-20.4,5.));
#12595=CARTESIAN_POINT('',(-7.50000000000005,-20.4,5.));
#12596=CARTESIAN_POINT('Origin',(-15.5,-15.4,4.99999999999998));
#12597=CARTESIAN_POINT('Origin',(-6.58000000000006,-20.4,3.35));
#12598=CARTESIAN_POINT('',(-15.5,-20.4,20.3));
#12599=CARTESIAN_POINT('',(-7.50000000000005,-20.4,20.3));
#12600=CARTESIAN_POINT('',(-15.5,-20.4,20.3));
#12601=CARTESIAN_POINT('Origin',(-38.5000000000001,-19.4,12.65));
#12602=CARTESIAN_POINT('',(-38.5000000000001,-20.4,20.3));
#12603=CARTESIAN_POINT('Origin',(-38.5000000000001,-19.3999999999999,20.3));
#12604=CARTESIAN_POINT('',(-38.5000000000001,-20.4,20.3));
#12605=CARTESIAN_POINT('Origin',(-38.5000000000001,-14.4000000000001,1.));
#12606=CARTESIAN_POINT('Origin',(-39.9349999999976,-15.4,5.));
#12607=CARTESIAN_POINT('',(-41.3699999999951,-20.4,5.));
#12608=CARTESIAN_POINT('',(-38.5000000000001,-20.4,5.));
#12609=CARTESIAN_POINT('Origin',(-41.3699999999951,-15.4,5.));
#12610=CARTESIAN_POINT('Origin',(-38.0930000000006,-20.4,3.35));
#12611=CARTESIAN_POINT('',(-41.3699999999951,-20.4,20.3));
#12612=CARTESIAN_POINT('',(-38.5000000000001,-20.4,20.3));
#12613=CARTESIAN_POINT('',(-41.3699999999951,-20.4,20.3));
#12614=CARTESIAN_POINT('Origin',(-31.5,-19.4,12.65));
#12615=CARTESIAN_POINT('',(-31.5,-20.4,20.3));
#12616=CARTESIAN_POINT('Origin',(-31.5,-19.4,20.3));
#12617=CARTESIAN_POINT('',(-31.5,-20.4,5.));
#12618=CARTESIAN_POINT('Origin',(-31.5,-19.4,5.));
#12619=CARTESIAN_POINT('',(-31.5,-20.4,5.));
#12620=CARTESIAN_POINT('Origin',(-31.5,-15.4,4.99999999999998));
#12621=CARTESIAN_POINT('Origin',(-31.5,-15.4,0.999999999999808));
#12622=CARTESIAN_POINT('Origin',(-31.5,-15.4000000000002,4.99999999999969));
#12623=CARTESIAN_POINT('Origin',(-31.5,-14.4000000000001,1.));
#12624=CARTESIAN_POINT('Origin',(-23.5000000000001,-19.4,12.65));
#12625=CARTESIAN_POINT('',(-23.5000000000001,-20.4,20.3));
#12626=CARTESIAN_POINT('Origin',(-23.5000000000001,-19.3999999999999,20.3));
#12627=CARTESIAN_POINT('',(-23.5000000000001,-20.4,20.3));
#12628=CARTESIAN_POINT('Origin',(-23.5000000000001,-14.4,1.));
#12629=CARTESIAN_POINT('Origin',(-27.5000000000001,-15.4,5.00000000000001));
#12630=CARTESIAN_POINT('',(-23.5000000000001,-20.4,5.));
#12631=CARTESIAN_POINT('Origin',(-22.5800000000001,-20.4,3.35));
#12632=CARTESIAN_POINT('',(-23.5000000000001,-20.4,20.3));
#12633=CARTESIAN_POINT('Origin',(-15.5,-19.4,12.65));
#12634=CARTESIAN_POINT('Origin',(-15.5,-19.4,20.3));
#12635=CARTESIAN_POINT('Origin',(-15.5,-19.4,5.));
#12636=CARTESIAN_POINT('Origin',(-15.5,-15.4,4.99999999999998));
#12637=CARTESIAN_POINT('Origin',(-15.5,-15.3999999999999,0.999999999999713));
#12638=CARTESIAN_POINT('Origin',(-15.5,-14.4000000000001,1.));
#12639=CARTESIAN_POINT('Origin',(0.499999999999973,-19.4,12.65));
#12640=CARTESIAN_POINT('',(0.499999999999973,-20.4,20.3));
#12641=CARTESIAN_POINT('Origin',(0.499999999999982,-19.4000000000001,20.3));
#12642=CARTESIAN_POINT('',(0.499999999999973,-20.4,5.));
#12643=CARTESIAN_POINT('Origin',(0.499999999999974,-19.4,5.));
#12644=CARTESIAN_POINT('',(0.499999999999973,-20.4,5.));
#12645=CARTESIAN_POINT('Origin',(0.499999999999978,-15.4,4.99999999999999));
#12646=CARTESIAN_POINT('Origin',(0.499999999999909,-15.3999999999999,0.999999999999799));
#12647=CARTESIAN_POINT('Origin',(0.499999999999978,-15.4000000000001,4.9999999999995));
#12648=CARTESIAN_POINT('Origin',(0.499999999999972,-14.4000000000001,1.));
#12649=CARTESIAN_POINT('Origin',(16.5,-19.4,12.65));
#12650=CARTESIAN_POINT('',(16.5,-20.4,20.3));
#12651=CARTESIAN_POINT('Origin',(16.5,-19.4000000000001,20.3));
#12652=CARTESIAN_POINT('',(16.5,-20.4,5.));
#12653=CARTESIAN_POINT('Origin',(16.5,-19.4,5.));
#12654=CARTESIAN_POINT('',(16.5,-20.4,5.));
#12655=CARTESIAN_POINT('Origin',(16.5,-15.4,4.99999999999999));
#12656=CARTESIAN_POINT('Origin',(16.4999999999999,-15.3999999999999,0.999999999999682));
#12657=CARTESIAN_POINT('Origin',(16.5,-15.4000000000001,4.99999999999948));
#12658=CARTESIAN_POINT('Origin',(16.5,-14.4,1.));
#12659=CARTESIAN_POINT('Origin',(8.49999999999995,-19.4,12.65));
#12660=CARTESIAN_POINT('',(8.49999999999995,-20.4,20.3));
#12661=CARTESIAN_POINT('Origin',(8.49999999999995,-19.3999999999999,20.3));
#12662=CARTESIAN_POINT('',(8.49999999999995,-20.4,20.3));
#12663=CARTESIAN_POINT('Origin',(4.49999999999996,-15.4,5.00000000000001));
#12664=CARTESIAN_POINT('',(8.49999999999995,-20.4,5.));
#12665=CARTESIAN_POINT('Origin',(9.41999999999995,-20.4,3.35));
#12666=CARTESIAN_POINT('',(8.49999999999995,-20.4,20.3));
#12667=CARTESIAN_POINT('Origin',(24.5,-19.4,12.65));
#12668=CARTESIAN_POINT('',(24.5,-20.4,20.3));
#12669=CARTESIAN_POINT('Origin',(24.5,-19.4,20.3));
#12670=CARTESIAN_POINT('',(24.5,-20.4,20.3));
#12671=CARTESIAN_POINT('Origin',(20.5,-15.4,5.00000000000001));
#12672=CARTESIAN_POINT('',(24.5,-20.4,5.));
#12673=CARTESIAN_POINT('Origin',(25.42,-20.4,3.35));
#12674=CARTESIAN_POINT('',(24.5,-20.4,20.3));
#12675=CARTESIAN_POINT('Origin',(31.2500000000049,-7.39999999999988,0.980000104904125));
#12676=CARTESIAN_POINT('',(30.3300000000049,-7.39999999999988,1.80000009536739));
#12677=CARTESIAN_POINT('',(30.3300000000049,-7.39999999999988,1.80000009536739));
#12678=CARTESIAN_POINT('',(22.3300000000049,-7.39999999999988,1.80000009536739));
#12679=CARTESIAN_POINT('',(22.3300000000049,-7.39999999999988,8.80000000000004));
#12680=CARTESIAN_POINT('',(22.3300000000049,-7.39999999999988,1.80000009536739));
#12681=CARTESIAN_POINT('Origin',(27.2986357542394,9.75999977024272,6.5));
#12682=CARTESIAN_POINT('',(17.9300005747765,-2.45999980849975,6.5));
#12683=CARTESIAN_POINT('',(25.9299993896265,-2.45999980849975,6.5));
#12684=CARTESIAN_POINT('',(17.9300005747765,-2.45999980849975,6.5));
#12685=CARTESIAN_POINT('',(25.9299993896265,8.53999980853886,6.5));
#12686=CARTESIAN_POINT('',(25.9299993896265,-2.45999980849975,6.5));
#12687=CARTESIAN_POINT('',(17.9300005747765,8.53999980853886,6.5));
#12688=CARTESIAN_POINT('',(25.9299993896265,8.53999980853886,6.5));
#12689=CARTESIAN_POINT('',(17.9300005747765,8.53999980853886,6.5));
#12690=CARTESIAN_POINT('Origin',(26.8499992711115,-2.45999980849975,7.72));
#12691=CARTESIAN_POINT('',(25.9299993896265,-2.45999980849975,7.5));
#12692=CARTESIAN_POINT('',(25.9299993896265,-2.45999980849975,7.5));
#12693=CARTESIAN_POINT('',(17.9300005747765,-2.45999980849975,7.5));
#12694=CARTESIAN_POINT('',(17.9300005747765,-2.45999980849975,6.5));
#12695=CARTESIAN_POINT('',(17.9300005747765,-2.45999980849975,7.5));
#12696=CARTESIAN_POINT('Origin',(25.9299993896265,-3.67999977020361,7.72));
#12697=CARTESIAN_POINT('',(25.9299993896265,8.53999980853886,7.5));
#12698=CARTESIAN_POINT('',(25.9299993896265,8.53999980853886,7.5));
#12699=CARTESIAN_POINT('',(25.9299993896265,-2.45999980849975,7.5));
#12700=CARTESIAN_POINT('Origin',(26.8499992711115,8.53999980853886,6.28));
#12701=CARTESIAN_POINT('',(17.9300005747765,8.53999980853886,7.5));
#12702=CARTESIAN_POINT('',(17.9300005747765,8.53999980853886,7.5));
#12703=CARTESIAN_POINT('',(25.9299993896265,8.53999980853886,7.5));
#12704=CARTESIAN_POINT('Origin',(17.9300005747765,9.75999977024272,7.72));
#12705=CARTESIAN_POINT('',(17.9300005747765,8.53999980853886,7.5));
#12706=CARTESIAN_POINT('Origin',(28.0499992711115,10.9599997702427,7.5));
#12707=CARTESIAN_POINT('',(16.9300005747765,-3.45999980849975,7.5));
#12708=CARTESIAN_POINT('Origin',(17.0540077415324,-4.87999977020361,8.20684083868258));
#12709=CARTESIAN_POINT('Origin',(-41.3699999999953,15.4000000000003,4.99999999999989));
#12710=CARTESIAN_POINT('',(-42.3699999999951,15.4000000000001,0.999999999999994));
#12711=CARTESIAN_POINT('',(-42.3699999999951,19.4000000000002,4.99999999999999));
#12712=CARTESIAN_POINT('Origin',(-42.3699999999951,15.4000000000002,5.));
#12713=CARTESIAN_POINT('',(-41.3699999999951,20.4000000000002,5.));
#12714=CARTESIAN_POINT('Origin',(-41.369999999995,19.4000000000001,4.99999999999999));
#12715=CARTESIAN_POINT('Origin',(-41.3699999999951,15.4000000000002,5.00000000000001));
#12716=CARTESIAN_POINT('Origin',(-41.3699999999951,15.4000000000002,1.));
#12717=CARTESIAN_POINT('Origin',(-41.369999999995,-15.4,4.99999999999996));
#12718=CARTESIAN_POINT('',(-42.3699999999951,-19.4,5.));
#12719=CARTESIAN_POINT('',(-42.3699999999951,-15.4,0.999999999999997));
#12720=CARTESIAN_POINT('Origin',(-42.369999999995,-15.4,4.99999999999998));
#12721=CARTESIAN_POINT('Origin',(-41.3699999999951,-15.4,0.999999999999997));
#12722=CARTESIAN_POINT('Origin',(-41.3699999999951,-19.4,4.99999999999999));
#12723=CARTESIAN_POINT('Origin',(-41.3699999999951,19.4000000000002,12.65));
#12724=CARTESIAN_POINT('',(-41.3699999999951,20.4000000000002,20.3));
#12725=CARTESIAN_POINT('',(-41.3699999999951,20.4000000000002,20.3));
#12726=CARTESIAN_POINT('',(-42.3699999999951,19.4000000000002,20.3));
#12727=CARTESIAN_POINT('',(-42.3699999999951,19.4000000000002,4.99999999999999));
#12728=CARTESIAN_POINT('Origin',(-41.3699999999951,19.4000000000002,20.3));
#12729=CARTESIAN_POINT('Origin',(-41.3699999999951,-19.4,12.65));
#12730=CARTESIAN_POINT('',(-42.3699999999951,-19.4,20.3));
#12731=CARTESIAN_POINT('Origin',(-41.3699999999951,-19.4,20.3));
#12732=CARTESIAN_POINT('',(-42.3699999999951,-19.4,20.3));
#12733=CARTESIAN_POINT('Origin',(-41.3699999999951,1.24344978758018E-13,
1.));
#12734=CARTESIAN_POINT('',(-42.3699999999951,15.4000000000001,0.999999999999994));
#12735=CARTESIAN_POINT('Origin',(26.3300000000049,-13.4,3.80000009536738));
#12736=CARTESIAN_POINT('',(30.3300000000049,-13.4,1.80000009536739));
#12737=CARTESIAN_POINT('Origin',(30.3300000000049,-13.4,3.80000009536739));
#12738=CARTESIAN_POINT('',(22.3300000000049,-13.4,1.80000009536739));
#12739=CARTESIAN_POINT('',(22.3300000000049,-13.4,1.80000009536739));
#12740=CARTESIAN_POINT('Origin',(22.3300000000049,-13.4,3.80000009536739));
#12741=CARTESIAN_POINT('Origin',(-33.1999999964886,-6.47999970950938,12.8));
#12742=CARTESIAN_POINT('',(-35.8700005985255,-10.9999999999999,12.8));
#12743=CARTESIAN_POINT('',(-39.3699999999951,-10.9999999999999,12.8));
#12744=CARTESIAN_POINT('',(-35.8700005831343,-6.99999999999995,12.8));
#12745=CARTESIAN_POINT('Origin',(-35.8699999999951,-8.99999999999992,12.8));
#12746=CARTESIAN_POINT('',(-35.8700005831343,-6.99999999999995,12.8));
#12747=CARTESIAN_POINT('',(-36.9699998744238,-8.99999999602587,12.8));
#12748=CARTESIAN_POINT('',(-34.7700000286102,-8.99999999602587,12.8));
#12749=CARTESIAN_POINT('Origin',(-35.869999951517,-9.00000063021448,12.8));
#12750=CARTESIAN_POINT('Origin',(-35.869999951517,-8.99999936183726,12.8));
#12751=CARTESIAN_POINT('Origin',(-35.4000006583785,-10.9999999999999,0.580000104904128));
#12752=CARTESIAN_POINT('',(-35.8700005985255,-10.9999999999999,12.8));
#12753=CARTESIAN_POINT('Origin',(24.9650000000024,13.4000000000002,3.80000009536739));
#12754=CARTESIAN_POINT('Origin',(12.1300000000048,13.4000000000001,3.80000009536746));
#12755=CARTESIAN_POINT('Origin',(-15.6199999999951,13.4000000000001,3.80000009536739));
#12756=CARTESIAN_POINT('Origin',(10.1300000000048,8.99999999999993,7.3000000476837));
#12757=CARTESIAN_POINT('',(12.1300000000048,9.0000005985304,1.80000009536739));
#12758=CARTESIAN_POINT('Origin',(12.1300000000048,16.1599999401472,14.0199999904633));
#12759=CARTESIAN_POINT('Origin',(-33.1999999964886,11.5200002968657,12.8));
#12760=CARTESIAN_POINT('',(-35.8700005831343,6.99999999999995,12.8));
#12761=CARTESIAN_POINT('',(-39.3699999999951,6.99999999999995,12.8));
#12762=CARTESIAN_POINT('',(-35.8700005985255,10.9999999999999,12.8));
#12763=CARTESIAN_POINT('Origin',(-35.8699999999951,8.99999999999992,12.8));
#12764=CARTESIAN_POINT('',(-35.8700005985255,10.9999999999999,12.8));
#12765=CARTESIAN_POINT('',(-34.7700000286102,8.99999999602587,12.8));
#12766=CARTESIAN_POINT('',(-36.9699998744238,8.99999999602587,12.8));
#12767=CARTESIAN_POINT('Origin',(-35.869999951517,8.99999936183726,12.8));
#12768=CARTESIAN_POINT('Origin',(-35.869999951517,9.00000063021448,12.8));
#12769=CARTESIAN_POINT('Origin',(-35.4000006583785,10.9999999999999,14.0199999904633));
#12770=CARTESIAN_POINT('',(-35.8700005985255,10.9999999999999,1.80000009536739));
#12771=CARTESIAN_POINT('Origin',(-15.6199999999951,-13.4,3.80000009536739));
#12772=CARTESIAN_POINT('Origin',(8.13000000000487,-13.4,3.80000009536739));
#12773=CARTESIAN_POINT('Origin',(-39.9349999999976,15.4000000000002,4.99999999999999));
#12774=CARTESIAN_POINT('',(-38.5000000000001,20.4000000000002,5.));
#12775=CARTESIAN_POINT('Origin',(-42.3699999999951,-23.4,22.35));
#12776=CARTESIAN_POINT('',(-42.3699999999951,-19.4,20.3));
#12777=CARTESIAN_POINT('',(-42.3699999999951,15.4000000000002,18.3));
#12778=CARTESIAN_POINT('',(-42.3699999999951,-17.4,16.3));
#12779=CARTESIAN_POINT('Ctrl Pts',(-42.3699999999951,15.4000000000002,18.3));
#12780=CARTESIAN_POINT('Ctrl Pts',(-42.3699999999951,12.6973749529809,18.3));
#12781=CARTESIAN_POINT('Ctrl Pts',(-42.3699999999952,9.99474990596158,18.3));
#12782=CARTESIAN_POINT('Ctrl Pts',(-42.3699999999952,7.99474990596159,18.3));
#12783=CARTESIAN_POINT('Ctrl Pts',(-42.3699999999952,7.99474990596158,16.3));
#12784=CARTESIAN_POINT('Ctrl Pts',(-42.3699999999952,7.99474990596158,11.925));
#12785=CARTESIAN_POINT('Ctrl Pts',(-42.3699999999952,7.99474990596158,7.55000000000003));
#12786=CARTESIAN_POINT('Ctrl Pts',(-42.3699999999952,7.99474990596157,5.55000000000003));
#12787=CARTESIAN_POINT('Ctrl Pts',(-42.3699999999952,5.99474990596158,5.55000000000003));
#12788=CARTESIAN_POINT('Ctrl Pts',(-42.3699999999952,-0.00525009403774579,
5.55000000000004));
#12789=CARTESIAN_POINT('Ctrl Pts',(-42.3699999999952,-6.00525009403707,
5.55000000000004));
#12790=CARTESIAN_POINT('Ctrl Pts',(-42.3699999999952,-8.00525009403707,
5.55000000000004));
#12791=CARTESIAN_POINT('Ctrl Pts',(-42.3699999999952,-8.00525009403707,
7.55000000000004));
#12792=CARTESIAN_POINT('Ctrl Pts',(-42.3699999999952,-8.00525009403707,
11.925));
#12793=CARTESIAN_POINT('Ctrl Pts',(-42.3699999999952,-8.00525009403707,
16.3));
#12794=CARTESIAN_POINT('Ctrl Pts',(-42.3699999999952,-8.00525009403707,
18.3));
#12795=CARTESIAN_POINT('Ctrl Pts',(-42.3699999999952,-10.0052500940371,
18.3));
#12796=CARTESIAN_POINT('Ctrl Pts',(-42.3699999999952,-12.7026250470185,
18.3));
#12797=CARTESIAN_POINT('Ctrl Pts',(-42.3699999999951,-15.4,18.3));
#12798=CARTESIAN_POINT('Ctrl Pts',(-42.3699999999951,-17.4,18.3));
#12799=CARTESIAN_POINT('Ctrl Pts',(-42.3699999999951,-17.4,16.3));
#12800=CARTESIAN_POINT('Ctrl Pts',(-42.3699999999951,-17.4,16.3));
#12801=CARTESIAN_POINT('Ctrl Pts',(-42.3699999999951,-17.4,14.4027934527338));
#12802=CARTESIAN_POINT('Ctrl Pts',(-42.3699999999951,-17.4,12.5055869054676));
#12803=CARTESIAN_POINT('Ctrl Pts',(-42.3699999999951,-17.4,10.618820107873));
#12804=CARTESIAN_POINT('Ctrl Pts',(-42.3699999999951,-17.4,9.67543670907574));
#12805=CARTESIAN_POINT('Ctrl Pts',(-42.3699999999951,-17.4,8.73466324769632));
#12806=CARTESIAN_POINT('Ctrl Pts',(-42.3699999999951,-17.4,7.79780469244374));
#12807=CARTESIAN_POINT('Ctrl Pts',(-42.3699999999951,-17.4,7.32937541481745));
#12808=CARTESIAN_POINT('Ctrl Pts',(-42.3699999999951,-17.4,6.86192486372288));
#12809=CARTESIAN_POINT('Ctrl Pts',(-42.3699999999951,-17.4,6.39561616024863));
#12810=CARTESIAN_POINT('Ctrl Pts',(-42.3699999999951,-17.4,6.16246180851151));
#12811=CARTESIAN_POINT('Ctrl Pts',(-42.3699999999951,-17.4,5.92959291867946));
#12812=CARTESIAN_POINT('Ctrl Pts',(-42.3699999999951,-17.4,5.69702988088858));
#12813=CARTESIAN_POINT('Ctrl Pts',(-42.3699999999951,-17.4,5.58074836199314));
#12814=CARTESIAN_POINT('Ctrl Pts',(-42.3699999999951,-17.4,5.46454330610799));
#12815=CARTESIAN_POINT('Ctrl Pts',(-42.3699999999951,-17.4,5.34841726200013));
#12816=CARTESIAN_POINT('Ctrl Pts',(-42.3699999999951,-17.4,5.2903542399462));
#12817=CARTESIAN_POINT('Ctrl Pts',(-42.3699999999951,-17.4,5.23231097083661));
#12818=CARTESIAN_POINT('Ctrl Pts',(-42.3699999999951,-17.4,5.1742877732672));
#12819=CARTESIAN_POINT('Ctrl Pts',(-42.3699999999951,-17.4,5.14850046097167));
#12820=CARTESIAN_POINT('Ctrl Pts',(-42.3699999999951,-17.4,5.12271711318637));
#12821=CARTESIAN_POINT('Ctrl Pts',(-42.3699999999951,-17.4,5.09693775787878));
#12822=CARTESIAN_POINT('Ctrl Pts',(-42.3699999999951,-17.4,5.08543709270297));
#12823=CARTESIAN_POINT('Ctrl Pts',(-42.3699999999951,-17.4,5.07394024923564));
#12824=CARTESIAN_POINT('Ctrl Pts',(-42.3699999999951,-17.4,5.06242245620783));
#12825=CARTESIAN_POINT('Ctrl Pts',(-42.3699999999951,-17.4,5.04166631689328));
#12826=CARTESIAN_POINT('Ctrl Pts',(-42.3699999999951,-17.4,5.02085848302954));
#12827=CARTESIAN_POINT('Ctrl Pts',(-42.3699999999951,-17.4,4.99999999999999));
#12828=CARTESIAN_POINT('Ctrl Pts',(-42.3699999999951,-17.4,4.95081999962785));
#12829=CARTESIAN_POINT('Ctrl Pts',(-42.3699999999951,-17.3981851553863,
4.90057166519371));
#12830=CARTESIAN_POINT('Ctrl Pts',(-42.3699999999951,-17.3943244587867,
4.84943455547431));
#12831=CARTESIAN_POINT('Ctrl Pts',(-42.3699999999951,-17.3905495380233,
4.79943359521387));
#12832=CARTESIAN_POINT('Ctrl Pts',(-42.3699999999951,-17.3848179774237,
4.74858301294223));
#12833=CARTESIAN_POINT('Ctrl Pts',(-42.3699999999951,-17.3769295754801,
4.697098277337));
#12834=CARTESIAN_POINT('Ctrl Pts',(-42.3699999999951,-17.3689507136902,
4.64502314315712));
#12835=CARTESIAN_POINT('Ctrl Pts',(-42.3699999999951,-17.3587643753829,
4.59229925130389));
#12836=CARTESIAN_POINT('Ctrl Pts',(-42.3699999999951,-17.3461916266898,
4.53919835915832));
#12837=CARTESIAN_POINT('Ctrl Pts',(-42.3699999999951,-17.3343275432539,
4.4890905084153));
#12838=CARTESIAN_POINT('Ctrl Pts',(-42.3699999999951,-17.3203381119022,
4.43864761990698));
#12839=CARTESIAN_POINT('Ctrl Pts',(-42.3699999999951,-17.3041065090424,
4.38813530725965));
#12840=CARTESIAN_POINT('Ctrl Pts',(-42.3699999999951,-17.288108672573,4.33835046934795));
#12841=CARTESIAN_POINT('Ctrl Pts',(-42.3699999999951,-17.2699322972705,
4.28849869705395));
#12842=CARTESIAN_POINT('Ctrl Pts',(-42.3699999999951,-17.249505669098,4.23886349452008));
#12843=CARTESIAN_POINT('Ctrl Pts',(-42.3699999999951,-17.2293322113629,
4.1898434775088));
#12844=CARTESIAN_POINT('Ctrl Pts',(-42.3699999999951,-17.2069635702028,
4.14103530653289));
#12845=CARTESIAN_POINT('Ctrl Pts',(-42.3699999999951,-17.1823764174575,
4.09273250554686));
#12846=CARTESIAN_POINT('Ctrl Pts',(-42.3699999999951,-17.1580441643327,
4.0449304687512));
#12847=CARTESIAN_POINT('Ctrl Pts',(-42.3699999999951,-17.1315389418875,
3.99762406642174));
#12848=CARTESIAN_POINT('Ctrl Pts',(-42.3699999999951,-17.1028875878441,
3.95110826909235));
#12849=CARTESIAN_POINT('Ctrl Pts',(-42.3699999999951,-17.0744747206038,
3.90497965778492));
#12850=CARTESIAN_POINT('Ctrl Pts',(-42.3699999999951,-17.043951245723,3.85962927449043));
#12851=CARTESIAN_POINT('Ctrl Pts',(-42.3699999999951,-17.0113942835173,
3.81534458045904));
#12852=CARTESIAN_POINT('Ctrl Pts',(-42.3699999999951,-16.9790413490626,
3.77133740944934));
#12853=CARTESIAN_POINT('Ctrl Pts',(-42.3699999999951,-16.9446804509828,
3.72838334315112));
#12854=CARTESIAN_POINT('Ctrl Pts',(-42.3699999999951,-16.9084373558994,
3.68675335777042));
#12855=CARTESIAN_POINT('Ctrl Pts',(-42.3699999999951,-16.8723464642694,
3.64529819817453));
#12856=CARTESIAN_POINT('Ctrl Pts',(-42.3699999999951,-16.8343894369475,
3.60515671092424));
#12857=CARTESIAN_POINT('Ctrl Pts',(-42.3699999999951,-16.7947372969148,
3.56657477607134));
#12858=CARTESIAN_POINT('Ctrl Pts',(-42.3699999999951,-16.7551694311844,
3.52807484097028));
#12859=CARTESIAN_POINT('Ctrl Pts',(-42.3699999999951,-16.7139140920419,
3.4911284431095));
#12860=CARTESIAN_POINT('Ctrl Pts',(-42.3699999999951,-16.6711825089583,
3.45594850185669));
#12861=CARTESIAN_POINT('Ctrl Pts',(-42.3699999999951,-16.6284529706492,
3.42077024402029));
#12862=CARTESIAN_POINT('Ctrl Pts',(-42.3699999999951,-16.5842479031369,
3.38735876235492));
#12863=CARTESIAN_POINT('Ctrl Pts',(-42.3699999999951,-16.5388122186453,
3.35588725123116));
#12864=CARTESIAN_POINT('Ctrl Pts',(-42.3699999999951,-16.4931553581096,
3.32426254016314));
#12865=CARTESIAN_POINT('Ctrl Pts',(-42.3699999999951,-16.4462565383565,
3.294597099131));
#12866=CARTESIAN_POINT('Ctrl Pts',(-42.3699999999951,-16.3983889599338,
3.26702005646852));
#12867=CARTESIAN_POINT('Ctrl Pts',(-42.3699999999951,-16.3503062551932,
3.23931907714911));
#12868=CARTESIAN_POINT('Ctrl Pts',(-42.3699999999951,-16.3012468083711,
3.21372548938824));
#12869=CARTESIAN_POINT('Ctrl Pts',(-42.3699999999951,-16.2515016724615,
3.19031911603307));
#12870=CARTESIAN_POINT('Ctrl Pts',(-42.3699999999951,-16.2014416875875,
3.16676459809499));
#12871=CARTESIAN_POINT('Ctrl Pts',(-42.3699999999951,-16.1506880696065,
3.14542506758113));
#12872=CARTESIAN_POINT('Ctrl Pts',(-42.3699999999951,-16.0995402993028,
3.12632890569039));
#12873=CARTESIAN_POINT('Ctrl Pts',(-42.3699999999951,-16.0479754108843,
3.10707701159473));
#12874=CARTESIAN_POINT('Ctrl Pts',(-42.3699999999951,-15.9960106521615,
3.09010504523421));
#12875=CARTESIAN_POINT('Ctrl Pts',(-42.3699999999951,-15.9439443808341,
3.07538977697846));
#12876=CARTESIAN_POINT('Ctrl Pts',(-42.3699999999951,-15.8910206080203,
3.06043215673398));
#12877=CARTESIAN_POINT('Ctrl Pts',(-42.3699999999951,-15.8379926551504,
3.04780588014655));
#12878=CARTESIAN_POINT('Ctrl Pts',(-42.3699999999951,-15.7851540432545,
3.03743627798619));
#12879=CARTESIAN_POINT('Ctrl Pts',(-42.3699999999951,-15.7317690365821,
3.02695944559679));
#12880=CARTESIAN_POINT('Ctrl Pts',(-42.3699999999951,-15.6785778765448,
3.01878569172288));
#12881=CARTESIAN_POINT('Ctrl Pts',(-42.3699999999951,-15.6258534924936,
3.0127933675814));
#12882=CARTESIAN_POINT('Ctrl Pts',(-42.3699999999951,-15.5721520343306,
3.00668999529981));
#12883=CARTESIAN_POINT('Ctrl Pts',(-42.3699999999951,-15.5189352885279,
3.00284906589063));
#12884=CARTESIAN_POINT('Ctrl Pts',(-42.3699999999951,-15.4664527937581,
3.00110429831826));
#12885=CARTESIAN_POINT('Ctrl Pts',(-42.3699999999951,-15.444164356722,3.00036332473554));
#12886=CARTESIAN_POINT('Ctrl Pts',(-42.3699999999951,-15.422007832357,3.));
#12887=CARTESIAN_POINT('Ctrl Pts',(-42.3699999999951,-15.4,3.));
#12888=CARTESIAN_POINT('Ctrl Pts',(-42.3699999999951,-15.3720016943295,
3.));
#12889=CARTESIAN_POINT('Ctrl Pts',(-42.3699999999951,-15.3440006296105,
3.));
#12890=CARTESIAN_POINT('Ctrl Pts',(-42.3699999999951,-15.3159986176107,
3.));
#12891=CARTESIAN_POINT('Ctrl Pts',(-42.3699999999951,-15.2919450750369,
3.));
#12892=CARTESIAN_POINT('Ctrl Pts',(-42.3699999999951,-15.2678918473233,
3.));
#12893=CARTESIAN_POINT('Ctrl Pts',(-42.3699999999951,-15.243851850158,3.));
#12894=CARTESIAN_POINT('Ctrl Pts',(-42.3699999999951,-9.58890077377606,
3.));
#12895=CARTESIAN_POINT('Ctrl Pts',(-42.3699999999951,-4.47666009570761,
2.99999999999999));
#12896=CARTESIAN_POINT('Ctrl Pts',(-42.3699999999951,0.496168778456296,
2.99999999999999));
#12897=CARTESIAN_POINT('Ctrl Pts',(-42.3699999999951,2.98258321553825,2.99999999999999));
#12898=CARTESIAN_POINT('Ctrl Pts',(-42.3699999999951,5.43414470164406,2.99999999999999));
#12899=CARTESIAN_POINT('Ctrl Pts',(-42.3699999999951,7.90126556107486,2.99999999999999));
#12900=CARTESIAN_POINT('Ctrl Pts',(-42.3699999999951,9.13482599079025,2.99999999999999));
#12901=CARTESIAN_POINT('Ctrl Pts',(-42.3699999999951,10.3722762638369,2.99999999999999));
#12902=CARTESIAN_POINT('Ctrl Pts',(-42.3699999999951,11.6199179207524,2.99999999999999));
#12903=CARTESIAN_POINT('Ctrl Pts',(-42.3699999999951,12.2437387492102,2.99999999999999));
#12904=CARTESIAN_POINT('Ctrl Pts',(-42.3699999999951,12.8701074236352,2.99999999999999));
#12905=CARTESIAN_POINT('Ctrl Pts',(-42.3699999999951,13.4998116365946,2.99999999999999));
#12906=CARTESIAN_POINT('Ctrl Pts',(-42.3699999999951,13.8146637430743,2.99999999999999));
#12907=CARTESIAN_POINT('Ctrl Pts',(-42.3699999999951,14.1303497341876,2.99999999999999));
#12908=CARTESIAN_POINT('Ctrl Pts',(-42.3699999999951,14.4469680715054,2.99999999999999));
#12909=CARTESIAN_POINT('Ctrl Pts',(-42.3699999999951,14.6052772401643,2.99999999999999));
#12910=CARTESIAN_POINT('Ctrl Pts',(-42.3699999999951,14.7638194953744,2.99999999999999));
#12911=CARTESIAN_POINT('Ctrl Pts',(-42.3699999999951,14.9226071448319,2.99999999999999));
#12912=CARTESIAN_POINT('Ctrl Pts',(-42.3699999999951,15.0020009695607,2.99999999999999));
#12913=CARTESIAN_POINT('Ctrl Pts',(-42.3699999999951,15.0814561428513,2.99999999999999));
#12914=CARTESIAN_POINT('Ctrl Pts',(-42.3699999999951,15.1609742031659,2.99999999999999));
#12915=CARTESIAN_POINT('Ctrl Pts',(-42.3699999999951,15.2028626804243,2.99999999999999));
#12916=CARTESIAN_POINT('Ctrl Pts',(-42.3699999999951,15.244768608615,2.99999999999999));
#12917=CARTESIAN_POINT('Ctrl Pts',(-42.3699999999951,15.2866922126296,2.99999999999999));
#12918=CARTESIAN_POINT('Ctrl Pts',(-42.3699999999951,15.3002055531358,2.99999999999999));
#12919=CARTESIAN_POINT('Ctrl Pts',(-42.3699999999951,15.3137172237388,2.99999999999999));
#12920=CARTESIAN_POINT('Ctrl Pts',(-42.3699999999951,15.3272531550344,2.99999999999999));
#12921=CARTESIAN_POINT('Ctrl Pts',(-42.3699999999951,15.3514413217608,2.99999999999999));
#12922=CARTESIAN_POINT('Ctrl Pts',(-42.3699999999951,15.375690807088,2.99999999999999));
#12923=CARTESIAN_POINT('Ctrl Pts',(-42.3699999999951,15.4000000000001,2.99999999999999));
#12924=CARTESIAN_POINT('Ctrl Pts',(-42.3699999999951,15.4495456718425,2.99999999999999));
#12925=CARTESIAN_POINT('Ctrl Pts',(-42.3699999999951,15.5001336004505,3.00184209100855));
#12926=CARTESIAN_POINT('Ctrl Pts',(-42.3699999999951,15.5515775328502,3.00575220909358));
#12927=CARTESIAN_POINT('Ctrl Pts',(-42.3699999999951,15.6019122884945,3.00957802156882));
#12928=CARTESIAN_POINT('Ctrl Pts',(-42.3699999999951,15.6530664020803,3.0153843288976));
#12929=CARTESIAN_POINT('Ctrl Pts',(-42.3699999999951,15.7048184445378,3.02336505245159));
#12930=CARTESIAN_POINT('Ctrl Pts',(-42.3699999999951,15.7574418961621,3.03148015670502));
#12931=CARTESIAN_POINT('Ctrl Pts',(-42.3699999999951,15.8106835520431,3.04184444152602));
#12932=CARTESIAN_POINT('Ctrl Pts',(-42.3699999999951,15.8642622346449,3.05463099194966));
#12933=CARTESIAN_POINT('Ctrl Pts',(-42.3699999999951,15.9146365753521,3.0666528263105));
#12934=CARTESIAN_POINT('Ctrl Pts',(-42.3699999999951,15.9653081226352,3.08081618119693));
#12935=CARTESIAN_POINT('Ctrl Pts',(-42.3699999999951,16.016007258421,3.09722963614291));
#12936=CARTESIAN_POINT('Ctrl Pts',(-42.3699999999951,16.0660100341438,3.11341764987882));
#12937=CARTESIAN_POINT('Ctrl Pts',(-42.3699999999951,16.116039115204,3.13179483885742));
#12938=CARTESIAN_POINT('Ctrl Pts',(-42.3699999999951,16.1658083939834,3.15242388419181));
#12939=CARTESIAN_POINT('Ctrl Pts',(-42.3699999999951,16.2149942591911,3.17281110836032));
#12940=CARTESIAN_POINT('Ctrl Pts',(-42.3699999999951,16.2639257457706,3.19539803878188));
#12941=CARTESIAN_POINT('Ctrl Pts',(-42.3699999999951,16.3123083065755,3.2201984510194));
#12942=CARTESIAN_POINT('Ctrl Pts',(-42.3699999999951,16.3602219874203,3.24475852012281));
#12943=CARTESIAN_POINT('Ctrl Pts',(-42.3699999999951,16.4075966288337,3.27148956059592));
#12944=CARTESIAN_POINT('Ctrl Pts',(-42.3699999999951,16.454137937234,3.30035497550683));
#12945=CARTESIAN_POINT('Ctrl Pts',(-42.3699999999951,16.5003234780647,3.32899973958381));
#12946=CARTESIAN_POINT('Ctrl Pts',(-42.3699999999951,16.5456876434386,3.35974638927551));
#12947=CARTESIAN_POINT('Ctrl Pts',(-42.3699999999951,16.5899453981427,3.39250818059954));
#12948=CARTESIAN_POINT('Ctrl Pts',(-42.3699999999951,16.6339559950133,3.42508701340208));
#12949=CARTESIAN_POINT('Ctrl Pts',(-42.3699999999951,16.6768717789541,3.459658388565));
#12950=CARTESIAN_POINT('Ctrl Pts',(-42.3699999999951,16.7184259195399,3.49608740457236));
#12951=CARTESIAN_POINT('Ctrl Pts',(-42.3699999999951,16.7598339750466,3.53238835306085));
#12952=CARTESIAN_POINT('Ctrl Pts',(-42.3699999999951,16.7998892696752,3.57053358193745));
#12953=CARTESIAN_POINT('Ctrl Pts',(-42.3699999999951,16.8383516789989,3.61034376642225));
#12954=CARTESIAN_POINT('Ctrl Pts',(-42.3699999999951,16.8767586759841,3.65009659684472));
#12955=CARTESIAN_POINT('Ctrl Pts',(-42.3699999999951,16.9135767902966,3.69150911544083));
#12956=CARTESIAN_POINT('Ctrl Pts',(-42.3699999999951,16.9486002809257,3.73436293910243));
#12957=CARTESIAN_POINT('Ctrl Pts',(-42.3699999999951,16.9836460606876,3.77724403516175));
#12958=CARTESIAN_POINT('Ctrl Pts',(-42.3699999999951,17.0168944736498,3.82156767249818));
#12959=CARTESIAN_POINT('Ctrl Pts',(-42.3699999999951,17.0481806711663,3.86708320023295));
#12960=CARTESIAN_POINT('Ctrl Pts',(-42.3699999999951,17.0796511575357,3.91286683355611));
#12961=CARTESIAN_POINT('Ctrl Pts',(-42.3699999999951,17.1091359099853,3.95985575420354));
#12962=CARTESIAN_POINT('Ctrl Pts',(-42.3699999999951,17.1365149707943,4.00777232642511));
#12963=CARTESIAN_POINT('Ctrl Pts',(-42.3699999999951,17.1640343809263,4.05593452644661));
#12964=CARTESIAN_POINT('Ctrl Pts',(-42.3699999999951,17.1894263157846,4.10503315987996));
#12965=CARTESIAN_POINT('Ctrl Pts',(-42.3699999999951,17.2126207278178,4.15477452884698));
#12966=CARTESIAN_POINT('Ctrl Pts',(-42.3699999999951,17.2359765388373,4.204862024567));
#12967=CARTESIAN_POINT('Ctrl Pts',(-42.3699999999951,17.2571041793706,4.25560046957385));
#12968=CARTESIAN_POINT('Ctrl Pts',(-42.3699999999951,17.2759852568256,4.30668959608731));
#12969=CARTESIAN_POINT('Ctrl Pts',(-42.3699999999951,17.2950321223892,4.35822731827398));
#12970=CARTESIAN_POINT('Ctrl Pts',(-42.3699999999951,17.3117930176446,4.41012118127719));
#12971=CARTESIAN_POINT('Ctrl Pts',(-42.3699999999951,17.3263009837925,4.46207387139056));
#12972=CARTESIAN_POINT('Ctrl Pts',(-42.3699999999951,17.3410605092976,4.51492738972432));
#12973=CARTESIAN_POINT('Ctrl Pts',(-42.3699999999951,17.3534886330828,4.56784110543071));
#12974=CARTESIAN_POINT('Ctrl Pts',(-42.3699999999951,17.3636695365344,4.62052410974124));
#12975=CARTESIAN_POINT('Ctrl Pts',(-42.3699999999951,17.3739610852917,4.67377966904643));
#12976=CARTESIAN_POINT('Ctrl Pts',(-42.3699999999951,17.3819568408685,4.72679893360767));
#12977=CARTESIAN_POINT('Ctrl Pts',(-42.3699999999951,17.3877870473977,4.77931322151375));
#12978=CARTESIAN_POINT('Ctrl Pts',(-42.3699999999951,17.3937289167563,4.8328332875069));
#12979=CARTESIAN_POINT('Ctrl Pts',(-42.3699999999951,17.3974221008491,4.88582840441789));
#12980=CARTESIAN_POINT('Ctrl Pts',(-42.3699999999951,17.3990404639292,4.93805467269757));
#12981=CARTESIAN_POINT('Ctrl Pts',(-42.3699999999951,17.3996842015027,4.9588287570988));
#12982=CARTESIAN_POINT('Ctrl Pts',(-42.3699999999951,17.4000000000002,4.97948167200676));
#12983=CARTESIAN_POINT('Ctrl Pts',(-42.3699999999951,17.4000000000002,4.99999999999999));
#12984=CARTESIAN_POINT('Ctrl Pts',(-42.3699999999951,17.4000000000002,5.02228931389731));
#12985=CARTESIAN_POINT('Ctrl Pts',(-42.3699999999951,17.4000000000002,5.044574691491));
#12986=CARTESIAN_POINT('Ctrl Pts',(-42.3699999999951,17.4000000000002,5.06685517445796));
#12987=CARTESIAN_POINT('Ctrl Pts',(-42.3699999999951,17.4000000000002,5.08737528381982));
#12988=CARTESIAN_POINT('Ctrl Pts',(-42.3699999999951,17.4000000000002,5.10789254543755));
#12989=CARTESIAN_POINT('Ctrl Pts',(-42.3699999999951,17.4000000000002,5.12838650804892));
#12990=CARTESIAN_POINT('Ctrl Pts',(-42.3699999999951,17.4000000000002,7.18143412847195));
#12991=CARTESIAN_POINT('Ctrl Pts',(-42.3699999999951,17.4000000000002,9.0478271176169));
#12992=CARTESIAN_POINT('Ctrl Pts',(-42.3699999999951,17.4000000000002,10.8641873441113));
#12993=CARTESIAN_POINT('Ctrl Pts',(-42.3699999999951,17.4000000000002,11.7723674573586));
#12994=CARTESIAN_POINT('Ctrl Pts',(-42.3699999999951,17.4000000000002,12.6680393799432));
#12995=CARTESIAN_POINT('Ctrl Pts',(-42.3699999999951,17.4000000000002,13.5682808454436));
#12996=CARTESIAN_POINT('Ctrl Pts',(-42.3699999999951,17.4000000000002,14.0184015781938));
#12997=CARTESIAN_POINT('Ctrl Pts',(-42.3699999999951,17.4000000000002,14.4696646966729));
#12998=CARTESIAN_POINT('Ctrl Pts',(-42.3699999999951,17.4000000000002,14.9242049175784));
#12999=CARTESIAN_POINT('Ctrl Pts',(-42.3699999999951,17.4000000000002,15.1514750280311));
#13000=CARTESIAN_POINT('Ctrl Pts',(-42.3699999999951,17.4000000000002,15.3795644140903));
#13001=CARTESIAN_POINT('Ctrl Pts',(-42.3699999999951,17.4000000000002,15.6087399153433));
#13002=CARTESIAN_POINT('Ctrl Pts',(-42.3699999999951,17.4000000000002,15.7233276659698));
#13003=CARTESIAN_POINT('Ctrl Pts',(-42.3699999999951,17.4000000000002,15.8381869453948));
#13004=CARTESIAN_POINT('Ctrl Pts',(-42.3699999999951,17.4000000000002,15.9533511085665));
#13005=CARTESIAN_POINT('Ctrl Pts',(-42.3699999999951,17.4000000000002,16.0109331901524));
#13006=CARTESIAN_POINT('Ctrl Pts',(-42.3699999999951,17.4000000000002,16.068591492675));
#13007=CARTESIAN_POINT('Ctrl Pts',(-42.3699999999951,17.4000000000002,16.1263301855029));
#13008=CARTESIAN_POINT('Ctrl Pts',(-42.3699999999951,17.4000000000002,16.14645372746));
#13009=CARTESIAN_POINT('Ctrl Pts',(-42.3699999999951,17.4000000000002,16.1665870345606));
#13010=CARTESIAN_POINT('Ctrl Pts',(-42.3699999999951,17.4000000000002,16.1867302833202));
#13011=CARTESIAN_POINT('Ctrl Pts',(-42.3699999999951,17.4000000000002,16.1980004163674));
#13012=CARTESIAN_POINT('Ctrl Pts',(-42.3699999999951,17.4000000000002,16.2092721953516));
#13013=CARTESIAN_POINT('Ctrl Pts',(-42.3699999999951,17.4000000000002,16.2205502122573));
#13014=CARTESIAN_POINT('Ctrl Pts',(-42.3699999999951,17.4000000000002,16.2469505213019));
#13015=CARTESIAN_POINT('Ctrl Pts',(-42.3699999999951,17.4000000000002,16.2734351038146));
#13016=CARTESIAN_POINT('Ctrl Pts',(-42.3699999999951,17.4000000000002,16.3));
#13017=CARTESIAN_POINT('Ctrl Pts',(-42.3699999999951,17.4000000000002,16.3486720944572));
#13018=CARTESIAN_POINT('Ctrl Pts',(-42.3699999999951,17.3982220777991,16.3983837073016));
#13019=CARTESIAN_POINT('Ctrl Pts',(-42.3699999999951,17.3944460443208,16.4489462194684));
#13020=CARTESIAN_POINT('Ctrl Pts',(-42.3699999999951,17.3907485468591,16.4984571047577));
#13021=CARTESIAN_POINT('Ctrl Pts',(-42.3699999999951,17.3851345021412,16.5487836908067));
#13022=CARTESIAN_POINT('Ctrl Pts',(-42.3699999999951,17.3774170579865,16.5997028174456));
#13023=CARTESIAN_POINT('Ctrl Pts',(-42.3699999999951,17.3698433683299,16.6496734625214));
#13024=CARTESIAN_POINT('Ctrl Pts',(-42.3699999999951,17.3602432704328,16.7002144527638));
#13025=CARTESIAN_POINT('Ctrl Pts',(-42.3699999999951,17.3484692808221,16.7510736765691));
#13026=CARTESIAN_POINT('Ctrl Pts',(-42.3699999999951,17.3365029297909,16.8027638296391));
#13027=CARTESIAN_POINT('Ctrl Pts',(-42.3699999999951,17.3222902215852,16.8547823818196));
#13028=CARTESIAN_POINT('Ctrl Pts',(-42.3699999999951,17.3057182354208,16.9068261754287));
#13029=CARTESIAN_POINT('Ctrl Pts',(-42.3699999999951,17.2900000153012,16.9561887440243));
#13030=CARTESIAN_POINT('Ctrl Pts',(-42.3699999999951,17.272159187545,17.0055732404992));
#13031=CARTESIAN_POINT('Ctrl Pts',(-42.3699999999951,17.2521433153381,17.0546953951423));
#13032=CARTESIAN_POINT('Ctrl Pts',(-42.3699999999951,17.2323385852105,17.1032993733223));
#13033=CARTESIAN_POINT('Ctrl Pts',(-42.3699999999951,17.2104041629558,17.1516458489782));
#13034=CARTESIAN_POINT('Ctrl Pts',(-42.3699999999951,17.1863371631846,17.1994440168384));
#13035=CARTESIAN_POINT('Ctrl Pts',(-42.3699999999951,17.162473353133,17.2468386405751));
#13036=CARTESIAN_POINT('Ctrl Pts',(-42.3699999999951,17.1365126905895,17.2936934493312));
#13037=CARTESIAN_POINT('Ctrl Pts',(-42.3699999999951,17.1085029149473,17.3397200534843));
#13038=CARTESIAN_POINT('Ctrl Pts',(-42.3699999999951,17.0806702632857,17.385455601563));
#13039=CARTESIAN_POINT('Ctrl Pts',(-42.3699999999951,17.0508143745016,17.4303726403833));
#13040=CARTESIAN_POINT('Ctrl Pts',(-42.3699999999951,17.0190329151464,17.4741943704827));
#13041=CARTESIAN_POINT('Ctrl Pts',(-42.3699999999951,16.9873847660685,17.517832286273));
#13042=CARTESIAN_POINT('Ctrl Pts',(-42.3699999999951,16.9538273853694,17.560383340728));
#13043=CARTESIAN_POINT('Ctrl Pts',(-42.3699999999951,16.9185058495026,17.6015913279624));
#13044=CARTESIAN_POINT('Ctrl Pts',(-42.3699999999951,16.8832570297171,17.6427144807389));
#13045=CARTESIAN_POINT('Ctrl Pts',(-42.3699999999951,16.8462516971952,17.6824994359143));
#13046=CARTESIAN_POINT('Ctrl Pts',(-42.3699999999951,16.8076780514181,17.7207190093598));
#13047=CARTESIAN_POINT('Ctrl Pts',(-42.3699999999951,16.7691012940204,17.7589416658639));
#13048=CARTESIAN_POINT('Ctrl Pts',(-42.3699999999951,16.728956503257,17.7955981410158));
#13049=CARTESIAN_POINT('Ctrl Pts',(-42.3699999999951,16.6874690952282,17.8304977389179));
#13050=CARTESIAN_POINT('Ctrl Pts',(-42.3699999999951,16.6458895874008,17.8654748120369));
#13051=CARTESIAN_POINT('Ctrl Pts',(-42.3699999999951,16.6029621435955,17.8986867928859));
#13052=CARTESIAN_POINT('Ctrl Pts',(-42.3699999999951,16.5589421137658,17.9299856370351));
#13053=CARTESIAN_POINT('Ctrl Pts',(-42.3699999999951,16.5136668891135,17.9621769418954));
#13054=CARTESIAN_POINT('Ctrl Pts',(-42.3699999999951,16.4672365949266,17.9923439832634));
#13055=CARTESIAN_POINT('Ctrl Pts',(-42.3699999999951,16.4199487945452,18.0203791606812));
#13056=CARTESIAN_POINT('Ctrl Pts',(-42.3699999999951,16.3732456980965,18.0480676888923));
#13057=CARTESIAN_POINT('Ctrl Pts',(-42.3699999999951,16.3257069946087,18.073676856467));
#13058=CARTESIAN_POINT('Ctrl Pts',(-42.3699999999951,16.2776264977945,18.097156568129));
#13059=CARTESIAN_POINT('Ctrl Pts',(-42.3699999999951,16.2291275630436,18.1208406204854));
#13060=CARTESIAN_POINT('Ctrl Pts',(-42.3699999999951,16.1800781304676,18.1423581172579));
#13061=CARTESIAN_POINT('Ctrl Pts',(-42.3699999999951,16.1307751003854,18.1617109745224));
#13062=CARTESIAN_POINT('Ctrl Pts',(-42.3699999999951,16.0809506755952,18.181268494205));
#13063=CARTESIAN_POINT('Ctrl Pts',(-42.3699999999951,16.030867970042,18.1986156514509));
#13064=CARTESIAN_POINT('Ctrl Pts',(-42.3699999999951,15.9808174070562,18.2138054079923));
#13065=CARTESIAN_POINT('Ctrl Pts',(-42.3699999999951,15.929701183534,18.2293185799589));
#13066=CARTESIAN_POINT('Ctrl Pts',(-42.3699999999951,15.8786191533436,18.2425819063793));
#13067=CARTESIAN_POINT('Ctrl Pts',(-42.3699999999951,15.8278534388614,18.2536994228526));
#13068=CARTESIAN_POINT('Ctrl Pts',(-42.3699999999951,15.7764506560292,18.2649564550985));
#13069=CARTESIAN_POINT('Ctrl Pts',(-42.3699999999951,15.7253726626868,18.2740140952546));
#13070=CARTESIAN_POINT('Ctrl Pts',(-42.3699999999951,15.6748758850682,18.2810207590553));
#13071=CARTESIAN_POINT('Ctrl Pts',(-42.3699999999951,15.6231520502834,18.2881976827703));
#13072=CARTESIAN_POINT('Ctrl Pts',(-42.3699999999951,15.572038423413,18.2932234045524));
#13073=CARTESIAN_POINT('Ctrl Pts',(-42.3699999999951,15.5217656023288,18.2962898432065));
#13074=CARTESIAN_POINT('Ctrl Pts',(-42.3699999999951,15.4805792211515,18.2988020457952));
#13075=CARTESIAN_POINT('Ctrl Pts',(-42.3699999999951,15.4399563188968,18.3));
#13076=CARTESIAN_POINT('Ctrl Pts',(-42.3699999999951,15.4000000000002,18.3));
#13077=CARTESIAN_POINT('Origin',(-38.0930000000006,20.4000000000002,21.95));
#13078=CARTESIAN_POINT('',(-41.3699999999951,20.4000000000002,20.3));
#13079=CARTESIAN_POINT('Origin',(20.3300000000049,-16.52,9.6199999904633));
#13080=CARTESIAN_POINT('Origin',(20.3300000000049,-13.4,3.80000009536739));
#13081=CARTESIAN_POINT('Origin',(30.3300000000049,-16.32,9.6199999904633));
#13082=CARTESIAN_POINT('',(30.3300000000049,-7.39999999999988,1.80000009536739));
#13083=CARTESIAN_POINT('Origin',(22.3300000000049,-6.47999999999987,9.6199999904633));
#13084=CARTESIAN_POINT('',(22.3300000000049,-13.4,1.80000009536739));
#13085=CARTESIAN_POINT('Origin',(16.2300000000048,-13.4,3.80000009536738));
#13086=CARTESIAN_POINT('Origin',(40.9999999999998,13.3999999999999,5.00000000000016));
#13087=CARTESIAN_POINT('Origin',(41.,13.4000000000001,0.999999999999995));
#13088=CARTESIAN_POINT('Origin',(41.,17.4000000000001,4.99999999999999));
#13089=CARTESIAN_POINT('Origin',(41.0000000000002,-13.4000000000002,4.99999999999981));
#13090=CARTESIAN_POINT('',(41.,-18.4000000000001,4.99999999999999));
#13091=CARTESIAN_POINT('Origin',(41.,-17.4000000000001,5.));
#13092=CARTESIAN_POINT('Origin',(41.0000000000001,-13.4000000000001,4.99999999999999));
#13093=CARTESIAN_POINT('Origin',(41.,-13.4000000000001,1.));
#13094=CARTESIAN_POINT('Origin',(41.,17.4000000000001,12.65));
#13095=CARTESIAN_POINT('Origin',(41.,17.4000000000001,20.3));
#13096=CARTESIAN_POINT('Origin',(41.,-17.4000000000001,12.65));
#13097=CARTESIAN_POINT('',(41.,-18.4000000000001,20.3));
#13098=CARTESIAN_POINT('',(41.,-18.4000000000001,20.3));
#13099=CARTESIAN_POINT('Origin',(41.,-17.4000000000001,20.3));
#13100=CARTESIAN_POINT('Origin',(41.,-4.44089209850056E-14,0.999999999999976));
#13101=CARTESIAN_POINT('Origin',(42.320000000193,-4.99999999999992,20.5640983615496));
#13102=CARTESIAN_POINT('',(39.9999999999905,-4.99999997548185,19.8587083385895));
#13103=CARTESIAN_POINT('',(42.0000000001746,-5.00000001294127,18.8590163787452));
#13104=CARTESIAN_POINT('',(40.,-4.99999999999992,20.2999999994765));
#13105=CARTESIAN_POINT('',(39.9999999999909,-4.99999999999992,19.8587083385757));
#13106=CARTESIAN_POINT('',(40.,-4.99999999999992,20.3));
#13107=CARTESIAN_POINT('Origin',(42.3440000152291,5.52000000000007,18.1279993862432));
#13108=CARTESIAN_POINT('',(39.9999999998841,4.50000000000007,19.2999993202251));
#13109=CARTESIAN_POINT('',(42.0000000076223,4.50000000000006,18.299999437992));
#13110=CARTESIAN_POINT('',(40.0000000014519,-4.49999999999992,19.2999993585642));
#13111=CARTESIAN_POINT('',(40.0000000115567,4.50000000000007,19.2999993440318));
#13112=CARTESIAN_POINT('',(40.0000000034501,-4.49999999999992,19.2999993623051));
#13113=CARTESIAN_POINT('Origin',(42.3200000000854,5.00000000000008,18.5949180166721));
#13114=CARTESIAN_POINT('',(40.,5.00000000000008,20.2999999994765));
#13115=CARTESIAN_POINT('',(42.,5.00000000000008,20.3));
#13116=CARTESIAN_POINT('',(40.0000000000023,5.00000000657825,19.8587083385094));
#13117=CARTESIAN_POINT('',(40.,5.00000000000008,20.2999999994765));
#13118=CARTESIAN_POINT('',(40.0000000000024,5.00000000986734,19.8587083385122));
#13119=CARTESIAN_POINT('Origin',(40.,6.12000001085407,20.5200000738191));
#13120=CARTESIAN_POINT('',(40.,5.00000000000008,20.3));
#13121=CARTESIAN_POINT('Origin',(40.0000000034429,-4.50000003767791,19.8590163619296));
#13122=CARTESIAN_POINT('Origin',(39.9999999937699,4.49999998019808,19.8590162778489));
#13123=CARTESIAN_POINT('Origin',(41.1118650152394,-4.49999999816022,19.3030838553221));
#13124=CARTESIAN_POINT('Origin',(41.1118649711129,4.49999999882317,19.3030838766444));
#13125=CARTESIAN_POINT('Origin',(32.75,-13.4000000000002,4.99999999999997));
#13126=CARTESIAN_POINT('',(41.,-18.4000000000001,4.99999999999999));
#13127=CARTESIAN_POINT('Origin',(42.57,-18.4000000000001,3.34999999999999));
#13128=CARTESIAN_POINT('',(26.5,-18.4000000000001,20.3));
#13129=CARTESIAN_POINT('Origin',(50.5569999999995,24.6000000000002,20.3));
#13130=CARTESIAN_POINT('Origin',(-35.869999951517,9.00000063021448,13.8));
#13131=CARTESIAN_POINT('',(-34.7700000294197,8.99995842413173,14.3));
#13132=CARTESIAN_POINT('',(-34.7700000286102,8.99999999602587,12.8));
#13133=CARTESIAN_POINT('',(-36.9699998744238,8.99999999602587,14.3));
#13134=CARTESIAN_POINT('Origin',(-35.869999951517,9.00000063021447,14.3));
#13135=CARTESIAN_POINT('',(-36.9699998744238,8.99999999602587,12.8));
#13136=CARTESIAN_POINT('Origin',(-34.7480000301521,10.1219992705186,14.8));
#13137=CARTESIAN_POINT('',(-36.4699998744238,8.99999999602588,14.8));
#13138=CARTESIAN_POINT('',(-35.2696364507509,8.99997688326406,14.8));
#13139=CARTESIAN_POINT('Ctrl Pts',(-36.4699998744238,8.99999999602587,14.8));
#13140=CARTESIAN_POINT('Ctrl Pts',(-36.4709372990482,8.8431499469486,14.8));
#13141=CARTESIAN_POINT('Ctrl Pts',(-36.3401638973692,8.52959515366128,14.8));
#13142=CARTESIAN_POINT('Ctrl Pts',(-35.8701819574427,8.33464183786991,14.8));
#13143=CARTESIAN_POINT('Ctrl Pts',(-35.3994370845093,8.5295175596472,14.8));
#13144=CARTESIAN_POINT('Ctrl Pts',(-35.2696297804416,8.84315118458447,14.8));
#13145=CARTESIAN_POINT('Ctrl Pts',(-35.2696364507509,8.99997688326405,14.8));
#13146=CARTESIAN_POINT('Ctrl Pts',(-35.2696364507509,8.99997688326406,14.8));
#13147=CARTESIAN_POINT('Ctrl Pts',(-35.2696431210602,9.15680258194333,14.8));
#13148=CARTESIAN_POINT('Ctrl Pts',(-35.3994771063646,9.47047175172375,14.8));
#13149=CARTESIAN_POINT('Ctrl Pts',(-35.8701257932135,9.66533046504543,14.8));
#13150=CARTESIAN_POINT('Ctrl Pts',(-36.3401811309166,9.47037249387411,14.8));
#13151=CARTESIAN_POINT('Ctrl Pts',(-36.4708194076718,9.15694094061482,14.8));
#13152=CARTESIAN_POINT('Ctrl Pts',(-36.4699998744238,8.99999999602587,14.8));
#13153=CARTESIAN_POINT('Ctrl Pts',(-36.9699998744238,8.99999999602587,14.3));
#13154=CARTESIAN_POINT('Ctrl Pts',(-36.9699998744238,8.99999999602587,14.8));
#13155=CARTESIAN_POINT('Ctrl Pts',(-36.4699998744238,8.99999999602587,14.8));
#13156=CARTESIAN_POINT('Ctrl Pts',(-36.9717185101048,8.71244124770575,14.3));
#13157=CARTESIAN_POINT('Ctrl Pts',(-36.9717185097358,8.7124412476247,14.8));
#13158=CARTESIAN_POINT('Ctrl Pts',(-36.4709372990482,8.8431499469486,14.8));
#13159=CARTESIAN_POINT('Ctrl Pts',(-36.731966891247,8.1375903660088,14.3));
#13160=CARTESIAN_POINT('Ctrl Pts',(-36.7319668926684,8.13759036489612,14.8));
#13161=CARTESIAN_POINT('Ctrl Pts',(-36.3401638973692,8.52959515366127,14.8));
#13162=CARTESIAN_POINT('Ctrl Pts',(-35.8703336285003,7.78017620721425,14.3));
#13163=CARTESIAN_POINT('Ctrl Pts',(-35.8703336285218,7.78017620839559,14.8));
#13164=CARTESIAN_POINT('Ctrl Pts',(-35.8701819574427,8.33464183786991,14.8));
#13165=CARTESIAN_POINT('Ctrl Pts',(-35.0073016527184,8.13744807815166,14.3));
#13166=CARTESIAN_POINT('Ctrl Pts',(-35.0073016513422,8.13744807693173,14.8));
#13167=CARTESIAN_POINT('Ctrl Pts',(-35.3994370845093,8.52951755964719,14.8));
#13168=CARTESIAN_POINT('Ctrl Pts',(-34.769321230918,8.71244357073079,14.3));
#13169=CARTESIAN_POINT('Ctrl Pts',(-34.7693212310932,8.7124435708879,14.8));
#13170=CARTESIAN_POINT('Ctrl Pts',(-35.2696297804416,8.84315118458447,14.8));
#13171=CARTESIAN_POINT('Ctrl Pts',(-34.769333459222,8.99995761796428,14.3));
#13172=CARTESIAN_POINT('Ctrl Pts',(-34.7693334594144,8.99995761792217,14.8));
#13173=CARTESIAN_POINT('Ctrl Pts',(-35.2696364507509,8.99997688326406,14.8));
#13174=CARTESIAN_POINT('Origin',(-35.2696364507729,8.99997688330617,14.2999999997857));
#13175=CARTESIAN_POINT('Origin',(-36.4699998744238,8.99999999602587,14.3));
#13176=CARTESIAN_POINT('Origin',(-35.869999951517,-9.00000063021448,13.8));
#13177=CARTESIAN_POINT('',(-36.9699998744238,-8.99999999602587,14.3));
#13178=CARTESIAN_POINT('',(-36.9699998744238,-8.99999999602587,12.8));
#13179=CARTESIAN_POINT('',(-34.7700000294197,-9.00004156799883,14.3));
#13180=CARTESIAN_POINT('Origin',(-35.869999951517,-9.00000063021447,14.3));
#13181=CARTESIAN_POINT('',(-34.7700000286102,-8.99999999602587,12.8));
#13182=CARTESIAN_POINT('Origin',(-34.7480000301521,-10.1219992705186,14.8));
#13183=CARTESIAN_POINT('',(-36.4699998744238,-8.99999999602587,14.8));
#13184=CARTESIAN_POINT('',(-35.2696364507509,-9.00002310874756,14.8));
#13185=CARTESIAN_POINT('Ctrl Pts',(-36.4699998744238,-8.99999999602587,
14.8));
#13186=CARTESIAN_POINT('Ctrl Pts',(-36.4709372990482,-9.15685004510316,
14.8));
#13187=CARTESIAN_POINT('Ctrl Pts',(-36.340163897373,-9.470404838378,14.8));
#13188=CARTESIAN_POINT('Ctrl Pts',(-35.8701819574407,-9.66535815417456,
14.8));
#13189=CARTESIAN_POINT('Ctrl Pts',(-35.3994370845119,-9.4704824324366,14.8));
#13190=CARTESIAN_POINT('Ctrl Pts',(-35.2696297804424,-9.15684880742627,
14.8));
#13191=CARTESIAN_POINT('Ctrl Pts',(-35.2696364507509,-9.00002310874756,
14.8));
#13192=CARTESIAN_POINT('Ctrl Pts',(-35.2696364507509,-9.00002310874756,
14.8));
#13193=CARTESIAN_POINT('Ctrl Pts',(-35.2696431210593,-8.84319741006852,
14.8));
#13194=CARTESIAN_POINT('Ctrl Pts',(-35.3994771063633,-8.52952824036336,
14.8));
#13195=CARTESIAN_POINT('Ctrl Pts',(-35.8701257932134,-8.3346695269872,14.8));
#13196=CARTESIAN_POINT('Ctrl Pts',(-36.3401811309163,-8.52962749819174,
14.8));
#13197=CARTESIAN_POINT('Ctrl Pts',(-36.4708194076719,-8.84305905143004,
14.8));
#13198=CARTESIAN_POINT('Ctrl Pts',(-36.4699998744238,-8.99999999602587,
14.8));
#13199=CARTESIAN_POINT('Ctrl Pts',(-36.9699998744238,-8.99999999602587,
14.3));
#13200=CARTESIAN_POINT('Ctrl Pts',(-36.9699998744238,-8.99999999602587,
14.8));
#13201=CARTESIAN_POINT('Ctrl Pts',(-36.4699998744238,-8.99999999602587,
14.8));
#13202=CARTESIAN_POINT('Ctrl Pts',(-36.9717185101048,-9.28755874434599,
14.3));
#13203=CARTESIAN_POINT('Ctrl Pts',(-36.9717185097357,-9.28755874442704,
14.8));
#13204=CARTESIAN_POINT('Ctrl Pts',(-36.4709372990482,-9.15685004510316,
14.8));
#13205=CARTESIAN_POINT('Ctrl Pts',(-36.731966891248,-9.86240962606641,14.3));
#13206=CARTESIAN_POINT('Ctrl Pts',(-36.7319668926619,-9.86240962717418,
14.8));
#13207=CARTESIAN_POINT('Ctrl Pts',(-36.3401638973729,-9.470404838378,14.8));
#13208=CARTESIAN_POINT('Ctrl Pts',(-35.8703336285003,-10.2198237848498,
14.3));
#13209=CARTESIAN_POINT('Ctrl Pts',(-35.8703336285233,-10.2198237836728,
14.8));
#13210=CARTESIAN_POINT('Ctrl Pts',(-35.8701819574406,-9.66535815417456,
14.8));
#13211=CARTESIAN_POINT('Ctrl Pts',(-35.0073016527206,-9.86255191384381,
14.3));
#13212=CARTESIAN_POINT('Ctrl Pts',(-35.0073016513454,-9.86255191506154,
14.8));
#13213=CARTESIAN_POINT('Ctrl Pts',(-35.3994370845119,-9.47048243243659,
14.8));
#13214=CARTESIAN_POINT('Ctrl Pts',(-34.7693212309191,-9.28755642140171,
14.3));
#13215=CARTESIAN_POINT('Ctrl Pts',(-34.7693212310944,-9.28755642124471,
14.8));
#13216=CARTESIAN_POINT('Ctrl Pts',(-35.2696297804424,-9.15684880742627,
14.8));
#13217=CARTESIAN_POINT('Ctrl Pts',(-34.7693334592221,-9.00004237416778,
14.3));
#13218=CARTESIAN_POINT('Ctrl Pts',(-34.7693334594143,-9.00004237421006,
14.8));
#13219=CARTESIAN_POINT('Ctrl Pts',(-35.2696364507509,-9.00002310874756,
14.8));
#13220=CARTESIAN_POINT('Origin',(-35.2696364507724,-9.00002310870526,14.2999999997865));
#13221=CARTESIAN_POINT('Origin',(-36.4699998744238,-8.99999999602587,14.3));
#13222=CARTESIAN_POINT('Origin',(-35.869999951517,-8.99999936183722,14.3));
#13223=CARTESIAN_POINT('Ctrl Pts',(41.9999999999999,4.50000001486162,16.299999437992));
#13224=CARTESIAN_POINT('Ctrl Pts',(39.9999999999999,4.49999108909893,15.2999994380274));
#13225=CARTESIAN_POINT('Ctrl Pts',(41.9999999999999,4.00000794395013,16.3000053884294));
#13226=CARTESIAN_POINT('Ctrl Pts',(39.9999999999999,3.99999802642048,15.3000053884766));
#13227=CARTESIAN_POINT('Ctrl Pts',(41.9999999999999,3.50001587303864,16.3000113388668));
#13228=CARTESIAN_POINT('Ctrl Pts',(39.9999999999999,3.50000496374203,15.3000113389259));
#13229=CARTESIAN_POINT('Ctrl Pts',(41.9999999999999,3.00002380212715,16.3000172893043));
#13230=CARTESIAN_POINT('Ctrl Pts',(39.9999999999999,3.00001190106357,15.3000172893751));
#13231=CARTESIAN_POINT('Ctrl Pts',(41.9999999999999,2.46249730722837,16.3000236864413));
#13232=CARTESIAN_POINT('Ctrl Pts',(39.9999999999999,2.73124865361419,15.3000204879436));
#13233=CARTESIAN_POINT('Ctrl Pts',(42.,1.96588574433472,16.0943256350178));
#13234=CARTESIAN_POINT('Ctrl Pts',(39.9999999999999,2.48294287216736,15.1971714622319));
#13235=CARTESIAN_POINT('Ctrl Pts',(42.,1.5857948529747,15.7142392671167));
#13236=CARTESIAN_POINT('Ctrl Pts',(39.9999999999999,2.29289742648735,15.0071282782813));
#13237=CARTESIAN_POINT('Ctrl Pts',(42.,1.20570396161468,15.3341528992156));
#13238=CARTESIAN_POINT('Ctrl Pts',(39.9999999999999,2.10285198080734,14.8170850943308));
#13239=CARTESIAN_POINT('Ctrl Pts',(42.,1.,14.8375437843827));
#13240=CARTESIAN_POINT('Ctrl Pts',(39.9999999999999,2.,14.5687805369143));
#13241=CARTESIAN_POINT('Ctrl Pts',(42.,1.,14.3000172894459));
#13242=CARTESIAN_POINT('Ctrl Pts',(39.9999999999999,2.,14.3000172894459));
#13243=CARTESIAN_POINT('Ctrl Pts',(42.,1.,11.2000115262973));
#13244=CARTESIAN_POINT('Ctrl Pts',(39.9999999999999,2.,11.2000115262973));
#13245=CARTESIAN_POINT('Ctrl Pts',(42.,1.,8.10000576314863));
#13246=CARTESIAN_POINT('Ctrl Pts',(39.9999999999999,2.,8.10000576314863));
#13247=CARTESIAN_POINT('Ctrl Pts',(42.,0.999999999999998,4.99999999999999));
#13248=CARTESIAN_POINT('Ctrl Pts',(39.9999999999999,2.,4.99999999999999));
#13249=CARTESIAN_POINT('Ctrl Pts',(42.,0.999999999999999,3.82842712474618));
#13250=CARTESIAN_POINT('Ctrl Pts',(39.9999999999999,2.,4.41421356237308));
#13251=CARTESIAN_POINT('Ctrl Pts',(42.,1.82842712474619,2.99999999999999));
#13252=CARTESIAN_POINT('Ctrl Pts',(39.9999999999999,2.41421356237309,3.99999999999999));
#13253=CARTESIAN_POINT('Ctrl Pts',(42.,3.,2.99999999999999));
#13254=CARTESIAN_POINT('Ctrl Pts',(39.9999999999999,3.,3.99999999999999));
#13255=CARTESIAN_POINT('Ctrl Pts',(42.,6.4666666666667,2.99999999999999));
#13256=CARTESIAN_POINT('Ctrl Pts',(39.9999999999999,6.4666666666667,3.99999999999999));
#13257=CARTESIAN_POINT('Ctrl Pts',(41.9999999999999,9.9333333333334,2.99999999999999));
#13258=CARTESIAN_POINT('Ctrl Pts',(39.9999999999999,9.9333333333334,3.99999999999999));
#13259=CARTESIAN_POINT('Ctrl Pts',(41.9999999999999,13.4000000000001,2.99999999999999));
#13260=CARTESIAN_POINT('Ctrl Pts',(39.9999999999999,13.4000000000001,3.99999999999999));
#13261=CARTESIAN_POINT('Ctrl Pts',(41.9999999999999,14.5715728752539,2.99999999999999));
#13262=CARTESIAN_POINT('Ctrl Pts',(39.9999999999999,13.985786437627,3.99999999999999));
#13263=CARTESIAN_POINT('Ctrl Pts',(41.9999999999999,15.4000000000001,3.82842712474619));
#13264=CARTESIAN_POINT('Ctrl Pts',(39.9999999999999,14.4000000000001,4.41421356237309));
#13265=CARTESIAN_POINT('Ctrl Pts',(41.9999999999999,15.4000000000001,5.));
#13266=CARTESIAN_POINT('Ctrl Pts',(39.9999999999999,14.4000000000001,5.));
#13267=CARTESIAN_POINT('Ctrl Pts',(41.9999999999999,15.4000000000001,8.76666666708731));
#13268=CARTESIAN_POINT('Ctrl Pts',(39.9999999999999,14.4000000000001,8.76666666708731));
#13269=CARTESIAN_POINT('Ctrl Pts',(41.9999999999999,15.4000000000001,12.5333333341746));
#13270=CARTESIAN_POINT('Ctrl Pts',(39.9999999999999,14.4000000000001,12.5333333341746));
#13271=CARTESIAN_POINT('Ctrl Pts',(41.9999999999999,15.4000000000001,16.3000000012619));
#13272=CARTESIAN_POINT('Ctrl Pts',(39.9999999999999,14.4000000000001,16.3000000012619));
#13273=CARTESIAN_POINT('Ctrl Pts',(41.9999999999999,15.4000000000001,17.4715728758904));
#13274=CARTESIAN_POINT('Ctrl Pts',(39.9999999999999,14.4000000000001,16.8857864385762));
#13275=CARTESIAN_POINT('Ctrl Pts',(41.9999999999999,14.5715728759749,18.3000000004733));
#13276=CARTESIAN_POINT('Ctrl Pts',(39.9999999999999,13.9857864379875,17.3000000008676));
#13277=CARTESIAN_POINT('Ctrl Pts',(41.9999999999999,13.4000000013465,18.3000000012619));
#13278=CARTESIAN_POINT('Ctrl Pts',(39.9999999999999,13.4000000006733,17.3000000012619));
#13279=CARTESIAN_POINT('Ctrl Pts',(41.9999999999999,11.6749107196759,18.3000000024232));
#13280=CARTESIAN_POINT('Ctrl Pts',(39.9999999999999,11.6749107194093,17.3000000024232));
#13281=CARTESIAN_POINT('Ctrl Pts',(41.9999999999999,9.94982143800534,18.3000000035845));
#13282=CARTESIAN_POINT('Ctrl Pts',(39.9999999999999,9.94982143814527,17.3000000035845));
#13283=CARTESIAN_POINT('Ctrl Pts',(41.9999999999999,8.22473215633478,18.3000000047458));
#13284=CARTESIAN_POINT('Ctrl Pts',(39.9999999999999,8.22473215688126,17.3000000047458));
#13285=CARTESIAN_POINT('Ctrl Pts',(41.9999999999999,7.542858520497,18.3000000035415));
#13286=CARTESIAN_POINT('Ctrl Pts',(39.9999999999999,7.883795339861,17.3000000042079));
#13287=CARTESIAN_POINT('Ctrl Pts',(41.9999999999999,6.94142294821113,17.9787105582748));
#13288=CARTESIAN_POINT('Ctrl Pts',(39.9999999999999,7.58307755448043,17.1393552820546));
#13289=CARTESIAN_POINT('Ctrl Pts',(41.9999999999999,6.56232361503923,17.41193427892));
#13290=CARTESIAN_POINT('Ctrl Pts',(39.9999999999999,7.3935278883407,16.8559671431599));
#13291=CARTESIAN_POINT('Ctrl Pts',(41.9999999999999,6.51263052154214,17.3376401180708));
#13292=CARTESIAN_POINT('Ctrl Pts',(39.9999999999999,7.32391709822041,16.7518948297608));
#13293=CARTESIAN_POINT('Ctrl Pts',(41.9999999999999,6.44144147527248,17.2423638039443));
#13294=CARTESIAN_POINT('Ctrl Pts',(39.9999999999999,7.22368947233611,16.6187401234584));
#13295=CARTESIAN_POINT('Ctrl Pts',(41.9999999999999,6.33531233502392,17.1194853912967));
#13296=CARTESIAN_POINT('Ctrl Pts',(39.9999999999999,7.07505538796762,16.4465826880667));
#13297=CARTESIAN_POINT('Ctrl Pts',(41.9999999999999,6.19448443973281,16.9701830407776));
#13298=CARTESIAN_POINT('Ctrl Pts',(39.9999999999999,6.87818074312994,16.2372081291187));
#13299=CARTESIAN_POINT('Ctrl Pts',(42.,5.92546696490477,16.7389789593523));
#13300=CARTESIAN_POINT('Ctrl Pts',(39.9999999999999,6.50126639779301,15.9136262271638));
#13301=CARTESIAN_POINT('Ctrl Pts',(42.,5.58911704762504,16.543692570802));
#13302=CARTESIAN_POINT('Ctrl Pts',(39.9999999999999,6.02924703455076,15.6414981358169));
#13303=CARTESIAN_POINT('Ctrl Pts',(42.,5.13525790601547,16.368110999421));
#13304=CARTESIAN_POINT('Ctrl Pts',(39.9999999999999,5.3936869179174,15.3952136071197));
#13305=CARTESIAN_POINT('Ctrl Pts',(41.9999999999999,4.8288070462701,16.3116350339951));
#13306=CARTESIAN_POINT('Ctrl Pts',(39.9999999999999,4.96445931653591,15.3163370356546));
#13307=CARTESIAN_POINT('Ctrl Pts',(41.9999999999999,4.59737731982211,16.3021971846397));
#13308=CARTESIAN_POINT('Ctrl Pts',(39.9999999999999,4.6403117951127,15.3031216940536));
#13309=CARTESIAN_POINT('',(40.0000002096213,4.64031183274642,15.3031208616145));
#13310=CARTESIAN_POINT('',(41.9999999999999,4.59737731982211,16.3021971846397));
#13311=CARTESIAN_POINT('Ctrl Pts',(39.9999999999999,4.49999108909893,15.2999994380274));
#13312=CARTESIAN_POINT('Ctrl Pts',(39.9999999999999,3.9999980264072,15.3000039008181));
#13313=CARTESIAN_POINT('Ctrl Pts',(39.9999999999999,3.50000496374203,15.3000113389259));
#13314=CARTESIAN_POINT('Ctrl Pts',(39.9999999999999,3.00001190106357,15.3000172893751));
#13315=CARTESIAN_POINT('Ctrl Pts',(39.9999999999999,2.73124865361419,15.3000204879436));
#13316=CARTESIAN_POINT('Ctrl Pts',(39.9999999999999,2.48294287216736,15.1971714622319));
#13317=CARTESIAN_POINT('Ctrl Pts',(39.9999999999999,2.29289742648735,15.0071282782813));
#13318=CARTESIAN_POINT('Ctrl Pts',(39.9999999999999,2.10285198080734,14.8170850943308));
#13319=CARTESIAN_POINT('Ctrl Pts',(39.9999999999999,2.,14.5687805369143));
#13320=CARTESIAN_POINT('Ctrl Pts',(39.9999999999999,2.,14.3000172894459));
#13321=CARTESIAN_POINT('Ctrl Pts',(39.9999999999999,2.,11.2000115262973));
#13322=CARTESIAN_POINT('Ctrl Pts',(39.9999999999999,2.,8.10000576314863));
#13323=CARTESIAN_POINT('Ctrl Pts',(39.9999999999999,2.,4.99999999999999));
#13324=CARTESIAN_POINT('Ctrl Pts',(39.9999999999999,2.,4.41421356237308));
#13325=CARTESIAN_POINT('Ctrl Pts',(39.9999999999999,2.41421356237309,3.99999999999999));
#13326=CARTESIAN_POINT('Ctrl Pts',(39.9999999999999,3.,3.99999999999999));
#13327=CARTESIAN_POINT('Ctrl Pts',(39.9999999999999,6.4666666666667,3.99999999999999));
#13328=CARTESIAN_POINT('Ctrl Pts',(39.9999999999999,9.9333333333334,3.99999999999999));
#13329=CARTESIAN_POINT('Ctrl Pts',(39.9999999999999,13.4000000000001,3.99999999999999));
#13330=CARTESIAN_POINT('Ctrl Pts',(39.9999999999999,13.985786437627,3.99999999999999));
#13331=CARTESIAN_POINT('Ctrl Pts',(39.9999999999999,14.4000000000001,4.41421356237309));
#13332=CARTESIAN_POINT('Ctrl Pts',(39.9999999999999,14.4000000000001,5.));
#13333=CARTESIAN_POINT('Ctrl Pts',(39.9999999999999,14.4000000000001,8.76666666708731));
#13334=CARTESIAN_POINT('Ctrl Pts',(39.9999999999999,14.4000000000001,12.5333333341746));
#13335=CARTESIAN_POINT('Ctrl Pts',(39.9999999999999,14.4000000000001,16.3000000012619));
#13336=CARTESIAN_POINT('Ctrl Pts',(39.9999999999999,14.4000000000001,16.8857864385762));
#13337=CARTESIAN_POINT('Ctrl Pts',(39.9999999999999,13.9857864379875,17.3000000008676));
#13338=CARTESIAN_POINT('Ctrl Pts',(39.9999999999999,13.4000000006733,17.3000000012619));
#13339=CARTESIAN_POINT('Ctrl Pts',(39.9999999999999,11.6749107194093,17.3000000024232));
#13340=CARTESIAN_POINT('Ctrl Pts',(39.9999999999999,9.94982143814527,17.3000000035845));
#13341=CARTESIAN_POINT('Ctrl Pts',(39.9999999999999,8.22473215688126,17.3000000047458));
#13342=CARTESIAN_POINT('Ctrl Pts',(39.9999999999999,7.883795339861,17.3000000042079));
#13343=CARTESIAN_POINT('Ctrl Pts',(39.9999999999999,7.58307755448043,17.1393552820546));
#13344=CARTESIAN_POINT('Ctrl Pts',(39.9999999999999,7.3935278883407,16.8559671431599));
#13345=CARTESIAN_POINT('Ctrl Pts',(39.9999999999999,7.32391709822041,16.7518948297608));
#13346=CARTESIAN_POINT('Ctrl Pts',(39.9999999999999,7.18693243315758,16.5699075514686));
#13347=CARTESIAN_POINT('Ctrl Pts',(39.9999999999999,6.90953667949038,16.2641272783913));
#13348=CARTESIAN_POINT('Ctrl Pts',(39.9999999999999,6.41933259094533,15.8432858504119));
#13349=CARTESIAN_POINT('Ctrl Pts',(39.9999999999999,5.64099811411447,15.4406604963182));
#13350=CARTESIAN_POINT('Ctrl Pts',(39.9999999999999,4.96445931653591,15.3163370356546));
#13351=CARTESIAN_POINT('Ctrl Pts',(39.9999999999999,4.6403117951127,15.3031216940536));
#13352=CARTESIAN_POINT('Origin',(41.9999999999999,4.59737731982211,16.3021971846397));
#13353=CARTESIAN_POINT('',(40.0000007930461,4.64031186674536,15.303120109575));
#13354=CARTESIAN_POINT('Origin',(39.9999999999999,1.876,3.86699999995253));
#13355=CARTESIAN_POINT('Origin',(-35.8699999999951,8.99999999999991,7.3000000476837));
#13356=CARTESIAN_POINT('',(-35.8700005831343,6.99999999999995,10.2025));
#13357=CARTESIAN_POINT('',(-35.8700005831343,6.99999999999995,12.8));
#13358=CARTESIAN_POINT('Origin',(-35.8699999999951,8.9999999999999,10.2025));
#13359=CARTESIAN_POINT('Origin',(-35.4000006414482,6.99999999999995,0.580000104904128));
#13360=CARTESIAN_POINT('',(-35.8700005831343,6.99999999999995,10.2025));
#13361=CARTESIAN_POINT('Origin',(-35.8699999999951,-8.99999999999991,7.3000000476837));
#13362=CARTESIAN_POINT('',(-35.8700005831343,-6.99999999999995,10.2025));
#13363=CARTESIAN_POINT('Origin',(-35.4000006414482,-6.99999999999995,14.0199999904633));
#13364=CARTESIAN_POINT('Origin',(8.13000000000491,-4.45525009404767,0.700000104904127));
#13365=CARTESIAN_POINT('Origin',(-39.3699999999951,8.35450041045203,10.2025));
#13366=CARTESIAN_POINT('',(-34.8699999999904,4.8097499059693,10.2025));
#13367=CARTESIAN_POINT('',(-39.3699999999951,4.8097499059693,10.2025));
#13368=CARTESIAN_POINT('Origin',(-40.3699999999951,3.8097499059693,9.20249999999999));
#13369=CARTESIAN_POINT('Origin',(31.2500000000049,-6.67999999999987,1.80000009536739));
#13370=CARTESIAN_POINT('Origin',(-35.369999999995,16.75,14.1999999999999));
#13371=CARTESIAN_POINT('',(-35.3699999999951,16.9000000000002,15.2));
#13372=CARTESIAN_POINT('',(-35.3699999999951,16.9000000000002,15.2));
#13373=CARTESIAN_POINT('',(-36.3699999999951,16.9000000000002,14.2));
#13374=CARTESIAN_POINT('',(-37.3699999999951,15.4000000000002,14.2));
#13375=CARTESIAN_POINT('Origin',(-35.3699999999951,16.9000000000002,14.2));
#13376=CARTESIAN_POINT('Origin',(-35.369999999995,16.75,7.80000009536757));
#13377=CARTESIAN_POINT('',(-36.3699999999951,16.9000000000002,7.80000009536739));
#13378=CARTESIAN_POINT('',(-36.3699999999951,16.9000000000002,7.80000009536739));
#13379=CARTESIAN_POINT('',(-35.3699999999951,16.9000000000002,6.80000009536739));
#13380=CARTESIAN_POINT('',(-35.3699999999951,15.4000000000002,5.80000009536739));
#13381=CARTESIAN_POINT('Origin',(-35.3699999999951,16.9000000000002,7.80000009536736));
#13382=CARTESIAN_POINT('Origin',(-18.6199999999951,16.7500000000001,7.80000009536742));
#13383=CARTESIAN_POINT('',(-18.6199999999951,16.9000000000002,6.80000009536738));
#13384=CARTESIAN_POINT('',(-18.6199999999951,16.9000000000002,6.80000009536738));
#13385=CARTESIAN_POINT('',(-17.6199999999951,16.9000000000002,7.80000009536738));
#13386=CARTESIAN_POINT('',(-16.6199999999951,15.4000000000002,7.80000009536738));
#13387=CARTESIAN_POINT('Origin',(-18.6199999999951,16.9000000000002,7.80000009536738));
#13388=CARTESIAN_POINT('Origin',(-18.6199999999952,16.7499999999999,14.1999999999998));
#13389=CARTESIAN_POINT('',(-17.6199999999951,16.9000000000002,14.2));
#13390=CARTESIAN_POINT('',(-17.6199999999951,16.9000000000002,14.2));
#13391=CARTESIAN_POINT('',(-18.6199999999951,16.9000000000002,15.2));
#13392=CARTESIAN_POINT('',(-18.6199999999951,15.4000000000002,16.2));
#13393=CARTESIAN_POINT('Origin',(-18.6199999999951,16.9000000000002,14.2));
#13394=CARTESIAN_POINT('Origin',(-18.6199999999951,16.9000000000002,15.2));
#13395=CARTESIAN_POINT('',(-35.3699999999951,16.9000000000002,15.2));
#13396=CARTESIAN_POINT('Origin',(-17.6199999999951,16.9000000000002,7.80000009536738));
#13397=CARTESIAN_POINT('',(-17.6199999999951,16.9000000000002,14.2));
#13398=CARTESIAN_POINT('Origin',(-35.3699999999951,16.9000000000002,6.80000009536739));
#13399=CARTESIAN_POINT('',(-18.6199999999951,16.9000000000002,6.80000009536738));
#13400=CARTESIAN_POINT('Origin',(-36.3699999999951,16.9000000000002,14.2));
#13401=CARTESIAN_POINT('',(-36.3699999999951,16.9000000000002,7.80000009536739));
#13402=CARTESIAN_POINT('Origin',(-36.3699999999951,16.9000000000002,15.2));
#13403=CARTESIAN_POINT('Origin',(4.13000000000402,16.7499999999982,14.1999999999983));
#13404=CARTESIAN_POINT('',(5.13000000000485,16.9000000000002,14.2));
#13405=CARTESIAN_POINT('',(4.13000000000486,16.9000000000002,15.2));
#13406=CARTESIAN_POINT('Origin',(4.13000000000482,16.9000000000002,14.2));
#13407=CARTESIAN_POINT('',(6.13000000000485,15.4000000000002,14.2));
#13408=CARTESIAN_POINT('',(4.13000000000486,16.9000000000002,15.2));
#13409=CARTESIAN_POINT('Origin',(4.13000000000513,16.7500000000005,7.80000009536724));
#13410=CARTESIAN_POINT('',(4.13000000000485,16.9000000000002,6.80000009536739));
#13411=CARTESIAN_POINT('',(5.13000000000485,16.9000000000002,7.80000009536739));
#13412=CARTESIAN_POINT('Origin',(4.13000000000486,16.9000000000002,7.80000009536738));
#13413=CARTESIAN_POINT('',(4.13000000000485,15.4000000000002,5.80000009536739));
#13414=CARTESIAN_POINT('',(5.13000000000485,16.9000000000002,7.80000009536739));
#13415=CARTESIAN_POINT('Origin',(-12.6199999999951,16.7500000000002,7.80000009536741));
#13416=CARTESIAN_POINT('',(-13.6199999999951,16.9000000000002,7.80000009536738));
#13417=CARTESIAN_POINT('',(-12.6199999999951,16.9000000000002,6.80000009536738));
#13418=CARTESIAN_POINT('Origin',(-12.6199999999951,16.9000000000002,7.80000009536738));
#13419=CARTESIAN_POINT('',(-14.6199999999951,15.4000000000002,7.80000009536738));
#13420=CARTESIAN_POINT('',(-12.6199999999951,16.9000000000002,6.80000009536738));
#13421=CARTESIAN_POINT('Origin',(-12.6199999999927,16.7499999999973,14.1999999999988));
#13422=CARTESIAN_POINT('',(-12.6199999999952,16.9000000000002,15.2));
#13423=CARTESIAN_POINT('',(-13.6199999999952,16.9000000000002,14.2));
#13424=CARTESIAN_POINT('Origin',(-12.6199999999952,16.9000000000002,14.2));
#13425=CARTESIAN_POINT('',(-12.6199999999952,15.4000000000002,16.2));
#13426=CARTESIAN_POINT('',(-13.6199999999952,16.9000000000002,14.2));
#13427=CARTESIAN_POINT('Origin',(-12.6199999999952,16.9000000000002,15.2));
#13428=CARTESIAN_POINT('',(4.13000000000486,16.9000000000002,15.2));
#13429=CARTESIAN_POINT('Origin',(-13.6199999999951,16.9000000000002,7.80000009536738));
#13430=CARTESIAN_POINT('',(-13.6199999999952,16.9000000000002,14.2));
#13431=CARTESIAN_POINT('Origin',(4.13000000000485,16.9000000000002,6.80000009536739));
#13432=CARTESIAN_POINT('',(-12.6199999999951,16.9000000000002,6.80000009536738));
#13433=CARTESIAN_POINT('Origin',(5.13000000000484,16.9000000000002,14.2));
#13434=CARTESIAN_POINT('',(5.13000000000485,16.9000000000002,7.80000009536739));
#13435=CARTESIAN_POINT('Origin',(5.13000000000485,16.9000000000002,15.2));
#13436=CARTESIAN_POINT('Origin',(-35.3699999999943,-16.7499999999982,14.1999999999983));
#13437=CARTESIAN_POINT('',(-36.3699999999951,-16.9000000000002,14.2));
#13438=CARTESIAN_POINT('',(-35.3699999999951,-16.9000000000002,15.2));
#13439=CARTESIAN_POINT('Origin',(-35.3699999999951,-16.9000000000002,14.2));
#13440=CARTESIAN_POINT('',(-37.3699999999951,-15.4000000000002,14.2));
#13441=CARTESIAN_POINT('',(-35.3699999999951,-16.9000000000002,15.2));
#13442=CARTESIAN_POINT('Origin',(-35.3699999999941,-16.7499999999989,7.80000009536796));
#13443=CARTESIAN_POINT('',(-35.3699999999951,-16.9000000000002,6.80000009536739));
#13444=CARTESIAN_POINT('',(-36.3699999999951,-16.9000000000002,7.80000009536739));
#13445=CARTESIAN_POINT('Origin',(-35.3699999999951,-16.9000000000002,7.80000009536736));
#13446=CARTESIAN_POINT('',(-35.3699999999951,-15.4000000000002,5.80000009536739));
#13447=CARTESIAN_POINT('',(-36.3699999999951,-16.9000000000002,7.80000009536739));
#13448=CARTESIAN_POINT('Origin',(-18.6199999999954,-16.7499999999994,7.80000009536806));
#13449=CARTESIAN_POINT('',(-17.6199999999951,-16.9000000000002,7.80000009536738));
#13450=CARTESIAN_POINT('',(-18.6199999999951,-16.9000000000002,6.80000009536738));
#13451=CARTESIAN_POINT('Origin',(-18.6199999999951,-16.9000000000002,7.80000009536738));
#13452=CARTESIAN_POINT('',(-16.6199999999951,-15.4000000000002,7.80000009536738));
#13453=CARTESIAN_POINT('',(-18.6199999999951,-16.9000000000002,6.80000009536738));
#13454=CARTESIAN_POINT('Origin',(-18.6199999999963,-16.7499999999987,14.1999999999993));
#13455=CARTESIAN_POINT('',(-18.6199999999951,-16.9000000000002,15.2));
#13456=CARTESIAN_POINT('',(-17.6199999999951,-16.9000000000002,14.2));
#13457=CARTESIAN_POINT('Origin',(-18.6199999999951,-16.9000000000002,14.2));
#13458=CARTESIAN_POINT('',(-18.6199999999951,-15.4000000000002,16.2));
#13459=CARTESIAN_POINT('',(-17.6199999999951,-16.9000000000002,14.2));
#13460=CARTESIAN_POINT('Origin',(-18.6199999999951,-16.9000000000002,15.2));
#13461=CARTESIAN_POINT('',(-35.3699999999951,-16.9000000000002,15.2));
#13462=CARTESIAN_POINT('Origin',(-17.6199999999951,-16.9000000000002,7.80000009536738));
#13463=CARTESIAN_POINT('',(-17.6199999999951,-16.9000000000002,14.2));
#13464=CARTESIAN_POINT('Origin',(-35.3699999999951,-16.9000000000002,6.80000009536739));
#13465=CARTESIAN_POINT('',(-18.6199999999951,-16.9000000000002,6.80000009536738));
#13466=CARTESIAN_POINT('Origin',(-36.3699999999951,-16.9000000000002,14.2));
#13467=CARTESIAN_POINT('',(-36.3699999999951,-16.9000000000002,7.80000009536739));
#13468=CARTESIAN_POINT('Origin',(-36.3699999999951,-16.9000000000002,15.2));
#13469=CARTESIAN_POINT('Origin',(4.13000000000474,-16.7500000000001,14.2));
#13470=CARTESIAN_POINT('',(4.13000000000486,-16.9000000000002,15.2));
#13471=CARTESIAN_POINT('',(4.13000000000486,-16.9000000000002,15.2));
#13472=CARTESIAN_POINT('',(5.13000000000485,-16.9000000000002,14.2));
#13473=CARTESIAN_POINT('',(6.13000000000485,-15.4000000000002,14.2));
#13474=CARTESIAN_POINT('Origin',(4.13000000000482,-16.9000000000002,14.2));
#13475=CARTESIAN_POINT('Origin',(4.13000000000488,-16.7500000000002,7.80000009536735));
#13476=CARTESIAN_POINT('',(5.13000000000485,-16.9000000000002,7.80000009536739));
#13477=CARTESIAN_POINT('',(5.13000000000485,-16.9000000000002,7.80000009536739));
#13478=CARTESIAN_POINT('',(4.13000000000485,-16.9000000000002,6.80000009536739));
#13479=CARTESIAN_POINT('',(4.13000000000485,-15.4000000000002,5.80000009536739));
#13480=CARTESIAN_POINT('Origin',(4.13000000000486,-16.9000000000002,7.80000009536738));
#13481=CARTESIAN_POINT('Origin',(-12.6199999999951,-16.7500000000003,7.80000009536733));
#13482=CARTESIAN_POINT('',(-12.6199999999951,-16.9000000000002,6.80000009536738));
#13483=CARTESIAN_POINT('',(-12.6199999999951,-16.9000000000002,6.80000009536738));
#13484=CARTESIAN_POINT('',(-13.6199999999951,-16.9000000000002,7.80000009536738));
#13485=CARTESIAN_POINT('',(-14.6199999999951,-15.4000000000002,7.80000009536738));
#13486=CARTESIAN_POINT('Origin',(-12.6199999999951,-16.9000000000002,7.80000009536738));
#13487=CARTESIAN_POINT('Origin',(-12.619999999995,-16.7500000000001,14.1999999999998));
#13488=CARTESIAN_POINT('',(-13.6199999999952,-16.9000000000002,14.2));
#13489=CARTESIAN_POINT('',(-13.6199999999952,-16.9000000000002,14.2));
#13490=CARTESIAN_POINT('',(-12.6199999999952,-16.9000000000002,15.2));
#13491=CARTESIAN_POINT('',(-12.6199999999952,-15.4000000000002,16.2));
#13492=CARTESIAN_POINT('Origin',(-12.6199999999952,-16.9000000000002,14.2));
#13493=CARTESIAN_POINT('Origin',(-12.6199999999952,-16.9000000000002,15.2));
#13494=CARTESIAN_POINT('',(4.13000000000486,-16.9000000000002,15.2));
#13495=CARTESIAN_POINT('Origin',(-13.6199999999951,-16.9000000000002,7.80000009536738));
#13496=CARTESIAN_POINT('',(-13.6199999999952,-16.9000000000002,14.2));
#13497=CARTESIAN_POINT('Origin',(4.13000000000485,-16.9000000000002,6.80000009536739));
#13498=CARTESIAN_POINT('',(-12.6199999999951,-16.9000000000002,6.80000009536738));
#13499=CARTESIAN_POINT('Origin',(5.13000000000484,-16.9000000000002,14.2));
#13500=CARTESIAN_POINT('',(5.13000000000485,-16.9000000000002,7.80000009536739));
#13501=CARTESIAN_POINT('Origin',(5.13000000000485,-16.9000000000002,15.2));
#13502=CARTESIAN_POINT('Origin',(16.1300000153961,16.75,14.1999999999999));
#13503=CARTESIAN_POINT('',(16.130000015396,16.9000000000002,15.2));
#13504=CARTESIAN_POINT('',(16.130000015396,16.9000000000002,15.2));
#13505=CARTESIAN_POINT('',(15.130000015396,16.9000000000002,14.2));
#13506=CARTESIAN_POINT('',(14.130000015396,15.4000000000002,14.2));
#13507=CARTESIAN_POINT('Origin',(16.130000015396,16.9000000000002,14.2));
#13508=CARTESIAN_POINT('Origin',(16.130000015396,16.7500000000002,7.80000009536747));
#13509=CARTESIAN_POINT('',(15.130000015396,16.9000000000002,7.80000009536739));
#13510=CARTESIAN_POINT('',(15.130000015396,16.9000000000002,7.80000009536739));
#13511=CARTESIAN_POINT('',(16.130000015396,16.9000000000002,6.80000009536739));
#13512=CARTESIAN_POINT('',(16.130000015396,15.4000000000002,5.80000009536739));
#13513=CARTESIAN_POINT('Origin',(16.130000015396,16.9000000000002,7.80000009536739));
#13514=CARTESIAN_POINT('Origin',(33.8,16.7500000000002,7.80000009536741));
#13515=CARTESIAN_POINT('',(33.8,16.9000000000002,6.80000009536738));
#13516=CARTESIAN_POINT('',(33.8,16.9000000000002,6.80000009536738));
#13517=CARTESIAN_POINT('',(34.8,16.9000000000002,7.80000009536738));
#13518=CARTESIAN_POINT('',(35.8,15.4000000000002,7.80000009536738));
#13519=CARTESIAN_POINT('Origin',(33.8,16.9000000000002,7.80000009536739));
#13520=CARTESIAN_POINT('Origin',(33.8000000000001,16.7500000000004,14.2000000000002));
#13521=CARTESIAN_POINT('',(34.8,16.9000000000002,14.2));
#13522=CARTESIAN_POINT('',(34.8,16.9000000000002,14.2));
#13523=CARTESIAN_POINT('',(33.8,16.9000000000002,15.2));
#13524=CARTESIAN_POINT('',(33.8,15.4000000000002,16.2));
#13525=CARTESIAN_POINT('Origin',(33.8,16.9000000000002,14.2));
#13526=CARTESIAN_POINT('Origin',(33.8,16.9000000000002,15.2));
#13527=CARTESIAN_POINT('',(16.130000015396,16.9000000000002,15.2));
#13528=CARTESIAN_POINT('Origin',(34.8,16.9000000000002,7.80000009536738));
#13529=CARTESIAN_POINT('',(34.8,16.9000000000002,14.2));
#13530=CARTESIAN_POINT('Origin',(16.130000015396,16.9000000000002,6.80000009536739));
#13531=CARTESIAN_POINT('',(33.8,16.9000000000002,6.80000009536738));
#13532=CARTESIAN_POINT('Origin',(15.130000015396,16.9000000000002,14.2));
#13533=CARTESIAN_POINT('',(15.130000015396,16.9000000000002,7.80000009536739));
#13534=CARTESIAN_POINT('Origin',(15.130000015396,16.9000000000002,15.2));
#13535=CARTESIAN_POINT('Ctrl Pts',(-40.8699999999951,-16.4,16.3));
#13536=CARTESIAN_POINT('Ctrl Pts',(-41.3699999999951,-16.7333333333333,
16.3));
#13537=CARTESIAN_POINT('Ctrl Pts',(-41.8699999999951,-17.0666666666667,
16.3));
#13538=CARTESIAN_POINT('Ctrl Pts',(-42.3699999999951,-17.4,16.3));
#13539=CARTESIAN_POINT('Ctrl Pts',(-40.8699999999951,-16.4,10.65));
#13540=CARTESIAN_POINT('Ctrl Pts',(-41.3699999999951,-16.7333333333333,
10.65));
#13541=CARTESIAN_POINT('Ctrl Pts',(-41.8699999999951,-17.0666666666667,
10.65));
#13542=CARTESIAN_POINT('Ctrl Pts',(-42.3699999999951,-17.4,10.65));
#13543=CARTESIAN_POINT('Ctrl Pts',(-40.8699999999951,-16.4,4.99999999999999));
#13544=CARTESIAN_POINT('Ctrl Pts',(-41.3699999999951,-16.7333333333333,
4.99999999999999));
#13545=CARTESIAN_POINT('Ctrl Pts',(-41.8699999999951,-17.0666666666667,
4.99999999999999));
#13546=CARTESIAN_POINT('Ctrl Pts',(-42.3699999999951,-17.4,4.99999999999999));
#13547=CARTESIAN_POINT('Ctrl Pts',(-40.8699999999951,-16.4,4.));
#13548=CARTESIAN_POINT('Ctrl Pts',(-41.3699999999951,-16.7333333333333,
3.66666666666666));
#13549=CARTESIAN_POINT('Ctrl Pts',(-41.8699999999951,-17.0666666666667,
3.33333333333333));
#13550=CARTESIAN_POINT('Ctrl Pts',(-42.3699999999951,-17.4,2.99999999999999));
#13551=CARTESIAN_POINT('Ctrl Pts',(-40.8699999999951,-15.4,4.));
#13552=CARTESIAN_POINT('Ctrl Pts',(-41.3699999999951,-15.4,3.66666666666666));
#13553=CARTESIAN_POINT('Ctrl Pts',(-41.8699999999951,-15.4,3.33333333333333));
#13554=CARTESIAN_POINT('Ctrl Pts',(-42.3699999999951,-15.4,3.));
#13555=CARTESIAN_POINT('Ctrl Pts',(-40.8699999999951,6.57252030578093E-14,
3.99999999999999));
#13556=CARTESIAN_POINT('Ctrl Pts',(-41.3699999999951,6.30606677987089E-14,
3.66666666666666));
#13557=CARTESIAN_POINT('Ctrl Pts',(-41.8699999999951,6.03961325396085E-14,
3.33333333333333));
#13558=CARTESIAN_POINT('Ctrl Pts',(-42.3699999999951,5.77315972805081E-14,
2.99999999999999));
#13559=CARTESIAN_POINT('Ctrl Pts',(-40.8699999999951,15.4000000000001,3.99999999999999));
#13560=CARTESIAN_POINT('Ctrl Pts',(-41.3699999999951,15.4000000000001,3.66666666666666));
#13561=CARTESIAN_POINT('Ctrl Pts',(-41.8699999999951,15.4000000000001,3.33333333333333));
#13562=CARTESIAN_POINT('Ctrl Pts',(-42.3699999999951,15.4000000000001,2.99999999999999));
#13563=CARTESIAN_POINT('Ctrl Pts',(-40.8699999999951,16.4000000000002,3.99999999999995));
#13564=CARTESIAN_POINT('Ctrl Pts',(-41.3699999999951,16.7333333333335,3.66666666666661));
#13565=CARTESIAN_POINT('Ctrl Pts',(-41.8699999999951,17.0666666666669,3.33333333333327));
#13566=CARTESIAN_POINT('Ctrl Pts',(-42.3699999999951,17.4000000000002,2.99999999999993));
#13567=CARTESIAN_POINT('Ctrl Pts',(-40.8699999999951,16.4000000000002,5.));
#13568=CARTESIAN_POINT('Ctrl Pts',(-41.3699999999951,16.7333333333335,4.99999999999999));
#13569=CARTESIAN_POINT('Ctrl Pts',(-41.8699999999951,17.0666666666669,4.99999999999999));
#13570=CARTESIAN_POINT('Ctrl Pts',(-42.3699999999951,17.4000000000002,4.99999999999999));
#13571=CARTESIAN_POINT('Ctrl Pts',(-40.8699999999951,16.4000000000002,10.65));
#13572=CARTESIAN_POINT('Ctrl Pts',(-41.3699999999951,16.7333333333335,10.65));
#13573=CARTESIAN_POINT('Ctrl Pts',(-41.8699999999951,17.0666666666669,10.65));
#13574=CARTESIAN_POINT('Ctrl Pts',(-42.3699999999951,17.4000000000002,10.65));
#13575=CARTESIAN_POINT('Ctrl Pts',(-40.8699999999951,16.4000000000002,16.3));
#13576=CARTESIAN_POINT('Ctrl Pts',(-41.3699999999951,16.7333333333335,16.3));
#13577=CARTESIAN_POINT('Ctrl Pts',(-41.8699999999951,17.0666666666669,16.3));
#13578=CARTESIAN_POINT('Ctrl Pts',(-42.3699999999951,17.4000000000002,16.3));
#13579=CARTESIAN_POINT('Ctrl Pts',(-40.8699999999951,16.4000000000002,17.3));
#13580=CARTESIAN_POINT('Ctrl Pts',(-41.3699999999951,16.7333333333335,17.6333333333333));
#13581=CARTESIAN_POINT('Ctrl Pts',(-41.8699999999951,17.0666666666669,17.9666666666667));
#13582=CARTESIAN_POINT('Ctrl Pts',(-42.3699999999951,17.4000000000002,18.3));
#13583=CARTESIAN_POINT('Ctrl Pts',(-40.8699999999951,15.4000000000002,17.3));
#13584=CARTESIAN_POINT('Ctrl Pts',(-41.3699999999951,15.4000000000002,17.6333333333333));
#13585=CARTESIAN_POINT('Ctrl Pts',(-41.8699999999951,15.4000000000002,17.9666666666667));
#13586=CARTESIAN_POINT('Ctrl Pts',(-42.3699999999951,15.4000000000002,18.3));
#13587=CARTESIAN_POINT('',(-40.8699999999951,15.4000000000002,17.3));
#13588=CARTESIAN_POINT('',(-40.8699999999951,-16.4,16.3));
#13589=CARTESIAN_POINT('Ctrl Pts',(-40.8699999999951,15.4000000000002,17.3));
#13590=CARTESIAN_POINT('Ctrl Pts',(-40.8699999999951,16.4000000000002,17.3));
#13591=CARTESIAN_POINT('Ctrl Pts',(-40.8699999999951,16.4000000000002,16.3));
#13592=CARTESIAN_POINT('Ctrl Pts',(-40.8699999999951,16.4000000000002,10.65));
#13593=CARTESIAN_POINT('Ctrl Pts',(-40.8699999999951,16.4000000000002,5.));
#13594=CARTESIAN_POINT('Ctrl Pts',(-40.8699999999951,16.4000000000002,3.99999999999995));
#13595=CARTESIAN_POINT('Ctrl Pts',(-40.8699999999951,15.4000000000001,3.99999999999999));
#13596=CARTESIAN_POINT('Ctrl Pts',(-40.8699999999951,6.57252030578093E-14,
3.99999999999999));
#13597=CARTESIAN_POINT('Ctrl Pts',(-40.8699999999951,-15.4,4.));
#13598=CARTESIAN_POINT('Ctrl Pts',(-40.8699999999951,-16.4,4.));
#13599=CARTESIAN_POINT('Ctrl Pts',(-40.8699999999951,-16.4,4.99999999999999));
#13600=CARTESIAN_POINT('Ctrl Pts',(-40.8699999999951,-16.4,10.65));
#13601=CARTESIAN_POINT('Ctrl Pts',(-40.8699999999951,-16.4,16.3));
#13602=CARTESIAN_POINT('',(-40.8699999999951,15.4000000000002,17.3));
#13603=CARTESIAN_POINT('',(-40.8699999999951,-16.4,16.3));
#13604=CARTESIAN_POINT('Origin',(-40.8699999999951,-16.728,17.4330000000003));
#13605=CARTESIAN_POINT('Ctrl Pts',(-40.8699999999951,-16.4,16.3));
#13606=CARTESIAN_POINT('Ctrl Pts',(-40.8699999999951,-16.4,16.3310977226016));
#13607=CARTESIAN_POINT('Ctrl Pts',(-40.8699999999951,-16.3985474514262,
16.3627999726827));
#13608=CARTESIAN_POINT('Ctrl Pts',(-40.8699999999951,-16.3954852362416,
16.3949165129211));
#13609=CARTESIAN_POINT('Ctrl Pts',(-40.8699999999951,-16.3924818888281,
16.4264156474486));
#13610=CARTESIAN_POINT('Ctrl Pts',(-40.8699999999951,-16.3879294574108,
16.458312930265));
#13611=CARTESIAN_POINT('Ctrl Pts',(-40.8699999999951,-16.3817086562117,
16.4903893755415));
#13612=CARTESIAN_POINT('Ctrl Pts',(-40.8699999999951,-16.3755907369201,
16.5219353287203));
#13613=CARTESIAN_POINT('Ctrl Pts',(-40.8699999999951,-16.3678585720138,
16.5536540168108));
#13614=CARTESIAN_POINT('Ctrl Pts',(-40.8699999999951,-16.358436688257,16.585305300692));
#13615=CARTESIAN_POINT('Ctrl Pts',(-40.8699999999951,-16.3491449886714,
16.616519252054));
#13616=CARTESIAN_POINT('Ctrl Pts',(-40.8699999999951,-16.3382094961418,
16.6476669457308));
#13617=CARTESIAN_POINT('Ctrl Pts',(-40.8699999999951,-16.325602883412,16.67849610595));
#13618=CARTESIAN_POINT('Ctrl Pts',(-40.8699999999951,-16.3131357674032,
16.7089841303819));
#13619=CARTESIAN_POINT('Ctrl Pts',(-40.8699999999951,-16.2990340628724,
16.7391598219711));
#13620=CARTESIAN_POINT('Ctrl Pts',(-40.8699999999951,-16.2833208973026,
16.7687688048372));
#13621=CARTESIAN_POINT('Ctrl Pts',(-40.8699999999951,-16.2677379669215,
16.7981323800257));
#13622=CARTESIAN_POINT('Ctrl Pts',(-40.8699999999951,-16.2505701564137,
16.8269377437664));
#13623=CARTESIAN_POINT('Ctrl Pts',(-40.8699999999951,-16.2318910659454,
16.8549389645719));
#13624=CARTESIAN_POINT('Ctrl Pts',(-40.8699999999951,-16.2133145602133,
16.882786403915));
#13625=CARTESIAN_POINT('Ctrl Pts',(-40.8699999999951,-16.1932435423641,
16.909837668136));
#13626=CARTESIAN_POINT('Ctrl Pts',(-40.8699999999951,-16.1717996929879,
16.9358657357522));
#13627=CARTESIAN_POINT('Ctrl Pts',(-40.8699999999951,-16.1504133725814,
16.9618239759842));
#13628=CARTESIAN_POINT('Ctrl Pts',(-40.8699999999951,-16.1276620134946,
16.9867637453973));
#13629=CARTESIAN_POINT('Ctrl Pts',(-40.8699999999951,-16.1037106238467,
17.0104867049321));
#13630=CARTESIAN_POINT('Ctrl Pts',(-40.8699999999951,-16.0793281719789,
17.0346366155436));
#13631=CARTESIAN_POINT('Ctrl Pts',(-40.8699999999951,-16.0537026630005,
17.0575247569692));
#13632=CARTESIAN_POINT('Ctrl Pts',(-40.8699999999951,-16.027046816954,17.0789815718923));
#13633=CARTESIAN_POINT('Ctrl Pts',(-40.8699999999951,-16.0006860875844,
17.1002008305247));
#13634=CARTESIAN_POINT('Ctrl Pts',(-40.8699999999951,-15.9733185762683,
17.1200199578595));
#13635=CARTESIAN_POINT('Ctrl Pts',(-40.8699999999951,-15.9451764251011,
17.1383213378615));
#13636=CARTESIAN_POINT('Ctrl Pts',(-40.8699999999951,-15.9168585432485,
17.1567369988946));
#13637=CARTESIAN_POINT('Ctrl Pts',(-40.8699999999951,-15.887757188508,17.1736157030615));
#13638=CARTESIAN_POINT('Ctrl Pts',(-40.8699999999951,-15.8581227514099,
17.1888889383048));
#13639=CARTESIAN_POINT('Ctrl Pts',(-40.8699999999951,-15.8282297163165,
17.2042954518689));
#13640=CARTESIAN_POINT('Ctrl Pts',(-40.8699999999951,-15.7977951421807,
17.2180684054844));
#13641=CARTESIAN_POINT('Ctrl Pts',(-40.8699999999951,-15.7670766982406,
17.2301906780917));
#13642=CARTESIAN_POINT('Ctrl Pts',(-40.8699999999951,-15.735742870736,17.2425557965718));
#13643=CARTESIAN_POINT('Ctrl Pts',(-40.8699999999951,-15.704114562015,17.2532036569243));
#13644=CARTESIAN_POINT('Ctrl Pts',(-40.8699999999951,-15.6724523442081,
17.2621692783162));
#13645=CARTESIAN_POINT('Ctrl Pts',(-40.8699999999951,-15.6404077548056,
17.271243173834));
#13646=CARTESIAN_POINT('Ctrl Pts',(-40.8699999999951,-15.6083291647922,
17.2785944826165));
#13647=CARTESIAN_POINT('Ctrl Pts',(-40.8699999999951,-15.5764612690428,
17.2843075843088));
#13648=CARTESIAN_POINT('Ctrl Pts',(-40.8699999999951,-15.5437958013057,
17.2901636703358));
#13649=CARTESIAN_POINT('Ctrl Pts',(-40.8699999999951,-15.5113523364997,
17.2942991671646));
#13650=CARTESIAN_POINT('Ctrl Pts',(-40.8699999999951,-15.4793571952399,
17.2968462446956));
#13651=CARTESIAN_POINT('Ctrl Pts',(-40.8699999999951,-15.4525541517584,
17.2989799883555));
#13652=CARTESIAN_POINT('Ctrl Pts',(-40.8699999999951,-15.4260651090619,
17.3));
#13653=CARTESIAN_POINT('Ctrl Pts',(-40.8699999999951,-15.4,17.3));
#13654=CARTESIAN_POINT('Ctrl Pts',(-40.8699999999951,-14.4326017061009,
17.3));
#13655=CARTESIAN_POINT('Ctrl Pts',(-40.8699999999951,-13.4652034122019,
17.3));
#13656=CARTESIAN_POINT('Ctrl Pts',(-40.8699999999951,-12.554461220775,17.3));
#13657=CARTESIAN_POINT('Ctrl Pts',(-40.8699999999951,-12.0990901250616,
17.3));
#13658=CARTESIAN_POINT('Ctrl Pts',(-40.8699999999951,-11.6578830549662,
17.3));
#13659=CARTESIAN_POINT('Ctrl Pts',(-40.8699999999951,-11.2379220232978,
17.3));
#13660=CARTESIAN_POINT('Ctrl Pts',(-40.8699999999951,-11.0279415074637,
17.3));
#13661=CARTESIAN_POINT('Ctrl Pts',(-40.8699999999951,-10.8232725012363,
17.3));
#13662=CARTESIAN_POINT('Ctrl Pts',(-40.8699999999951,-10.6248002562168,
17.3));
#13663=CARTESIAN_POINT('Ctrl Pts',(-40.8699999999951,-10.5751821949619,
17.3));
#13664=CARTESIAN_POINT('Ctrl Pts',(-40.8699999999951,-10.5259514312825,
17.3));
#13665=CARTESIAN_POINT('Ctrl Pts',(-40.8699999999951,-10.4771217972349,
17.3));
#13666=CARTESIAN_POINT('Ctrl Pts',(-40.8699999999951,-10.458810684467,17.3));
#13667=CARTESIAN_POINT('Ctrl Pts',(-40.8699999999951,-10.4405559805536,
17.3));
#13668=CARTESIAN_POINT('Ctrl Pts',(-40.8699999999951,-10.4223584149195,
17.3));
#13669=CARTESIAN_POINT('Ctrl Pts',(-40.8699999999951,-10.4063529793438,
17.3));
#13670=CARTESIAN_POINT('Ctrl Pts',(-40.8699999999951,-10.3903917451211,
17.3));
#13671=CARTESIAN_POINT('Ctrl Pts',(-40.8699999999951,-10.3744752085502,
17.3));
#13672=CARTESIAN_POINT('Ctrl Pts',(-40.8699999999951,-10.3707000883735,
17.3));
#13673=CARTESIAN_POINT('Ctrl Pts',(-40.8699999999951,-10.366931515319,17.3));
#13674=CARTESIAN_POINT('Ctrl Pts',(-40.8699999999951,-10.3631417773028,
17.3));
#13675=CARTESIAN_POINT('Ctrl Pts',(-40.8699999999951,-10.255743740429,17.3));
#13676=CARTESIAN_POINT('Ctrl Pts',(-40.8699999999951,-10.1354933764646,
17.3));
#13677=CARTESIAN_POINT('Ctrl Pts',(-40.8699999999951,-10.0052500940371,
17.3));
#13678=CARTESIAN_POINT('Ctrl Pts',(-40.8699999999951,-9.9816897890939,17.3));
#13679=CARTESIAN_POINT('Ctrl Pts',(-40.8699999999951,-9.95705391789878,
17.2991675236797));
#13680=CARTESIAN_POINT('Ctrl Pts',(-40.8699999999951,-9.93146044827176,
17.2972738280823));
#13681=CARTESIAN_POINT('Ctrl Pts',(-40.8699999999951,-9.90601659259446,
17.2953912026243));
#13682=CARTESIAN_POINT('Ctrl Pts',(-40.8699999999951,-9.87962594054982,
17.292458701821));
#13683=CARTESIAN_POINT('Ctrl Pts',(-40.8699999999951,-9.85245866773012,
17.2882584581207));
#13684=CARTESIAN_POINT('Ctrl Pts',(-40.8699999999951,-9.82698934946166,
17.2843207296517));
#13685=CARTESIAN_POINT('Ctrl Pts',(-40.8699999999951,-9.80083790389572,
17.2792679793538));
#13686=CARTESIAN_POINT('Ctrl Pts',(-40.8699999999951,-9.77419074265721,
17.272939656988));
#13687=CARTESIAN_POINT('Ctrl Pts',(-40.8699999999951,-9.74842824467019,
17.2668214295809));
#13688=CARTESIAN_POINT('Ctrl Pts',(-40.8699999999951,-9.72220285188612,
17.2595102024949));
#13689=CARTESIAN_POINT('Ctrl Pts',(-40.8699999999951,-9.69572145859237,
17.2508901218541));
#13690=CARTESIAN_POINT('Ctrl Pts',(-40.8699999999951,-9.66975340360978,
17.242437140338));
#13691=CARTESIAN_POINT('Ctrl Pts',(-40.8699999999951,-9.64353976629899,
17.232724928925));
#13692=CARTESIAN_POINT('Ctrl Pts',(-40.8699999999951,-9.61730571707744,
17.2216827872893));
#13693=CARTESIAN_POINT('Ctrl Pts',(-40.8699999999951,-9.59148288792743,
17.210813731792));
#13694=CARTESIAN_POINT('Ctrl Pts',(-40.8699999999951,-9.56564103874627,
17.19865566935));
#13695=CARTESIAN_POINT('Ctrl Pts',(-40.8699999999951,-9.54001440486245,
17.1851868466704));
#13696=CARTESIAN_POINT('Ctrl Pts',(-40.8699999999951,-9.51469661409393,
17.1718803454713));
#13697=CARTESIAN_POINT('Ctrl Pts',(-40.8699999999951,-9.4895897492651,17.1572942746552));
#13698=CARTESIAN_POINT('Ctrl Pts',(-40.8699999999951,-9.46492679590591,
17.141457505461));
#13699=CARTESIAN_POINT('Ctrl Pts',(-40.8699999999951,-9.44047316445884,
17.125755147696));
#13700=CARTESIAN_POINT('Ctrl Pts',(-40.8699999999951,-9.4164568461347,17.1088232771038));
#13701=CARTESIAN_POINT('Ctrl Pts',(-40.8699999999951,-9.39309875928779,
17.0907406296408));
#13702=CARTESIAN_POINT('Ctrl Pts',(-40.8699999999951,-9.369856546299,17.0727476858482));
#13703=CARTESIAN_POINT('Ctrl Pts',(-40.8699999999951,-9.34726691428412,
17.0536156622755));
#13704=CARTESIAN_POINT('Ctrl Pts',(-40.8699999999951,-9.32552808527014,
17.0334698295076));
#13705=CARTESIAN_POINT('Ctrl Pts',(-40.8699999999951,-9.30382089475351,
17.0133533168044));
#13706=CARTESIAN_POINT('Ctrl Pts',(-40.8699999999951,-9.28296277733203,
16.9922264930145));
#13707=CARTESIAN_POINT('Ctrl Pts',(-40.8699999999951,-9.26311953404486,
16.9702553483007));
#13708=CARTESIAN_POINT('Ctrl Pts',(-40.8699999999951,-9.24323576166346,
16.9482393283322));
#13709=CARTESIAN_POINT('Ctrl Pts',(-40.8699999999951,-9.2243715703536,16.9253762801999));
#13710=CARTESIAN_POINT('Ctrl Pts',(-40.8699999999951,-9.20665218680661,
16.9018649205321));
#13711=CARTESIAN_POINT('Ctrl Pts',(-40.8699999999951,-9.18818594712483,
16.8773625781274));
#13712=CARTESIAN_POINT('Ctrl Pts',(-40.8699999999951,-9.17096373252627,
16.8521569860243));
#13713=CARTESIAN_POINT('Ctrl Pts',(-40.8699999999951,-9.15507203124545,
16.8264952626073));
#13714=CARTESIAN_POINT('Ctrl Pts',(-40.8699999999951,-9.13948581087344,
16.8013268259978));
#13715=CARTESIAN_POINT('Ctrl Pts',(-40.8699999999951,-9.12517922708132,
16.7757206599215));
#13716=CARTESIAN_POINT('Ctrl Pts',(-40.8699999999951,-9.11217924430822,
16.7499160559089));
#13717=CARTESIAN_POINT('Ctrl Pts',(-40.8699999999951,-9.09901000910718,
16.7237754905371));
#13718=CARTESIAN_POINT('Ctrl Pts',(-40.8699999999951,-9.08718138337259,
16.6974322156023));
#13719=CARTESIAN_POINT('Ctrl Pts',(-40.8699999999951,-9.07666779656859,
16.671126550961));
#13720=CARTESIAN_POINT('Ctrl Pts',(-40.8699999999951,-9.06598326822492,
16.6443931796863));
#13721=CARTESIAN_POINT('Ctrl Pts',(-40.8699999999951,-9.05665639611099,
16.6176994647915));
#13722=CARTESIAN_POINT('Ctrl Pts',(-40.8699999999951,-9.04861089486282,
16.5912755441215));
#13723=CARTESIAN_POINT('Ctrl Pts',(-40.8699999999951,-9.04029537570341,
16.5639648009097));
#13724=CARTESIAN_POINT('Ctrl Pts',(-40.8699999999951,-9.03334804124594,
16.5369430005708));
#13725=CARTESIAN_POINT('Ctrl Pts',(-40.8699999999951,-9.02764086348393,
16.5104285920148));
#13726=CARTESIAN_POINT('Ctrl Pts',(-40.8699999999951,-9.02181683933575,
16.4833713384746));
#13727=CARTESIAN_POINT('Ctrl Pts',(-40.8699999999951,-9.01728336508295,
16.4568428573554));
#13728=CARTESIAN_POINT('Ctrl Pts',(-40.8699999999951,-9.01387169977179,
16.4310300705334));
#13729=CARTESIAN_POINT('Ctrl Pts',(-40.8699999999951,-9.01032466677614,
16.4041930867684));
#13730=CARTESIAN_POINT('Ctrl Pts',(-40.8699999999951,-9.00798927142264,
16.3781299625779));
#13731=CARTESIAN_POINT('Ctrl Pts',(-40.8699999999951,-9.00665542839775,
16.3529971108335));
#13732=CARTESIAN_POINT('Ctrl Pts',(-40.8699999999951,-9.00569140473861,
16.3348325567959));
#13733=CARTESIAN_POINT('Ctrl Pts',(-40.8699999999951,-9.00525009403707,
16.3171527408535));
#13734=CARTESIAN_POINT('Ctrl Pts',(-40.8699999999951,-9.00525009403707,
16.3));
#13735=CARTESIAN_POINT('Ctrl Pts',(-40.8699999999951,-9.00525009403707,
14.824141209022));
#13736=CARTESIAN_POINT('Ctrl Pts',(-40.8699999999951,-9.00525009403707,
13.348282418044));
#13737=CARTESIAN_POINT('Ctrl Pts',(-40.8699999999951,-9.00525009403707,
11.8856123966975));
#13738=CARTESIAN_POINT('Ctrl Pts',(-40.8699999999951,-9.00525009403707,
11.1542773860243));
#13739=CARTESIAN_POINT('Ctrl Pts',(-40.8699999999951,-9.00525009403707,
10.426239567759));
#13740=CARTESIAN_POINT('Ctrl Pts',(-40.8699999999951,-9.00525009403707,
9.70314753810551));
#13741=CARTESIAN_POINT('Ctrl Pts',(-40.8699999999951,-9.00525009403707,
9.34160152327876));
#13742=CARTESIAN_POINT('Ctrl Pts',(-40.8699999999951,-9.00525009403707,
8.98129195560494));
#13743=CARTESIAN_POINT('Ctrl Pts',(-40.8699999999951,-9.00525009403707,
8.62242490960959));
#13744=CARTESIAN_POINT('Ctrl Pts',(-40.8699999999951,-9.00525009403707,
8.44299138661192));
#13745=CARTESIAN_POINT('Ctrl Pts',(-40.8699999999951,-9.00525009403707,
8.26391849403388));
#13746=CARTESIAN_POINT('Ctrl Pts',(-40.8699999999951,-9.00525009403707,
8.08523199119112));
#13747=CARTESIAN_POINT('Ctrl Pts',(-40.8699999999951,-9.00525009403707,
7.99588873976974));
#13748=CARTESIAN_POINT('Ctrl Pts',(-40.8699999999951,-9.00525009403707,
7.90664208578217));
#13749=CARTESIAN_POINT('Ctrl Pts',(-40.8699999999951,-9.00525009403707,
7.81749524914291));
#13750=CARTESIAN_POINT('Ctrl Pts',(-40.8699999999951,-9.00525009403707,
7.77292183082327));
#13751=CARTESIAN_POINT('Ctrl Pts',(-40.8699999999951,-9.00525009403707,
7.7283733668407));
#13752=CARTESIAN_POINT('Ctrl Pts',(-40.8699999999951,-9.00525009403707,
7.68385025968451));
#13753=CARTESIAN_POINT('Ctrl Pts',(-40.8699999999951,-9.00525009403707,
7.67377407514982));
#13754=CARTESIAN_POINT('Ctrl Pts',(-40.8699999999951,-9.00525009403707,
7.66369918933712));
#13755=CARTESIAN_POINT('Ctrl Pts',(-40.8699999999951,-9.00525009403707,
7.65362560691176));
#13756=CARTESIAN_POINT('Ctrl Pts',(-40.8699999999951,-9.00525009403707,
7.64326033132471));
#13757=CARTESIAN_POINT('Ctrl Pts',(-40.8699999999951,-9.00525009403707,
7.63288770173423));
#13758=CARTESIAN_POINT('Ctrl Pts',(-40.8699999999951,-9.00525009403707,
7.62250405222794));
#13759=CARTESIAN_POINT('Ctrl Pts',(-40.8699999999951,-9.00525009403707,
7.59838862852629));
#13760=CARTESIAN_POINT('Ctrl Pts',(-40.8699999999951,-9.00525009403707,
7.57422028662059));
#13761=CARTESIAN_POINT('Ctrl Pts',(-40.8699999999951,-9.00525009403707,
7.55000000000004));
#13762=CARTESIAN_POINT('Ctrl Pts',(-40.8699999999951,-9.00525009403707,
7.48411585038842));
#13763=CARTESIAN_POINT('Ctrl Pts',(-40.8699999999951,-9.00307898022905,
7.41690157884542));
#13764=CARTESIAN_POINT('Ctrl Pts',(-40.8699999999951,-8.99847870950896,
7.34854912380378));
#13765=CARTESIAN_POINT('Ctrl Pts',(-40.8699999999951,-8.99397184101752,
7.28158447222499));
#13766=CARTESIAN_POINT('Ctrl Pts',(-40.8699999999951,-8.9871328328924,7.21352745404204));
#13767=CARTESIAN_POINT('Ctrl Pts',(-40.8699999999951,-8.97773325699597,
7.14460655416523));
#13768=CARTESIAN_POINT('Ctrl Pts',(-40.8699999999951,-8.96850845988057,
7.07696719198764));
#13769=CARTESIAN_POINT('Ctrl Pts',(-40.8699999999951,-8.95681682879581,
7.00849596898507));
#13770=CARTESIAN_POINT('Ctrl Pts',(-40.8699999999951,-8.94246530221315,
6.93945367017802));
#13771=CARTESIAN_POINT('Ctrl Pts',(-40.8699999999951,-8.92835582751459,
6.87157583414864));
#13772=CARTESIAN_POINT('Ctrl Pts',(-40.8699999999951,-8.91167486317938,
6.80314633811476));
#13773=CARTESIAN_POINT('Ctrl Pts',(-40.8699999999951,-8.89226984985237,
6.7344529875402));
#13774=CARTESIAN_POINT('Ctrl Pts',(-40.8699999999951,-8.87315823144531,
6.66679824898583));
#13775=CARTESIAN_POINT('Ctrl Pts',(-40.8699999999951,-8.85140382334753,
6.5988880014529));
#13776=CARTESIAN_POINT('Ctrl Pts',(-40.8699999999951,-8.82689888142427,
6.53103085393313));
#13777=CARTESIAN_POINT('Ctrl Pts',(-40.8699999999951,-8.80214112534377,
6.46247363343963));
#13778=CARTESIAN_POINT('Ctrl Pts',(-40.8699999999951,-8.77457516966981,
6.39397107335349));
#13779=CARTESIAN_POINT('Ctrl Pts',(-40.8699999999951,-8.7441376059776,6.32586961603915));
#13780=CARTESIAN_POINT('Ctrl Pts',(-40.8699999999951,-8.71489209373037,
6.26043527234199));
#13781=CARTESIAN_POINT('Ctrl Pts',(-40.8699999999951,-8.68299543915788,
6.19537192495197));
#13782=CARTESIAN_POINT('Ctrl Pts',(-40.8699999999951,-8.64843947714438,
6.13100391648578));
#13783=CARTESIAN_POINT('Ctrl Pts',(-40.8699999999951,-8.61418274866523,
6.06719329567572));
#13784=CARTESIAN_POINT('Ctrl Pts',(-40.8699999999951,-8.57731241282328,
6.00406666271793));
#13785=CARTESIAN_POINT('Ctrl Pts',(-40.8699999999951,-8.53787064520105,
5.94194740638817));
#13786=CARTESIAN_POINT('Ctrl Pts',(-40.8699999999951,-8.49870374571722,
5.8802610567301));
#13787=CARTESIAN_POINT('Ctrl Pts',(-40.8699999999951,-8.45700111074435,
5.81956875728068));
#13788=CARTESIAN_POINT('Ctrl Pts',(-40.8699999999951,-8.41285502136771,
5.76018478219312));
#13789=CARTESIAN_POINT('Ctrl Pts',(-40.8699999999951,-8.36894155577234,
5.70111372553224));
#13790=CARTESIAN_POINT('Ctrl Pts',(-40.8699999999951,-8.32261044166205,
5.6433379022366));
#13791=CARTESIAN_POINT('Ctrl Pts',(-40.8699999999951,-8.27400237981592,
5.58715434489284));
#13792=CARTESIAN_POINT('Ctrl Pts',(-40.8699999999951,-8.22556750164025,
5.53117096164181));
#13793=CARTESIAN_POINT('Ctrl Pts',(-40.8699999999951,-8.17487213348748,
5.47676914331846));
#13794=CARTESIAN_POINT('Ctrl Pts',(-40.8699999999951,-8.12210226646791,
5.42422087693132));
#13795=CARTESIAN_POINT('Ctrl Pts',(-40.8699999999951,-8.06943010688447,
5.37176990766981));
#13796=CARTESIAN_POINT('Ctrl Pts',(-40.8699999999951,-8.01469151429393,
5.32116619096351));
#13797=CARTESIAN_POINT('Ctrl Pts',(-40.8699999999951,-7.95811326875241,
5.27264947343617));
#13798=CARTESIAN_POINT('Ctrl Pts',(-40.8699999999951,-7.90154282727442,
5.22413944801358));
#13799=CARTESIAN_POINT('Ctrl Pts',(-40.8699999999951,-7.84313374290346,
5.17771631022597));
#13800=CARTESIAN_POINT('Ctrl Pts',(-40.8699999999951,-7.78314784589172,
5.13358124822083));
#13801=CARTESIAN_POINT('Ctrl Pts',(-40.8699999999951,-7.72306743416555,
5.08937664632399));
#13802=CARTESIAN_POINT('Ctrl Pts',(-40.8699999999951,-7.66140582802416,
5.04746768333256));
#13803=CARTESIAN_POINT('Ctrl Pts',(-40.8699999999951,-7.59845312392046,
5.00801178099303));
#13804=CARTESIAN_POINT('Ctrl Pts',(-40.8699999999951,-7.53508517919883,
4.9682956246501));
#13805=CARTESIAN_POINT('Ctrl Pts',(-40.8699999999951,-7.47040969709368,
4.93106523979274));
#13806=CARTESIAN_POINT('Ctrl Pts',(-40.8699999999951,-7.40474055613187,
4.89643137520329));
#13807=CARTESIAN_POINT('Ctrl Pts',(-40.8699999999951,-7.3387281541569,4.86161647496644));
#13808=CARTESIAN_POINT('Ctrl Pts',(-40.8699999999951,-7.27171237017511,
4.8294253833126));
#13809=CARTESIAN_POINT('Ctrl Pts',(-40.8699999999951,-7.20401998540664,
4.79991804712194));
#13810=CARTESIAN_POINT('Ctrl Pts',(-40.8699999999951,-7.13587155492092,
4.77021191908279));
#13811=CARTESIAN_POINT('Ctrl Pts',(-40.8699999999951,-7.06703806529977,
4.7432257519655));
#13812=CARTESIAN_POINT('Ctrl Pts',(-40.8699999999951,-6.99785051059172,
4.71896760649841));
#13813=CARTESIAN_POINT('Ctrl Pts',(-40.8699999999951,-6.92809294846821,
4.69450960828526));
#13814=CARTESIAN_POINT('Ctrl Pts',(-40.8699999999951,-6.8579761153908,4.67282454535701));
#13815=CARTESIAN_POINT('Ctrl Pts',(-40.8699999999951,-6.78782658646008,
4.6538691270064));
#13816=CARTESIAN_POINT('Ctrl Pts',(-40.8699999999951,-6.71653054903526,
4.63460390546139));
#13817=CARTESIAN_POINT('Ctrl Pts',(-40.8699999999951,-6.64520136070611,
4.61815797546111));
#13818=CARTESIAN_POINT('Ctrl Pts',(-40.8699999999951,-6.57415905111272,
4.60443679433646));
#13819=CARTESIAN_POINT('Ctrl Pts',(-40.8699999999951,-6.50241784164674,
4.59058062700718));
#13820=CARTESIAN_POINT('Ctrl Pts',(-40.8699999999951,-6.4309696799617,4.57950259769326));
#13821=CARTESIAN_POINT('Ctrl Pts',(-40.8699999999951,-6.36011252579897,
4.57106182431998));
#13822=CARTESIAN_POINT('Ctrl Pts',(-40.8699999999951,-6.28795237487308,
4.5624658330225));
#13823=CARTESIAN_POINT('Ctrl Pts',(-40.8699999999951,-6.21640559739694,
4.5566044443535));
#13824=CARTESIAN_POINT('Ctrl Pts',(-40.8699999999951,-6.14574708811891,
4.55329170677996));
#13825=CARTESIAN_POINT('Ctrl Pts',(-40.8699999999951,-6.09849456713736,
4.55107633026977));
#13826=CARTESIAN_POINT('Ctrl Pts',(-40.8699999999951,-6.05163844531961,
4.55000000000004));
#13827=CARTESIAN_POINT('Ctrl Pts',(-40.8699999999951,-6.00525009403708,
4.55000000000004));
#13828=CARTESIAN_POINT('Ctrl Pts',(-40.8699999999951,-5.97034952880018,
4.55000000000004));
#13829=CARTESIAN_POINT('Ctrl Pts',(-40.8699999999951,-5.93545984894622,
4.55000000000004));
#13830=CARTESIAN_POINT('Ctrl Pts',(-40.8699999999951,-5.9005831689989,4.55000000000004));
#13831=CARTESIAN_POINT('Ctrl Pts',(-40.8699999999951,-5.88132926833727,
4.55000000000004));
#13832=CARTESIAN_POINT('Ctrl Pts',(-40.8699999999951,-5.86207902695659,
4.55000000000004));
#13833=CARTESIAN_POINT('Ctrl Pts',(-40.8699999999951,-5.8428475561616,4.55000000000004));
#13834=CARTESIAN_POINT('Ctrl Pts',(-40.8699999999951,-3.67152199252814,
4.55000000000004));
#13835=CARTESIAN_POINT('Ctrl Pts',(-40.8699999999951,-1.69222653839709,
4.55000000000004));
#13836=CARTESIAN_POINT('Ctrl Pts',(-40.8699999999951,0.23425639476895,4.55000000000004));
#13837=CARTESIAN_POINT('Ctrl Pts',(-40.8699999999951,1.19749786135197,4.55000000000004));
#13838=CARTESIAN_POINT('Ctrl Pts',(-40.8699999999951,2.14753619769376,4.55000000000004));
#13839=CARTESIAN_POINT('Ctrl Pts',(-40.8699999999951,3.10177360236144,4.55000000000003));
#13840=CARTESIAN_POINT('Ctrl Pts',(-40.8699999999951,3.57889230469527,4.55000000000003));
#13841=CARTESIAN_POINT('Ctrl Pts',(-40.8699999999951,4.05706077411057,4.55000000000003));
#13842=CARTESIAN_POINT('Ctrl Pts',(-40.8699999999951,4.53845428542826,4.55000000000003));
#13843=CARTESIAN_POINT('Ctrl Pts',(-40.8699999999951,4.7791510410871,4.55000000000003));
#13844=CARTESIAN_POINT('Ctrl Pts',(-40.8699999999951,5.02065405722153,4.55000000000003));
#13845=CARTESIAN_POINT('Ctrl Pts',(-40.8699999999951,5.26323524318418,4.55000000000003));
#13846=CARTESIAN_POINT('Ctrl Pts',(-40.8699999999951,5.3845258361655,4.55000000000003));
#13847=CARTESIAN_POINT('Ctrl Pts',(-40.8699999999951,5.50608597160387,4.55000000000003));
#13848=CARTESIAN_POINT('Ctrl Pts',(-40.8699999999951,5.62794963816837,4.55000000000003));
#13849=CARTESIAN_POINT('Ctrl Pts',(-40.8699999999951,5.68888147145062,4.55000000000003));
#13850=CARTESIAN_POINT('Ctrl Pts',(-40.8699999999951,5.74988918751442,4.55000000000003));
#13851=CARTESIAN_POINT('Ctrl Pts',(-40.8699999999951,5.81097703494337,4.55000000000003));
#13852=CARTESIAN_POINT('Ctrl Pts',(-40.8699999999951,5.83242608037022,4.55000000000003));
#13853=CARTESIAN_POINT('Ctrl Pts',(-40.8699999999951,5.85388500470269,4.55000000000003));
#13854=CARTESIAN_POINT('Ctrl Pts',(-40.8699999999951,5.87535399185002,4.55000000000003));
#13855=CARTESIAN_POINT('Ctrl Pts',(-40.8699999999951,5.88707503722301,4.55000000000003));
#13856=CARTESIAN_POINT('Ctrl Pts',(-40.8699999999951,5.89880199268903,4.55000000000003));
#13857=CARTESIAN_POINT('Ctrl Pts',(-40.8699999999951,5.91054315502934,4.55000000000003));
#13858=CARTESIAN_POINT('Ctrl Pts',(-40.8699999999951,5.93854574367998,4.55000000000003));
#13859=CARTESIAN_POINT('Ctrl Pts',(-40.8699999999951,5.96661516082819,4.55000000000003));
#13860=CARTESIAN_POINT('Ctrl Pts',(-40.8699999999951,5.99474990596158,4.55000000000003));
#13861=CARTESIAN_POINT('Ctrl Pts',(-40.8699999999951,6.06091622339216,4.55000000000003));
#13862=CARTESIAN_POINT('Ctrl Pts',(-40.8699999999951,6.12839476009451,4.55218983691986));
#13863=CARTESIAN_POINT('Ctrl Pts',(-40.8699999999951,6.19698951303877,4.55682457224287));
#13864=CARTESIAN_POINT('Ctrl Pts',(-40.8699999999951,6.26421367363927,4.56136670087986));
#13865=CARTESIAN_POINT('Ctrl Pts',(-40.8699999999951,6.33250980631769,4.56825762310246));
#13866=CARTESIAN_POINT('Ctrl Pts',(-40.8699999999951,6.4016457286254,4.57772212108314));
#13867=CARTESIAN_POINT('Ctrl Pts',(-40.8699999999951,6.46951856923697,4.58701370701225));
#13868=CARTESIAN_POINT('Ctrl Pts',(-40.8699999999951,6.53820058573025,4.59878629255262));
#13869=CARTESIAN_POINT('Ctrl Pts',(-40.8699999999951,6.60742779083388,4.6132286760137));
#13870=CARTESIAN_POINT('Ctrl Pts',(-40.8699999999951,6.6755100507355,4.62743219763391));
#13871=CARTESIAN_POINT('Ctrl Pts',(-40.8699999999951,6.74411928474045,4.64421848951071));
#13872=CARTESIAN_POINT('Ctrl Pts',(-40.8699999999951,6.81296510156198,4.66373530429234));
#13873=CARTESIAN_POINT('Ctrl Pts',(-40.8699999999951,6.88079266186372,4.6829634577607));
#13874=CARTESIAN_POINT('Ctrl Pts',(-40.8699999999951,6.94884941770334,4.70484244053036));
#13875=CARTESIAN_POINT('Ctrl Pts',(-40.8699999999951,7.01682489889819,4.72947474593588));
#13876=CARTESIAN_POINT('Ctrl Pts',(-40.8699999999951,7.08566312239143,4.75441968365245));
#13877=CARTESIAN_POINT('Ctrl Pts',(-40.8699999999951,7.15441752483077,4.78218890517073));
#13878=CARTESIAN_POINT('Ctrl Pts',(-40.8699999999951,7.22273842752147,4.81284012324508));
#13879=CARTESIAN_POINT('Ctrl Pts',(-40.8699999999951,7.28828393335362,4.84224619831043));
#13880=CARTESIAN_POINT('Ctrl Pts',(-40.8699999999951,7.35342973810217,4.8743048982087));
#13881=CARTESIAN_POINT('Ctrl Pts',(-40.8699999999951,7.4178511851825,4.9090186011485));
#13882=CARTESIAN_POINT('Ctrl Pts',(-40.8699999999951,7.4817359365701,4.94344310389659));
#13883=CARTESIAN_POINT('Ctrl Pts',(-40.8699999999951,7.54490770471508,4.98047869517808));
#13884=CARTESIAN_POINT('Ctrl Pts',(-40.8699999999951,7.6070437186952,5.02007734082231));
#13885=CARTESIAN_POINT('Ctrl Pts',(-40.8699999999951,7.66876719865976,5.05941308276139));
#13886=CARTESIAN_POINT('Ctrl Pts',(-40.8699999999951,7.72946796517509,5.10127795933658));
#13887=CARTESIAN_POINT('Ctrl Pts',(-40.8699999999951,7.7888333124538,5.1455739290739));
#13888=CARTESIAN_POINT('Ctrl Pts',(-40.8699999999951,7.84790547831791,5.18965113895107));
#13889=CARTESIAN_POINT('Ctrl Pts',(-40.8699999999951,7.90565472446006,5.23613534752091));
#13890=CARTESIAN_POINT('Ctrl Pts',(-40.8699999999951,7.96178652057929,5.2848803659071));
#13891=CARTESIAN_POINT('Ctrl Pts',(-40.8699999999951,8.01773693647684,5.33346787317032));
#13892=CARTESIAN_POINT('Ctrl Pts',(-40.8699999999951,8.07207972061267,5.38430132332787));
#13893=CARTESIAN_POINT('Ctrl Pts',(-40.8699999999951,8.12454626946846,5.43718967959905));
#13894=CARTESIAN_POINT('Ctrl Pts',(-40.8699999999951,8.17693308497926,5.48999766150509));
#13895=CARTESIAN_POINT('Ctrl Pts',(-40.8699999999951,8.22744881608017,5.5448539017335));
#13896=CARTESIAN_POINT('Ctrl Pts',(-40.8699999999951,8.27585789324795,5.60152717485252));
#13897=CARTESIAN_POINT('Ctrl Pts',(-40.8699999999951,8.32427635681967,5.65821143678326));
#13898=CARTESIAN_POINT('Ctrl Pts',(-40.8699999999951,8.37058689948548,5.71671292038431));
#13899=CARTESIAN_POINT('Ctrl Pts',(-40.8699999999951,8.41459318467086,5.77676608805115));
#13900=CARTESIAN_POINT('Ctrl Pts',(-40.8699999999951,8.45868338964964,5.83693377684611));
#13901=CARTESIAN_POINT('Ctrl Pts',(-40.8699999999951,8.5004602100159,5.89865847256628));
#13902=CARTESIAN_POINT('Ctrl Pts',(-40.8699999999951,8.53977160464604,5.96164722016008));
#13903=CARTESIAN_POINT('Ctrl Pts',(-40.8699999999951,8.57936196398661,6.02508295361888));
#13904=CARTESIAN_POINT('Ctrl Pts',(-40.8699999999951,8.6164515568026,6.08980008711757));
#13905=CARTESIAN_POINT('Ctrl Pts',(-40.8699999999951,8.65093538821747,6.15548263407982));
#13906=CARTESIAN_POINT('Ctrl Pts',(-40.8699999999951,8.68561002583978,6.22152861622798));
#13907=CARTESIAN_POINT('Ctrl Pts',(-40.8699999999951,8.71764993301709,6.28855003094073));
#13908=CARTESIAN_POINT('Ctrl Pts',(-40.8699999999951,8.74700114796302,6.356218989554));
#13909=CARTESIAN_POINT('Ctrl Pts',(-40.8699999999951,8.77655905024037,6.42436446392656));
#13910=CARTESIAN_POINT('Ctrl Pts',(-40.8699999999951,8.80339035725104,6.49316594763953));
#13911=CARTESIAN_POINT('Ctrl Pts',(-40.8699999999951,8.8274930297874,6.56229235377191));
#13912=CARTESIAN_POINT('Ctrl Pts',(-40.8699999999951,8.85180158143156,6.632009220684));
#13913=CARTESIAN_POINT('Ctrl Pts',(-40.8699999999951,8.8733349248426,6.70205593912917));
#13914=CARTESIAN_POINT('Ctrl Pts',(-40.8699999999951,8.89214221847144,6.77210682776573));
#13915=CARTESIAN_POINT('Ctrl Pts',(-40.8699999999951,8.91126501749842,6.8433328686568));
#13916=CARTESIAN_POINT('Ctrl Pts',(-40.8699999999951,8.92756986064791,6.91456260713156));
#13917=CARTESIAN_POINT('Ctrl Pts',(-40.8699999999951,8.94115697669679,6.98547774754085));
#13918=CARTESIAN_POINT('Ctrl Pts',(-40.8699999999951,8.95488124250688,7.05710871274614));
#13919=CARTESIAN_POINT('Ctrl Pts',(-40.8699999999951,8.96583313766623,7.12841821417407));
#13920=CARTESIAN_POINT('Ctrl Pts',(-40.8699999999951,8.97415871368314,7.1991109057392));
#13921=CARTESIAN_POINT('Ctrl Pts',(-40.8699999999951,8.98264005721594,7.27112622350273));
#13922=CARTESIAN_POINT('Ctrl Pts',(-40.8699999999951,8.98839643730211,7.34250102056171));
#13923=CARTESIAN_POINT('Ctrl Pts',(-40.8699999999951,8.99161845044724,7.41296377459826));
#13924=CARTESIAN_POINT('Ctrl Pts',(-40.8699999999951,8.99372598475084,7.45905380110295));
#13925=CARTESIAN_POINT('Ctrl Pts',(-40.8699999999951,8.99474990596158,7.50475447109255));
#13926=CARTESIAN_POINT('Ctrl Pts',(-40.8699999999951,8.99474990596158,7.55000000000001));
#13927=CARTESIAN_POINT('Ctrl Pts',(-40.8699999999951,8.99474990596158,7.58484404657292));
#13928=CARTESIAN_POINT('Ctrl Pts',(-40.8699999999951,8.99474990596158,7.61967182135345));
#13929=CARTESIAN_POINT('Ctrl Pts',(-40.8699999999951,8.99474990596158,7.65448116656765));
#13930=CARTESIAN_POINT('Ctrl Pts',(-40.8699999999951,8.99474990596158,7.66959328348655));
#13931=CARTESIAN_POINT('Ctrl Pts',(-40.8699999999951,8.99474990596158,7.6846987702459));
#13932=CARTESIAN_POINT('Ctrl Pts',(-40.8699999999951,8.99474990596158,7.69978941631945));
#13933=CARTESIAN_POINT('Ctrl Pts',(-40.8699999999951,8.99474990596158,9.33485362383475));
#13934=CARTESIAN_POINT('Ctrl Pts',(-40.8699999999951,8.99474990596158,10.8242409951011));
#13935=CARTESIAN_POINT('Ctrl Pts',(-40.8699999999951,8.99474990596158,12.2300217838896));
#13936=CARTESIAN_POINT('Ctrl Pts',(-40.8699999999951,8.99474990596158,12.9329121782838));
#13937=CARTESIAN_POINT('Ctrl Pts',(-40.8699999999951,8.99474990596158,13.6149009270585));
#13938=CARTESIAN_POINT('Ctrl Pts',(-40.8699999999951,8.99474990596158,14.2837468119352));
#13939=CARTESIAN_POINT('Ctrl Pts',(-40.8699999999951,8.99474990596158,14.6181697543735));
#13940=CARTESIAN_POINT('Ctrl Pts',(-40.8699999999951,8.99474990596158,14.9493069808373));
#13941=CARTESIAN_POINT('Ctrl Pts',(-40.8699999999951,8.99474990596158,15.2781283390417));
#13942=CARTESIAN_POINT('Ctrl Pts',(-40.8699999999951,8.99474990596158,15.442539018144));
#13943=CARTESIAN_POINT('Ctrl Pts',(-40.8699999999951,8.99474990596158,15.6063707301813));
#13944=CARTESIAN_POINT('Ctrl Pts',(-40.8699999999951,8.99474990596158,15.7697447061183));
#13945=CARTESIAN_POINT('Ctrl Pts',(-40.8699999999951,8.99474990596158,15.7901664531104));
#13946=CARTESIAN_POINT('Ctrl Pts',(-40.8699999999951,8.99474990596158,15.8105810479759));
#13947=CARTESIAN_POINT('Ctrl Pts',(-40.8699999999951,8.99474990596158,15.8309887274941));
#13948=CARTESIAN_POINT('Ctrl Pts',(-40.8699999999951,8.99474990596158,15.8399170872833));
#13949=CARTESIAN_POINT('Ctrl Pts',(-40.8699999999951,8.99474990596158,15.8488441234319));
#13950=CARTESIAN_POINT('Ctrl Pts',(-40.8699999999951,8.99474990596158,15.8577698557676));
#13951=CARTESIAN_POINT('Ctrl Pts',(-40.8699999999951,8.99474990596158,15.8634561645202));
#13952=CARTESIAN_POINT('Ctrl Pts',(-40.8699999999951,8.99474990596158,15.8691419441112));
#13953=CARTESIAN_POINT('Ctrl Pts',(-40.8699999999951,8.99474990596158,15.8748271996672));
#13954=CARTESIAN_POINT('Ctrl Pts',(-40.8699999999951,8.99474990596158,15.8782103364105));
#13955=CARTESIAN_POINT('Ctrl Pts',(-40.8699999999951,8.99474990596158,15.8815983792414));
#13956=CARTESIAN_POINT('Ctrl Pts',(-40.8699999999951,8.99474990596158,15.8849991742876));
#13957=CARTESIAN_POINT('Ctrl Pts',(-40.8699999999951,8.99474990596158,16.0104433259223));
#13958=CARTESIAN_POINT('Ctrl Pts',(-40.8699999999951,8.99474990596158,16.1499545802772));
#13959=CARTESIAN_POINT('Ctrl Pts',(-40.8699999999951,8.99474990596158,16.3));
#13960=CARTESIAN_POINT('Ctrl Pts',(-40.8699999999951,8.99474990596158,16.3244582156716));
#13961=CARTESIAN_POINT('Ctrl Pts',(-40.8699999999951,8.99564741685547,16.3499141664012));
#13962=CARTESIAN_POINT('Ctrl Pts',(-40.8699999999951,8.99766056344506,16.3762420031215));
#13963=CARTESIAN_POINT('Ctrl Pts',(-40.8699999999951,8.99967150633206,16.4025410199225));
#13964=CARTESIAN_POINT('Ctrl Pts',(-40.8699999999951,9.0027966915871,16.4297102982877));
#13965=CARTESIAN_POINT('Ctrl Pts',(-40.8699999999951,9.00724213171475,16.4575702884496));
#13966=CARTESIAN_POINT('Ctrl Pts',(-40.8699999999951,9.01140973183442,16.4836890292263));
#13967=CARTESIAN_POINT('Ctrl Pts',(-40.8699999999951,9.01673845042221,16.5104143005045));
#13968=CARTESIAN_POINT('Ctrl Pts',(-40.8699999999951,9.02337544575981,16.5375534846465));
#13969=CARTESIAN_POINT('Ctrl Pts',(-40.8699999999951,9.029816532148,16.5638915820344));
#13970=CARTESIAN_POINT('Ctrl Pts',(-40.8699999999951,9.03749048449656,16.5906190108644));
#13971=CARTESIAN_POINT('Ctrl Pts',(-40.8699999999951,9.04649947776239,16.6175234249942));
#13972=CARTESIAN_POINT('Ctrl Pts',(-40.8699999999951,9.05534946481407,16.6439529837314));
#13973=CARTESIAN_POINT('Ctrl Pts',(-40.8699999999951,9.06548835806457,16.6705526882798));
#13974=CARTESIAN_POINT('Ctrl Pts',(-40.8699999999951,9.07697199464299,16.6970940763795));
#13975=CARTESIAN_POINT('Ctrl Pts',(-40.8699999999951,9.08829384365153,16.7232615353103));
#13976=CARTESIAN_POINT('Ctrl Pts',(-40.8699999999951,9.10092318766621,16.7493715108822));
#13977=CARTESIAN_POINT('Ctrl Pts',(-40.8699999999951,9.11486622058214,16.7751891204595));
#13978=CARTESIAN_POINT('Ctrl Pts',(-40.8699999999951,9.12866174420752,16.8007335945365));
#13979=CARTESIAN_POINT('Ctrl Pts',(-40.8699999999951,9.14374344229839,16.8259909686568));
#13980=CARTESIAN_POINT('Ctrl Pts',(-40.8699999999951,9.16006682401556,16.8507305627193));
#13981=CARTESIAN_POINT('Ctrl Pts',(-40.8699999999951,9.17627425184599,16.8752944179466));
#13982=CARTESIAN_POINT('Ctrl Pts',(-40.8699999999951,9.19370565807507,16.8993469216271));
#13983=CARTESIAN_POINT('Ctrl Pts',(-40.8699999999951,9.21226735257598,16.9226725091468));
#13984=CARTESIAN_POINT('Ctrl Pts',(-40.8699999999951,9.23076136286003,16.945913041171));
#13985=CARTESIAN_POINT('Ctrl Pts',(-40.8699999999951,9.25037704777458,16.9684311127169));
#13986=CARTESIAN_POINT('Ctrl Pts',(-40.8699999999951,9.2709755925743,16.9900367695136));
#13987=CARTESIAN_POINT('Ctrl Pts',(-40.8699999999951,9.29157008394185,17.0116381746961));
#13988=CARTESIAN_POINT('Ctrl Pts',(-40.8699999999951,9.31314643320326,17.0323268298369));
#13989=CARTESIAN_POINT('Ctrl Pts',(-40.8699999999951,9.33552720516122,17.0519477579922));
#13990=CARTESIAN_POINT('Ctrl Pts',(-40.8699999999951,9.3579808281926,17.0716325537246));
#13991=CARTESIAN_POINT('Ctrl Pts',(-40.8699999999951,9.38124332653545,17.0902421712138));
#13992=CARTESIAN_POINT('Ctrl Pts',(-40.8699999999951,9.40510720277173,17.1076642139992));
#13993=CARTESIAN_POINT('Ctrl Pts',(-40.8699999999951,9.42941618385785,17.1254112096825));
#13994=CARTESIAN_POINT('Ctrl Pts',(-40.8699999999951,9.45434827872468,17.1419255671762));
#13995=CARTESIAN_POINT('Ctrl Pts',(-40.8699999999951,9.47966775096617,17.1571408131721));
#13996=CARTESIAN_POINT('Ctrl Pts',(-40.8699999999951,9.50513159695414,17.172442817772));
#13997=CARTESIAN_POINT('Ctrl Pts',(-40.8699999999951,9.53098628034151,17.1864309296497));
#13998=CARTESIAN_POINT('Ctrl Pts',(-40.8699999999951,9.55698999376211,17.1990919081335));
#13999=CARTESIAN_POINT('Ctrl Pts',(-40.8699999999951,9.58335594028034,17.2119292547145));
#14000=CARTESIAN_POINT('Ctrl Pts',(-40.8699999999951,9.60987419232048,17.2234025458141));
#14001=CARTESIAN_POINT('Ctrl Pts',(-40.8699999999951,9.63630500401518,17.2335508835991));
#14002=CARTESIAN_POINT('Ctrl Pts',(-40.8699999999951,9.66318885241178,17.2438731687276));
#14003=CARTESIAN_POINT('Ctrl Pts',(-40.8699999999951,9.68998146861727,17.2528252454517));
#14004=CARTESIAN_POINT('Ctrl Pts',(-40.8699999999951,9.71645613931803,17.2604960069919));
#14005=CARTESIAN_POINT('Ctrl Pts',(-40.8699999999951,9.74383370068201,17.2684283717472));
#14006=CARTESIAN_POINT('Ctrl Pts',(-40.8699999999951,9.7708705836386,17.2749912270191));
#14007=CARTESIAN_POINT('Ctrl Pts',(-40.8699999999951,9.79735464389653,17.2803239824233));
#14008=CARTESIAN_POINT('Ctrl Pts',(-40.8699999999951,9.82439817496247,17.2857693912857));
#14009=CARTESIAN_POINT('Ctrl Pts',(-40.8699999999951,9.85086496309979,17.289933109247));
#14010=CARTESIAN_POINT('Ctrl Pts',(-40.8699999999951,9.87657634016725,17.2929929548327));
#14011=CARTESIAN_POINT('Ctrl Pts',(-40.8699999999951,9.90328581547871,17.2961715815518));
#14012=CARTESIAN_POINT('Ctrl Pts',(-40.8699999999951,9.92917993676883,17.2981599344006));
#14013=CARTESIAN_POINT('Ctrl Pts',(-40.8699999999951,9.95411279123239,17.2991739712915));
#14014=CARTESIAN_POINT('Ctrl Pts',(-40.8699999999951,9.96796007250887,17.2997371500513));
#14015=CARTESIAN_POINT('Ctrl Pts',(-40.8699999999951,9.9815118271894,17.3));
#14016=CARTESIAN_POINT('Ctrl Pts',(-40.8699999999951,9.99474990596158,17.3));
#14017=CARTESIAN_POINT('Ctrl Pts',(-40.8699999999951,11.7964999373078,17.3));
#14018=CARTESIAN_POINT('Ctrl Pts',(-40.8699999999951,13.598249968654,17.3));
#14019=CARTESIAN_POINT('Ctrl Pts',(-40.8699999999951,15.4000000000002,17.3));
#14020=CARTESIAN_POINT('Origin',(-35.869999951517,8.99999936183726,13.8));
#14021=CARTESIAN_POINT('Origin',(-35.869999951517,8.99999936183722,14.3));
#14022=CARTESIAN_POINT('Ctrl Pts',(-34.769333459222,8.99995761796428,14.3));
#14023=CARTESIAN_POINT('Ctrl Pts',(-34.7693334594144,8.99995761792218,14.8));
#14024=CARTESIAN_POINT('Ctrl Pts',(-35.2696364507509,8.99997688326406,14.8));
#14025=CARTESIAN_POINT('Ctrl Pts',(-34.7693456875261,9.28747166519719,14.3));
#14026=CARTESIAN_POINT('Ctrl Pts',(-34.7693456877357,9.28747166494886,14.8));
#14027=CARTESIAN_POINT('Ctrl Pts',(-35.2696431210602,9.15680258194333,14.8));
#14028=CARTESIAN_POINT('Ctrl Pts',(-35.0073750225418,9.86253236155087,14.3));
#14029=CARTESIAN_POINT('Ctrl Pts',(-35.0073750212515,9.86253236291812,14.8));
#14030=CARTESIAN_POINT('Ctrl Pts',(-35.3994771063646,9.47047175172375,14.8));
#14031=CARTESIAN_POINT('Ctrl Pts',(-35.8702306709718,10.2197729941696,14.3));
#14032=CARTESIAN_POINT('Ctrl Pts',(-35.870230670946,10.2197729929193,14.8));
#14033=CARTESIAN_POINT('Ctrl Pts',(-35.8701257932134,9.66533046504543,14.8));
#14034=CARTESIAN_POINT('Ctrl Pts',(-36.731998467377,9.86235035479168,14.3));
#14035=CARTESIAN_POINT('Ctrl Pts',(-36.7319984686615,9.86235035592182,14.8));
#14036=CARTESIAN_POINT('Ctrl Pts',(-36.3401811309166,9.4703724938741,14.8));
#14037=CARTESIAN_POINT('Ctrl Pts',(-36.9715023918155,9.2877253717247,14.3));
#14038=CARTESIAN_POINT('Ctrl Pts',(-36.9715023915747,9.28772537172103,14.8));
#14039=CARTESIAN_POINT('Ctrl Pts',(-36.4708194076718,9.15694094061482,14.8));
#14040=CARTESIAN_POINT('Ctrl Pts',(-36.9699998744238,8.99999999602587,14.3));
#14041=CARTESIAN_POINT('Ctrl Pts',(-36.9699998744238,8.99999999602587,14.8));
#14042=CARTESIAN_POINT('Ctrl Pts',(-36.4699998744238,8.99999999602587,14.8));
#14043=CARTESIAN_POINT('Origin',(-35.869999951517,-8.99999936183726,13.8));
#14044=CARTESIAN_POINT('Ctrl Pts',(-34.7693334592221,-9.00004237416777,
14.3));
#14045=CARTESIAN_POINT('Ctrl Pts',(-34.7693334594143,-9.00004237421006,
14.8));
#14046=CARTESIAN_POINT('Ctrl Pts',(-35.2696364507509,-9.00002310874756,
14.8));
#14047=CARTESIAN_POINT('Ctrl Pts',(-34.7693456875251,-8.71252832693326,
14.3));
#14048=CARTESIAN_POINT('Ctrl Pts',(-34.7693456877342,-8.71252832718158,
14.8));
#14049=CARTESIAN_POINT('Ctrl Pts',(-35.2696431210593,-8.84319741006852,
14.8));
#14050=CARTESIAN_POINT('Ctrl Pts',(-35.0073750225397,-8.13746763043847,
14.3));
#14051=CARTESIAN_POINT('Ctrl Pts',(-35.0073750212492,-8.13746762907075,
14.8));
#14052=CARTESIAN_POINT('Ctrl Pts',(-35.3994771063632,-8.52952824036335,
14.8));
#14053=CARTESIAN_POINT('Ctrl Pts',(-35.8702306709715,-7.78022699791649,
14.3));
#14054=CARTESIAN_POINT('Ctrl Pts',(-35.8702306709455,-7.7802269991673,14.8));
#14055=CARTESIAN_POINT('Ctrl Pts',(-35.8701257932134,-8.3346695269872,14.8));
#14056=CARTESIAN_POINT('Ctrl Pts',(-36.7319984673767,-8.13764963723443,
14.3));
#14057=CARTESIAN_POINT('Ctrl Pts',(-36.7319984686617,-8.13764963610398,
14.8));
#14058=CARTESIAN_POINT('Ctrl Pts',(-36.3401811309163,-8.52962749819173,
14.8));
#14059=CARTESIAN_POINT('Ctrl Pts',(-36.9715023918155,-8.71227462033957,
14.3));
#14060=CARTESIAN_POINT('Ctrl Pts',(-36.9715023915746,-8.71227462034332,
14.8));
#14061=CARTESIAN_POINT('Ctrl Pts',(-36.4708194076719,-8.84305905143004,
14.8));
#14062=CARTESIAN_POINT('Ctrl Pts',(-36.9699998744238,-8.99999999602587,
14.3));
#14063=CARTESIAN_POINT('Ctrl Pts',(-36.9699998744238,-8.99999999602587,
14.8));
#14064=CARTESIAN_POINT('Ctrl Pts',(-36.4699998744238,-8.99999999602587,
14.8));
#14065=CARTESIAN_POINT('Ctrl Pts',(-40.8699999999951,15.4000000000002,17.3));
#14066=CARTESIAN_POINT('Ctrl Pts',(-41.3699999999951,15.4000000000002,17.6333333333333));
#14067=CARTESIAN_POINT('Ctrl Pts',(-41.8699999999951,15.4000000000002,17.9666666666667));
#14068=CARTESIAN_POINT('Ctrl Pts',(-42.3699999999951,15.4000000000002,18.3));
#14069=CARTESIAN_POINT('Ctrl Pts',(-40.8699999999951,12.6973749529809,17.3));
#14070=CARTESIAN_POINT('Ctrl Pts',(-41.3699999999951,12.6973749529809,17.6333333333333));
#14071=CARTESIAN_POINT('Ctrl Pts',(-41.8699999999951,12.6973749529809,17.9666666666667));
#14072=CARTESIAN_POINT('Ctrl Pts',(-42.3699999999951,12.6973749529809,18.3));
#14073=CARTESIAN_POINT('Ctrl Pts',(-40.8699999999951,9.99474990596158,17.3));
#14074=CARTESIAN_POINT('Ctrl Pts',(-41.3699999999951,9.99474990596158,17.6333333333333));
#14075=CARTESIAN_POINT('Ctrl Pts',(-41.8699999999951,9.99474990596158,17.9666666666667));
#14076=CARTESIAN_POINT('Ctrl Pts',(-42.3699999999952,9.99474990596158,18.3));
#14077=CARTESIAN_POINT('Ctrl Pts',(-40.8699999999951,8.99474990596158,17.3));
#14078=CARTESIAN_POINT('Ctrl Pts',(-41.3699999999951,8.66141657262825,17.6333333333333));
#14079=CARTESIAN_POINT('Ctrl Pts',(-41.8699999999952,8.32808323929492,17.9666666666667));
#14080=CARTESIAN_POINT('Ctrl Pts',(-42.3699999999952,7.99474990596159,18.3));
#14081=CARTESIAN_POINT('Ctrl Pts',(-40.8699999999951,8.99474990596158,16.3));
#14082=CARTESIAN_POINT('Ctrl Pts',(-41.3699999999951,8.66141657262825,16.3));
#14083=CARTESIAN_POINT('Ctrl Pts',(-41.8699999999952,8.32808323929491,16.3));
#14084=CARTESIAN_POINT('Ctrl Pts',(-42.3699999999952,7.99474990596158,16.3));
#14085=CARTESIAN_POINT('Ctrl Pts',(-40.8699999999951,8.99474990596158,11.925));
#14086=CARTESIAN_POINT('Ctrl Pts',(-41.3699999999951,8.66141657262825,11.925));
#14087=CARTESIAN_POINT('Ctrl Pts',(-41.8699999999952,8.32808323929491,11.925));
#14088=CARTESIAN_POINT('Ctrl Pts',(-42.3699999999952,7.99474990596158,11.925));
#14089=CARTESIAN_POINT('Ctrl Pts',(-40.8699999999951,8.99474990596158,7.55000000000002));
#14090=CARTESIAN_POINT('Ctrl Pts',(-41.3699999999952,8.66141657262825,7.55000000000003));
#14091=CARTESIAN_POINT('Ctrl Pts',(-41.8699999999952,8.32808323929491,7.55000000000003));
#14092=CARTESIAN_POINT('Ctrl Pts',(-42.3699999999952,7.99474990596158,7.55000000000003));
#14093=CARTESIAN_POINT('Ctrl Pts',(-40.8699999999951,8.99474990596157,4.55000000000003));
#14094=CARTESIAN_POINT('Ctrl Pts',(-41.3699999999952,8.66141657262824,4.88333333333336));
#14095=CARTESIAN_POINT('Ctrl Pts',(-41.8699999999952,8.32808323929491,5.2166666666667));
#14096=CARTESIAN_POINT('Ctrl Pts',(-42.3699999999952,7.99474990596157,5.55000000000003));
#14097=CARTESIAN_POINT('Ctrl Pts',(-40.8699999999951,5.99474990596158,4.55000000000003));
#14098=CARTESIAN_POINT('Ctrl Pts',(-41.3699999999952,5.99474990596158,4.88333333333337));
#14099=CARTESIAN_POINT('Ctrl Pts',(-41.8699999999952,5.99474990596158,5.2166666666667));
#14100=CARTESIAN_POINT('Ctrl Pts',(-42.3699999999952,5.99474990596158,5.55000000000003));
#14101=CARTESIAN_POINT('Ctrl Pts',(-40.8699999999951,-0.00525009403774668,
4.55000000000004));
#14102=CARTESIAN_POINT('Ctrl Pts',(-41.3699999999952,-0.00525009403774638,
4.88333333333337));
#14103=CARTESIAN_POINT('Ctrl Pts',(-41.8699999999952,-0.00525009403774609,
5.2166666666667));
#14104=CARTESIAN_POINT('Ctrl Pts',(-42.3699999999952,-0.00525009403774579,
5.55000000000004));
#14105=CARTESIAN_POINT('Ctrl Pts',(-40.8699999999951,-6.00525009403707,
4.55000000000004));
#14106=CARTESIAN_POINT('Ctrl Pts',(-41.3699999999952,-6.00525009403707,
4.88333333333337));
#14107=CARTESIAN_POINT('Ctrl Pts',(-41.8699999999952,-6.00525009403707,
5.2166666666667));
#14108=CARTESIAN_POINT('Ctrl Pts',(-42.3699999999952,-6.00525009403707,
5.55000000000004));
#14109=CARTESIAN_POINT('Ctrl Pts',(-40.8699999999951,-9.00525009403707,
4.55000000000003));
#14110=CARTESIAN_POINT('Ctrl Pts',(-41.3699999999952,-8.67191676070374,
4.88333333333337));
#14111=CARTESIAN_POINT('Ctrl Pts',(-41.8699999999952,-8.3385834273704,5.2166666666667));
#14112=CARTESIAN_POINT('Ctrl Pts',(-42.3699999999952,-8.00525009403707,
5.55000000000004));
#14113=CARTESIAN_POINT('Ctrl Pts',(-40.8699999999951,-9.00525009403707,
7.55000000000004));
#14114=CARTESIAN_POINT('Ctrl Pts',(-41.3699999999952,-8.67191676070374,
7.55000000000004));
#14115=CARTESIAN_POINT('Ctrl Pts',(-41.8699999999952,-8.3385834273704,7.55000000000004));
#14116=CARTESIAN_POINT('Ctrl Pts',(-42.3699999999952,-8.00525009403707,
7.55000000000004));
#14117=CARTESIAN_POINT('Ctrl Pts',(-40.8699999999951,-9.00525009403707,
11.925));
#14118=CARTESIAN_POINT('Ctrl Pts',(-41.3699999999952,-8.67191676070373,
11.925));
#14119=CARTESIAN_POINT('Ctrl Pts',(-41.8699999999952,-8.3385834273704,11.925));
#14120=CARTESIAN_POINT('Ctrl Pts',(-42.3699999999952,-8.00525009403707,
11.925));
#14121=CARTESIAN_POINT('Ctrl Pts',(-40.8699999999951,-9.00525009403707,
16.3));
#14122=CARTESIAN_POINT('Ctrl Pts',(-41.3699999999952,-8.67191676070373,
16.3));
#14123=CARTESIAN_POINT('Ctrl Pts',(-41.8699999999952,-8.3385834273704,16.3));
#14124=CARTESIAN_POINT('Ctrl Pts',(-42.3699999999952,-8.00525009403707,
16.3));
#14125=CARTESIAN_POINT('Ctrl Pts',(-40.8699999999951,-9.00525009403706,
17.3));
#14126=CARTESIAN_POINT('Ctrl Pts',(-41.3699999999951,-8.67191676070373,
17.6333333333333));
#14127=CARTESIAN_POINT('Ctrl Pts',(-41.8699999999952,-8.3385834273704,17.9666666666667));
#14128=CARTESIAN_POINT('Ctrl Pts',(-42.3699999999952,-8.00525009403707,
18.3));
#14129=CARTESIAN_POINT('Ctrl Pts',(-40.8699999999951,-10.0052500940371,
17.3));
#14130=CARTESIAN_POINT('Ctrl Pts',(-41.3699999999951,-10.0052500940371,
17.6333333333333));
#14131=CARTESIAN_POINT('Ctrl Pts',(-41.8699999999952,-10.0052500940371,
17.9666666666667));
#14132=CARTESIAN_POINT('Ctrl Pts',(-42.3699999999952,-10.0052500940371,
18.3));
#14133=CARTESIAN_POINT('Ctrl Pts',(-40.8699999999951,-12.7026250470185,
17.3));
#14134=CARTESIAN_POINT('Ctrl Pts',(-41.3699999999951,-12.7026250470185,
17.6333333333333));
#14135=CARTESIAN_POINT('Ctrl Pts',(-41.8699999999951,-12.7026250470185,
17.9666666666667));
#14136=CARTESIAN_POINT('Ctrl Pts',(-42.3699999999952,-12.7026250470185,
18.3));
#14137=CARTESIAN_POINT('Ctrl Pts',(-40.8699999999951,-15.4,17.3));
#14138=CARTESIAN_POINT('Ctrl Pts',(-41.3699999999951,-15.4,17.6333333333333));
#14139=CARTESIAN_POINT('Ctrl Pts',(-41.8699999999951,-15.4,17.9666666666667));
#14140=CARTESIAN_POINT('Ctrl Pts',(-42.3699999999951,-15.4,18.3));
#14141=CARTESIAN_POINT('Ctrl Pts',(-40.8699999999951,-16.4,17.3));
#14142=CARTESIAN_POINT('Ctrl Pts',(-41.3699999999951,-16.7333333333333,
17.6333333333333));
#14143=CARTESIAN_POINT('Ctrl Pts',(-41.8699999999951,-17.0666666666667,
17.9666666666667));
#14144=CARTESIAN_POINT('Ctrl Pts',(-42.3699999999951,-17.4,18.3));
#14145=CARTESIAN_POINT('Ctrl Pts',(-40.8699999999951,-16.4,16.3));
#14146=CARTESIAN_POINT('Ctrl Pts',(-41.3699999999951,-16.7333333333333,
16.3));
#14147=CARTESIAN_POINT('Ctrl Pts',(-41.8699999999951,-17.0666666666667,
16.3));
#14148=CARTESIAN_POINT('Ctrl Pts',(-42.3699999999951,-17.4,16.3));
#14149=UNCERTAINTY_MEASURE_WITH_UNIT(LENGTH_MEASURE(0.01),#14153,
'DISTANCE_ACCURACY_VALUE',
'Maximum model space distance between geometric entities at asserted c
onnectivities');
#14150=UNCERTAINTY_MEASURE_WITH_UNIT(LENGTH_MEASURE(0.01),#14153,
'DISTANCE_ACCURACY_VALUE',
'Maximum model space distance between geometric entities at asserted c
onnectivities');
#14151=(
GEOMETRIC_REPRESENTATION_CONTEXT(3)
GLOBAL_UNCERTAINTY_ASSIGNED_CONTEXT((#14149))
GLOBAL_UNIT_ASSIGNED_CONTEXT((#14153,#14155,#14156))
REPRESENTATION_CONTEXT('','3D')
);
#14152=(
GEOMETRIC_REPRESENTATION_CONTEXT(3)
GLOBAL_UNCERTAINTY_ASSIGNED_CONTEXT((#14150))
GLOBAL_UNIT_ASSIGNED_CONTEXT((#14153,#14155,#14156))
REPRESENTATION_CONTEXT('','3D')
);
#14153=(
LENGTH_UNIT()
NAMED_UNIT(*)
SI_UNIT(.MILLI.,.METRE.)
);
#14154=(
LENGTH_UNIT()
NAMED_UNIT(*)
SI_UNIT($,.METRE.)
);
#14155=(
NAMED_UNIT(*)
PLANE_ANGLE_UNIT()
SI_UNIT($,.RADIAN.)
);
#14156=(
NAMED_UNIT(*)
SI_UNIT($,.STERADIAN.)
SOLID_ANGLE_UNIT()
);
#14157=SHAPE_DEFINITION_REPRESENTATION(#14158,#14159);
#14158=PRODUCT_DEFINITION_SHAPE('',$,#14161);
#14159=SHAPE_REPRESENTATION('',(#6573),#14151);
#14160=PRODUCT_DEFINITION_CONTEXT('part definition',#14165,'design');
#14161=PRODUCT_DEFINITION('Document','\X2\30B130FC30B9\X0\_KILIN\X2\6848\X0\ 
v31',#14162,#14160);
#14162=PRODUCT_DEFINITION_FORMATION('',$,#14167);
#14163=PRODUCT_RELATED_PRODUCT_CATEGORY('\X2\30B130FC30B9\X0\_KILIN\X2\6848\X0\ 
v31','\X2\30B130FC30B9\X0\_KILIN\X2\6848\X0\ v31',(#14167));
#14164=APPLICATION_PROTOCOL_DEFINITION('international standard',
'automotive_design',2009,#14165);
#14165=APPLICATION_CONTEXT(
'Core Data for Automotive Mechanical Design Process');
#14166=PRODUCT_CONTEXT('part definition',#14165,'mechanical');
#14167=PRODUCT('Document','\X2\30B130FC30B9\X0\_KILIN\X2\6848\X0\ v31',
$,(#14166));
#14168=PRESENTATION_STYLE_ASSIGNMENT((#14169));
#14169=SURFACE_STYLE_USAGE(.BOTH.,#14170);
#14170=SURFACE_SIDE_STYLE('',(#14171));
#14171=SURFACE_STYLE_FILL_AREA(#14172);
#14172=FILL_AREA_STYLE('\X2\92FC\X0\ - \X2\30B530C630F3\X0\',(#14173));
#14173=FILL_AREA_STYLE_COLOUR('\X2\92FC\X0\ - \X2\30B530C630F3\X0\',#14174);
#14174=COLOUR_RGB('\X2\92FC\X0\ - \X2\30B530C630F3\X0\',0.627450980392157,
0.627450980392157,0.627450980392157);
ENDSEC;
END-ISO-10303-21;
