ISO-10303-21;
HEADER;
/* Generated by software containing ST-Developer
 * from STEP Tools, Inc. (www.steptools.com) 
 */

FILE_DESCRIPTION(
/* description */ (''),
/* implementation_level */ '2;1');

FILE_NAME(
/* name */ '',
/* time_stamp */ '2025-10-15T22:02:02+09:00',
/* author */ (''),
/* organization */ (''),
/* preprocessor_version */ 'ST-DEVELOPER v20.1',
/* originating_system */ 'Autodesk Translation Framework v14.17.0.0',
/* authorisation */ '');

FILE_SCHEMA (('AUTOMOTIVE_DESIGN { 1 0 10303 214 3 1 1 }'));
ENDSEC;

DATA;
#10=MECHANICAL_DESIGN_GEOMETRIC_PRESENTATION_REPRESENTATION('',(#13),#7546);
#11=SHAPE_REPRESENTATION_RELATIONSHIP('SRR','None',#7553,#12);
#12=ADVANCED_BREP_SHAPE_REPRESENTATION('',(#14),#7545);
#13=STYLED_ITEM('',(#7562),#14);
#14=MANIFOLD_SOLID_BREP('\X2\3075305F\X0\',#3491);
#15=(
BOUNDED_SURFACE()
B_SPLINE_SURFACE(2,2,((#5259,#5260,#5261),(#5262,#5263,#5264),(#5265,#5266,
#5267),(#5268,#5269,#5270),(#5271,#5272,#5273)),.UNSPECIFIED.,.F.,.F.,.F.)
B_SPLINE_SURFACE_WITH_KNOTS((3,2,3),(3,3),(-1.57079632843262,-0.785398164216133,
3.55659534214236E-13),(-0.785398183344295,0.785398183344295),
 .UNSPECIFIED.)
GEOMETRIC_REPRESENTATION_ITEM()
RATIONAL_B_SPLINE_SURFACE(((1.,0.707106767081997,1.),(0.923879532354575,
0.653281469296471,0.923879532354575),(1.,0.707106767081997,1.),(0.923879532354571,
0.653281469296468,0.923879532354571),(1.,0.707106767081997,1.)))
REPRESENTATION_ITEM('')
SURFACE()
);
#16=(
BOUNDED_SURFACE()
B_SPLINE_SURFACE(2,2,((#5489,#5490,#5491),(#5492,#5493,#5494),(#5495,#5496,
#5497),(#5498,#5499,#5500),(#5501,#5502,#5503)),.UNSPECIFIED.,.F.,.F.,.F.)
B_SPLINE_SURFACE_WITH_KNOTS((3,2,3),(3,3),(-1.57079633279882,-0.785398166399268,
2.79760985116934E-13),(1.5707963110076,3.14159265359003),.UNSPECIFIED.)
GEOMETRIC_REPRESENTATION_ITEM()
RATIONAL_B_SPLINE_SURFACE(((1.,0.707106775604811,1.),(0.92387953193687,
0.653281476875163,0.92387953193687),(1.,0.707106775604811,1.),(0.923879531936883,
0.653281476875172,0.923879531936883),(1.,0.707106775604811,1.)))
REPRESENTATION_ITEM('')
SURFACE()
);
#17=(
BOUNDED_SURFACE()
B_SPLINE_SURFACE(2,2,((#5719,#5720,#5721),(#5722,#5723,#5724),(#5725,#5726,
#5727),(#5728,#5729,#5730),(#5731,#5732,#5733)),.UNSPECIFIED.,.F.,.F.,.F.)
B_SPLINE_SURFACE_WITH_KNOTS((3,2,3),(3,3),(-4.23329534997003E-14,0.785398167325505,
1.57079633465105),(-7.12976416416927E-13,1.57079635837004),
 .UNSPECIFIED.)
GEOMETRIC_REPRESENTATION_ITEM()
RATIONAL_B_SPLINE_SURFACE(((1.,0.707106770022797,1.),(0.923879531759659,
0.653281471592747,0.923879531759659),(1.,0.707106770022797,1.),(0.923879531759654,
0.653281471592743,0.923879531759654),(1.,0.707106770022797,1.)))
REPRESENTATION_ITEM('')
SURFACE()
);
#18=(
BOUNDED_SURFACE()
B_SPLINE_SURFACE(2,2,((#5976,#5977,#5978),(#5979,#5980,#5981),(#5982,#5983,
#5984)),.UNSPECIFIED.,.F.,.F.,.F.)
B_SPLINE_SURFACE_WITH_KNOTS((3,3),(3,3),(-1.75303380407266E-13,1.5707963267951),
(-2.54547565535504E-13,1.57079635836942),.UNSPECIFIED.)
GEOMETRIC_REPRESENTATION_ITEM()
RATIONAL_B_SPLINE_SURFACE(((1.,0.707106770023178,1.),(0.70710678118642,
0.499999992106216,0.70710678118642),(1.,0.707106770023178,1.)))
REPRESENTATION_ITEM('')
SURFACE()
);
#19=(
BOUNDED_SURFACE()
B_SPLINE_SURFACE(2,2,((#6106,#6107,#6108),(#6109,#6110,#6111),(#6112,#6113,
#6114)),.UNSPECIFIED.,.F.,.F.,.F.)
B_SPLINE_SURFACE_WITH_KNOTS((3,3),(3,3),(-6.36844058913952E-14,1.57079632679491),
(1.57079633334582,3.14159265358979),.UNSPECIFIED.)
GEOMETRIC_REPRESENTATION_ITEM()
RATIONAL_B_SPLINE_SURFACE(((1.,0.707106783502649,1.),(0.707106781186522,
0.500000001637713,0.707106781186522),(1.,0.707106783502649,1.)))
REPRESENTATION_ITEM('')
SURFACE()
);
#20=(
BOUNDED_SURFACE()
B_SPLINE_SURFACE(2,2,((#6184,#6185,#6186),(#6187,#6188,#6189),(#6190,#6191,
#6192)),.UNSPECIFIED.,.F.,.F.,.F.)
B_SPLINE_SURFACE_WITH_KNOTS((3,3),(3,3),(-1.57079632679451,4.06731577808863E-13),
(-1.34634418914394E-8,1.57079631100758),.UNSPECIFIED.)
GEOMETRIC_REPRESENTATION_ITEM()
RATIONAL_B_SPLINE_SURFACE(((1.,0.70710678200816,1.),(0.707106781186546,
0.500000000580967,0.707106781186546),(1.,0.70710678200816,1.)))
REPRESENTATION_ITEM('')
SURFACE()
);
#21=(
BOUNDED_SURFACE()
B_SPLINE_SURFACE(2,2,((#6203,#6204,#6205),(#6206,#6207,#6208),(#6209,#6210,
#6211)),.UNSPECIFIED.,.F.,.F.,.F.)
B_SPLINE_SURFACE_WITH_KNOTS((3,3),(3,3),(-1.57079632679475,2.36693440533832E-13),
(1.46549439250518E-13,1.57079631100764),.UNSPECIFIED.)
GEOMETRIC_REPRESENTATION_ITEM()
RATIONAL_B_SPLINE_SURFACE(((1.,0.707106786768238,1.),(0.707106781186512,
0.500000003946826,0.707106781186512),(1.,0.707106786768238,1.)))
REPRESENTATION_ITEM('')
SURFACE()
);
#22=(
BOUNDED_SURFACE()
B_SPLINE_SURFACE(2,2,((#6218,#6219,#6220),(#6221,#6222,#6223),(#6224,#6225,
#6226)),.UNSPECIFIED.,.F.,.F.,.F.)
B_SPLINE_SURFACE_WITH_KNOTS((3,3),(3,3),(-1.90152221002114E-13,1.57079632679491),
(1.57079634258209,3.14159265358979),.UNSPECIFIED.)
GEOMETRIC_REPRESENTATION_ITEM()
RATIONAL_B_SPLINE_SURFACE(((1.,0.707106786768163,1.),(0.707106781186475,
0.500000003946747,0.707106781186475),(1.,0.707106786768163,1.)))
REPRESENTATION_ITEM('')
SURFACE()
);
#23=(
BOUNDED_SURFACE()
B_SPLINE_SURFACE(2,2,((#6237,#6238,#6239),(#6240,#6241,#6242),(#6243,#6244,
#6245)),.UNSPECIFIED.,.F.,.F.,.F.)
B_SPLINE_SURFACE_WITH_KNOTS((3,3),(3,3),(-2.26546188095631E-13,1.57079632679477),
(1.57079634258215,3.1415926535898),.UNSPECIFIED.)
GEOMETRIC_REPRESENTATION_ITEM()
RATIONAL_B_SPLINE_SURFACE(((1.,0.707106786768184,1.),(0.707106781186514,
0.50000000394679,0.707106781186514),(1.,0.707106786768184,1.)))
REPRESENTATION_ITEM('')
SURFACE()
);
#24=(
BOUNDED_SURFACE()
B_SPLINE_SURFACE(2,2,((#6347,#6348,#6349),(#6350,#6351,#6352),(#6353,#6354,
#6355)),.UNSPECIFIED.,.F.,.F.,.F.)
B_SPLINE_SURFACE_WITH_KNOTS((3,3),(3,3),(-1.57079632679493,-8.2614003076721E-15),
(-1.57079631100781,5.75533909021589E-14),.UNSPECIFIED.)
GEOMETRIC_REPRESENTATION_ITEM()
RATIONAL_B_SPLINE_SURFACE(((1.,0.707106786768105,1.),(0.707106781186542,
0.500000003946753,0.707106781186542),(1.,0.707106786768105,1.)))
REPRESENTATION_ITEM('')
SURFACE()
);
#25=(
BOUNDED_SURFACE()
B_SPLINE_SURFACE(2,2,((#6458,#6459,#6460),(#6461,#6462,#6463),(#6464,#6465,
#6466)),.UNSPECIFIED.,.F.,.F.,.F.)
B_SPLINE_SURFACE_WITH_KNOTS((3,3),(3,3),(-1.87677713623506E-13,1.57079632679471),
(-0.785398177570402,0.785398177570402),.UNSPECIFIED.)
GEOMETRIC_REPRESENTATION_ITEM()
RATIONAL_B_SPLINE_SURFACE(((1.,0.707106771164756,1.),(0.707106781186537,
0.499999992913516,0.707106781186537),(1.,0.707106771164756,1.)))
REPRESENTATION_ITEM('')
SURFACE()
);
#26=(
BOUNDED_SURFACE()
B_SPLINE_SURFACE(2,2,((#6569,#6570,#6571),(#6572,#6573,#6574),(#6575,#6576,
#6577)),.UNSPECIFIED.,.F.,.F.,.F.)
B_SPLINE_SURFACE_WITH_KNOTS((3,3),(3,3),(-1.57079632679509,8.1424979120527E-14),
(-1.57079631100786,2.17767964812098E-8),.UNSPECIFIED.)
GEOMETRIC_REPRESENTATION_ITEM()
RATIONAL_B_SPLINE_SURFACE(((1.,0.707106779068848,1.),(0.70710678118645,
0.499999998502492,0.70710678118645),(1.,0.707106779068848,1.)))
REPRESENTATION_ITEM('')
SURFACE()
);
#27=(
BOUNDED_SURFACE()
B_SPLINE_SURFACE(2,2,((#7158,#7159,#7160),(#7161,#7162,#7163),(#7164,#7165,
#7166)),.UNSPECIFIED.,.F.,.F.,.F.)
B_SPLINE_SURFACE_WITH_KNOTS((3,3),(3,3),(1.09591706695246E-14,1.57079632679511),
(-3.1415926535898,-1.57079634258181),.UNSPECIFIED.)
GEOMETRIC_REPRESENTATION_ITEM()
RATIONAL_B_SPLINE_SURFACE(((1.,0.707106786768061,1.),(0.707106781186474,
0.500000003946675,0.707106781186474),(1.,0.707106786768061,1.)))
REPRESENTATION_ITEM('')
SURFACE()
);
#28=(
BOUNDED_SURFACE()
B_SPLINE_SURFACE(2,2,((#7269,#7270,#7271),(#7272,#7273,#7274),(#7275,#7276,
#7277)),.UNSPECIFIED.,.F.,.F.,.F.)
B_SPLINE_SURFACE_WITH_KNOTS((3,3),(3,3),(-1.53308980645002E-14,1.57079632679515),
(-3.1415926535898,-1.57079634258179),.UNSPECIFIED.)
GEOMETRIC_REPRESENTATION_ITEM()
RATIONAL_B_SPLINE_SURFACE(((1.,0.707106786768056,1.),(0.707106781186446,
0.50000000394665,0.707106781186446),(1.,0.707106786768056,1.)))
REPRESENTATION_ITEM('')
SURFACE()
);
#29=(
BOUNDED_SURFACE()
B_SPLINE_SURFACE(2,2,((#7297,#7298,#7299),(#7300,#7301,#7302),(#7303,#7304,
#7305),(#7306,#7307,#7308),(#7309,#7310,#7311)),.UNSPECIFIED.,.F.,.F.,.F.)
B_SPLINE_SURFACE_WITH_KNOTS((3,2,3),(3,3),(-1.57079632960061,-0.78539816480037,
-1.33073516333131E-13),(-0.785398186633913,0.785398186633913),
 .UNSPECIFIED.)
GEOMETRIC_REPRESENTATION_ITEM()
RATIONAL_B_SPLINE_SURFACE(((1.,0.707106764755885,1.),(0.923879532242809,
0.653281467068393,0.923879532242809),(1.,0.707106764755885,1.),(0.9238795322428,
0.653281467068387,0.9238795322428),(1.,0.707106764755885,1.)))
REPRESENTATION_ITEM('')
SURFACE()
);
#30=(
BOUNDED_SURFACE()
B_SPLINE_SURFACE(2,2,((#7316,#7317,#7318),(#7319,#7320,#7321),(#7322,#7323,
#7324),(#7325,#7326,#7327),(#7328,#7329,#7330)),.UNSPECIFIED.,.F.,.F.,.F.)
B_SPLINE_SURFACE_WITH_KNOTS((3,2,3),(3,3),(-1.57079633320505,-0.785398166602351,
3.46332605212016E-13),(-3.14159265358947,-1.57079629522156),
 .UNSPECIFIED.)
GEOMETRIC_REPRESENTATION_ITEM()
RATIONAL_B_SPLINE_SURFACE(((1.,0.707106770023803,1.),(0.923879531897979,
0.653281471691483,0.923879531897979),(1.,0.707106770023803,1.),(0.923879531897997,
0.653281471691496,0.923879531897997),(1.,0.707106770023803,1.)))
REPRESENTATION_ITEM('')
SURFACE()
);
#31=(
BOUNDED_SURFACE()
B_SPLINE_SURFACE(2,2,((#7335,#7336,#7337),(#7338,#7339,#7340),(#7341,#7342,
#7343),(#7344,#7345,#7346),(#7347,#7348,#7349)),.UNSPECIFIED.,.F.,.F.,.F.)
B_SPLINE_SURFACE_WITH_KNOTS((3,2,3),(3,3),(-1.95685454762116E-14,0.78539816703314,
1.5707963340663),(-1.5707963425818,-1.48769885299768E-13),.UNSPECIFIED.)
GEOMETRIC_REPRESENTATION_ITEM()
RATIONAL_B_SPLINE_SURFACE(((1.,0.707106775605086,1.),(0.92387953181557,
0.653281476789645,0.92387953181557),(1.,0.707106775605086,1.),(0.923879531815628,
0.653281476789686,0.923879531815628),(1.,0.707106775605086,1.)))
REPRESENTATION_ITEM('')
SURFACE()
);
#32=(
BOUNDED_SURFACE()
B_SPLINE_SURFACE(2,2,((#7359,#7360,#7361),(#7362,#7363,#7364),(#7365,#7366,
#7367)),.UNSPECIFIED.,.F.,.F.,.F.)
B_SPLINE_SURFACE_WITH_KNOTS((3,3),(3,3),(2.50304012075341E-15,1.57079632679495),
(-1.57079634258169,-2.30158259138685E-13),.UNSPECIFIED.)
GEOMETRIC_REPRESENTATION_ITEM()
RATIONAL_B_SPLINE_SURFACE(((1.,0.707106775605153,1.),(0.707106781186536,
0.49999999605335,0.707106781186536),(1.,0.707106775605153,1.)))
REPRESENTATION_ITEM('')
SURFACE()
);
#33=(
BOUNDED_SURFACE()
B_SPLINE_SURFACE(2,2,((#7476,#7477,#7478),(#7479,#7480,#7481),(#7482,#7483,
#7484)),.UNSPECIFIED.,.F.,.F.,.F.)
B_SPLINE_SURFACE_WITH_KNOTS((3,3),(3,3),(-6.29745284930398E-12,1.57079632679974),
(-3.14159265358992,-1.57079632679126),.UNSPECIFIED.)
GEOMETRIC_REPRESENTATION_ITEM()
RATIONAL_B_SPLINE_SURFACE(((1.,0.707106781185218,1.),(0.707106781182607,
0.499999999996273,0.707106781182607),(1.,0.707106781185218,1.)))
REPRESENTATION_ITEM('')
SURFACE()
);
#34=(
BOUNDED_SURFACE()
B_SPLINE_SURFACE(2,2,((#7486,#7487,#7488),(#7489,#7490,#7491),(#7492,#7493,
#7494)),.UNSPECIFIED.,.F.,.F.,.F.)
B_SPLINE_SURFACE_WITH_KNOTS((3,3),(3,3),(-6.19781818516507E-12,1.57079632679971),
(1.57079632679002,3.14159265359394),.UNSPECIFIED.)
GEOMETRIC_REPRESENTATION_ITEM()
RATIONAL_B_SPLINE_SURFACE(((1.,0.707106781183356,1.),(0.707106781182665,
0.499999999994998,0.707106781182665),(1.,0.707106781183356,1.)))
REPRESENTATION_ITEM('')
SURFACE()
);
#35=(
BOUNDED_SURFACE()
B_SPLINE_SURFACE(2,2,((#7516,#7517,#7518),(#7519,#7520,#7521),(#7522,#7523,
#7524)),.UNSPECIFIED.,.F.,.F.,.F.)
B_SPLINE_SURFACE_WITH_KNOTS((3,3),(3,3),(-6.49415498641668E-12,1.57079632679932),
(-1.57079632679806,2.43726439288677E-12),.UNSPECIFIED.)
GEOMETRIC_REPRESENTATION_ITEM()
RATIONAL_B_SPLINE_SURFACE(((1.,0.707106781184568,1.),(0.707106781182689,
0.499999999995872,0.707106781182689),(1.,0.707106781184568,1.)))
REPRESENTATION_ITEM('')
SURFACE()
);
#36=(
BOUNDED_SURFACE()
B_SPLINE_SURFACE(2,2,((#7526,#7527,#7528),(#7529,#7530,#7531),(#7532,#7533,
#7534)),.UNSPECIFIED.,.F.,.F.,.F.)
B_SPLINE_SURFACE_WITH_KNOTS((3,3),(3,3),(-6.38237810988908E-12,1.57079632679946),
(-3.84470732662028E-12,1.57079632679812),.UNSPECIFIED.)
GEOMETRIC_REPRESENTATION_ITEM()
RATIONAL_B_SPLINE_SURFACE(((1.,0.707106781184048,1.),(0.707106781182686,
0.499999999995502,0.707106781182686),(1.,0.707106781184048,1.)))
REPRESENTATION_ITEM('')
SURFACE()
);
#37=B_SPLINE_CURVE_WITH_KNOTS('',3,(#5089,#5090,#5091,#5092),
 .UNSPECIFIED.,.F.,.F.,(4,4),(-0.260268973414744,-1.56125112837913E-17),
 .UNSPECIFIED.);
#38=B_SPLINE_CURVE_WITH_KNOTS('',3,(#5094,#5095,#5096,#5097),
 .UNSPECIFIED.,.F.,.F.,(4,4),(-1.56125112837913E-17,0.00869080946418011),
 .UNSPECIFIED.);
#39=B_SPLINE_CURVE_WITH_KNOTS('',3,(#5099,#5100,#5101,#5102),
 .UNSPECIFIED.,.F.,.F.,(4,4),(-0.00869080946418011,-3.46944695195361E-18),
 .UNSPECIFIED.);
#40=B_SPLINE_CURVE_WITH_KNOTS('',3,(#5103,#5104,#5105,#5106),
 .UNSPECIFIED.,.F.,.F.,(4,4),(-3.46944695195361E-18,0.260268973414743),
 .UNSPECIFIED.);
#41=B_SPLINE_CURVE_WITH_KNOTS('',3,(#5137,#5138,#5139,#5140,#5141,#5142,
#5143,#5144,#5145,#5146),.UNSPECIFIED.,.F.,.F.,(4,3,3,4),(0.,1.05589403878452,
1.30331171821728,1.79753966304622),.UNSPECIFIED.);
#42=B_SPLINE_CURVE_WITH_KNOTS('',3,(#5147,#5148,#5149,#5150,#5151,#5152),
 .UNSPECIFIED.,.F.,.F.,(4,1,1,4),(0.,0.580782853819921,0.871174289579779,
2.03274002738235),.UNSPECIFIED.);
#43=B_SPLINE_CURVE_WITH_KNOTS('',3,(#5161,#5162,#5163,#5164,#5165,#5166),
 .UNSPECIFIED.,.F.,.F.,(4,2,4),(-0.268959773218768,-0.26026836749942,2.23187803891009E-9),
 .UNSPECIFIED.);
#44=B_SPLINE_CURVE_WITH_KNOTS('',3,(#5167,#5168,#5169,#5170,#5171,#5172,
#5173,#5174,#5175,#5176),.UNSPECIFIED.,.F.,.F.,(4,3,3,4),(-1.80461285024072,
-0.773405507372603,-0.51560366561946,0.),.UNSPECIFIED.);
#45=B_SPLINE_CURVE_WITH_KNOTS('',3,(#5217,#5218,#5219,#5220,#5221,#5222),
 .UNSPECIFIED.,.F.,.F.,(4,2,4),(-0.268959773218768,-0.260268367499416,2.2318779001275E-9),
 .UNSPECIFIED.);
#46=B_SPLINE_CURVE_WITH_KNOTS('',3,(#5253,#5254,#5255,#5256,#5257,#5258),
 .UNSPECIFIED.,.F.,.F.,(4,1,1,4),(0.,1.16156551747292,1.45195689804623,
2.03273961889696),.UNSPECIFIED.);
#47=B_SPLINE_CURVE_WITH_KNOTS('',3,(#5315,#5316,#5317,#5318),
 .UNSPECIFIED.,.F.,.F.,(4,4),(-0.268030409077019,-0.00258754827778542),
 .UNSPECIFIED.);
#48=B_SPLINE_CURVE_WITH_KNOTS('',3,(#5320,#5321,#5322,#5323,#5324,#5325),
 .UNSPECIFIED.,.F.,.F.,(4,2,4),(-0.00258754827778542,-7.77856869627752E-12,
0.000838901469947175),.UNSPECIFIED.);
#49=B_SPLINE_CURVE_WITH_KNOTS('',3,(#5327,#5328,#5329,#5330,#5331,#5332),
 .UNSPECIFIED.,.F.,.F.,(4,2,4),(-0.000838901469947175,8.67361737988404E-19,
0.00261187161885847),.UNSPECIFIED.);
#50=B_SPLINE_CURVE_WITH_KNOTS('',3,(#5333,#5334,#5335,#5336),
 .UNSPECIFIED.,.F.,.F.,(4,4),(0.00261187161885847,0.268030406583969),
 .UNSPECIFIED.);
#51=B_SPLINE_CURVE_WITH_KNOTS('',3,(#5367,#5368,#5369,#5370,#5371,#5372,
#5373,#5374,#5375,#5376),.UNSPECIFIED.,.F.,.F.,(4,3,3,4),(0.,1.03120832704633,
1.28901041632722,1.80461458388179),.UNSPECIFIED.);
#52=B_SPLINE_CURVE_WITH_KNOTS('',3,(#5377,#5378,#5379,#5380,#5381,#5382),
 .UNSPECIFIED.,.F.,.F.,(4,1,1,4),(0.,0.580783437952691,0.871175160028709,
2.03274204465395),.UNSPECIFIED.);
#53=B_SPLINE_CURVE_WITH_KNOTS('',3,(#5391,#5392,#5393,#5394,#5395,#5396),
 .UNSPECIFIED.,.F.,.F.,(4,2,4),(-0.2688693155009,-0.268030371817301,-5.96744875736022E-16),
 .UNSPECIFIED.);
#54=B_SPLINE_CURVE_WITH_KNOTS('',3,(#5397,#5398,#5399,#5400,#5401,#5402),
 .UNSPECIFIED.,.F.,.F.,(4,1,1,4),(-1.80149561573432,-1.02942607381149,-0.514713028664553,
0.),.UNSPECIFIED.);
#55=B_SPLINE_CURVE_WITH_KNOTS('',3,(#5443,#5444,#5445,#5446,#5447,#5448),
 .UNSPECIFIED.,.F.,.F.,(4,2,4),(-0.2688693155009,-0.268030371815571,-1.62098090447998E-9),
 .UNSPECIFIED.);
#56=B_SPLINE_CURVE_WITH_KNOTS('',3,(#5479,#5480,#5481,#5482,#5483,#5484,
#5485,#5486,#5487,#5488),.UNSPECIFIED.,.F.,.F.,(4,3,3,4),(0.,0.870187101880417,
1.45031186353501,2.03043658803557),.UNSPECIFIED.);
#57=B_SPLINE_CURVE_WITH_KNOTS('',3,(#5545,#5546,#5547,#5548),
 .UNSPECIFIED.,.F.,.F.,(4,4),(-0.26803320803647,-0.00258674296747889),
 .UNSPECIFIED.);
#58=B_SPLINE_CURVE_WITH_KNOTS('',3,(#5550,#5551,#5552,#5553,#5554,#5555),
 .UNSPECIFIED.,.F.,.F.,(4,2,4),(-0.00258674296747889,-1.06227006357873E-12,
0.000836074910268082),.UNSPECIFIED.);
#59=B_SPLINE_CURVE_WITH_KNOTS('',3,(#5557,#5558,#5559,#5560,#5561,#5562),
 .UNSPECIFIED.,.F.,.F.,(4,2,4),(-0.000836074910268082,-8.67361737988404E-19,
0.00261269159568768),.UNSPECIFIED.);
#60=B_SPLINE_CURVE_WITH_KNOTS('',3,(#5563,#5564,#5565,#5566),
 .UNSPECIFIED.,.F.,.F.,(4,4),(0.00261269159568768,0.268033209038017),
 .UNSPECIFIED.);
#61=B_SPLINE_CURVE_WITH_KNOTS('',3,(#5597,#5598,#5599,#5600,#5601,#5602),
 .UNSPECIFIED.,.F.,.F.,(4,1,1,4),(0.,1.03120962168582,1.28901202997961,
1.80461683555987),.UNSPECIFIED.);
#62=B_SPLINE_CURVE_WITH_KNOTS('',3,(#5603,#5604,#5605,#5606,#5607,#5608,
#5609,#5610,#5611,#5612),.UNSPECIFIED.,.F.,.F.,(4,3,3,4),(0.,0.580784430690012,
0.871176649134702,2.03274549581948),.UNSPECIFIED.);
#63=B_SPLINE_CURVE_WITH_KNOTS('',3,(#5621,#5622,#5623,#5624,#5625,#5626),
 .UNSPECIFIED.,.F.,.F.,(4,2,4),(-0.268869287119573,-0.268033147455196,-6.60079617876723E-9),
 .UNSPECIFIED.);
#64=B_SPLINE_CURVE_WITH_KNOTS('',3,(#5627,#5628,#5629,#5630,#5631,#5632),
 .UNSPECIFIED.,.F.,.F.,(4,1,1,4),(-1.80461728512683,-0.773407425030579,
-0.515604948185848,0.),.UNSPECIFIED.);
#65=B_SPLINE_CURVE_WITH_KNOTS('',3,(#5673,#5674,#5675,#5676,#5677,#5678),
 .UNSPECIFIED.,.F.,.F.,(4,2,4),(-0.268869287119573,-0.268033147414138,-6.60079608881571E-9),
 .UNSPECIFIED.);
#66=B_SPLINE_CURVE_WITH_KNOTS('',3,(#5709,#5710,#5711,#5712,#5713,#5714,
#5715,#5716,#5717,#5718),.UNSPECIFIED.,.F.,.F.,(4,3,3,4),(0.,1.16156944884853,
1.45196181683611,2.03274654041261),.UNSPECIFIED.);
#67=B_SPLINE_CURVE_WITH_KNOTS('',3,(#5775,#5776,#5777,#5778),
 .UNSPECIFIED.,.F.,.F.,(4,4),(-0.260707493296309,-3.98986399474666E-17),
 .UNSPECIFIED.);
#68=B_SPLINE_CURVE_WITH_KNOTS('',3,(#5780,#5781,#5782,#5783),
 .UNSPECIFIED.,.F.,.F.,(4,4),(-3.98986399474666E-17,0.00824902583016305),
 .UNSPECIFIED.);
#69=B_SPLINE_CURVE_WITH_KNOTS('',3,(#5785,#5786,#5787,#5788),
 .UNSPECIFIED.,.F.,.F.,(4,4),(-0.00824902583016305,1.73472347597681E-18),
 .UNSPECIFIED.);
#70=B_SPLINE_CURVE_WITH_KNOTS('',3,(#5789,#5790,#5791,#5792),
 .UNSPECIFIED.,.F.,.F.,(4,4),(1.73472347597681E-18,0.260707493296308),
 .UNSPECIFIED.);
#71=B_SPLINE_CURVE_WITH_KNOTS('',3,(#5823,#5824,#5825,#5826,#5827,#5828,
#5829,#5830,#5831,#5832,#5833,#5834,#5835,#5836,#5837,#5838,#5839,#5840,
#5841,#5842,#5843,#5844,#5845,#5846,#5847,#5848,#5849,#5850,#5851,#5852,
#5853,#5854,#5855,#5856,#5857,#5858,#5859),.UNSPECIFIED.,.F.,.F.,(4,3,3,
3,3,3,3,3,3,3,3,3,4),(0.,0.198686181121843,0.396694209132408,0.592940494752235,
0.789186780372061,0.795557814992194,0.929087587228113,1.06650379929872,
1.21135958521852,1.29337554484178,1.29408067322681,1.52628891812094,1.78837279363234),
 .UNSPECIFIED.);
#72=B_SPLINE_CURVE_WITH_KNOTS('',3,(#5860,#5861,#5862,#5863,#5864,#5865,
#5866,#5867,#5868,#5869),.UNSPECIFIED.,.F.,.F.,(4,3,3,4),(0.,0.580125973310465,
1.16025198591327,2.03044090133586),.UNSPECIFIED.);
#73=B_SPLINE_CURVE_WITH_KNOTS('',3,(#5878,#5879,#5880,#5881,#5882,#5883),
 .UNSPECIFIED.,.F.,.F.,(4,2,4),(-0.268956540280404,-0.260705870800449,-6.5985979597358E-9),
 .UNSPECIFIED.);
#74=B_SPLINE_CURVE_WITH_KNOTS('',3,(#5884,#5885,#5886,#5887,#5888,#5889),
 .UNSPECIFIED.,.F.,.F.,(4,1,1,4),(-1.80149660290977,-1.02942661644342,-0.514713260769513,
0.),.UNSPECIFIED.);
#75=B_SPLINE_CURVE_WITH_KNOTS('',3,(#5930,#5931,#5932,#5933,#5934,#5935),
 .UNSPECIFIED.,.F.,.F.,(4,2,4),(-0.268956540280404,-0.260705870395599,-6.59859858241268E-9),
 .UNSPECIFIED.);
#76=B_SPLINE_CURVE_WITH_KNOTS('',3,(#5966,#5967,#5968,#5969,#5970,#5971,
#5972,#5973,#5974,#5975),.UNSPECIFIED.,.F.,.F.,(4,3,3,4),(0.,0.870187707746551,
1.45031286153363,2.03043796183829),.UNSPECIFIED.);
#77=B_SPLINE_CURVE_WITH_KNOTS('',3,(#6026,#6027,#6028,#6029),
 .UNSPECIFIED.,.F.,.F.,(4,4),(-0.261145216187089,1.64798730217797E-17),
 .UNSPECIFIED.);
#78=B_SPLINE_CURVE_WITH_KNOTS('',3,(#6031,#6032,#6033,#6034),
 .UNSPECIFIED.,.F.,.F.,(4,4),(1.64798730217797E-17,0.00780912681410909),
 .UNSPECIFIED.);
#79=B_SPLINE_CURVE_WITH_KNOTS('',3,(#6036,#6037,#6038,#6039),
 .UNSPECIFIED.,.F.,.F.,(4,4),(-0.00780912681410909,-1.73472347597681E-17),
 .UNSPECIFIED.);
#80=B_SPLINE_CURVE_WITH_KNOTS('',3,(#6040,#6041,#6042,#6043),
 .UNSPECIFIED.,.F.,.F.,(4,4),(-1.73472347597681E-17,0.261145216187089),
 .UNSPECIFIED.);
#81=B_SPLINE_CURVE_WITH_KNOTS('',3,(#6074,#6075,#6076,#6077,#6078,#6079,
#6080,#6081,#6082,#6083),.UNSPECIFIED.,.F.,.F.,(4,3,3,4),(0.,1.05589305521469,
1.30330790630778,1.79753986957792),.UNSPECIFIED.);
#82=B_SPLINE_CURVE_WITH_KNOTS('',3,(#6084,#6085,#6086,#6087,#6088,#6089,
#6090,#6091,#6092,#6093),.UNSPECIFIED.,.F.,.F.,(4,3,3,4),(0.,0.580782950037615,
0.871174487252946,2.03274053251458),.UNSPECIFIED.);
#83=B_SPLINE_CURVE_WITH_KNOTS('',3,(#6289,#6290,#6291,#6292,#6293,#6294),
 .UNSPECIFIED.,.F.,.F.,(4,2,4),(7.63278329429795E-17,0.268033344639423,
0.268869298227613),.UNSPECIFIED.);
#84=B_SPLINE_CURVE_WITH_KNOTS('',3,(#6295,#6296,#6297,#6298,#6299,#6300),
 .UNSPECIFIED.,.F.,.F.,(4,2,4),(-0.268869298227613,-0.268033344637701,-1.61974859913538E-9),
 .UNSPECIFIED.);
#85=B_SPLINE_CURVE_WITH_KNOTS('',3,(#6331,#6332,#6333,#6334,#6335,#6336,
#6337,#6338,#6339,#6340),.UNSPECIFIED.,.F.,.F.,(4,3,3,4),(0.,0.870189229275859,
1.45031540917637,2.03044157049984),.UNSPECIFIED.);
#86=B_SPLINE_CURVE_WITH_KNOTS('',3,(#6341,#6342,#6343,#6344,#6345,#6346),
 .UNSPECIFIED.,.F.,.F.,(4,1,1,4),(0.,0.51471302399287,1.02942608095051,
1.80149564061755),.UNSPECIFIED.);
#87=B_SPLINE_CURVE_WITH_KNOTS('',3,(#6400,#6401,#6402,#6403,#6404,#6405),
 .UNSPECIFIED.,.F.,.F.,(4,2,4),(-3.23089523204024E-9,0.26026962393635,0.268959763831172),
 .UNSPECIFIED.);
#88=B_SPLINE_CURVE_WITH_KNOTS('',3,(#6406,#6407,#6408,#6409,#6410,#6411),
 .UNSPECIFIED.,.F.,.F.,(4,2,4),(-0.268959763831172,-0.260269623936345,3.23089612321943E-9),
 .UNSPECIFIED.);
#89=B_SPLINE_CURVE_WITH_KNOTS('',3,(#6442,#6443,#6444,#6445,#6446,#6447),
 .UNSPECIFIED.,.F.,.F.,(4,1,1,4),(0.,1.16156520409705,1.45195650736631,
2.03273909969918),.UNSPECIFIED.);
#90=B_SPLINE_CURVE_WITH_KNOTS('',3,(#6448,#6449,#6450,#6451,#6452,#6453,
#6454,#6455,#6456,#6457),.UNSPECIFIED.,.F.,.F.,(4,3,3,4),(0.,0.515603579954398,
0.773405381077529,1.80461251694822),.UNSPECIFIED.);
#91=B_SPLINE_CURVE_WITH_KNOTS('',3,(#6511,#6512,#6513,#6514,#6515,#6516),
 .UNSPECIFIED.,.F.,.F.,(4,2,4),(-2.01617017732586E-9,0.268030503348941,
0.268869313337549),.UNSPECIFIED.);
#92=B_SPLINE_CURVE_WITH_KNOTS('',3,(#6517,#6518,#6519,#6520,#6521,#6522),
 .UNSPECIFIED.,.F.,.F.,(4,2,4),(-0.268869313337549,-0.268030503348935,2.01616979531628E-9),
 .UNSPECIFIED.);
#93=B_SPLINE_CURVE_WITH_KNOTS('',3,(#6553,#6554,#6555,#6556,#6557,#6558),
 .UNSPECIFIED.,.F.,.F.,(4,1,1,4),(0.,0.87018617609262,1.45031029653117,
2.03043439839283),.UNSPECIFIED.);
#94=B_SPLINE_CURVE_WITH_KNOTS('',3,(#6559,#6560,#6561,#6562,#6563,#6564,
#6565,#6566,#6567,#6568),.UNSPECIFIED.,.F.,.F.,(4,3,3,4),(0.,0.514713064489835,
1.02942616194424,1.80149578272656),.UNSPECIFIED.);
#95=B_SPLINE_CURVE_WITH_KNOTS('',3,(#6617,#6618,#6619,#6620),
 .UNSPECIFIED.,.F.,.F.,(4,4),(-0.260268374963597,-8.91493875249116E-11),
 .UNSPECIFIED.);
#96=B_SPLINE_CURVE_WITH_KNOTS('',3,(#6621,#6622,#6623,#6624),
 .UNSPECIFIED.,.F.,.F.,(4,4),(-8.91493875249116E-11,0.00869140545374589),
 .UNSPECIFIED.);
#97=B_SPLINE_CURVE_WITH_KNOTS('',3,(#6626,#6627,#6628,#6629),
 .UNSPECIFIED.,.F.,.F.,(4,4),(-0.00869140545374589,-3.46944695195361E-18),
 .UNSPECIFIED.);
#98=B_SPLINE_CURVE_WITH_KNOTS('',3,(#6630,#6631,#6632,#6633),
 .UNSPECIFIED.,.F.,.F.,(4,4),(-3.46944695195361E-18,0.260268372204826),
 .UNSPECIFIED.);
#99=B_SPLINE_CURVE_WITH_KNOTS('',3,(#6664,#6665,#6666,#6667,#6668,#6669,
#6670,#6671,#6672,#6673),.UNSPECIFIED.,.F.,.F.,(4,3,3,4),(0.,1.03120776737051,
1.28900971653245,1.80461360797675),.UNSPECIFIED.);
#100=B_SPLINE_CURVE_WITH_KNOTS('',3,(#6674,#6675,#6676,#6677,#6678,#6679),
 .UNSPECIFIED.,.F.,.F.,(4,1,1,4),(0.,0.580783024761029,0.871174544890781,
2.03274062157713),.UNSPECIFIED.);
#101=B_SPLINE_CURVE_WITH_KNOTS('',3,(#6719,#6720,#6721,#6722),
 .UNSPECIFIED.,.F.,.F.,(4,4),(-0.2680303688227,-0.0025875620425227),
 .UNSPECIFIED.);
#102=B_SPLINE_CURVE_WITH_KNOTS('',3,(#6723,#6724,#6725,#6726,#6727,#6728),
 .UNSPECIFIED.,.F.,.F.,(4,2,4),(-0.0025875620425227,-1.06618837023009E-12,
0.00083894367154781),.UNSPECIFIED.);
#103=B_SPLINE_CURVE_WITH_KNOTS('',3,(#6730,#6731,#6732,#6733,#6734,#6735),
 .UNSPECIFIED.,.F.,.F.,(4,2,4),(-0.00083894367154781,3.46944695195361E-18,
0.00261188524795415),.UNSPECIFIED.);
#104=B_SPLINE_CURVE_WITH_KNOTS('',3,(#6736,#6737,#6738,#6739),
 .UNSPECIFIED.,.F.,.F.,(4,4),(0.00261188524795415,0.268030369824504),
 .UNSPECIFIED.);
#105=B_SPLINE_CURVE_WITH_KNOTS('',3,(#6770,#6771,#6772,#6773,#6774,#6775),
 .UNSPECIFIED.,.F.,.F.,(4,1,1,4),(0.,0.772069916838863,1.28678320238169,
1.80149648243034),.UNSPECIFIED.);
#106=B_SPLINE_CURVE_WITH_KNOTS('',3,(#6776,#6777,#6778,#6779,#6780,#6781,
#6782,#6783,#6784,#6785),.UNSPECIFIED.,.F.,.F.,(4,3,3,4),(0.,0.580125005044345,
1.16025002247348,2.03043752154825),.UNSPECIFIED.);
#107=B_SPLINE_CURVE_WITH_KNOTS('',3,(#6825,#6826,#6827,#6828),
 .UNSPECIFIED.,.F.,.F.,(4,4),(-0.268033224849534,-0.00258680152351618),
 .UNSPECIFIED.);
#108=B_SPLINE_CURVE_WITH_KNOTS('',3,(#6829,#6830,#6831,#6832,#6833,#6834),
 .UNSPECIFIED.,.F.,.F.,(4,2,4),(-0.00258680152351618,2.34187669256869E-17,
0.000836057607921859),.UNSPECIFIED.);
#109=B_SPLINE_CURVE_WITH_KNOTS('',3,(#6836,#6837,#6838,#6839,#6840,#6841),
 .UNSPECIFIED.,.F.,.F.,(4,2,4),(-0.000836057607921859,7.58941520739853E-19,
0.00261273544323137),.UNSPECIFIED.);
#110=B_SPLINE_CURVE_WITH_KNOTS('',3,(#6842,#6843,#6844,#6845),
 .UNSPECIFIED.,.F.,.F.,(4,4),(0.00261273544323137,0.268033224849534),
 .UNSPECIFIED.);
#111=B_SPLINE_CURVE_WITH_KNOTS('',3,(#6876,#6877,#6878,#6879,#6880,#6881,
#6882,#6883,#6884,#6885,#6886,#6887,#6888,#6889,#6890,#6891,#6892,#6893,
#6894,#6895,#6896,#6897,#6898,#6899,#6900,#6901,#6902,#6903,#6904,#6905,
#6906,#6907,#6908,#6909,#6910,#6911,#6912),.UNSPECIFIED.,.F.,.F.,(4,3,3,
3,3,3,3,3,3,3,3,3,4),(0.,0.198687116124566,0.396696058815793,0.592941040649154,
0.789186022482515,0.795556898309147,0.929087140614567,1.06650395554009,
1.21136059881548,1.29337486123042,1.29407993894856,1.52629408727968,1.78837254666992),
 .UNSPECIFIED.);
#112=B_SPLINE_CURVE_WITH_KNOTS('',3,(#6913,#6914,#6915,#6916,#6917,#6918,
#6919,#6920,#6921,#6922),.UNSPECIFIED.,.F.,.F.,(4,3,3,4),(0.,0.580127632583273,
1.16025530232055,2.03044670344447),.UNSPECIFIED.);
#113=B_SPLINE_CURVE_WITH_KNOTS('',3,(#6962,#6963,#6964,#6965),
 .UNSPECIFIED.,.F.,.F.,(4,4),(-0.260706690713487,5.20417042793042E-18),
 .UNSPECIFIED.);
#114=B_SPLINE_CURVE_WITH_KNOTS('',3,(#6966,#6967,#6968,#6969),
 .UNSPECIFIED.,.F.,.F.,(4,4),(5.20417042793042E-18,0.00824983242487764),
 .UNSPECIFIED.);
#115=B_SPLINE_CURVE_WITH_KNOTS('',3,(#6971,#6972,#6973,#6974),
 .UNSPECIFIED.,.F.,.F.,(4,4),(-0.00824983242487764,3.98986399474666E-17),
 .UNSPECIFIED.);
#116=B_SPLINE_CURVE_WITH_KNOTS('',3,(#6975,#6976,#6977,#6978),
 .UNSPECIFIED.,.F.,.F.,(4,4),(3.98986399474666E-17,0.260706690713488),
 .UNSPECIFIED.);
#117=B_SPLINE_CURVE_WITH_KNOTS('',3,(#7009,#7010,#7011,#7012,#7013,#7014,
#7015,#7016,#7017,#7018,#7019,#7020,#7021,#7022,#7023,#7024,#7025,#7026,
#7027,#7028,#7029,#7030,#7031,#7032,#7033,#7034,#7035,#7036,#7037,#7038,
#7039,#7040,#7041,#7042,#7043,#7044,#7045),.UNSPECIFIED.,.F.,.F.,(4,3,3,
3,3,3,3,3,3,3,3,3,4),(0.,0.198677648544214,0.396676145911665,0.592931794243591,
0.789187442575517,0.795559686033475,0.929078440221332,1.06648256417223,
1.21132477300039,1.29337382324142,1.29407775088679,1.52638609330759,1.78837222869487),
 .UNSPECIFIED.);
#118=B_SPLINE_CURVE_WITH_KNOTS('',3,(#7046,#7047,#7048,#7049,#7050,#7051,
#7052,#7053,#7054,#7055),.UNSPECIFIED.,.F.,.F.,(4,3,3,4),(0.,0.580124869410651,
1.16024977991967,2.03043704220084),.UNSPECIFIED.);
#119=B_SPLINE_CURVE_WITH_KNOTS('',3,(#7062,#7063,#7064,#7065,#7066,#7067),
 .UNSPECIFIED.,.F.,.F.,(4,2,4),(-0.268956540290469,-0.260705869958995,-6.59859902370887E-9),
 .UNSPECIFIED.);
#120=B_SPLINE_CURVE_WITH_KNOTS('',3,(#7068,#7069,#7070,#7071,#7072,#7073),
 .UNSPECIFIED.,.F.,.F.,(4,1,1,4),(-1.80461562941432,-0.773406702304086,
-0.515604458713496,0.),.UNSPECIFIED.);
#121=B_SPLINE_CURVE_WITH_KNOTS('',3,(#7112,#7113,#7114,#7115,#7116,#7117),
 .UNSPECIFIED.,.F.,.F.,(4,2,4),(-0.268956540290469,-0.260705869554144,-6.59860056100016E-9),
 .UNSPECIFIED.);
#122=B_SPLINE_CURVE_WITH_KNOTS('',3,(#7148,#7149,#7150,#7151,#7152,#7153,
#7154,#7155,#7156,#7157),.UNSPECIFIED.,.F.,.F.,(4,3,3,4),(0.,1.16156787475917,
1.45195984922443,2.03274373402218),.UNSPECIFIED.);
#123=B_SPLINE_CURVE_WITH_KNOTS('',3,(#7211,#7212,#7213,#7214,#7215,#7216),
 .UNSPECIFIED.,.F.,.F.,(4,2,4),(-3.95516952522712E-16,0.261145222074484,
0.268954348849924),.UNSPECIFIED.);
#124=B_SPLINE_CURVE_WITH_KNOTS('',3,(#7217,#7218,#7219,#7220,#7221,#7222),
 .UNSPECIFIED.,.F.,.F.,(4,2,4),(-0.268954348849924,-0.261145222056647,-1.80050924415854E-9),
 .UNSPECIFIED.);
#125=B_SPLINE_CURVE_WITH_KNOTS('',3,(#7253,#7254,#7255,#7256,#7257,#7258,
#7259,#7260,#7261,#7262),.UNSPECIFIED.,.F.,.F.,(4,3,3,4),(0.,1.16156601409363,
1.4519575416174,2.03274048467069),.UNSPECIFIED.);
#126=B_SPLINE_CURVE_WITH_KNOTS('',3,(#7263,#7264,#7265,#7266,#7267,#7268),
 .UNSPECIFIED.,.F.,.F.,(4,1,1,4),(0.,0.515603718911236,0.773405677792422,
1.80461348661021),.UNSPECIFIED.);
#127=B_SPLINE_SURFACE_WITH_KNOTS('',3,3,((#5061,#5062,#5063,#5064,#5065,
#5066),(#5067,#5068,#5069,#5070,#5071,#5072),(#5073,#5074,#5075,#5076,#5077,
#5078),(#5079,#5080,#5081,#5082,#5083,#5084)),.UNSPECIFIED.,.F.,.F.,.F.,
(4,4),(4,2,4),(0.,1.),(-0.00869080946418011,0.,0.260268973414744),
 .UNSPECIFIED.);
#128=B_SPLINE_SURFACE_WITH_KNOTS('',3,3,((#5107,#5108,#5109,#5110,#5111,
#5112),(#5113,#5114,#5115,#5116,#5117,#5118),(#5119,#5120,#5121,#5122,#5123,
#5124),(#5125,#5126,#5127,#5128,#5129,#5130),(#5131,#5132,#5133,#5134,#5135,
#5136)),.UNSPECIFIED.,.F.,.F.,.F.,(4,1,4),(4,1,1,4),(-2.0335265377841E-8,
0.571428571428571,1.00000010647637),(-0.258824741632147,-0.110924887983102,
-0.0739499245708417,9.46465128492946E-15),.UNSPECIFIED.);
#129=B_SPLINE_SURFACE_WITH_KNOTS('',3,3,((#5185,#5186,#5187,#5188,#5189,
#5190),(#5191,#5192,#5193,#5194,#5195,#5196),(#5197,#5198,#5199,#5200,#5201,
#5202),(#5203,#5204,#5205,#5206,#5207,#5208),(#5209,#5210,#5211,#5212,#5213,
#5214)),.UNSPECIFIED.,.F.,.F.,.F.,(4,1,4),(4,2,4),(0.,0.5,1.),(-4.46375715904002E-9,
0.260268367571534,0.268959773218768),.UNSPECIFIED.);
#130=B_SPLINE_SURFACE_WITH_KNOTS('',3,3,((#5223,#5224,#5225,#5226,#5227,
#5228),(#5229,#5230,#5231,#5232,#5233,#5234),(#5235,#5236,#5237,#5238,#5239,
#5240),(#5241,#5242,#5243,#5244,#5245,#5246),(#5247,#5248,#5249,#5250,#5251,
#5252)),.UNSPECIFIED.,.F.,.F.,.F.,(4,1,4),(4,1,1,4),(-4.54347001271893E-8,
0.571428571428571,1.00000001871763),(-0.258825295794065,-0.110925123837002,
-0.073950080847733,2.56539988904847E-9),.UNSPECIFIED.);
#131=B_SPLINE_SURFACE_WITH_KNOTS('',3,3,((#5287,#5288,#5289,#5290,#5291,
#5292),(#5293,#5294,#5295,#5296,#5297,#5298),(#5299,#5300,#5301,#5302,#5303,
#5304),(#5305,#5306,#5307,#5308,#5309,#5310)),.UNSPECIFIED.,.F.,.F.,.F.,
(4,4),(4,2,4),(0.,1.),(-0.000838901469947175,0.,0.268030409077019),
 .UNSPECIFIED.);
#132=B_SPLINE_SURFACE_WITH_KNOTS('',3,3,((#5337,#5338,#5339,#5340,#5341,
#5342),(#5343,#5344,#5345,#5346,#5347,#5348),(#5349,#5350,#5351,#5352,#5353,
#5354),(#5355,#5356,#5357,#5358,#5359,#5360),(#5361,#5362,#5363,#5364,#5365,
#5366)),.UNSPECIFIED.,.F.,.F.,.F.,(4,1,4),(4,1,1,4),(-4.54348526753023E-8,
0.571428571428571,1.00000001428518),(3.1190328098063E-15,0.0739499263291659,
0.110924889888423,0.25882474412545),.UNSPECIFIED.);
#133=B_SPLINE_SURFACE_WITH_KNOTS('',3,3,((#5411,#5412,#5413,#5414,#5415,
#5416),(#5417,#5418,#5419,#5420,#5421,#5422),(#5423,#5424,#5425,#5426,#5427,
#5428),(#5429,#5430,#5431,#5432,#5433,#5434),(#5435,#5436,#5437,#5438,#5439,
#5440)),.UNSPECIFIED.,.F.,.F.,.F.,(4,1,4),(4,2,4),(0.,0.5,1.),(0.,0.268030371817292,
0.2688693155009),.UNSPECIFIED.);
#134=B_SPLINE_SURFACE_WITH_KNOTS('',3,3,((#5449,#5450,#5451,#5452,#5453,
#5454),(#5455,#5456,#5457,#5458,#5459,#5460),(#5461,#5462,#5463,#5464,#5465,
#5466),(#5467,#5468,#5469,#5470,#5471,#5472),(#5473,#5474,#5475,#5476,#5477,
#5478)),.UNSPECIFIED.,.F.,.F.,.F.,(4,1,4),(4,1,1,4),(6.27067842096096E-14,
0.571428571428571,1.00000000000013),(-0.258825281026279,-0.147900160471787,
-0.0739500778678294,2.36806220466068E-9),.UNSPECIFIED.);
#135=B_SPLINE_SURFACE_WITH_KNOTS('',3,3,((#5517,#5518,#5519,#5520,#5521,
#5522),(#5523,#5524,#5525,#5526,#5527,#5528),(#5529,#5530,#5531,#5532,#5533,
#5534),(#5535,#5536,#5537,#5538,#5539,#5540)),.UNSPECIFIED.,.F.,.F.,.F.,
(4,4),(4,2,4),(0.,1.),(-0.000836074910268082,0.,0.268033209038017),
 .UNSPECIFIED.);
#136=B_SPLINE_SURFACE_WITH_KNOTS('',3,3,((#5567,#5568,#5569,#5570,#5571,
#5572),(#5573,#5574,#5575,#5576,#5577,#5578),(#5579,#5580,#5581,#5582,#5583,
#5584),(#5585,#5586,#5587,#5588,#5589,#5590),(#5591,#5592,#5593,#5594,#5595,
#5596)),.UNSPECIFIED.,.F.,.F.,.F.,(4,1,4),(4,1,1,4),(9.46534517431985E-14,
0.571428571428571,1.00000000000007),(2.10595429983584E-15,0.073949924309521,
0.110924886858956,0.258824735763804),.UNSPECIFIED.);
#137=B_SPLINE_SURFACE_WITH_KNOTS('',3,3,((#5641,#5642,#5643,#5644,#5645,
#5646),(#5647,#5648,#5649,#5650,#5651,#5652),(#5653,#5654,#5655,#5656,#5657,
#5658),(#5659,#5660,#5661,#5662,#5663,#5664),(#5665,#5666,#5667,#5668,#5669,
#5670)),.UNSPECIFIED.,.F.,.F.,.F.,(4,1,4),(4,2,4),(0.,0.5,1.),(0.,0.268033147434662,
0.268869287119573),.UNSPECIFIED.);
#138=B_SPLINE_SURFACE_WITH_KNOTS('',3,3,((#5679,#5680,#5681,#5682,#5683,
#5684),(#5685,#5686,#5687,#5688,#5689,#5690),(#5691,#5692,#5693,#5694,#5695,
#5696),(#5697,#5698,#5699,#5700,#5701,#5702),(#5703,#5704,#5705,#5706,#5707,
#5708)),.UNSPECIFIED.,.F.,.F.,.F.,(4,1,4),(4,1,1,4),(-2.24820162486594E-15,
0.571428571428571,0.999999999999834),(-7.89349197116707E-10,0.0739500805741842,
0.110925121650623,0.258825283014878),.UNSPECIFIED.);
#139=B_SPLINE_SURFACE_WITH_KNOTS('',3,3,((#5747,#5748,#5749,#5750,#5751,
#5752),(#5753,#5754,#5755,#5756,#5757,#5758),(#5759,#5760,#5761,#5762,#5763,
#5764),(#5765,#5766,#5767,#5768,#5769,#5770)),.UNSPECIFIED.,.F.,.F.,.F.,
(4,4),(4,2,4),(0.,1.),(-0.00824902583016305,0.,0.260707493296308),
 .UNSPECIFIED.);
#140=B_SPLINE_SURFACE_WITH_KNOTS('',3,3,((#5793,#5794,#5795,#5796,#5797,
#5798),(#5799,#5800,#5801,#5802,#5803,#5804),(#5805,#5806,#5807,#5808,#5809,
#5810),(#5811,#5812,#5813,#5814,#5815,#5816),(#5817,#5818,#5819,#5820,#5821,
#5822)),.UNSPECIFIED.,.F.,.F.,.F.,(4,1,4),(4,1,1,4),(3.22401827457242E-13,
0.571428571428571,0.999999999999937),(-0.258824758503509,-0.147899861232907,
-0.0739499281121137,2.5043386878143E-9),.UNSPECIFIED.);
#141=B_SPLINE_SURFACE_WITH_KNOTS('',3,3,((#5898,#5899,#5900,#5901,#5902,
#5903),(#5904,#5905,#5906,#5907,#5908,#5909),(#5910,#5911,#5912,#5913,#5914,
#5915),(#5916,#5917,#5918,#5919,#5920,#5921),(#5922,#5923,#5924,#5925,#5926,
#5927)),.UNSPECIFIED.,.F.,.F.,.F.,(4,1,4),(4,2,4),(0.,0.5,1.),(0.,0.260705870598017,
0.268956540280404),.UNSPECIFIED.);
#142=B_SPLINE_SURFACE_WITH_KNOTS('',3,3,((#5936,#5937,#5938,#5939,#5940,
#5941),(#5942,#5943,#5944,#5945,#5946,#5947),(#5948,#5949,#5950,#5951,#5952,
#5953),(#5954,#5955,#5956,#5957,#5958,#5959),(#5960,#5961,#5962,#5963,#5964,
#5965)),.UNSPECIFIED.,.F.,.F.,.F.,(4,1,4),(4,1,1,4),(2.57537047243517E-13,
0.571428571428571,0.999999999999875),(-4.41487124636097E-15,0.0739499252395353,
0.147899857296606,0.258824752458754),.UNSPECIFIED.);
#143=B_SPLINE_SURFACE_WITH_KNOTS('',3,3,((#5998,#5999,#6000,#6001,#6002,
#6003),(#6004,#6005,#6006,#6007,#6008,#6009),(#6010,#6011,#6012,#6013,#6014,
#6015),(#6016,#6017,#6018,#6019,#6020,#6021)),.UNSPECIFIED.,.F.,.F.,.F.,
(4,4),(4,2,4),(0.,1.),(-0.00780912681410909,0.,0.26114521618709),
 .UNSPECIFIED.);
#144=B_SPLINE_SURFACE_WITH_KNOTS('',3,3,((#6044,#6045,#6046,#6047,#6048,
#6049),(#6050,#6051,#6052,#6053,#6054,#6055),(#6056,#6057,#6058,#6059,#6060,
#6061),(#6062,#6063,#6064,#6065,#6066,#6067),(#6068,#6069,#6070,#6071,#6072,
#6073)),.UNSPECIFIED.,.F.,.F.,.F.,(4,1,4),(4,1,1,4),(-5.68364799669041E-14,
0.571428571428571,0.999999999999936),(-0.25882531520103,-0.110925127068559,
-0.0739500794327881,3.98986399474666E-15),.UNSPECIFIED.);
#145=B_SPLINE_SURFACE_WITH_KNOTS('',3,3,((#6256,#6257,#6258,#6259,#6260,
#6261),(#6262,#6263,#6264,#6265,#6266,#6267),(#6268,#6269,#6270,#6271,#6272,
#6273),(#6274,#6275,#6276,#6277,#6278,#6279),(#6280,#6281,#6282,#6283,#6284,
#6285)),.UNSPECIFIED.,.F.,.F.,.F.,(4,1,4),(4,2,4),(0.,0.5,1.),(0.,0.268033344639414,
0.268869298227613),.UNSPECIFIED.);
#146=B_SPLINE_SURFACE_WITH_KNOTS('',3,3,((#6301,#6302,#6303,#6304,#6305,
#6306),(#6307,#6308,#6309,#6310,#6311,#6312),(#6313,#6314,#6315,#6316,#6317,
#6318),(#6319,#6320,#6321,#6322,#6323,#6324),(#6325,#6326,#6327,#6328,#6329,
#6330)),.UNSPECIFIED.,.F.,.F.,.F.,(4,1,4),(4,1,1,4),(7.52245488122583E-14,
0.571428571428571,1.00000000000013),(1.59962462860007,1.71054975284653,
1.7844998379091,1.85844992060361),.UNSPECIFIED.);
#147=B_SPLINE_SURFACE_WITH_KNOTS('',3,3,((#6367,#6368,#6369,#6370,#6371,
#6372),(#6373,#6374,#6375,#6376,#6377,#6378),(#6379,#6380,#6381,#6382,#6383,
#6384),(#6385,#6386,#6387,#6388,#6389,#6390),(#6391,#6392,#6393,#6394,#6395,
#6396)),.UNSPECIFIED.,.F.,.F.,.F.,(4,1,4),(4,2,4),(0.,0.5,1.),(-6.46179047422701E-9,
0.260269624040732,0.268959763831172),.UNSPECIFIED.);
#148=B_SPLINE_SURFACE_WITH_KNOTS('',3,3,((#6412,#6413,#6414,#6415,#6416,
#6417),(#6418,#6419,#6420,#6421,#6422,#6423),(#6424,#6425,#6426,#6427,#6428,
#6429),(#6430,#6431,#6432,#6433,#6434,#6435),(#6436,#6437,#6438,#6439,#6440,
#6441)),.UNSPECIFIED.,.F.,.F.,.F.,(4,1,4),(4,1,1,4),(-3.48700024063731E-8,
0.571428571428571,1.00000010647646),(4.32813507256213E-15,0.0739500879979681,
0.11092513279625,0.258825311989381),.UNSPECIFIED.);
#149=B_SPLINE_SURFACE_WITH_KNOTS('',3,3,((#6478,#6479,#6480,#6481,#6482,
#6483),(#6484,#6485,#6486,#6487,#6488,#6489),(#6490,#6491,#6492,#6493,#6494,
#6495),(#6496,#6497,#6498,#6499,#6500,#6501),(#6502,#6503,#6504,#6505,#6506,
#6507)),.UNSPECIFIED.,.F.,.F.,.F.,(4,1,4),(4,2,4),(0.,0.5,1.),(-4.03234101317705E-9,
0.268030503355221,0.268869313337549),.UNSPECIFIED.);
#150=B_SPLINE_SURFACE_WITH_KNOTS('',3,3,((#6523,#6524,#6525,#6526,#6527,
#6528),(#6529,#6530,#6531,#6532,#6533,#6534),(#6535,#6536,#6537,#6538,#6539,
#6540),(#6541,#6542,#6543,#6544,#6545,#6546),(#6547,#6548,#6549,#6550,#6551,
#6552)),.UNSPECIFIED.,.F.,.F.,.F.,(4,1,4),(4,1,1,4),(-4.54346974626541E-8,
0.571428571428571,1.00000001774727),(1.59962461479195,1.71054974686897,
1.78449983492031,1.8584499206036),.UNSPECIFIED.);
#151=B_SPLINE_SURFACE_WITH_KNOTS('',3,3,((#6589,#6590,#6591,#6592,#6593,
#6594),(#6595,#6596,#6597,#6598,#6599,#6600),(#6601,#6602,#6603,#6604,#6605,
#6606),(#6607,#6608,#6609,#6610,#6611,#6612)),.UNSPECIFIED.,.F.,.F.,.F.,
(4,4),(4,2,4),(0.,1.),(-0.00869140545374589,0.,0.260268374963597),
 .UNSPECIFIED.);
#152=B_SPLINE_SURFACE_WITH_KNOTS('',3,3,((#6634,#6635,#6636,#6637,#6638,
#6639),(#6640,#6641,#6642,#6643,#6644,#6645),(#6646,#6647,#6648,#6649,#6650,
#6651),(#6652,#6653,#6654,#6655,#6656,#6657),(#6658,#6659,#6660,#6661,#6662,
#6663)),.UNSPECIFIED.,.F.,.F.,.F.,(4,1,4),(4,1,1,4),(-4.54350296309747E-8,
0.571428571428571,1.00000001488261),(-9.8669116106731E-10,0.073949923418378,
0.110924886114262,0.25882473689781),.UNSPECIFIED.);
#153=B_SPLINE_SURFACE_WITH_KNOTS('',3,3,((#6691,#6692,#6693,#6694,#6695,
#6696),(#6697,#6698,#6699,#6700,#6701,#6702),(#6703,#6704,#6705,#6706,#6707,
#6708),(#6709,#6710,#6711,#6712,#6713,#6714)),.UNSPECIFIED.,.F.,.F.,.F.,
(4,4),(4,2,4),(0.,1.),(-0.00083894367154781,0.,0.268030369824504),
 .UNSPECIFIED.);
#154=B_SPLINE_SURFACE_WITH_KNOTS('',3,3,((#6740,#6741,#6742,#6743,#6744,
#6745),(#6746,#6747,#6748,#6749,#6750,#6751),(#6752,#6753,#6754,#6755,#6756,
#6757),(#6758,#6759,#6760,#6761,#6762,#6763),(#6764,#6765,#6766,#6767,#6768,
#6769)),.UNSPECIFIED.,.F.,.F.,.F.,(4,1,4),(4,1,1,4),(-1.27672178384941E-13,
0.571428571428571,0.999999999999997),(1.85844983836214,1.93239976066397,
2.00634968375517,2.11727456709822),.UNSPECIFIED.);
#155=B_SPLINE_SURFACE_WITH_KNOTS('',3,3,((#6797,#6798,#6799,#6800,#6801,
#6802),(#6803,#6804,#6805,#6806,#6807,#6808),(#6809,#6810,#6811,#6812,#6813,
#6814),(#6815,#6816,#6817,#6818,#6819,#6820)),.UNSPECIFIED.,.F.,.F.,.F.,
(4,4),(4,2,4),(0.,1.),(-0.000836057607921859,0.,0.268033224849534),
 .UNSPECIFIED.);
#156=B_SPLINE_SURFACE_WITH_KNOTS('',3,3,((#6846,#6847,#6848,#6849,#6850,
#6851),(#6852,#6853,#6854,#6855,#6856,#6857),(#6858,#6859,#6860,#6861,#6862,
#6863),(#6864,#6865,#6866,#6867,#6868,#6869),(#6870,#6871,#6872,#6873,#6874,
#6875)),.UNSPECIFIED.,.F.,.F.,.F.,(4,1,4),(4,1,1,4),(1.27321764242794E-13,
0.571428571428571,1.00000000000006),(-0.258824735518889,-0.147899848215657,
-0.0739499217397818,2.36804477762864E-9),.UNSPECIFIED.);
#157=B_SPLINE_SURFACE_WITH_KNOTS('',3,3,((#6934,#6935,#6936,#6937,#6938,
#6939),(#6940,#6941,#6942,#6943,#6944,#6945),(#6946,#6947,#6948,#6949,#6950,
#6951),(#6952,#6953,#6954,#6955,#6956,#6957)),.UNSPECIFIED.,.F.,.F.,.F.,
(4,4),(4,2,4),(0.,1.),(-0.00824983242487764,0.,0.260706690713488),
 .UNSPECIFIED.);
#158=B_SPLINE_SURFACE_WITH_KNOTS('',3,3,((#6979,#6980,#6981,#6982,#6983,
#6984),(#6985,#6986,#6987,#6988,#6989,#6990),(#6991,#6992,#6993,#6994,#6995,
#6996),(#6997,#6998,#6999,#7000,#7001,#7002),(#7003,#7004,#7005,#7006,#7007,
#7008)),.UNSPECIFIED.,.F.,.F.,.F.,(4,1,4),(4,1,1,4),(-2.54116172548891E-13,
0.571428571428571,1.00000000000006),(-0.258825318358109,-0.147900181051162,
-0.0739500879061189,3.8372083288607E-15),.UNSPECIFIED.);
#159=B_SPLINE_SURFACE_WITH_KNOTS('',3,3,((#7080,#7081,#7082,#7083,#7084,
#7085),(#7086,#7087,#7088,#7089,#7090,#7091),(#7092,#7093,#7094,#7095,#7096,
#7097),(#7098,#7099,#7100,#7101,#7102,#7103),(#7104,#7105,#7106,#7107,#7108,
#7109)),.UNSPECIFIED.,.F.,.F.,.F.,(4,1,4),(4,2,4),(0.,0.5,1.),(-6.83481049534862E-16,
0.260705869756562,0.268956540290469),.UNSPECIFIED.);
#160=B_SPLINE_SURFACE_WITH_KNOTS('',3,3,((#7118,#7119,#7120,#7121,#7122,
#7123),(#7124,#7125,#7126,#7127,#7128,#7129),(#7130,#7131,#7132,#7133,#7134,
#7135),(#7136,#7137,#7138,#7139,#7140,#7141),(#7142,#7143,#7144,#7145,#7146,
#7147)),.UNSPECIFIED.,.F.,.F.,.F.,(4,1,4),(4,1,1,4),(-3.72028796657986E-13,
0.571428571428571,0.999999999999873),(-4.08296061543689E-9,0.0739500815337698,
0.110925126383605,0.25882530284143),.UNSPECIFIED.);
#161=B_SPLINE_SURFACE_WITH_KNOTS('',3,3,((#7178,#7179,#7180,#7181,#7182,
#7183),(#7184,#7185,#7186,#7187,#7188,#7189),(#7190,#7191,#7192,#7193,#7194,
#7195),(#7196,#7197,#7198,#7199,#7200,#7201),(#7202,#7203,#7204,#7205,#7206,
#7207)),.UNSPECIFIED.,.F.,.F.,.F.,(4,1,4),(4,2,4),(0.,0.5,1.),(-3.95516952522712E-16,
0.261145222074474,0.268954348849924),.UNSPECIFIED.);
#162=B_SPLINE_SURFACE_WITH_KNOTS('',3,3,((#7223,#7224,#7225,#7226,#7227,
#7228),(#7229,#7230,#7231,#7232,#7233,#7234),(#7235,#7236,#7237,#7238,#7239,
#7240),(#7241,#7242,#7243,#7244,#7245,#7246),(#7247,#7248,#7249,#7250,#7251,
#7252)),.UNSPECIFIED.,.F.,.F.,.F.,(4,1,4),(4,1,1,4),(1.34860872469389E-13,
0.571428571428571,0.999999999999877),(2.33493779866478E-15,0.0739500784147717,
0.110925124752172,0.258825307691149),.UNSPECIFIED.);
#163=CYLINDRICAL_SURFACE('',#3564,0.874999999999999);
#164=CYLINDRICAL_SURFACE('',#3568,0.874999999999999);
#165=CYLINDRICAL_SURFACE('',#3581,0.499999999999986);
#166=CYLINDRICAL_SURFACE('',#3582,0.499999999999996);
#167=CYLINDRICAL_SURFACE('',#3592,0.500000000000012);
#168=CYLINDRICAL_SURFACE('',#3593,0.499999999999991);
#169=CYLINDRICAL_SURFACE('',#3594,0.999999999999993);
#170=CYLINDRICAL_SURFACE('',#3598,2.00000000000004);
#171=CYLINDRICAL_SURFACE('',#3599,0.999999999999996);
#172=CYLINDRICAL_SURFACE('',#3601,0.999999999999979);
#173=CYLINDRICAL_SURFACE('',#3607,1.);
#174=CYLINDRICAL_SURFACE('',#3608,0.999999999999996);
#175=CYLINDRICAL_SURFACE('',#3612,2.);
#176=CYLINDRICAL_SURFACE('',#3613,1.00000000000002);
#177=CYLINDRICAL_SURFACE('',#3615,0.999999999999989);
#178=CYLINDRICAL_SURFACE('',#3621,1.00000000000005);
#179=CYLINDRICAL_SURFACE('',#3622,0.999999999999999);
#180=CYLINDRICAL_SURFACE('',#3626,2.00000000000002);
#181=CYLINDRICAL_SURFACE('',#3627,0.999999999999989);
#182=CYLINDRICAL_SURFACE('',#3629,1.);
#183=CYLINDRICAL_SURFACE('',#3635,1.);
#184=CYLINDRICAL_SURFACE('',#3636,1.);
#185=CYLINDRICAL_SURFACE('',#3640,2.00000000000003);
#186=CYLINDRICAL_SURFACE('',#3641,0.999999999999957);
#187=CYLINDRICAL_SURFACE('',#3643,0.999999999999993);
#188=CYLINDRICAL_SURFACE('',#3649,0.999999999999957);
#189=CYLINDRICAL_SURFACE('',#3650,1.00000000000001);
#190=CYLINDRICAL_SURFACE('',#3654,1.99999999999998);
#191=CYLINDRICAL_SURFACE('',#3656,0.999999999999989);
#192=CYLINDRICAL_SURFACE('',#3660,1.);
#193=CYLINDRICAL_SURFACE('',#3662,2.);
#194=CYLINDRICAL_SURFACE('',#3665,1.00000000000002);
#195=CYLINDRICAL_SURFACE('',#3667,2.00000000000003);
#196=CYLINDRICAL_SURFACE('',#3669,1.00000000000001);
#197=CYLINDRICAL_SURFACE('',#3671,1.00000000000001);
#198=CYLINDRICAL_SURFACE('',#3673,2.00000000000002);
#199=CYLINDRICAL_SURFACE('',#3675,0.999999999999999);
#200=CYLINDRICAL_SURFACE('',#3677,1.00000000000001);
#201=CYLINDRICAL_SURFACE('',#3681,0.999999999999986);
#202=CYLINDRICAL_SURFACE('',#3682,2.00000000000004);
#203=CYLINDRICAL_SURFACE('',#3683,0.999999999999996);
#204=CYLINDRICAL_SURFACE('',#3687,0.999999999999996);
#205=CYLINDRICAL_SURFACE('',#3688,2.00000000000002);
#206=CYLINDRICAL_SURFACE('',#3689,1.);
#207=CYLINDRICAL_SURFACE('',#3695,1.00000000000003);
#208=CYLINDRICAL_SURFACE('',#3696,0.999999999999993);
#209=CYLINDRICAL_SURFACE('',#3702,0.99999999999994);
#210=CYLINDRICAL_SURFACE('',#3703,1.);
#211=CYLINDRICAL_SURFACE('',#3709,0.99999999999998);
#212=CYLINDRICAL_SURFACE('',#3710,0.999999999999993);
#213=CYLINDRICAL_SURFACE('',#3714,2.00000000000002);
#214=CYLINDRICAL_SURFACE('',#3715,1.);
#215=CYLINDRICAL_SURFACE('',#3717,1.);
#216=CYLINDRICAL_SURFACE('',#3721,2.00000000000001);
#217=CYLINDRICAL_SURFACE('',#3722,1.00000000000002);
#218=CYLINDRICAL_SURFACE('',#3724,0.999999999999996);
#219=CYLINDRICAL_SURFACE('',#3728,2.00000000000004);
#220=CYLINDRICAL_SURFACE('',#3729,0.999999999999986);
#221=CYLINDRICAL_SURFACE('',#3731,0.999999999999993);
#222=CYLINDRICAL_SURFACE('',#3735,2.00000000000004);
#223=CYLINDRICAL_SURFACE('',#3736,1.00000000000003);
#224=CYLINDRICAL_SURFACE('',#3738,0.999999999999996);
#225=CYLINDRICAL_SURFACE('',#3744,0.999999999999989);
#226=CYLINDRICAL_SURFACE('',#3745,1.00000000000001);
#227=CYLINDRICAL_SURFACE('',#3751,0.99999999999994);
#228=CYLINDRICAL_SURFACE('',#3752,0.999999999999999);
#229=CYLINDRICAL_SURFACE('',#3753,0.999999999999979);
#230=CYLINDRICAL_SURFACE('',#3754,1.00000000000001);
#231=CYLINDRICAL_SURFACE('',#3756,2.);
#232=CYLINDRICAL_SURFACE('',#3758,1.00000000000001);
#233=CYLINDRICAL_SURFACE('',#3760,0.999999999999984);
#234=CYLINDRICAL_SURFACE('',#3763,2.00000000000005);
#235=CYLINDRICAL_SURFACE('',#3767,1.00000000000001);
#236=CYLINDRICAL_SURFACE('',#3768,2.00000000000001);
#237=CYLINDRICAL_SURFACE('',#3772,0.999999999999996);
#238=CYLINDRICAL_SURFACE('',#3773,0.999999999999996);
#239=CYLINDRICAL_SURFACE('',#3774,0.999999999999996);
#240=CYLINDRICAL_SURFACE('',#3788,1.99999999999979);
#241=CYLINDRICAL_SURFACE('',#3789,2.00000000000006);
#242=CYLINDRICAL_SURFACE('',#3790,1.99999999999991);
#243=CYLINDRICAL_SURFACE('',#3791,2.00000000000009);
#244=CYLINDRICAL_SURFACE('',#3792,0.999999999999969);
#245=CYLINDRICAL_SURFACE('',#3795,0.999999999999954);
#246=CYLINDRICAL_SURFACE('',#3798,0.999999999999978);
#247=CYLINDRICAL_SURFACE('',#3801,0.999999999999956);
#248=CYLINDRICAL_SURFACE('',#3807,1.00000000000001);
#249=CYLINDRICAL_SURFACE('',#3810,1.00000000000002);
#250=CYLINDRICAL_SURFACE('',#3812,1.00000000000002);
#251=CYLINDRICAL_SURFACE('',#3819,0.999999999996461);
#252=CYLINDRICAL_SURFACE('',#3822,1.);
#253=CYLINDRICAL_SURFACE('',#3824,0.999999999999954);
#254=CYLINDRICAL_SURFACE('',#3827,2.);
#255=CYLINDRICAL_SURFACE('',#3828,2.00000000000002);
#256=CYLINDRICAL_SURFACE('',#3830,2.);
#257=FACE_BOUND('',#658,.T.);
#258=FACE_BOUND('',#659,.T.);
#259=FACE_BOUND('',#660,.T.);
#260=FACE_BOUND('',#661,.T.);
#261=FACE_BOUND('',#662,.T.);
#262=FACE_BOUND('',#835,.T.);
#263=CIRCLE('',#3507,0.874999999999999);
#264=CIRCLE('',#3511,0.874999999999999);
#265=CIRCLE('',#3516,0.999999999999865);
#266=CIRCLE('',#3517,0.999999999999918);
#267=CIRCLE('',#3518,0.999999999999986);
#268=CIRCLE('',#3519,1.);
#269=CIRCLE('',#3520,1.00000000000001);
#270=CIRCLE('',#3521,0.999999999999986);
#271=CIRCLE('',#3522,0.999999999999993);
#272=CIRCLE('',#3523,1.0000000000001);
#273=CIRCLE('',#3524,1.00000000000001);
#274=CIRCLE('',#3525,0.999999999999996);
#275=CIRCLE('',#3526,1.00000000000001);
#276=CIRCLE('',#3527,1.00000000000008);
#277=CIRCLE('',#3528,1.00000000000001);
#278=CIRCLE('',#3529,0.999999999999997);
#279=CIRCLE('',#3530,1.00000000000001);
#280=CIRCLE('',#3531,0.999999999999995);
#281=CIRCLE('',#3532,1.);
#282=CIRCLE('',#3533,0.999999999999996);
#283=CIRCLE('',#3534,0.999999999999989);
#284=CIRCLE('',#3535,0.999999999999989);
#285=CIRCLE('',#3536,1.00000000000004);
#286=CIRCLE('',#3537,0.999999999999929);
#287=CIRCLE('',#3538,1.00000000000009);
#288=CIRCLE('',#3539,0.999999999999908);
#289=CIRCLE('',#3540,0.999999999999908);
#290=CIRCLE('',#3541,1.0000000000001);
#291=CIRCLE('',#3542,1.);
#292=CIRCLE('',#3543,1.00000000000001);
#293=CIRCLE('',#3544,1.);
#294=CIRCLE('',#3545,1.00000000000001);
#295=CIRCLE('',#3546,0.999999999999993);
#296=CIRCLE('',#3547,1.00000000000001);
#297=CIRCLE('',#3548,0.999999999999996);
#298=CIRCLE('',#3549,1.00000000000001);
#299=CIRCLE('',#3550,0.999999999999996);
#300=CIRCLE('',#3551,1.);
#301=CIRCLE('',#3552,1.00000000000012);
#302=CIRCLE('',#3553,1.);
#303=CIRCLE('',#3554,1.);
#304=CIRCLE('',#3555,0.999999999999986);
#305=CIRCLE('',#3556,1.99999999999994);
#306=CIRCLE('',#3557,1.99999999999993);
#307=CIRCLE('',#3558,1.99999999999995);
#308=CIRCLE('',#3559,1.99999999999994);
#309=CIRCLE('',#3561,0.874999999999999);
#310=CIRCLE('',#3565,0.874999999999999);
#311=CIRCLE('',#3574,0.5);
#312=CIRCLE('',#3575,0.499999999999999);
#313=CIRCLE('',#3578,0.499999999999993);
#314=CIRCLE('',#3579,0.499999999999989);
#315=CIRCLE('',#3585,0.500000000000005);
#316=CIRCLE('',#3586,0.5);
#317=CIRCLE('',#3589,0.5);
#318=CIRCLE('',#3590,0.500000000000012);
#319=CIRCLE('',#3595,1.00000000000002);
#320=CIRCLE('',#3596,1.00000000000009);
#321=CIRCLE('',#3600,0.999999515703667);
#322=CIRCLE('',#3602,0.999999999999979);
#323=CIRCLE('',#3603,0.999999999999881);
#324=CIRCLE('',#3604,1.00000012771963);
#325=CIRCLE('',#3605,1.99999999999969);
#326=CIRCLE('',#3606,0.999999999999986);
#327=CIRCLE('',#3609,1.);
#328=CIRCLE('',#3610,1.00000000000002);
#329=CIRCLE('',#3614,1.00000012771985);
#330=CIRCLE('',#3616,0.99999999999999);
#331=CIRCLE('',#3617,1.00000000000017);
#332=CIRCLE('',#3618,0.999999936139479);
#333=CIRCLE('',#3619,1.99999999999968);
#334=CIRCLE('',#3620,0.999999999999998);
#335=CIRCLE('',#3623,1.0000000000001);
#336=CIRCLE('',#3624,1.00000000000007);
#337=CIRCLE('',#3628,0.99999993614018);
#338=CIRCLE('',#3630,0.999999999999998);
#339=CIRCLE('',#3631,0.999999999999854);
#340=CIRCLE('',#3632,0.999999744560402);
#341=CIRCLE('',#3633,1.99999999999978);
#342=CIRCLE('',#3634,0.999999999999994);
#343=CIRCLE('',#3637,1.00000000000011);
#344=CIRCLE('',#3638,1.00000000000003);
#345=CIRCLE('',#3642,1.00000041331013);
#346=CIRCLE('',#3644,0.999999999999995);
#347=CIRCLE('',#3645,0.99999999999989);
#348=CIRCLE('',#3646,0.999999744560153);
#349=CIRCLE('',#3647,1.99999999999978);
#350=CIRCLE('',#3648,1.);
#351=CIRCLE('',#3651,1.00000000000012);
#352=CIRCLE('',#3652,0.999999999999913);
#353=CIRCLE('',#3655,1.99999996990579);
#354=CIRCLE('',#3657,1.00000041331046);
#355=CIRCLE('',#3658,0.999999999999957);
#356=CIRCLE('',#3659,1.99999999999998);
#357=CIRCLE('',#3663,2.0000000067786);
#358=CIRCLE('',#3668,2.0000000000003);
#359=CIRCLE('',#3670,1.);
#360=CIRCLE('',#3674,2.00000000000029);
#361=CIRCLE('',#3676,1.);
#362=CIRCLE('',#3679,1.0000000000002);
#363=CIRCLE('',#3680,2.0000000000002);
#364=CIRCLE('',#3685,1.00000000000014);
#365=CIRCLE('',#3686,2.00000000000028);
#366=CIRCLE('',#3690,0.999999999999999);
#367=CIRCLE('',#3691,1.00000000000013);
#368=CIRCLE('',#3692,0.999999936139752);
#369=CIRCLE('',#3693,1.99999999999995);
#370=CIRCLE('',#3694,0.999999999999949);
#371=CIRCLE('',#3697,1.);
#372=CIRCLE('',#3698,1.00000000000013);
#373=CIRCLE('',#3699,1.00000029931193);
#374=CIRCLE('',#3700,2.00000000000009);
#375=CIRCLE('',#3701,0.999999999999986);
#376=CIRCLE('',#3704,1.00000000000001);
#377=CIRCLE('',#3705,0.999999999999765);
#378=CIRCLE('',#3706,1.00000012771978);
#379=CIRCLE('',#3707,1.99999999999977);
#380=CIRCLE('',#3708,1.00000000000002);
#381=CIRCLE('',#3711,1.00000000000001);
#382=CIRCLE('',#3712,1.00000000000001);
#383=CIRCLE('',#3716,1.00000012772071);
#384=CIRCLE('',#3718,1.);
#385=CIRCLE('',#3719,1.00000000000011);
#386=CIRCLE('',#3723,0.999999936140565);
#387=CIRCLE('',#3725,0.999999999999997);
#388=CIRCLE('',#3726,0.999999999999855);
#389=CIRCLE('',#3730,1.00000041330997);
#390=CIRCLE('',#3732,1.00000000000001);
#391=CIRCLE('',#3733,1.00000000000011);
#392=CIRCLE('',#3737,1.00000041331015);
#393=CIRCLE('',#3739,1.00000000000001);
#394=CIRCLE('',#3740,0.999999999999883);
#395=CIRCLE('',#3741,0.99999974455972);
#396=CIRCLE('',#3742,1.9999999999998);
#397=CIRCLE('',#3743,0.999999999999995);
#398=CIRCLE('',#3746,1.);
#399=CIRCLE('',#3747,0.999999999999729);
#400=CIRCLE('',#3748,0.999999744559586);
#401=CIRCLE('',#3749,1.99999999999979);
#402=CIRCLE('',#3750,0.999999999999989);
#403=CIRCLE('',#3757,2.00000000000028);
#404=CIRCLE('',#3759,1.);
#405=CIRCLE('',#3761,0.999999999999996);
#406=CIRCLE('',#3762,2.00000000000006);
#407=CIRCLE('',#3765,1.0000000000002);
#408=CIRCLE('',#3766,2.0000000000003);
#409=CIRCLE('',#3770,1.0000000000002);
#410=CIRCLE('',#3771,2.00000000000019);
#411=CIRCLE('',#3780,2.00000000000001);
#412=CIRCLE('',#3781,2.);
#413=CIRCLE('',#3782,2.00000000000001);
#414=CIRCLE('',#3783,2.00000000000001);
#415=CIRCLE('',#3784,1.00000000000001);
#416=CIRCLE('',#3785,1.);
#417=CIRCLE('',#3786,0.999999999999998);
#418=CIRCLE('',#3787,1.00000000000001);
#419=CIRCLE('',#3793,0.999999999999882);
#420=CIRCLE('',#3796,0.999999999999874);
#421=CIRCLE('',#3799,0.999999999999889);
#422=CIRCLE('',#3802,0.999999999999877);
#423=CIRCLE('',#3805,1.00000000000006);
#424=CIRCLE('',#3806,0.999999999999915);
#425=CIRCLE('',#3808,0.999999969901836);
#426=CIRCLE('',#3809,0.999999969902799);
#427=CIRCLE('',#3811,0.999999999996497);
#428=CIRCLE('',#3813,0.999999999996177);
#429=CIRCLE('',#3814,1.99999996990628);
#430=CIRCLE('',#3817,1.00000000000005);
#431=CIRCLE('',#3818,0.999999999999918);
#432=CIRCLE('',#3820,1.00000000677506);
#433=CIRCLE('',#3821,1.0000000067751);
#434=CIRCLE('',#3823,0.999999999996064);
#435=CIRCLE('',#3825,0.999999999996561);
#436=CIRCLE('',#3826,2.0000000067785);
#437=FACE_OUTER_BOUND('',#649,.T.);
#438=FACE_OUTER_BOUND('',#650,.T.);
#439=FACE_OUTER_BOUND('',#651,.T.);
#440=FACE_OUTER_BOUND('',#652,.T.);
#441=FACE_OUTER_BOUND('',#653,.T.);
#442=FACE_OUTER_BOUND('',#654,.T.);
#443=FACE_OUTER_BOUND('',#655,.T.);
#444=FACE_OUTER_BOUND('',#656,.T.);
#445=FACE_OUTER_BOUND('',#657,.T.);
#446=FACE_OUTER_BOUND('',#663,.T.);
#447=FACE_OUTER_BOUND('',#664,.T.);
#448=FACE_OUTER_BOUND('',#665,.T.);
#449=FACE_OUTER_BOUND('',#666,.T.);
#450=FACE_OUTER_BOUND('',#667,.T.);
#451=FACE_OUTER_BOUND('',#668,.T.);
#452=FACE_OUTER_BOUND('',#669,.T.);
#453=FACE_OUTER_BOUND('',#670,.T.);
#454=FACE_OUTER_BOUND('',#671,.T.);
#455=FACE_OUTER_BOUND('',#672,.T.);
#456=FACE_OUTER_BOUND('',#673,.T.);
#457=FACE_OUTER_BOUND('',#674,.T.);
#458=FACE_OUTER_BOUND('',#675,.T.);
#459=FACE_OUTER_BOUND('',#676,.T.);
#460=FACE_OUTER_BOUND('',#677,.T.);
#461=FACE_OUTER_BOUND('',#678,.T.);
#462=FACE_OUTER_BOUND('',#679,.T.);
#463=FACE_OUTER_BOUND('',#680,.T.);
#464=FACE_OUTER_BOUND('',#681,.T.);
#465=FACE_OUTER_BOUND('',#682,.T.);
#466=FACE_OUTER_BOUND('',#683,.T.);
#467=FACE_OUTER_BOUND('',#684,.T.);
#468=FACE_OUTER_BOUND('',#685,.T.);
#469=FACE_OUTER_BOUND('',#686,.T.);
#470=FACE_OUTER_BOUND('',#687,.T.);
#471=FACE_OUTER_BOUND('',#688,.T.);
#472=FACE_OUTER_BOUND('',#689,.T.);
#473=FACE_OUTER_BOUND('',#690,.T.);
#474=FACE_OUTER_BOUND('',#691,.T.);
#475=FACE_OUTER_BOUND('',#692,.T.);
#476=FACE_OUTER_BOUND('',#693,.T.);
#477=FACE_OUTER_BOUND('',#694,.T.);
#478=FACE_OUTER_BOUND('',#695,.T.);
#479=FACE_OUTER_BOUND('',#696,.T.);
#480=FACE_OUTER_BOUND('',#697,.T.);
#481=FACE_OUTER_BOUND('',#698,.T.);
#482=FACE_OUTER_BOUND('',#699,.T.);
#483=FACE_OUTER_BOUND('',#700,.T.);
#484=FACE_OUTER_BOUND('',#701,.T.);
#485=FACE_OUTER_BOUND('',#702,.T.);
#486=FACE_OUTER_BOUND('',#703,.T.);
#487=FACE_OUTER_BOUND('',#704,.T.);
#488=FACE_OUTER_BOUND('',#705,.T.);
#489=FACE_OUTER_BOUND('',#706,.T.);
#490=FACE_OUTER_BOUND('',#707,.T.);
#491=FACE_OUTER_BOUND('',#708,.T.);
#492=FACE_OUTER_BOUND('',#709,.T.);
#493=FACE_OUTER_BOUND('',#710,.T.);
#494=FACE_OUTER_BOUND('',#711,.T.);
#495=FACE_OUTER_BOUND('',#712,.T.);
#496=FACE_OUTER_BOUND('',#713,.T.);
#497=FACE_OUTER_BOUND('',#714,.T.);
#498=FACE_OUTER_BOUND('',#715,.T.);
#499=FACE_OUTER_BOUND('',#716,.T.);
#500=FACE_OUTER_BOUND('',#717,.T.);
#501=FACE_OUTER_BOUND('',#718,.T.);
#502=FACE_OUTER_BOUND('',#719,.T.);
#503=FACE_OUTER_BOUND('',#720,.T.);
#504=FACE_OUTER_BOUND('',#721,.T.);
#505=FACE_OUTER_BOUND('',#722,.T.);
#506=FACE_OUTER_BOUND('',#723,.T.);
#507=FACE_OUTER_BOUND('',#724,.T.);
#508=FACE_OUTER_BOUND('',#725,.T.);
#509=FACE_OUTER_BOUND('',#726,.T.);
#510=FACE_OUTER_BOUND('',#727,.T.);
#511=FACE_OUTER_BOUND('',#728,.T.);
#512=FACE_OUTER_BOUND('',#729,.T.);
#513=FACE_OUTER_BOUND('',#730,.T.);
#514=FACE_OUTER_BOUND('',#731,.T.);
#515=FACE_OUTER_BOUND('',#732,.T.);
#516=FACE_OUTER_BOUND('',#733,.T.);
#517=FACE_OUTER_BOUND('',#734,.T.);
#518=FACE_OUTER_BOUND('',#735,.T.);
#519=FACE_OUTER_BOUND('',#736,.T.);
#520=FACE_OUTER_BOUND('',#737,.T.);
#521=FACE_OUTER_BOUND('',#738,.T.);
#522=FACE_OUTER_BOUND('',#739,.T.);
#523=FACE_OUTER_BOUND('',#740,.T.);
#524=FACE_OUTER_BOUND('',#741,.T.);
#525=FACE_OUTER_BOUND('',#742,.T.);
#526=FACE_OUTER_BOUND('',#743,.T.);
#527=FACE_OUTER_BOUND('',#744,.T.);
#528=FACE_OUTER_BOUND('',#745,.T.);
#529=FACE_OUTER_BOUND('',#746,.T.);
#530=FACE_OUTER_BOUND('',#747,.T.);
#531=FACE_OUTER_BOUND('',#748,.T.);
#532=FACE_OUTER_BOUND('',#749,.T.);
#533=FACE_OUTER_BOUND('',#750,.T.);
#534=FACE_OUTER_BOUND('',#751,.T.);
#535=FACE_OUTER_BOUND('',#752,.T.);
#536=FACE_OUTER_BOUND('',#753,.T.);
#537=FACE_OUTER_BOUND('',#754,.T.);
#538=FACE_OUTER_BOUND('',#755,.T.);
#539=FACE_OUTER_BOUND('',#756,.T.);
#540=FACE_OUTER_BOUND('',#757,.T.);
#541=FACE_OUTER_BOUND('',#758,.T.);
#542=FACE_OUTER_BOUND('',#759,.T.);
#543=FACE_OUTER_BOUND('',#760,.T.);
#544=FACE_OUTER_BOUND('',#761,.T.);
#545=FACE_OUTER_BOUND('',#762,.T.);
#546=FACE_OUTER_BOUND('',#763,.T.);
#547=FACE_OUTER_BOUND('',#764,.T.);
#548=FACE_OUTER_BOUND('',#765,.T.);
#549=FACE_OUTER_BOUND('',#766,.T.);
#550=FACE_OUTER_BOUND('',#767,.T.);
#551=FACE_OUTER_BOUND('',#768,.T.);
#552=FACE_OUTER_BOUND('',#769,.T.);
#553=FACE_OUTER_BOUND('',#770,.T.);
#554=FACE_OUTER_BOUND('',#771,.T.);
#555=FACE_OUTER_BOUND('',#772,.T.);
#556=FACE_OUTER_BOUND('',#773,.T.);
#557=FACE_OUTER_BOUND('',#774,.T.);
#558=FACE_OUTER_BOUND('',#775,.T.);
#559=FACE_OUTER_BOUND('',#776,.T.);
#560=FACE_OUTER_BOUND('',#777,.T.);
#561=FACE_OUTER_BOUND('',#778,.T.);
#562=FACE_OUTER_BOUND('',#779,.T.);
#563=FACE_OUTER_BOUND('',#780,.T.);
#564=FACE_OUTER_BOUND('',#781,.T.);
#565=FACE_OUTER_BOUND('',#782,.T.);
#566=FACE_OUTER_BOUND('',#783,.T.);
#567=FACE_OUTER_BOUND('',#784,.T.);
#568=FACE_OUTER_BOUND('',#785,.T.);
#569=FACE_OUTER_BOUND('',#786,.T.);
#570=FACE_OUTER_BOUND('',#787,.T.);
#571=FACE_OUTER_BOUND('',#788,.T.);
#572=FACE_OUTER_BOUND('',#789,.T.);
#573=FACE_OUTER_BOUND('',#790,.T.);
#574=FACE_OUTER_BOUND('',#791,.T.);
#575=FACE_OUTER_BOUND('',#792,.T.);
#576=FACE_OUTER_BOUND('',#793,.T.);
#577=FACE_OUTER_BOUND('',#794,.T.);
#578=FACE_OUTER_BOUND('',#795,.T.);
#579=FACE_OUTER_BOUND('',#796,.T.);
#580=FACE_OUTER_BOUND('',#797,.T.);
#581=FACE_OUTER_BOUND('',#798,.T.);
#582=FACE_OUTER_BOUND('',#799,.T.);
#583=FACE_OUTER_BOUND('',#800,.T.);
#584=FACE_OUTER_BOUND('',#801,.T.);
#585=FACE_OUTER_BOUND('',#802,.T.);
#586=FACE_OUTER_BOUND('',#803,.T.);
#587=FACE_OUTER_BOUND('',#804,.T.);
#588=FACE_OUTER_BOUND('',#805,.T.);
#589=FACE_OUTER_BOUND('',#806,.T.);
#590=FACE_OUTER_BOUND('',#807,.T.);
#591=FACE_OUTER_BOUND('',#808,.T.);
#592=FACE_OUTER_BOUND('',#809,.T.);
#593=FACE_OUTER_BOUND('',#810,.T.);
#594=FACE_OUTER_BOUND('',#811,.T.);
#595=FACE_OUTER_BOUND('',#812,.T.);
#596=FACE_OUTER_BOUND('',#813,.T.);
#597=FACE_OUTER_BOUND('',#814,.T.);
#598=FACE_OUTER_BOUND('',#815,.T.);
#599=FACE_OUTER_BOUND('',#816,.T.);
#600=FACE_OUTER_BOUND('',#817,.T.);
#601=FACE_OUTER_BOUND('',#818,.T.);
#602=FACE_OUTER_BOUND('',#819,.T.);
#603=FACE_OUTER_BOUND('',#820,.T.);
#604=FACE_OUTER_BOUND('',#821,.T.);
#605=FACE_OUTER_BOUND('',#822,.T.);
#606=FACE_OUTER_BOUND('',#823,.T.);
#607=FACE_OUTER_BOUND('',#824,.T.);
#608=FACE_OUTER_BOUND('',#825,.T.);
#609=FACE_OUTER_BOUND('',#826,.T.);
#610=FACE_OUTER_BOUND('',#827,.T.);
#611=FACE_OUTER_BOUND('',#828,.T.);
#612=FACE_OUTER_BOUND('',#829,.T.);
#613=FACE_OUTER_BOUND('',#830,.T.);
#614=FACE_OUTER_BOUND('',#831,.T.);
#615=FACE_OUTER_BOUND('',#832,.T.);
#616=FACE_OUTER_BOUND('',#833,.T.);
#617=FACE_OUTER_BOUND('',#834,.T.);
#618=FACE_OUTER_BOUND('',#836,.T.);
#619=FACE_OUTER_BOUND('',#837,.T.);
#620=FACE_OUTER_BOUND('',#838,.T.);
#621=FACE_OUTER_BOUND('',#839,.T.);
#622=FACE_OUTER_BOUND('',#840,.T.);
#623=FACE_OUTER_BOUND('',#841,.T.);
#624=FACE_OUTER_BOUND('',#842,.T.);
#625=FACE_OUTER_BOUND('',#843,.T.);
#626=FACE_OUTER_BOUND('',#844,.T.);
#627=FACE_OUTER_BOUND('',#845,.T.);
#628=FACE_OUTER_BOUND('',#846,.T.);
#629=FACE_OUTER_BOUND('',#847,.T.);
#630=FACE_OUTER_BOUND('',#848,.T.);
#631=FACE_OUTER_BOUND('',#849,.T.);
#632=FACE_OUTER_BOUND('',#850,.T.);
#633=FACE_OUTER_BOUND('',#851,.T.);
#634=FACE_OUTER_BOUND('',#852,.T.);
#635=FACE_OUTER_BOUND('',#853,.T.);
#636=FACE_OUTER_BOUND('',#854,.T.);
#637=FACE_OUTER_BOUND('',#855,.T.);
#638=FACE_OUTER_BOUND('',#856,.T.);
#639=FACE_OUTER_BOUND('',#857,.T.);
#640=FACE_OUTER_BOUND('',#858,.T.);
#641=FACE_OUTER_BOUND('',#859,.T.);
#642=FACE_OUTER_BOUND('',#860,.T.);
#643=FACE_OUTER_BOUND('',#861,.T.);
#644=FACE_OUTER_BOUND('',#862,.T.);
#645=FACE_OUTER_BOUND('',#863,.T.);
#646=FACE_OUTER_BOUND('',#864,.T.);
#647=FACE_OUTER_BOUND('',#865,.T.);
#648=FACE_OUTER_BOUND('',#866,.T.);
#649=EDGE_LOOP('',(#2191,#2192,#2193,#2194));
#650=EDGE_LOOP('',(#2195,#2196,#2197,#2198,#2199,#2200,#2201,#2202));
#651=EDGE_LOOP('',(#2203,#2204,#2205,#2206));
#652=EDGE_LOOP('',(#2207,#2208,#2209,#2210));
#653=EDGE_LOOP('',(#2211,#2212,#2213,#2214,#2215,#2216,#2217,#2218));
#654=EDGE_LOOP('',(#2219,#2220,#2221,#2222));
#655=EDGE_LOOP('',(#2223,#2224,#2225,#2226));
#656=EDGE_LOOP('',(#2227,#2228,#2229,#2230));
#657=EDGE_LOOP('',(#2231,#2232,#2233,#2234,#2235,#2236,#2237,#2238,#2239,
#2240,#2241,#2242,#2243,#2244,#2245,#2246,#2247,#2248,#2249,#2250,#2251,
#2252,#2253,#2254,#2255,#2256,#2257,#2258,#2259,#2260,#2261,#2262,#2263,
#2264,#2265,#2266,#2267,#2268,#2269,#2270,#2271,#2272,#2273,#2274,#2275,
#2276,#2277,#2278,#2279,#2280,#2281,#2282,#2283,#2284,#2285,#2286,#2287,
#2288,#2289,#2290,#2291,#2292));
#658=EDGE_LOOP('',(#2293,#2294,#2295,#2296));
#659=EDGE_LOOP('',(#2297,#2298,#2299,#2300));
#660=EDGE_LOOP('',(#2301,#2302,#2303,#2304));
#661=EDGE_LOOP('',(#2305,#2306,#2307,#2308,#2309,#2310,#2311,#2312));
#662=EDGE_LOOP('',(#2313,#2314,#2315,#2316));
#663=EDGE_LOOP('',(#2317,#2318,#2319,#2320,#2321,#2322,#2323,#2324));
#664=EDGE_LOOP('',(#2325,#2326,#2327,#2328));
#665=EDGE_LOOP('',(#2329,#2330,#2331,#2332));
#666=EDGE_LOOP('',(#2333,#2334,#2335,#2336));
#667=EDGE_LOOP('',(#2337,#2338,#2339,#2340,#2341,#2342,#2343,#2344));
#668=EDGE_LOOP('',(#2345,#2346,#2347,#2348));
#669=EDGE_LOOP('',(#2349,#2350,#2351,#2352));
#670=EDGE_LOOP('',(#2353,#2354,#2355,#2356));
#671=EDGE_LOOP('',(#2357,#2358,#2359,#2360));
#672=EDGE_LOOP('',(#2361,#2362,#2363,#2364));
#673=EDGE_LOOP('',(#2365,#2366,#2367,#2368));
#674=EDGE_LOOP('',(#2369,#2370,#2371,#2372,#2373,#2374));
#675=EDGE_LOOP('',(#2375,#2376,#2377,#2378));
#676=EDGE_LOOP('',(#2379,#2380,#2381,#2382,#2383,#2384));
#677=EDGE_LOOP('',(#2385,#2386,#2387,#2388));
#678=EDGE_LOOP('',(#2389,#2390,#2391,#2392));
#679=EDGE_LOOP('',(#2393,#2394,#2395,#2396));
#680=EDGE_LOOP('',(#2397,#2398,#2399,#2400));
#681=EDGE_LOOP('',(#2401,#2402,#2403,#2404,#2405,#2406));
#682=EDGE_LOOP('',(#2407,#2408,#2409,#2410));
#683=EDGE_LOOP('',(#2411,#2412,#2413,#2414,#2415,#2416));
#684=EDGE_LOOP('',(#2417,#2418,#2419,#2420));
#685=EDGE_LOOP('',(#2421,#2422,#2423,#2424));
#686=EDGE_LOOP('',(#2425,#2426,#2427,#2428));
#687=EDGE_LOOP('',(#2429,#2430,#2431,#2432));
#688=EDGE_LOOP('',(#2433,#2434,#2435,#2436,#2437));
#689=EDGE_LOOP('',(#2438,#2439,#2440,#2441));
#690=EDGE_LOOP('',(#2442,#2443,#2444,#2445));
#691=EDGE_LOOP('',(#2446,#2447,#2448,#2449,#2450,#2451,#2452));
#692=EDGE_LOOP('',(#2453,#2454,#2455,#2456));
#693=EDGE_LOOP('',(#2457,#2458,#2459,#2460));
#694=EDGE_LOOP('',(#2461,#2462,#2463));
#695=EDGE_LOOP('',(#2464,#2465,#2466,#2467));
#696=EDGE_LOOP('',(#2468,#2469,#2470,#2471));
#697=EDGE_LOOP('',(#2472,#2473,#2474));
#698=EDGE_LOOP('',(#2475,#2476,#2477,#2478));
#699=EDGE_LOOP('',(#2479,#2480,#2481,#2482,#2483));
#700=EDGE_LOOP('',(#2484,#2485,#2486,#2487));
#701=EDGE_LOOP('',(#2488,#2489,#2490,#2491));
#702=EDGE_LOOP('',(#2492,#2493,#2494,#2495,#2496,#2497,#2498));
#703=EDGE_LOOP('',(#2499,#2500,#2501,#2502));
#704=EDGE_LOOP('',(#2503,#2504,#2505,#2506));
#705=EDGE_LOOP('',(#2507,#2508,#2509));
#706=EDGE_LOOP('',(#2510,#2511,#2512,#2513));
#707=EDGE_LOOP('',(#2514,#2515,#2516,#2517));
#708=EDGE_LOOP('',(#2518,#2519,#2520));
#709=EDGE_LOOP('',(#2521,#2522,#2523,#2524));
#710=EDGE_LOOP('',(#2525,#2526,#2527,#2528,#2529));
#711=EDGE_LOOP('',(#2530,#2531,#2532,#2533));
#712=EDGE_LOOP('',(#2534,#2535,#2536,#2537));
#713=EDGE_LOOP('',(#2538,#2539,#2540,#2541,#2542,#2543,#2544));
#714=EDGE_LOOP('',(#2545,#2546,#2547,#2548));
#715=EDGE_LOOP('',(#2549,#2550,#2551,#2552));
#716=EDGE_LOOP('',(#2553,#2554,#2555));
#717=EDGE_LOOP('',(#2556,#2557,#2558,#2559));
#718=EDGE_LOOP('',(#2560,#2561,#2562,#2563));
#719=EDGE_LOOP('',(#2564,#2565,#2566));
#720=EDGE_LOOP('',(#2567,#2568,#2569,#2570));
#721=EDGE_LOOP('',(#2571,#2572,#2573,#2574,#2575));
#722=EDGE_LOOP('',(#2576,#2577,#2578,#2579));
#723=EDGE_LOOP('',(#2580,#2581,#2582,#2583));
#724=EDGE_LOOP('',(#2584,#2585,#2586,#2587,#2588,#2589,#2590));
#725=EDGE_LOOP('',(#2591,#2592,#2593,#2594));
#726=EDGE_LOOP('',(#2595,#2596,#2597,#2598));
#727=EDGE_LOOP('',(#2599,#2600,#2601));
#728=EDGE_LOOP('',(#2602,#2603,#2604,#2605));
#729=EDGE_LOOP('',(#2606,#2607,#2608,#2609));
#730=EDGE_LOOP('',(#2610,#2611,#2612));
#731=EDGE_LOOP('',(#2613,#2614,#2615,#2616));
#732=EDGE_LOOP('',(#2617,#2618,#2619,#2620,#2621));
#733=EDGE_LOOP('',(#2622,#2623,#2624,#2625));
#734=EDGE_LOOP('',(#2626,#2627,#2628,#2629));
#735=EDGE_LOOP('',(#2630,#2631,#2632,#2633,#2634,#2635));
#736=EDGE_LOOP('',(#2636,#2637,#2638,#2639));
#737=EDGE_LOOP('',(#2640,#2641,#2642,#2643));
#738=EDGE_LOOP('',(#2644,#2645,#2646,#2647));
#739=EDGE_LOOP('',(#2648,#2649,#2650,#2651,#2652,#2653,#2654,#2655,#2656,
#2657,#2658,#2659,#2660,#2661,#2662,#2663,#2664,#2665,#2666,#2667,#2668,
#2669,#2670,#2671,#2672,#2673,#2674,#2675,#2676,#2677,#2678,#2679,#2680,
#2681,#2682,#2683,#2684,#2685,#2686,#2687));
#740=EDGE_LOOP('',(#2688,#2689,#2690,#2691));
#741=EDGE_LOOP('',(#2692,#2693,#2694,#2695));
#742=EDGE_LOOP('',(#2696,#2697,#2698,#2699));
#743=EDGE_LOOP('',(#2700,#2701,#2702,#2703));
#744=EDGE_LOOP('',(#2704,#2705,#2706,#2707));
#745=EDGE_LOOP('',(#2708,#2709,#2710,#2711));
#746=EDGE_LOOP('',(#2712,#2713,#2714,#2715));
#747=EDGE_LOOP('',(#2716,#2717,#2718,#2719));
#748=EDGE_LOOP('',(#2720,#2721,#2722,#2723));
#749=EDGE_LOOP('',(#2724,#2725,#2726,#2727));
#750=EDGE_LOOP('',(#2728,#2729,#2730,#2731));
#751=EDGE_LOOP('',(#2732,#2733,#2734,#2735));
#752=EDGE_LOOP('',(#2736,#2737,#2738,#2739));
#753=EDGE_LOOP('',(#2740,#2741,#2742,#2743));
#754=EDGE_LOOP('',(#2744,#2745,#2746,#2747));
#755=EDGE_LOOP('',(#2748,#2749,#2750,#2751));
#756=EDGE_LOOP('',(#2752,#2753,#2754,#2755));
#757=EDGE_LOOP('',(#2756,#2757,#2758,#2759));
#758=EDGE_LOOP('',(#2760,#2761,#2762,#2763));
#759=EDGE_LOOP('',(#2764,#2765,#2766,#2767));
#760=EDGE_LOOP('',(#2768,#2769,#2770,#2771));
#761=EDGE_LOOP('',(#2772,#2773,#2774,#2775));
#762=EDGE_LOOP('',(#2776,#2777,#2778,#2779));
#763=EDGE_LOOP('',(#2780,#2781,#2782));
#764=EDGE_LOOP('',(#2783,#2784,#2785,#2786));
#765=EDGE_LOOP('',(#2787,#2788,#2789,#2790));
#766=EDGE_LOOP('',(#2791,#2792,#2793));
#767=EDGE_LOOP('',(#2794,#2795,#2796,#2797));
#768=EDGE_LOOP('',(#2798,#2799,#2800));
#769=EDGE_LOOP('',(#2801,#2802,#2803,#2804));
#770=EDGE_LOOP('',(#2805,#2806,#2807,#2808));
#771=EDGE_LOOP('',(#2809,#2810,#2811));
#772=EDGE_LOOP('',(#2812,#2813,#2814,#2815));
#773=EDGE_LOOP('',(#2816,#2817,#2818));
#774=EDGE_LOOP('',(#2819,#2820,#2821,#2822));
#775=EDGE_LOOP('',(#2823,#2824,#2825,#2826));
#776=EDGE_LOOP('',(#2827,#2828,#2829));
#777=EDGE_LOOP('',(#2830,#2831,#2832,#2833));
#778=EDGE_LOOP('',(#2834,#2835,#2836,#2837,#2838));
#779=EDGE_LOOP('',(#2839,#2840,#2841,#2842));
#780=EDGE_LOOP('',(#2843,#2844,#2845,#2846));
#781=EDGE_LOOP('',(#2847,#2848,#2849,#2850,#2851,#2852,#2853));
#782=EDGE_LOOP('',(#2854,#2855,#2856,#2857));
#783=EDGE_LOOP('',(#2858,#2859,#2860,#2861));
#784=EDGE_LOOP('',(#2862,#2863,#2864,#2865,#2866));
#785=EDGE_LOOP('',(#2867,#2868,#2869,#2870));
#786=EDGE_LOOP('',(#2871,#2872,#2873,#2874));
#787=EDGE_LOOP('',(#2875,#2876,#2877,#2878,#2879,#2880,#2881));
#788=EDGE_LOOP('',(#2882,#2883,#2884,#2885));
#789=EDGE_LOOP('',(#2886,#2887,#2888,#2889));
#790=EDGE_LOOP('',(#2890,#2891,#2892,#2893,#2894));
#791=EDGE_LOOP('',(#2895,#2896,#2897,#2898));
#792=EDGE_LOOP('',(#2899,#2900,#2901,#2902));
#793=EDGE_LOOP('',(#2903,#2904,#2905,#2906,#2907,#2908,#2909));
#794=EDGE_LOOP('',(#2910,#2911,#2912,#2913));
#795=EDGE_LOOP('',(#2914,#2915,#2916,#2917));
#796=EDGE_LOOP('',(#2918,#2919,#2920,#2921,#2922));
#797=EDGE_LOOP('',(#2923,#2924,#2925,#2926));
#798=EDGE_LOOP('',(#2927,#2928,#2929,#2930));
#799=EDGE_LOOP('',(#2931,#2932,#2933,#2934,#2935,#2936,#2937));
#800=EDGE_LOOP('',(#2938,#2939,#2940,#2941));
#801=EDGE_LOOP('',(#2942,#2943,#2944,#2945));
#802=EDGE_LOOP('',(#2946,#2947,#2948));
#803=EDGE_LOOP('',(#2949,#2950,#2951,#2952));
#804=EDGE_LOOP('',(#2953,#2954,#2955,#2956));
#805=EDGE_LOOP('',(#2957,#2958,#2959));
#806=EDGE_LOOP('',(#2960,#2961,#2962,#2963));
#807=EDGE_LOOP('',(#2964,#2965,#2966));
#808=EDGE_LOOP('',(#2967,#2968,#2969,#2970));
#809=EDGE_LOOP('',(#2971,#2972,#2973,#2974));
#810=EDGE_LOOP('',(#2975,#2976,#2977));
#811=EDGE_LOOP('',(#2978,#2979,#2980,#2981));
#812=EDGE_LOOP('',(#2982,#2983,#2984,#2985));
#813=EDGE_LOOP('',(#2986,#2987,#2988,#2989));
#814=EDGE_LOOP('',(#2990,#2991,#2992,#2993));
#815=EDGE_LOOP('',(#2994,#2995,#2996,#2997));
#816=EDGE_LOOP('',(#2998,#2999,#3000,#3001));
#817=EDGE_LOOP('',(#3002,#3003,#3004,#3005));
#818=EDGE_LOOP('',(#3006,#3007,#3008,#3009));
#819=EDGE_LOOP('',(#3010,#3011,#3012,#3013));
#820=EDGE_LOOP('',(#3014,#3015,#3016,#3017));
#821=EDGE_LOOP('',(#3018,#3019,#3020,#3021));
#822=EDGE_LOOP('',(#3022,#3023,#3024,#3025));
#823=EDGE_LOOP('',(#3026,#3027,#3028,#3029));
#824=EDGE_LOOP('',(#3030,#3031,#3032,#3033));
#825=EDGE_LOOP('',(#3034,#3035,#3036,#3037));
#826=EDGE_LOOP('',(#3038,#3039,#3040,#3041));
#827=EDGE_LOOP('',(#3042,#3043,#3044,#3045));
#828=EDGE_LOOP('',(#3046,#3047,#3048,#3049));
#829=EDGE_LOOP('',(#3050,#3051,#3052,#3053));
#830=EDGE_LOOP('',(#3054,#3055,#3056,#3057));
#831=EDGE_LOOP('',(#3058,#3059,#3060,#3061));
#832=EDGE_LOOP('',(#3062,#3063,#3064,#3065));
#833=EDGE_LOOP('',(#3066,#3067,#3068,#3069));
#834=EDGE_LOOP('',(#3070,#3071,#3072,#3073,#3074,#3075,#3076,#3077));
#835=EDGE_LOOP('',(#3078,#3079,#3080,#3081,#3082,#3083,#3084,#3085));
#836=EDGE_LOOP('',(#3086,#3087,#3088,#3089));
#837=EDGE_LOOP('',(#3090,#3091,#3092,#3093));
#838=EDGE_LOOP('',(#3094,#3095,#3096,#3097));
#839=EDGE_LOOP('',(#3098,#3099,#3100,#3101));
#840=EDGE_LOOP('',(#3102,#3103,#3104,#3105));
#841=EDGE_LOOP('',(#3106,#3107,#3108,#3109));
#842=EDGE_LOOP('',(#3110,#3111,#3112,#3113));
#843=EDGE_LOOP('',(#3114,#3115,#3116,#3117));
#844=EDGE_LOOP('',(#3118,#3119,#3120,#3121));
#845=EDGE_LOOP('',(#3122,#3123,#3124,#3125));
#846=EDGE_LOOP('',(#3126,#3127,#3128,#3129));
#847=EDGE_LOOP('',(#3130,#3131,#3132,#3133));
#848=EDGE_LOOP('',(#3134,#3135,#3136,#3137,#3138,#3139));
#849=EDGE_LOOP('',(#3140,#3141,#3142,#3143));
#850=EDGE_LOOP('',(#3144,#3145,#3146,#3147));
#851=EDGE_LOOP('',(#3148,#3149,#3150,#3151));
#852=EDGE_LOOP('',(#3152,#3153,#3154,#3155));
#853=EDGE_LOOP('',(#3156,#3157,#3158,#3159));
#854=EDGE_LOOP('',(#3160,#3161,#3162,#3163));
#855=EDGE_LOOP('',(#3164,#3165,#3166,#3167,#3168,#3169));
#856=EDGE_LOOP('',(#3170,#3171,#3172,#3173));
#857=EDGE_LOOP('',(#3174,#3175,#3176,#3177));
#858=EDGE_LOOP('',(#3178,#3179,#3180,#3181));
#859=EDGE_LOOP('',(#3182,#3183,#3184,#3185));
#860=EDGE_LOOP('',(#3186,#3187,#3188,#3189));
#861=EDGE_LOOP('',(#3190,#3191,#3192,#3193));
#862=EDGE_LOOP('',(#3194,#3195,#3196,#3197));
#863=EDGE_LOOP('',(#3198,#3199,#3200,#3201));
#864=EDGE_LOOP('',(#3202,#3203,#3204,#3205,#3206));
#865=EDGE_LOOP('',(#3207,#3208,#3209,#3210));
#866=EDGE_LOOP('',(#3211,#3212,#3213,#3214,#3215,#3216,#3217,#3218));
#867=LINE('',#4745,#1117);
#868=LINE('',#4747,#1118);
#869=LINE('',#4749,#1119);
#870=LINE('',#4750,#1120);
#871=LINE('',#4753,#1121);
#872=LINE('',#4755,#1122);
#873=LINE('',#4757,#1123);
#874=LINE('',#4759,#1124);
#875=LINE('',#4763,#1125);
#876=LINE('',#4764,#1126);
#877=LINE('',#4767,#1127);
#878=LINE('',#4768,#1128);
#879=LINE('',#4772,#1129);
#880=LINE('',#4774,#1130);
#881=LINE('',#4776,#1131);
#882=LINE('',#4777,#1132);
#883=LINE('',#4780,#1133);
#884=LINE('',#4782,#1134);
#885=LINE('',#4784,#1135);
#886=LINE('',#4786,#1136);
#887=LINE('',#4790,#1137);
#888=LINE('',#4791,#1138);
#889=LINE('',#4794,#1139);
#890=LINE('',#4795,#1140);
#891=LINE('',#4798,#1141);
#892=LINE('',#4799,#1142);
#893=LINE('',#4802,#1143);
#894=LINE('',#4803,#1144);
#895=LINE('',#4807,#1145);
#896=LINE('',#4811,#1146);
#897=LINE('',#4815,#1147);
#898=LINE('',#4821,#1148);
#899=LINE('',#4827,#1149);
#900=LINE('',#4833,#1150);
#901=LINE('',#4839,#1151);
#902=LINE('',#4845,#1152);
#903=LINE('',#4851,#1153);
#904=LINE('',#4857,#1154);
#905=LINE('',#4863,#1155);
#906=LINE('',#4869,#1156);
#907=LINE('',#4873,#1157);
#908=LINE('',#4877,#1158);
#909=LINE('',#4883,#1159);
#910=LINE('',#4889,#1160);
#911=LINE('',#4895,#1161);
#912=LINE('',#4901,#1162);
#913=LINE('',#4907,#1163);
#914=LINE('',#4913,#1164);
#915=LINE('',#4919,#1165);
#916=LINE('',#4925,#1166);
#917=LINE('',#4930,#1167);
#918=LINE('',#4931,#1168);
#919=LINE('',#4933,#1169);
#920=LINE('',#4934,#1170);
#921=LINE('',#4937,#1171);
#922=LINE('',#4939,#1172);
#923=LINE('',#4941,#1173);
#924=LINE('',#4942,#1174);
#925=LINE('',#4947,#1175);
#926=LINE('',#4951,#1176);
#927=LINE('',#4955,#1177);
#928=LINE('',#4958,#1178);
#929=LINE('',#4961,#1179);
#930=LINE('',#4963,#1180);
#931=LINE('',#4965,#1181);
#932=LINE('',#4966,#1182);
#933=LINE('',#4969,#1183);
#934=LINE('',#4971,#1184);
#935=LINE('',#4974,#1185);
#936=LINE('',#4976,#1186);
#937=LINE('',#4978,#1187);
#938=LINE('',#4981,#1188);
#939=LINE('',#4983,#1189);
#940=LINE('',#4987,#1190);
#941=LINE('',#4988,#1191);
#942=LINE('',#4989,#1192);
#943=LINE('',#4992,#1193);
#944=LINE('',#4995,#1194);
#945=LINE('',#5000,#1195);
#946=LINE('',#5001,#1196);
#947=LINE('',#5002,#1197);
#948=LINE('',#5008,#1198);
#949=LINE('',#5010,#1199);
#950=LINE('',#5013,#1200);
#951=LINE('',#5014,#1201);
#952=LINE('',#5020,#1202);
#953=LINE('',#5022,#1203);
#954=LINE('',#5023,#1204);
#955=LINE('',#5029,#1205);
#956=LINE('',#5030,#1206);
#957=LINE('',#5031,#1207);
#958=LINE('',#5034,#1208);
#959=LINE('',#5038,#1209);
#960=LINE('',#5042,#1210);
#961=LINE('',#5043,#1211);
#962=LINE('',#5047,#1212);
#963=LINE('',#5051,#1213);
#964=LINE('',#5052,#1214);
#965=LINE('',#5057,#1215);
#966=LINE('',#5059,#1216);
#967=LINE('',#5155,#1217);
#968=LINE('',#5156,#1218);
#969=LINE('',#5159,#1219);
#970=LINE('',#5180,#1220);
#971=LINE('',#5183,#1221);
#972=LINE('',#5280,#1222);
#973=LINE('',#5283,#1223);
#974=LINE('',#5286,#1224);
#975=LINE('',#5385,#1225);
#976=LINE('',#5386,#1226);
#977=LINE('',#5389,#1227);
#978=LINE('',#5406,#1228);
#979=LINE('',#5409,#1229);
#980=LINE('',#5510,#1230);
#981=LINE('',#5513,#1231);
#982=LINE('',#5516,#1232);
#983=LINE('',#5615,#1233);
#984=LINE('',#5616,#1234);
#985=LINE('',#5619,#1235);
#986=LINE('',#5636,#1236);
#987=LINE('',#5640,#1237);
#988=LINE('',#5740,#1238);
#989=LINE('',#5743,#1239);
#990=LINE('',#5745,#1240);
#991=LINE('',#5872,#1241);
#992=LINE('',#5873,#1242);
#993=LINE('',#5876,#1243);
#994=LINE('',#5893,#1244);
#995=LINE('',#5897,#1245);
#996=LINE('',#5991,#1246);
#997=LINE('',#5994,#1247);
#998=LINE('',#5996,#1248);
#999=LINE('',#6096,#1249);
#1000=LINE('',#6097,#1250);
#1001=LINE('',#6100,#1251);
#1002=LINE('',#6105,#1252);
#1003=LINE('',#6119,#1253);
#1004=LINE('',#6122,#1254);
#1005=LINE('',#6124,#1255);
#1006=LINE('',#6126,#1256);
#1007=LINE('',#6128,#1257);
#1008=LINE('',#6130,#1258);
#1009=LINE('',#6132,#1259);
#1010=LINE('',#6134,#1260);
#1011=LINE('',#6136,#1261);
#1012=LINE('',#6138,#1262);
#1013=LINE('',#6140,#1263);
#1014=LINE('',#6142,#1264);
#1015=LINE('',#6144,#1265);
#1016=LINE('',#6146,#1266);
#1017=LINE('',#6148,#1267);
#1018=LINE('',#6150,#1268);
#1019=LINE('',#6152,#1269);
#1020=LINE('',#6154,#1270);
#1021=LINE('',#6156,#1271);
#1022=LINE('',#6158,#1272);
#1023=LINE('',#6160,#1273);
#1024=LINE('',#6162,#1274);
#1025=LINE('',#6163,#1275);
#1026=LINE('',#6164,#1276);
#1027=LINE('',#6165,#1277);
#1028=LINE('',#6166,#1278);
#1029=LINE('',#6167,#1279);
#1030=LINE('',#6170,#1280);
#1031=LINE('',#6173,#1281);
#1032=LINE('',#6175,#1282);
#1033=LINE('',#6178,#1283);
#1034=LINE('',#6179,#1284);
#1035=LINE('',#6194,#1285);
#1036=LINE('',#6197,#1286);
#1037=LINE('',#6198,#1287);
#1038=LINE('',#6213,#1288);
#1039=LINE('',#6216,#1289);
#1040=LINE('',#6217,#1290);
#1041=LINE('',#6232,#1291);
#1042=LINE('',#6235,#1292);
#1043=LINE('',#6236,#1293);
#1044=LINE('',#6252,#1294);
#1045=LINE('',#6254,#1295);
#1046=LINE('',#6363,#1296);
#1047=LINE('',#6366,#1297);
#1048=LINE('',#6474,#1298);
#1049=LINE('',#6476,#1299);
#1050=LINE('',#6585,#1300);
#1051=LINE('',#6588,#1301);
#1052=LINE('',#6681,#1302);
#1053=LINE('',#6687,#1303);
#1054=LINE('',#6690,#1304);
#1055=LINE('',#6787,#1305);
#1056=LINE('',#6793,#1306);
#1057=LINE('',#6795,#1307);
#1058=LINE('',#6924,#1308);
#1059=LINE('',#6930,#1309);
#1060=LINE('',#6932,#1310);
#1061=LINE('',#7058,#1311);
#1062=LINE('',#7059,#1312);
#1063=LINE('',#7079,#1313);
#1064=LINE('',#7174,#1314);
#1065=LINE('',#7177,#1315);
#1066=LINE('',#7284,#1316);
#1067=LINE('',#7286,#1317);
#1068=LINE('',#7288,#1318);
#1069=LINE('',#7291,#1319);
#1070=LINE('',#7292,#1320);
#1071=LINE('',#7314,#1321);
#1072=LINE('',#7333,#1322);
#1073=LINE('',#7354,#1323);
#1074=LINE('',#7356,#1324);
#1075=LINE('',#7358,#1325);
#1076=LINE('',#7372,#1326);
#1077=LINE('',#7375,#1327);
#1078=LINE('',#7379,#1328);
#1079=LINE('',#7380,#1329);
#1080=LINE('',#7381,#1330);
#1081=LINE('',#7384,#1331);
#1082=LINE('',#7386,#1332);
#1083=LINE('',#7387,#1333);
#1084=LINE('',#7390,#1334);
#1085=LINE('',#7392,#1335);
#1086=LINE('',#7393,#1336);
#1087=LINE('',#7396,#1337);
#1088=LINE('',#7398,#1338);
#1089=LINE('',#7399,#1339);
#1090=LINE('',#7409,#1340);
#1091=LINE('',#7413,#1341);
#1092=LINE('',#7417,#1342);
#1093=LINE('',#7420,#1343);
#1094=LINE('',#7429,#1344);
#1095=LINE('',#7430,#1345);
#1096=LINE('',#7433,#1346);
#1097=LINE('',#7434,#1347);
#1098=LINE('',#7437,#1348);
#1099=LINE('',#7441,#1349);
#1100=LINE('',#7442,#1350);
#1101=LINE('',#7446,#1351);
#1102=LINE('',#7449,#1352);
#1103=LINE('',#7450,#1353);
#1104=LINE('',#7454,#1354);
#1105=LINE('',#7456,#1355);
#1106=LINE('',#7462,#1356);
#1107=LINE('',#7465,#1357);
#1108=LINE('',#7466,#1358);
#1109=LINE('',#7472,#1359);
#1110=LINE('',#7497,#1360);
#1111=LINE('',#7498,#1361);
#1112=LINE('',#7504,#1362);
#1113=LINE('',#7507,#1363);
#1114=LINE('',#7508,#1364);
#1115=LINE('',#7537,#1365);
#1116=LINE('',#7540,#1366);
#1117=VECTOR('',#3837,10.);
#1118=VECTOR('',#3838,10.);
#1119=VECTOR('',#3839,10.);
#1120=VECTOR('',#3840,10.);
#1121=VECTOR('',#3843,10.);
#1122=VECTOR('',#3844,10.);
#1123=VECTOR('',#3845,10.);
#1124=VECTOR('',#3846,10.);
#1125=VECTOR('',#3849,10.);
#1126=VECTOR('',#3850,10.);
#1127=VECTOR('',#3853,10.);
#1128=VECTOR('',#3854,10.);
#1129=VECTOR('',#3857,10.);
#1130=VECTOR('',#3858,10.);
#1131=VECTOR('',#3859,10.);
#1132=VECTOR('',#3860,10.);
#1133=VECTOR('',#3863,10.);
#1134=VECTOR('',#3864,10.);
#1135=VECTOR('',#3865,10.);
#1136=VECTOR('',#3866,10.);
#1137=VECTOR('',#3869,10.);
#1138=VECTOR('',#3870,10.);
#1139=VECTOR('',#3873,10.);
#1140=VECTOR('',#3874,10.);
#1141=VECTOR('',#3877,10.);
#1142=VECTOR('',#3878,10.);
#1143=VECTOR('',#3881,10.);
#1144=VECTOR('',#3882,10.);
#1145=VECTOR('',#3885,10.);
#1146=VECTOR('',#3888,10.);
#1147=VECTOR('',#3891,10.);
#1148=VECTOR('',#3896,10.);
#1149=VECTOR('',#3901,10.);
#1150=VECTOR('',#3906,10.);
#1151=VECTOR('',#3911,10.);
#1152=VECTOR('',#3916,10.);
#1153=VECTOR('',#3921,10.);
#1154=VECTOR('',#3926,10.);
#1155=VECTOR('',#3931,10.);
#1156=VECTOR('',#3936,10.);
#1157=VECTOR('',#3939,10.);
#1158=VECTOR('',#3942,10.);
#1159=VECTOR('',#3947,10.);
#1160=VECTOR('',#3952,10.);
#1161=VECTOR('',#3957,10.);
#1162=VECTOR('',#3962,10.);
#1163=VECTOR('',#3967,10.);
#1164=VECTOR('',#3972,10.);
#1165=VECTOR('',#3977,10.);
#1166=VECTOR('',#3982,10.);
#1167=VECTOR('',#3987,10.);
#1168=VECTOR('',#3988,10.);
#1169=VECTOR('',#3989,10.);
#1170=VECTOR('',#3990,10.);
#1171=VECTOR('',#3991,10.);
#1172=VECTOR('',#3992,10.);
#1173=VECTOR('',#3993,10.);
#1174=VECTOR('',#3994,10.);
#1175=VECTOR('',#3997,10.);
#1176=VECTOR('',#4000,10.);
#1177=VECTOR('',#4003,10.);
#1178=VECTOR('',#4006,10.);
#1179=VECTOR('',#4007,10.);
#1180=VECTOR('',#4008,10.);
#1181=VECTOR('',#4009,10.);
#1182=VECTOR('',#4010,10.);
#1183=VECTOR('',#4013,10.);
#1184=VECTOR('',#4014,10.);
#1185=VECTOR('',#4017,10.);
#1186=VECTOR('',#4020,10.);
#1187=VECTOR('',#4023,10.);
#1188=VECTOR('',#4026,10.);
#1189=VECTOR('',#4027,10.);
#1190=VECTOR('',#4032,10.);
#1191=VECTOR('',#4033,10.);
#1192=VECTOR('',#4034,10.);
#1193=VECTOR('',#4039,10.);
#1194=VECTOR('',#4044,10.);
#1195=VECTOR('',#4049,10.);
#1196=VECTOR('',#4050,10.);
#1197=VECTOR('',#4051,10.);
#1198=VECTOR('',#4056,10.);
#1199=VECTOR('',#4059,10.);
#1200=VECTOR('',#4062,10.);
#1201=VECTOR('',#4063,10.);
#1202=VECTOR('',#4070,10.);
#1203=VECTOR('',#4073,10.);
#1204=VECTOR('',#4074,10.);
#1205=VECTOR('',#4081,10.);
#1206=VECTOR('',#4082,10.);
#1207=VECTOR('',#4083,10.);
#1208=VECTOR('',#4086,10.);
#1209=VECTOR('',#4089,10.);
#1210=VECTOR('',#4094,10.);
#1211=VECTOR('',#4095,10.);
#1212=VECTOR('',#4098,10.);
#1213=VECTOR('',#4105,10.);
#1214=VECTOR('',#4106,10.);
#1215=VECTOR('',#4113,10.);
#1216=VECTOR('',#4114,10.);
#1217=VECTOR('',#4121,10.);
#1218=VECTOR('',#4122,10.);
#1219=VECTOR('',#4125,10.);
#1220=VECTOR('',#4130,10.);
#1221=VECTOR('',#4133,10.);
#1222=VECTOR('',#4146,10.);
#1223=VECTOR('',#4149,10.);
#1224=VECTOR('',#4152,10.);
#1225=VECTOR('',#4157,10.);
#1226=VECTOR('',#4158,10.);
#1227=VECTOR('',#4161,10.);
#1228=VECTOR('',#4166,10.);
#1229=VECTOR('',#4169,10.);
#1230=VECTOR('',#4182,10.);
#1231=VECTOR('',#4185,10.);
#1232=VECTOR('',#4188,10.);
#1233=VECTOR('',#4193,10.);
#1234=VECTOR('',#4194,10.);
#1235=VECTOR('',#4197,10.);
#1236=VECTOR('',#4202,10.);
#1237=VECTOR('',#4207,10.);
#1238=VECTOR('',#4218,10.);
#1239=VECTOR('',#4221,10.);
#1240=VECTOR('',#4222,10.);
#1241=VECTOR('',#4229,10.);
#1242=VECTOR('',#4230,10.);
#1243=VECTOR('',#4233,10.);
#1244=VECTOR('',#4238,10.);
#1245=VECTOR('',#4243,10.);
#1246=VECTOR('',#4254,10.);
#1247=VECTOR('',#4257,10.);
#1248=VECTOR('',#4258,10.);
#1249=VECTOR('',#4265,10.);
#1250=VECTOR('',#4266,10.);
#1251=VECTOR('',#4269,10.);
#1252=VECTOR('',#4276,10.);
#1253=VECTOR('',#4283,10.);
#1254=VECTOR('',#4286,10.);
#1255=VECTOR('',#4287,10.);
#1256=VECTOR('',#4288,10.);
#1257=VECTOR('',#4289,10.);
#1258=VECTOR('',#4290,10.);
#1259=VECTOR('',#4291,10.);
#1260=VECTOR('',#4292,10.);
#1261=VECTOR('',#4293,10.);
#1262=VECTOR('',#4294,10.);
#1263=VECTOR('',#4295,10.);
#1264=VECTOR('',#4296,10.);
#1265=VECTOR('',#4297,10.);
#1266=VECTOR('',#4298,10.);
#1267=VECTOR('',#4299,10.);
#1268=VECTOR('',#4300,10.);
#1269=VECTOR('',#4301,10.);
#1270=VECTOR('',#4302,10.);
#1271=VECTOR('',#4303,10.);
#1272=VECTOR('',#4304,10.);
#1273=VECTOR('',#4305,10.);
#1274=VECTOR('',#4306,10.);
#1275=VECTOR('',#4307,10.);
#1276=VECTOR('',#4308,10.);
#1277=VECTOR('',#4309,10.);
#1278=VECTOR('',#4310,10.);
#1279=VECTOR('',#4311,10.);
#1280=VECTOR('',#4314,10.);
#1281=VECTOR('',#4319,10.);
#1282=VECTOR('',#4322,10.);
#1283=VECTOR('',#4325,10.);
#1284=VECTOR('',#4326,10.);
#1285=VECTOR('',#4337,10.);
#1286=VECTOR('',#4340,10.);
#1287=VECTOR('',#4341,10.);
#1288=VECTOR('',#4352,10.);
#1289=VECTOR('',#4355,10.);
#1290=VECTOR('',#4356,10.);
#1291=VECTOR('',#4367,10.);
#1292=VECTOR('',#4370,10.);
#1293=VECTOR('',#4371,10.);
#1294=VECTOR('',#4382,10.);
#1295=VECTOR('',#4383,10.);
#1296=VECTOR('',#4398,10.);
#1297=VECTOR('',#4401,10.);
#1298=VECTOR('',#4414,10.);
#1299=VECTOR('',#4415,10.);
#1300=VECTOR('',#4430,10.);
#1301=VECTOR('',#4433,10.);
#1302=VECTOR('',#4438,10.);
#1303=VECTOR('',#4447,10.);
#1304=VECTOR('',#4450,10.);
#1305=VECTOR('',#4455,10.);
#1306=VECTOR('',#4464,10.);
#1307=VECTOR('',#4465,10.);
#1308=VECTOR('',#4472,10.);
#1309=VECTOR('',#4481,10.);
#1310=VECTOR('',#4482,10.);
#1311=VECTOR('',#4489,10.);
#1312=VECTOR('',#4490,10.);
#1313=VECTOR('',#4501,10.);
#1314=VECTOR('',#4514,10.);
#1315=VECTOR('',#4517,10.);
#1316=VECTOR('',#4530,10.);
#1317=VECTOR('',#4533,10.);
#1318=VECTOR('',#4536,10.);
#1319=VECTOR('',#4539,10.);
#1320=VECTOR('',#4540,10.);
#1321=VECTOR('',#4551,10.);
#1322=VECTOR('',#4558,10.);
#1323=VECTOR('',#4567,10.);
#1324=VECTOR('',#4570,10.);
#1325=VECTOR('',#4573,10.);
#1326=VECTOR('',#4580,10.);
#1327=VECTOR('',#4585,10.);
#1328=VECTOR('',#4588,10.);
#1329=VECTOR('',#4589,10.);
#1330=VECTOR('',#4590,10.);
#1331=VECTOR('',#4593,10.);
#1332=VECTOR('',#4594,10.);
#1333=VECTOR('',#4595,10.);
#1334=VECTOR('',#4598,10.);
#1335=VECTOR('',#4599,10.);
#1336=VECTOR('',#4600,10.);
#1337=VECTOR('',#4603,10.);
#1338=VECTOR('',#4604,10.);
#1339=VECTOR('',#4605,10.);
#1340=VECTOR('',#4618,10.);
#1341=VECTOR('',#4621,10.);
#1342=VECTOR('',#4624,10.);
#1343=VECTOR('',#4627,10.);
#1344=VECTOR('',#4640,10.);
#1345=VECTOR('',#4641,10.);
#1346=VECTOR('',#4644,10.);
#1347=VECTOR('',#4645,10.);
#1348=VECTOR('',#4648,10.);
#1349=VECTOR('',#4653,10.);
#1350=VECTOR('',#4654,10.);
#1351=VECTOR('',#4659,10.);
#1352=VECTOR('',#4662,10.);
#1353=VECTOR('',#4663,10.);
#1354=VECTOR('',#4668,10.);
#1355=VECTOR('',#4671,10.);
#1356=VECTOR('',#4676,10.);
#1357=VECTOR('',#4679,10.);
#1358=VECTOR('',#4680,10.);
#1359=VECTOR('',#4689,10.);
#1360=VECTOR('',#4700,10.);
#1361=VECTOR('',#4701,10.);
#1362=VECTOR('',#4706,10.);
#1363=VECTOR('',#4709,10.);
#1364=VECTOR('',#4710,10.);
#1365=VECTOR('',#4731,10.);
#1366=VECTOR('',#4736,10.);
#1367=VERTEX_POINT('',#4743);
#1368=VERTEX_POINT('',#4744);
#1369=VERTEX_POINT('',#4746);
#1370=VERTEX_POINT('',#4748);
#1371=VERTEX_POINT('',#4752);
#1372=VERTEX_POINT('',#4754);
#1373=VERTEX_POINT('',#4756);
#1374=VERTEX_POINT('',#4758);
#1375=VERTEX_POINT('',#4760);
#1376=VERTEX_POINT('',#4762);
#1377=VERTEX_POINT('',#4766);
#1378=VERTEX_POINT('',#4770);
#1379=VERTEX_POINT('',#4771);
#1380=VERTEX_POINT('',#4773);
#1381=VERTEX_POINT('',#4775);
#1382=VERTEX_POINT('',#4779);
#1383=VERTEX_POINT('',#4781);
#1384=VERTEX_POINT('',#4783);
#1385=VERTEX_POINT('',#4785);
#1386=VERTEX_POINT('',#4787);
#1387=VERTEX_POINT('',#4789);
#1388=VERTEX_POINT('',#4793);
#1389=VERTEX_POINT('',#4797);
#1390=VERTEX_POINT('',#4801);
#1391=VERTEX_POINT('',#4805);
#1392=VERTEX_POINT('',#4806);
#1393=VERTEX_POINT('',#4808);
#1394=VERTEX_POINT('',#4810);
#1395=VERTEX_POINT('',#4812);
#1396=VERTEX_POINT('',#4814);
#1397=VERTEX_POINT('',#4816);
#1398=VERTEX_POINT('',#4818);
#1399=VERTEX_POINT('',#4820);
#1400=VERTEX_POINT('',#4822);
#1401=VERTEX_POINT('',#4824);
#1402=VERTEX_POINT('',#4826);
#1403=VERTEX_POINT('',#4828);
#1404=VERTEX_POINT('',#4830);
#1405=VERTEX_POINT('',#4832);
#1406=VERTEX_POINT('',#4834);
#1407=VERTEX_POINT('',#4836);
#1408=VERTEX_POINT('',#4838);
#1409=VERTEX_POINT('',#4840);
#1410=VERTEX_POINT('',#4842);
#1411=VERTEX_POINT('',#4844);
#1412=VERTEX_POINT('',#4846);
#1413=VERTEX_POINT('',#4848);
#1414=VERTEX_POINT('',#4850);
#1415=VERTEX_POINT('',#4852);
#1416=VERTEX_POINT('',#4854);
#1417=VERTEX_POINT('',#4856);
#1418=VERTEX_POINT('',#4858);
#1419=VERTEX_POINT('',#4860);
#1420=VERTEX_POINT('',#4862);
#1421=VERTEX_POINT('',#4864);
#1422=VERTEX_POINT('',#4866);
#1423=VERTEX_POINT('',#4868);
#1424=VERTEX_POINT('',#4870);
#1425=VERTEX_POINT('',#4872);
#1426=VERTEX_POINT('',#4874);
#1427=VERTEX_POINT('',#4876);
#1428=VERTEX_POINT('',#4878);
#1429=VERTEX_POINT('',#4880);
#1430=VERTEX_POINT('',#4882);
#1431=VERTEX_POINT('',#4884);
#1432=VERTEX_POINT('',#4886);
#1433=VERTEX_POINT('',#4888);
#1434=VERTEX_POINT('',#4890);
#1435=VERTEX_POINT('',#4892);
#1436=VERTEX_POINT('',#4894);
#1437=VERTEX_POINT('',#4896);
#1438=VERTEX_POINT('',#4898);
#1439=VERTEX_POINT('',#4900);
#1440=VERTEX_POINT('',#4902);
#1441=VERTEX_POINT('',#4904);
#1442=VERTEX_POINT('',#4906);
#1443=VERTEX_POINT('',#4908);
#1444=VERTEX_POINT('',#4910);
#1445=VERTEX_POINT('',#4912);
#1446=VERTEX_POINT('',#4914);
#1447=VERTEX_POINT('',#4916);
#1448=VERTEX_POINT('',#4918);
#1449=VERTEX_POINT('',#4920);
#1450=VERTEX_POINT('',#4922);
#1451=VERTEX_POINT('',#4924);
#1452=VERTEX_POINT('',#4926);
#1453=VERTEX_POINT('',#4929);
#1454=VERTEX_POINT('',#4932);
#1455=VERTEX_POINT('',#4935);
#1456=VERTEX_POINT('',#4936);
#1457=VERTEX_POINT('',#4938);
#1458=VERTEX_POINT('',#4940);
#1459=VERTEX_POINT('',#4943);
#1460=VERTEX_POINT('',#4944);
#1461=VERTEX_POINT('',#4946);
#1462=VERTEX_POINT('',#4948);
#1463=VERTEX_POINT('',#4950);
#1464=VERTEX_POINT('',#4952);
#1465=VERTEX_POINT('',#4954);
#1466=VERTEX_POINT('',#4956);
#1467=VERTEX_POINT('',#4959);
#1468=VERTEX_POINT('',#4960);
#1469=VERTEX_POINT('',#4962);
#1470=VERTEX_POINT('',#4964);
#1471=VERTEX_POINT('',#4968);
#1472=VERTEX_POINT('',#4970);
#1473=VERTEX_POINT('',#4972);
#1474=VERTEX_POINT('',#4980);
#1475=VERTEX_POINT('',#4982);
#1476=VERTEX_POINT('',#4986);
#1477=VERTEX_POINT('',#4998);
#1478=VERTEX_POINT('',#4999);
#1479=VERTEX_POINT('',#5004);
#1480=VERTEX_POINT('',#5005);
#1481=VERTEX_POINT('',#5007);
#1482=VERTEX_POINT('',#5012);
#1483=VERTEX_POINT('',#5016);
#1484=VERTEX_POINT('',#5018);
#1485=VERTEX_POINT('',#5027);
#1486=VERTEX_POINT('',#5028);
#1487=VERTEX_POINT('',#5033);
#1488=VERTEX_POINT('',#5035);
#1489=VERTEX_POINT('',#5037);
#1490=VERTEX_POINT('',#5041);
#1491=VERTEX_POINT('',#5045);
#1492=VERTEX_POINT('',#5046);
#1493=VERTEX_POINT('',#5056);
#1494=VERTEX_POINT('',#5058);
#1495=VERTEX_POINT('',#5085);
#1496=VERTEX_POINT('',#5086);
#1497=VERTEX_POINT('',#5088);
#1498=VERTEX_POINT('',#5093);
#1499=VERTEX_POINT('',#5098);
#1500=VERTEX_POINT('',#5154);
#1501=VERTEX_POINT('',#5158);
#1502=VERTEX_POINT('',#5160);
#1503=VERTEX_POINT('',#5178);
#1504=VERTEX_POINT('',#5182);
#1505=VERTEX_POINT('',#5215);
#1506=VERTEX_POINT('',#5274);
#1507=VERTEX_POINT('',#5276);
#1508=VERTEX_POINT('',#5282);
#1509=VERTEX_POINT('',#5284);
#1510=VERTEX_POINT('',#5311);
#1511=VERTEX_POINT('',#5312);
#1512=VERTEX_POINT('',#5314);
#1513=VERTEX_POINT('',#5319);
#1514=VERTEX_POINT('',#5326);
#1515=VERTEX_POINT('',#5384);
#1516=VERTEX_POINT('',#5388);
#1517=VERTEX_POINT('',#5390);
#1518=VERTEX_POINT('',#5404);
#1519=VERTEX_POINT('',#5408);
#1520=VERTEX_POINT('',#5441);
#1521=VERTEX_POINT('',#5504);
#1522=VERTEX_POINT('',#5506);
#1523=VERTEX_POINT('',#5512);
#1524=VERTEX_POINT('',#5514);
#1525=VERTEX_POINT('',#5541);
#1526=VERTEX_POINT('',#5542);
#1527=VERTEX_POINT('',#5544);
#1528=VERTEX_POINT('',#5549);
#1529=VERTEX_POINT('',#5556);
#1530=VERTEX_POINT('',#5614);
#1531=VERTEX_POINT('',#5618);
#1532=VERTEX_POINT('',#5620);
#1533=VERTEX_POINT('',#5634);
#1534=VERTEX_POINT('',#5638);
#1535=VERTEX_POINT('',#5671);
#1536=VERTEX_POINT('',#5734);
#1537=VERTEX_POINT('',#5736);
#1538=VERTEX_POINT('',#5742);
#1539=VERTEX_POINT('',#5744);
#1540=VERTEX_POINT('',#5771);
#1541=VERTEX_POINT('',#5772);
#1542=VERTEX_POINT('',#5774);
#1543=VERTEX_POINT('',#5779);
#1544=VERTEX_POINT('',#5784);
#1545=VERTEX_POINT('',#5871);
#1546=VERTEX_POINT('',#5875);
#1547=VERTEX_POINT('',#5877);
#1548=VERTEX_POINT('',#5891);
#1549=VERTEX_POINT('',#5895);
#1550=VERTEX_POINT('',#5928);
#1551=VERTEX_POINT('',#5985);
#1552=VERTEX_POINT('',#5987);
#1553=VERTEX_POINT('',#5993);
#1554=VERTEX_POINT('',#5995);
#1555=VERTEX_POINT('',#6022);
#1556=VERTEX_POINT('',#6023);
#1557=VERTEX_POINT('',#6025);
#1558=VERTEX_POINT('',#6030);
#1559=VERTEX_POINT('',#6035);
#1560=VERTEX_POINT('',#6095);
#1561=VERTEX_POINT('',#6099);
#1562=VERTEX_POINT('',#6103);
#1563=VERTEX_POINT('',#6115);
#1564=VERTEX_POINT('',#6121);
#1565=VERTEX_POINT('',#6123);
#1566=VERTEX_POINT('',#6125);
#1567=VERTEX_POINT('',#6127);
#1568=VERTEX_POINT('',#6129);
#1569=VERTEX_POINT('',#6131);
#1570=VERTEX_POINT('',#6133);
#1571=VERTEX_POINT('',#6135);
#1572=VERTEX_POINT('',#6137);
#1573=VERTEX_POINT('',#6139);
#1574=VERTEX_POINT('',#6141);
#1575=VERTEX_POINT('',#6143);
#1576=VERTEX_POINT('',#6145);
#1577=VERTEX_POINT('',#6147);
#1578=VERTEX_POINT('',#6149);
#1579=VERTEX_POINT('',#6151);
#1580=VERTEX_POINT('',#6153);
#1581=VERTEX_POINT('',#6155);
#1582=VERTEX_POINT('',#6157);
#1583=VERTEX_POINT('',#6159);
#1584=VERTEX_POINT('',#6161);
#1585=VERTEX_POINT('',#6169);
#1586=VERTEX_POINT('',#6177);
#1587=VERTEX_POINT('',#6196);
#1588=VERTEX_POINT('',#6215);
#1589=VERTEX_POINT('',#6234);
#1590=VERTEX_POINT('',#6251);
#1591=VERTEX_POINT('',#6253);
#1592=VERTEX_POINT('',#6286);
#1593=VERTEX_POINT('',#6287);
#1594=VERTEX_POINT('',#6357);
#1595=VERTEX_POINT('',#6362);
#1596=VERTEX_POINT('',#6364);
#1597=VERTEX_POINT('',#6397);
#1598=VERTEX_POINT('',#6398);
#1599=VERTEX_POINT('',#6468);
#1600=VERTEX_POINT('',#6473);
#1601=VERTEX_POINT('',#6475);
#1602=VERTEX_POINT('',#6508);
#1603=VERTEX_POINT('',#6509);
#1604=VERTEX_POINT('',#6579);
#1605=VERTEX_POINT('',#6584);
#1606=VERTEX_POINT('',#6586);
#1607=VERTEX_POINT('',#6613);
#1608=VERTEX_POINT('',#6614);
#1609=VERTEX_POINT('',#6616);
#1610=VERTEX_POINT('',#6625);
#1611=VERTEX_POINT('',#6686);
#1612=VERTEX_POINT('',#6688);
#1613=VERTEX_POINT('',#6715);
#1614=VERTEX_POINT('',#6716);
#1615=VERTEX_POINT('',#6718);
#1616=VERTEX_POINT('',#6729);
#1617=VERTEX_POINT('',#6792);
#1618=VERTEX_POINT('',#6794);
#1619=VERTEX_POINT('',#6821);
#1620=VERTEX_POINT('',#6822);
#1621=VERTEX_POINT('',#6824);
#1622=VERTEX_POINT('',#6835);
#1623=VERTEX_POINT('',#6929);
#1624=VERTEX_POINT('',#6931);
#1625=VERTEX_POINT('',#6958);
#1626=VERTEX_POINT('',#6959);
#1627=VERTEX_POINT('',#6961);
#1628=VERTEX_POINT('',#6970);
#1629=VERTEX_POINT('',#7057);
#1630=VERTEX_POINT('',#7061);
#1631=VERTEX_POINT('',#7077);
#1632=VERTEX_POINT('',#7110);
#1633=VERTEX_POINT('',#7168);
#1634=VERTEX_POINT('',#7173);
#1635=VERTEX_POINT('',#7175);
#1636=VERTEX_POINT('',#7208);
#1637=VERTEX_POINT('',#7209);
#1638=VERTEX_POINT('',#7279);
#1639=VERTEX_POINT('',#7290);
#1640=VERTEX_POINT('',#7313);
#1641=VERTEX_POINT('',#7350);
#1642=VERTEX_POINT('',#7368);
#1643=VERTEX_POINT('',#7377);
#1644=VERTEX_POINT('',#7378);
#1645=VERTEX_POINT('',#7383);
#1646=VERTEX_POINT('',#7385);
#1647=VERTEX_POINT('',#7389);
#1648=VERTEX_POINT('',#7391);
#1649=VERTEX_POINT('',#7395);
#1650=VERTEX_POINT('',#7397);
#1651=VERTEX_POINT('',#7405);
#1652=VERTEX_POINT('',#7406);
#1653=VERTEX_POINT('',#7408);
#1654=VERTEX_POINT('',#7410);
#1655=VERTEX_POINT('',#7412);
#1656=VERTEX_POINT('',#7414);
#1657=VERTEX_POINT('',#7416);
#1658=VERTEX_POINT('',#7418);
#1659=VERTEX_POINT('',#7426);
#1660=VERTEX_POINT('',#7427);
#1661=VERTEX_POINT('',#7432);
#1662=VERTEX_POINT('',#7436);
#1663=VERTEX_POINT('',#7440);
#1664=VERTEX_POINT('',#7444);
#1665=VERTEX_POINT('',#7448);
#1666=VERTEX_POINT('',#7452);
#1667=VERTEX_POINT('',#7458);
#1668=VERTEX_POINT('',#7459);
#1669=VERTEX_POINT('',#7461);
#1670=VERTEX_POINT('',#7463);
#1671=VERTEX_POINT('',#7471);
#1672=VERTEX_POINT('',#7496);
#1673=VERTEX_POINT('',#7500);
#1674=VERTEX_POINT('',#7501);
#1675=VERTEX_POINT('',#7503);
#1676=VERTEX_POINT('',#7505);
#1677=EDGE_CURVE('',#1367,#1368,#867,.T.);
#1678=EDGE_CURVE('',#1368,#1369,#868,.T.);
#1679=EDGE_CURVE('',#1369,#1370,#869,.T.);
#1680=EDGE_CURVE('',#1370,#1367,#870,.T.);
#1681=EDGE_CURVE('',#1371,#1369,#871,.T.);
#1682=EDGE_CURVE('',#1372,#1371,#872,.T.);
#1683=EDGE_CURVE('',#1373,#1372,#873,.T.);
#1684=EDGE_CURVE('',#1374,#1373,#874,.T.);
#1685=EDGE_CURVE('',#1375,#1374,#263,.T.);
#1686=EDGE_CURVE('',#1376,#1375,#875,.T.);
#1687=EDGE_CURVE('',#1370,#1376,#876,.T.);
#1688=EDGE_CURVE('',#1368,#1377,#877,.T.);
#1689=EDGE_CURVE('',#1371,#1377,#878,.T.);
#1690=EDGE_CURVE('',#1378,#1379,#879,.T.);
#1691=EDGE_CURVE('',#1379,#1380,#880,.T.);
#1692=EDGE_CURVE('',#1380,#1381,#881,.T.);
#1693=EDGE_CURVE('',#1381,#1378,#882,.T.);
#1694=EDGE_CURVE('',#1382,#1380,#883,.T.);
#1695=EDGE_CURVE('',#1383,#1382,#884,.T.);
#1696=EDGE_CURVE('',#1384,#1383,#885,.T.);
#1697=EDGE_CURVE('',#1385,#1384,#886,.T.);
#1698=EDGE_CURVE('',#1386,#1385,#264,.T.);
#1699=EDGE_CURVE('',#1387,#1386,#887,.T.);
#1700=EDGE_CURVE('',#1387,#1381,#888,.T.);
#1701=EDGE_CURVE('',#1379,#1388,#889,.T.);
#1702=EDGE_CURVE('',#1382,#1388,#890,.T.);
#1703=EDGE_CURVE('',#1388,#1389,#891,.T.);
#1704=EDGE_CURVE('',#1389,#1383,#892,.T.);
#1705=EDGE_CURVE('',#1377,#1390,#893,.T.);
#1706=EDGE_CURVE('',#1390,#1372,#894,.T.);
#1707=EDGE_CURVE('',#1391,#1392,#895,.T.);
#1708=EDGE_CURVE('',#1392,#1393,#265,.T.);
#1709=EDGE_CURVE('',#1393,#1394,#896,.T.);
#1710=EDGE_CURVE('',#1394,#1395,#266,.T.);
#1711=EDGE_CURVE('',#1396,#1395,#897,.T.);
#1712=EDGE_CURVE('',#1397,#1396,#267,.T.);
#1713=EDGE_CURVE('',#1397,#1398,#268,.T.);
#1714=EDGE_CURVE('',#1399,#1398,#898,.T.);
#1715=EDGE_CURVE('',#1399,#1400,#269,.T.);
#1716=EDGE_CURVE('',#1400,#1401,#270,.T.);
#1717=EDGE_CURVE('',#1401,#1402,#899,.T.);
#1718=EDGE_CURVE('',#1402,#1403,#271,.T.);
#1719=EDGE_CURVE('',#1403,#1404,#272,.T.);
#1720=EDGE_CURVE('',#1405,#1404,#900,.T.);
#1721=EDGE_CURVE('',#1405,#1406,#273,.T.);
#1722=EDGE_CURVE('',#1406,#1407,#274,.T.);
#1723=EDGE_CURVE('',#1407,#1408,#901,.T.);
#1724=EDGE_CURVE('',#1408,#1409,#275,.T.);
#1725=EDGE_CURVE('',#1409,#1410,#276,.T.);
#1726=EDGE_CURVE('',#1411,#1410,#902,.T.);
#1727=EDGE_CURVE('',#1411,#1412,#277,.T.);
#1728=EDGE_CURVE('',#1412,#1413,#278,.T.);
#1729=EDGE_CURVE('',#1413,#1414,#903,.T.);
#1730=EDGE_CURVE('',#1414,#1415,#279,.T.);
#1731=EDGE_CURVE('',#1415,#1416,#280,.T.);
#1732=EDGE_CURVE('',#1417,#1416,#904,.T.);
#1733=EDGE_CURVE('',#1417,#1418,#281,.T.);
#1734=EDGE_CURVE('',#1418,#1419,#282,.T.);
#1735=EDGE_CURVE('',#1419,#1420,#905,.T.);
#1736=EDGE_CURVE('',#1420,#1421,#283,.T.);
#1737=EDGE_CURVE('',#1421,#1422,#284,.T.);
#1738=EDGE_CURVE('',#1423,#1422,#906,.T.);
#1739=EDGE_CURVE('',#1423,#1424,#285,.T.);
#1740=EDGE_CURVE('',#1424,#1425,#907,.T.);
#1741=EDGE_CURVE('',#1425,#1426,#286,.T.);
#1742=EDGE_CURVE('',#1426,#1427,#908,.T.);
#1743=EDGE_CURVE('',#1427,#1428,#287,.T.);
#1744=EDGE_CURVE('',#1428,#1429,#288,.T.);
#1745=EDGE_CURVE('',#1429,#1430,#909,.T.);
#1746=EDGE_CURVE('',#1430,#1431,#289,.T.);
#1747=EDGE_CURVE('',#1431,#1432,#290,.T.);
#1748=EDGE_CURVE('',#1432,#1433,#910,.T.);
#1749=EDGE_CURVE('',#1433,#1434,#291,.T.);
#1750=EDGE_CURVE('',#1434,#1435,#292,.T.);
#1751=EDGE_CURVE('',#1435,#1436,#911,.T.);
#1752=EDGE_CURVE('',#1436,#1437,#293,.T.);
#1753=EDGE_CURVE('',#1437,#1438,#294,.T.);
#1754=EDGE_CURVE('',#1438,#1439,#912,.T.);
#1755=EDGE_CURVE('',#1439,#1440,#295,.T.);
#1756=EDGE_CURVE('',#1440,#1441,#296,.T.);
#1757=EDGE_CURVE('',#1441,#1442,#913,.T.);
#1758=EDGE_CURVE('',#1442,#1443,#297,.T.);
#1759=EDGE_CURVE('',#1443,#1444,#298,.T.);
#1760=EDGE_CURVE('',#1444,#1445,#914,.T.);
#1761=EDGE_CURVE('',#1445,#1446,#299,.T.);
#1762=EDGE_CURVE('',#1446,#1447,#300,.T.);
#1763=EDGE_CURVE('',#1447,#1448,#915,.T.);
#1764=EDGE_CURVE('',#1448,#1449,#301,.T.);
#1765=EDGE_CURVE('',#1449,#1450,#302,.T.);
#1766=EDGE_CURVE('',#1450,#1451,#916,.T.);
#1767=EDGE_CURVE('',#1451,#1452,#303,.T.);
#1768=EDGE_CURVE('',#1452,#1391,#304,.T.);
#1769=EDGE_CURVE('',#1389,#1453,#917,.T.);
#1770=EDGE_CURVE('',#1453,#1384,#918,.T.);
#1771=EDGE_CURVE('',#1390,#1454,#919,.T.);
#1772=EDGE_CURVE('',#1454,#1373,#920,.T.);
#1773=EDGE_CURVE('',#1455,#1456,#921,.T.);
#1774=EDGE_CURVE('',#1457,#1455,#922,.T.);
#1775=EDGE_CURVE('',#1458,#1457,#923,.T.);
#1776=EDGE_CURVE('',#1456,#1458,#924,.T.);
#1777=EDGE_CURVE('',#1459,#1460,#305,.T.);
#1778=EDGE_CURVE('',#1460,#1461,#925,.T.);
#1779=EDGE_CURVE('',#1461,#1462,#306,.T.);
#1780=EDGE_CURVE('',#1462,#1463,#926,.T.);
#1781=EDGE_CURVE('',#1463,#1464,#307,.T.);
#1782=EDGE_CURVE('',#1464,#1465,#927,.T.);
#1783=EDGE_CURVE('',#1465,#1466,#308,.T.);
#1784=EDGE_CURVE('',#1466,#1459,#928,.T.);
#1785=EDGE_CURVE('',#1467,#1468,#929,.T.);
#1786=EDGE_CURVE('',#1468,#1469,#930,.T.);
#1787=EDGE_CURVE('',#1469,#1470,#931,.T.);
#1788=EDGE_CURVE('',#1470,#1467,#932,.T.);
#1789=EDGE_CURVE('',#1471,#1367,#933,.T.);
#1790=EDGE_CURVE('',#1472,#1471,#934,.T.);
#1791=EDGE_CURVE('',#1473,#1472,#309,.T.);
#1792=EDGE_CURVE('',#1454,#1473,#935,.T.);
#1793=EDGE_CURVE('',#1471,#1376,#936,.T.);
#1794=EDGE_CURVE('',#1375,#1472,#937,.T.);
#1795=EDGE_CURVE('',#1386,#1474,#938,.T.);
#1796=EDGE_CURVE('',#1475,#1385,#939,.T.);
#1797=EDGE_CURVE('',#1475,#1474,#310,.T.);
#1798=EDGE_CURVE('',#1378,#1476,#940,.T.);
#1799=EDGE_CURVE('',#1474,#1476,#941,.T.);
#1800=EDGE_CURVE('',#1453,#1475,#942,.T.);
#1801=EDGE_CURVE('',#1473,#1374,#943,.T.);
#1802=EDGE_CURVE('',#1476,#1387,#944,.T.);
#1803=EDGE_CURVE('',#1477,#1478,#945,.T.);
#1804=EDGE_CURVE('',#1478,#1456,#946,.T.);
#1805=EDGE_CURVE('',#1477,#1458,#947,.T.);
#1806=EDGE_CURVE('',#1479,#1480,#311,.T.);
#1807=EDGE_CURVE('',#1481,#1479,#948,.T.);
#1808=EDGE_CURVE('',#1477,#1481,#312,.T.);
#1809=EDGE_CURVE('',#1480,#1457,#949,.T.);
#1810=EDGE_CURVE('',#1482,#1480,#950,.T.);
#1811=EDGE_CURVE('',#1482,#1455,#951,.T.);
#1812=EDGE_CURVE('',#1482,#1483,#313,.T.);
#1813=EDGE_CURVE('',#1484,#1478,#314,.T.);
#1814=EDGE_CURVE('',#1483,#1484,#952,.T.);
#1815=EDGE_CURVE('',#1481,#1484,#953,.T.);
#1816=EDGE_CURVE('',#1483,#1479,#954,.T.);
#1817=EDGE_CURVE('',#1485,#1486,#955,.T.);
#1818=EDGE_CURVE('',#1486,#1468,#956,.T.);
#1819=EDGE_CURVE('',#1485,#1467,#957,.T.);
#1820=EDGE_CURVE('',#1487,#1469,#958,.T.);
#1821=EDGE_CURVE('',#1486,#1488,#315,.T.);
#1822=EDGE_CURVE('',#1488,#1489,#959,.T.);
#1823=EDGE_CURVE('',#1489,#1487,#316,.T.);
#1824=EDGE_CURVE('',#1487,#1490,#960,.T.);
#1825=EDGE_CURVE('',#1490,#1470,#961,.T.);
#1826=EDGE_CURVE('',#1491,#1492,#962,.T.);
#1827=EDGE_CURVE('',#1492,#1485,#317,.T.);
#1828=EDGE_CURVE('',#1490,#1491,#318,.T.);
#1829=EDGE_CURVE('',#1492,#1488,#963,.T.);
#1830=EDGE_CURVE('',#1489,#1491,#964,.T.);
#1831=EDGE_CURVE('',#1398,#1493,#965,.T.);
#1832=EDGE_CURVE('',#1494,#1397,#966,.T.);
#1833=EDGE_CURVE('',#1493,#1494,#319,.T.);
#1834=EDGE_CURVE('',#1495,#1496,#320,.T.);
#1835=EDGE_CURVE('',#1496,#1497,#37,.T.);
#1836=EDGE_CURVE('',#1497,#1498,#38,.T.);
#1837=EDGE_CURVE('',#1498,#1499,#39,.T.);
#1838=EDGE_CURVE('',#1499,#1495,#40,.T.);
#1839=EDGE_CURVE('',#1495,#1493,#41,.T.);
#1840=EDGE_CURVE('',#1494,#1496,#42,.T.);
#1841=EDGE_CURVE('',#1493,#1500,#967,.T.);
#1842=EDGE_CURVE('',#1500,#1399,#968,.T.);
#1843=EDGE_CURVE('',#1498,#1501,#969,.T.);
#1844=EDGE_CURVE('',#1501,#1502,#43,.T.);
#1845=EDGE_CURVE('',#1502,#1500,#44,.T.);
#1846=EDGE_CURVE('',#1496,#1503,#321,.T.);
#1847=EDGE_CURVE('',#1503,#1498,#970,.T.);
#1848=EDGE_CURVE('',#1400,#1504,#971,.T.);
#1849=EDGE_CURVE('',#1504,#1500,#322,.T.);
#1850=EDGE_CURVE('',#1505,#1502,#323,.T.);
#1851=EDGE_CURVE('',#1501,#1505,#45,.T.);
#1852=EDGE_CURVE('',#1505,#1504,#46,.T.);
#1853=EDGE_CURVE('',#1506,#1505,#324,.T.);
#1854=EDGE_CURVE('',#1507,#1506,#325,.T.);
#1855=EDGE_CURVE('',#1504,#1507,#326,.T.);
#1856=EDGE_CURVE('',#1501,#1506,#972,.T.);
#1857=EDGE_CURVE('',#1508,#1403,#973,.T.);
#1858=EDGE_CURVE('',#1509,#1508,#327,.T.);
#1859=EDGE_CURVE('',#1404,#1509,#974,.T.);
#1860=EDGE_CURVE('',#1510,#1511,#328,.T.);
#1861=EDGE_CURVE('',#1511,#1512,#47,.T.);
#1862=EDGE_CURVE('',#1512,#1513,#48,.T.);
#1863=EDGE_CURVE('',#1513,#1514,#49,.T.);
#1864=EDGE_CURVE('',#1514,#1510,#50,.T.);
#1865=EDGE_CURVE('',#1510,#1509,#51,.T.);
#1866=EDGE_CURVE('',#1508,#1511,#52,.T.);
#1867=EDGE_CURVE('',#1509,#1515,#975,.T.);
#1868=EDGE_CURVE('',#1515,#1405,#976,.T.);
#1869=EDGE_CURVE('',#1513,#1516,#977,.T.);
#1870=EDGE_CURVE('',#1516,#1517,#53,.T.);
#1871=EDGE_CURVE('',#1517,#1515,#54,.T.);
#1872=EDGE_CURVE('',#1511,#1518,#329,.T.);
#1873=EDGE_CURVE('',#1518,#1513,#978,.T.);
#1874=EDGE_CURVE('',#1406,#1519,#979,.T.);
#1875=EDGE_CURVE('',#1519,#1515,#330,.T.);
#1876=EDGE_CURVE('',#1520,#1517,#331,.T.);
#1877=EDGE_CURVE('',#1516,#1520,#55,.T.);
#1878=EDGE_CURVE('',#1520,#1519,#56,.T.);
#1879=EDGE_CURVE('',#1521,#1520,#332,.T.);
#1880=EDGE_CURVE('',#1522,#1521,#333,.T.);
#1881=EDGE_CURVE('',#1519,#1522,#334,.T.);
#1882=EDGE_CURVE('',#1516,#1521,#980,.T.);
#1883=EDGE_CURVE('',#1523,#1409,#981,.T.);
#1884=EDGE_CURVE('',#1524,#1523,#335,.T.);
#1885=EDGE_CURVE('',#1410,#1524,#982,.T.);
#1886=EDGE_CURVE('',#1525,#1526,#336,.T.);
#1887=EDGE_CURVE('',#1526,#1527,#57,.T.);
#1888=EDGE_CURVE('',#1527,#1528,#58,.T.);
#1889=EDGE_CURVE('',#1528,#1529,#59,.T.);
#1890=EDGE_CURVE('',#1529,#1525,#60,.T.);
#1891=EDGE_CURVE('',#1525,#1524,#61,.T.);
#1892=EDGE_CURVE('',#1523,#1526,#62,.T.);
#1893=EDGE_CURVE('',#1524,#1530,#983,.T.);
#1894=EDGE_CURVE('',#1530,#1411,#984,.T.);
#1895=EDGE_CURVE('',#1528,#1531,#985,.T.);
#1896=EDGE_CURVE('',#1531,#1532,#63,.T.);
#1897=EDGE_CURVE('',#1532,#1530,#64,.T.);
#1898=EDGE_CURVE('',#1526,#1533,#337,.T.);
#1899=EDGE_CURVE('',#1533,#1528,#986,.T.);
#1900=EDGE_CURVE('',#1534,#1530,#338,.T.);
#1901=EDGE_CURVE('',#1412,#1534,#987,.T.);
#1902=EDGE_CURVE('',#1535,#1532,#339,.T.);
#1903=EDGE_CURVE('',#1531,#1535,#65,.T.);
#1904=EDGE_CURVE('',#1535,#1534,#66,.T.);
#1905=EDGE_CURVE('',#1536,#1535,#340,.T.);
#1906=EDGE_CURVE('',#1537,#1536,#341,.T.);
#1907=EDGE_CURVE('',#1534,#1537,#342,.T.);
#1908=EDGE_CURVE('',#1531,#1536,#988,.T.);
#1909=EDGE_CURVE('',#1416,#1538,#989,.T.);
#1910=EDGE_CURVE('',#1539,#1415,#990,.T.);
#1911=EDGE_CURVE('',#1538,#1539,#343,.T.);
#1912=EDGE_CURVE('',#1540,#1541,#344,.T.);
#1913=EDGE_CURVE('',#1541,#1542,#67,.T.);
#1914=EDGE_CURVE('',#1542,#1543,#68,.T.);
#1915=EDGE_CURVE('',#1543,#1544,#69,.T.);
#1916=EDGE_CURVE('',#1544,#1540,#70,.T.);
#1917=EDGE_CURVE('',#1540,#1538,#71,.T.);
#1918=EDGE_CURVE('',#1539,#1541,#72,.T.);
#1919=EDGE_CURVE('',#1538,#1545,#991,.T.);
#1920=EDGE_CURVE('',#1545,#1417,#992,.T.);
#1921=EDGE_CURVE('',#1543,#1546,#993,.T.);
#1922=EDGE_CURVE('',#1546,#1547,#73,.T.);
#1923=EDGE_CURVE('',#1547,#1545,#74,.T.);
#1924=EDGE_CURVE('',#1541,#1548,#345,.T.);
#1925=EDGE_CURVE('',#1548,#1543,#994,.T.);
#1926=EDGE_CURVE('',#1549,#1545,#346,.T.);
#1927=EDGE_CURVE('',#1418,#1549,#995,.T.);
#1928=EDGE_CURVE('',#1550,#1547,#347,.T.);
#1929=EDGE_CURVE('',#1546,#1550,#75,.T.);
#1930=EDGE_CURVE('',#1550,#1549,#76,.T.);
#1931=EDGE_CURVE('',#1551,#1550,#348,.T.);
#1932=EDGE_CURVE('',#1552,#1551,#349,.T.);
#1933=EDGE_CURVE('',#1549,#1552,#350,.T.);
#1934=EDGE_CURVE('',#1546,#1551,#996,.T.);
#1935=EDGE_CURVE('',#1422,#1553,#997,.T.);
#1936=EDGE_CURVE('',#1554,#1421,#998,.T.);
#1937=EDGE_CURVE('',#1553,#1554,#351,.T.);
#1938=EDGE_CURVE('',#1555,#1556,#352,.T.);
#1939=EDGE_CURVE('',#1556,#1557,#77,.T.);
#1940=EDGE_CURVE('',#1557,#1558,#78,.T.);
#1941=EDGE_CURVE('',#1558,#1559,#79,.T.);
#1942=EDGE_CURVE('',#1559,#1555,#80,.T.);
#1943=EDGE_CURVE('',#1555,#1553,#81,.T.);
#1944=EDGE_CURVE('',#1554,#1556,#82,.T.);
#1945=EDGE_CURVE('',#1553,#1560,#999,.T.);
#1946=EDGE_CURVE('',#1560,#1423,#1000,.T.);
#1947=EDGE_CURVE('',#1558,#1561,#1001,.T.);
#1948=EDGE_CURVE('',#1561,#1560,#353,.T.);
#1949=EDGE_CURVE('',#1556,#1562,#354,.T.);
#1950=EDGE_CURVE('',#1562,#1558,#1002,.T.);
#1951=EDGE_CURVE('',#1563,#1494,#355,.T.);
#1952=EDGE_CURVE('',#1503,#1563,#356,.T.);
#1953=EDGE_CURVE('',#1396,#1563,#1003,.T.);
#1954=EDGE_CURVE('',#1503,#1564,#1004,.T.);
#1955=EDGE_CURVE('',#1564,#1565,#1005,.T.);
#1956=EDGE_CURVE('',#1565,#1566,#1006,.T.);
#1957=EDGE_CURVE('',#1566,#1567,#1007,.T.);
#1958=EDGE_CURVE('',#1567,#1568,#1008,.T.);
#1959=EDGE_CURVE('',#1568,#1569,#1009,.T.);
#1960=EDGE_CURVE('',#1569,#1570,#1010,.T.);
#1961=EDGE_CURVE('',#1570,#1571,#1011,.T.);
#1962=EDGE_CURVE('',#1571,#1572,#1012,.T.);
#1963=EDGE_CURVE('',#1572,#1573,#1013,.T.);
#1964=EDGE_CURVE('',#1573,#1574,#1014,.T.);
#1965=EDGE_CURVE('',#1574,#1575,#1015,.T.);
#1966=EDGE_CURVE('',#1575,#1576,#1016,.T.);
#1967=EDGE_CURVE('',#1576,#1577,#1017,.T.);
#1968=EDGE_CURVE('',#1577,#1578,#1018,.T.);
#1969=EDGE_CURVE('',#1578,#1579,#1019,.T.);
#1970=EDGE_CURVE('',#1579,#1580,#1020,.T.);
#1971=EDGE_CURVE('',#1580,#1581,#1021,.T.);
#1972=EDGE_CURVE('',#1581,#1582,#1022,.T.);
#1973=EDGE_CURVE('',#1582,#1583,#1023,.T.);
#1974=EDGE_CURVE('',#1583,#1584,#1024,.T.);
#1975=EDGE_CURVE('',#1584,#1561,#1025,.T.);
#1976=EDGE_CURVE('',#1562,#1551,#1026,.T.);
#1977=EDGE_CURVE('',#1548,#1536,#1027,.T.);
#1978=EDGE_CURVE('',#1533,#1521,#1028,.T.);
#1979=EDGE_CURVE('',#1518,#1506,#1029,.T.);
#1980=EDGE_CURVE('',#1563,#1585,#1030,.T.);
#1981=EDGE_CURVE('',#1585,#1564,#357,.T.);
#1982=EDGE_CURVE('',#1395,#1585,#1031,.T.);
#1983=EDGE_CURVE('',#1507,#1401,#1032,.T.);
#1984=EDGE_CURVE('',#1507,#1586,#1033,.T.);
#1985=EDGE_CURVE('',#1586,#1402,#1034,.T.);
#1986=EDGE_CURVE('',#1518,#1586,#358,.T.);
#1987=EDGE_CURVE('',#1586,#1508,#359,.T.);
#1988=EDGE_CURVE('',#1522,#1407,#1035,.T.);
#1989=EDGE_CURVE('',#1522,#1587,#1036,.T.);
#1990=EDGE_CURVE('',#1587,#1408,#1037,.T.);
#1991=EDGE_CURVE('',#1533,#1587,#360,.T.);
#1992=EDGE_CURVE('',#1587,#1523,#361,.T.);
#1993=EDGE_CURVE('',#1537,#1413,#1038,.T.);
#1994=EDGE_CURVE('',#1537,#1588,#1039,.T.);
#1995=EDGE_CURVE('',#1588,#1414,#1040,.T.);
#1996=EDGE_CURVE('',#1588,#1539,#362,.T.);
#1997=EDGE_CURVE('',#1548,#1588,#363,.T.);
#1998=EDGE_CURVE('',#1552,#1419,#1041,.T.);
#1999=EDGE_CURVE('',#1552,#1589,#1042,.T.);
#2000=EDGE_CURVE('',#1589,#1420,#1043,.T.);
#2001=EDGE_CURVE('',#1589,#1554,#364,.T.);
#2002=EDGE_CURVE('',#1562,#1589,#365,.T.);
#2003=EDGE_CURVE('',#1440,#1590,#1044,.T.);
#2004=EDGE_CURVE('',#1591,#1439,#1045,.T.);
#2005=EDGE_CURVE('',#1590,#1591,#366,.T.);
#2006=EDGE_CURVE('',#1592,#1593,#367,.T.);
#2007=EDGE_CURVE('',#1593,#1575,#83,.T.);
#2008=EDGE_CURVE('',#1575,#1592,#84,.T.);
#2009=EDGE_CURVE('',#1592,#1590,#85,.T.);
#2010=EDGE_CURVE('',#1591,#1593,#86,.T.);
#2011=EDGE_CURVE('',#1574,#1592,#368,.T.);
#2012=EDGE_CURVE('',#1594,#1574,#369,.T.);
#2013=EDGE_CURVE('',#1590,#1594,#370,.T.);
#2014=EDGE_CURVE('',#1595,#1451,#1046,.T.);
#2015=EDGE_CURVE('',#1596,#1595,#371,.T.);
#2016=EDGE_CURVE('',#1452,#1596,#1047,.T.);
#2017=EDGE_CURVE('',#1597,#1598,#372,.T.);
#2018=EDGE_CURVE('',#1598,#1567,#87,.T.);
#2019=EDGE_CURVE('',#1567,#1597,#88,.T.);
#2020=EDGE_CURVE('',#1597,#1596,#89,.T.);
#2021=EDGE_CURVE('',#1595,#1598,#90,.T.);
#2022=EDGE_CURVE('',#1566,#1597,#373,.T.);
#2023=EDGE_CURVE('',#1599,#1566,#374,.T.);
#2024=EDGE_CURVE('',#1596,#1599,#375,.T.);
#2025=EDGE_CURVE('',#1446,#1600,#1048,.T.);
#2026=EDGE_CURVE('',#1601,#1445,#1049,.T.);
#2027=EDGE_CURVE('',#1600,#1601,#376,.T.);
#2028=EDGE_CURVE('',#1602,#1603,#377,.T.);
#2029=EDGE_CURVE('',#1603,#1571,#91,.T.);
#2030=EDGE_CURVE('',#1571,#1602,#92,.T.);
#2031=EDGE_CURVE('',#1602,#1600,#93,.T.);
#2032=EDGE_CURVE('',#1601,#1603,#94,.T.);
#2033=EDGE_CURVE('',#1570,#1602,#378,.T.);
#2034=EDGE_CURVE('',#1604,#1570,#379,.T.);
#2035=EDGE_CURVE('',#1600,#1604,#380,.T.);
#2036=EDGE_CURVE('',#1605,#1449,#1050,.T.);
#2037=EDGE_CURVE('',#1606,#1605,#381,.T.);
#2038=EDGE_CURVE('',#1450,#1606,#1051,.T.);
#2039=EDGE_CURVE('',#1607,#1608,#382,.T.);
#2040=EDGE_CURVE('',#1608,#1609,#95,.T.);
#2041=EDGE_CURVE('',#1609,#1568,#96,.T.);
#2042=EDGE_CURVE('',#1568,#1610,#97,.T.);
#2043=EDGE_CURVE('',#1610,#1607,#98,.T.);
#2044=EDGE_CURVE('',#1607,#1606,#99,.T.);
#2045=EDGE_CURVE('',#1605,#1608,#100,.T.);
#2046=EDGE_CURVE('',#1606,#1595,#1052,.T.);
#2047=EDGE_CURVE('',#1608,#1569,#383,.T.);
#2048=EDGE_CURVE('',#1611,#1443,#1053,.T.);
#2049=EDGE_CURVE('',#1612,#1611,#384,.T.);
#2050=EDGE_CURVE('',#1444,#1612,#1054,.T.);
#2051=EDGE_CURVE('',#1613,#1614,#385,.T.);
#2052=EDGE_CURVE('',#1614,#1615,#101,.T.);
#2053=EDGE_CURVE('',#1615,#1572,#102,.T.);
#2054=EDGE_CURVE('',#1572,#1616,#103,.T.);
#2055=EDGE_CURVE('',#1616,#1613,#104,.T.);
#2056=EDGE_CURVE('',#1613,#1612,#105,.T.);
#2057=EDGE_CURVE('',#1611,#1614,#106,.T.);
#2058=EDGE_CURVE('',#1612,#1601,#1055,.T.);
#2059=EDGE_CURVE('',#1614,#1573,#386,.T.);
#2060=EDGE_CURVE('',#1438,#1617,#1056,.T.);
#2061=EDGE_CURVE('',#1618,#1437,#1057,.T.);
#2062=EDGE_CURVE('',#1617,#1618,#387,.T.);
#2063=EDGE_CURVE('',#1619,#1620,#388,.T.);
#2064=EDGE_CURVE('',#1620,#1621,#107,.T.);
#2065=EDGE_CURVE('',#1621,#1576,#108,.T.);
#2066=EDGE_CURVE('',#1576,#1622,#109,.T.);
#2067=EDGE_CURVE('',#1622,#1619,#110,.T.);
#2068=EDGE_CURVE('',#1619,#1617,#111,.T.);
#2069=EDGE_CURVE('',#1618,#1620,#112,.T.);
#2070=EDGE_CURVE('',#1617,#1591,#1058,.T.);
#2071=EDGE_CURVE('',#1620,#1577,#389,.T.);
#2072=EDGE_CURVE('',#1432,#1623,#1059,.T.);
#2073=EDGE_CURVE('',#1624,#1431,#1060,.T.);
#2074=EDGE_CURVE('',#1623,#1624,#390,.T.);
#2075=EDGE_CURVE('',#1625,#1626,#391,.T.);
#2076=EDGE_CURVE('',#1626,#1627,#113,.T.);
#2077=EDGE_CURVE('',#1627,#1580,#114,.T.);
#2078=EDGE_CURVE('',#1580,#1628,#115,.T.);
#2079=EDGE_CURVE('',#1628,#1625,#116,.T.);
#2080=EDGE_CURVE('',#1625,#1623,#117,.T.);
#2081=EDGE_CURVE('',#1624,#1626,#118,.T.);
#2082=EDGE_CURVE('',#1623,#1629,#1061,.T.);
#2083=EDGE_CURVE('',#1629,#1433,#1062,.T.);
#2084=EDGE_CURVE('',#1579,#1630,#119,.T.);
#2085=EDGE_CURVE('',#1630,#1629,#120,.T.);
#2086=EDGE_CURVE('',#1626,#1581,#392,.T.);
#2087=EDGE_CURVE('',#1631,#1629,#393,.T.);
#2088=EDGE_CURVE('',#1434,#1631,#1063,.T.);
#2089=EDGE_CURVE('',#1632,#1630,#394,.T.);
#2090=EDGE_CURVE('',#1579,#1632,#121,.T.);
#2091=EDGE_CURVE('',#1632,#1631,#122,.T.);
#2092=EDGE_CURVE('',#1578,#1632,#395,.T.);
#2093=EDGE_CURVE('',#1633,#1578,#396,.T.);
#2094=EDGE_CURVE('',#1631,#1633,#397,.T.);
#2095=EDGE_CURVE('',#1634,#1427,#1064,.T.);
#2096=EDGE_CURVE('',#1635,#1634,#398,.T.);
#2097=EDGE_CURVE('',#1428,#1635,#1065,.T.);
#2098=EDGE_CURVE('',#1636,#1637,#399,.T.);
#2099=EDGE_CURVE('',#1637,#1583,#123,.T.);
#2100=EDGE_CURVE('',#1583,#1636,#124,.T.);
#2101=EDGE_CURVE('',#1636,#1635,#125,.T.);
#2102=EDGE_CURVE('',#1634,#1637,#126,.T.);
#2103=EDGE_CURVE('',#1582,#1636,#400,.T.);
#2104=EDGE_CURVE('',#1638,#1582,#401,.T.);
#2105=EDGE_CURVE('',#1635,#1638,#402,.T.);
#2106=EDGE_CURVE('',#1594,#1441,#1066,.T.);
#2107=EDGE_CURVE('',#1599,#1391,#1067,.T.);
#2108=EDGE_CURVE('',#1604,#1447,#1068,.T.);
#2109=EDGE_CURVE('',#1604,#1639,#1069,.T.);
#2110=EDGE_CURVE('',#1639,#1448,#1070,.T.);
#2111=EDGE_CURVE('',#1569,#1639,#403,.T.);
#2112=EDGE_CURVE('',#1639,#1605,#404,.T.);
#2113=EDGE_CURVE('',#1442,#1640,#1071,.T.);
#2114=EDGE_CURVE('',#1640,#1611,#405,.T.);
#2115=EDGE_CURVE('',#1573,#1640,#406,.T.);
#2116=EDGE_CURVE('',#1640,#1594,#1072,.T.);
#2117=EDGE_CURVE('',#1641,#1618,#407,.T.);
#2118=EDGE_CURVE('',#1577,#1641,#408,.T.);
#2119=EDGE_CURVE('',#1436,#1641,#1073,.T.);
#2120=EDGE_CURVE('',#1641,#1633,#1074,.T.);
#2121=EDGE_CURVE('',#1435,#1633,#1075,.T.);
#2122=EDGE_CURVE('',#1642,#1624,#409,.T.);
#2123=EDGE_CURVE('',#1581,#1642,#410,.T.);
#2124=EDGE_CURVE('',#1430,#1642,#1076,.T.);
#2125=EDGE_CURVE('',#1638,#1429,#1077,.T.);
#2126=EDGE_CURVE('',#1643,#1644,#1078,.T.);
#2127=EDGE_CURVE('',#1644,#1461,#1079,.T.);
#2128=EDGE_CURVE('',#1460,#1643,#1080,.T.);
#2129=EDGE_CURVE('',#1462,#1645,#1081,.T.);
#2130=EDGE_CURVE('',#1645,#1646,#1082,.T.);
#2131=EDGE_CURVE('',#1646,#1463,#1083,.T.);
#2132=EDGE_CURVE('',#1464,#1647,#1084,.T.);
#2133=EDGE_CURVE('',#1647,#1648,#1085,.T.);
#2134=EDGE_CURVE('',#1648,#1465,#1086,.T.);
#2135=EDGE_CURVE('',#1466,#1649,#1087,.T.);
#2136=EDGE_CURVE('',#1649,#1650,#1088,.T.);
#2137=EDGE_CURVE('',#1650,#1459,#1089,.T.);
#2138=EDGE_CURVE('',#1647,#1646,#411,.T.);
#2139=EDGE_CURVE('',#1645,#1644,#412,.T.);
#2140=EDGE_CURVE('',#1643,#1650,#413,.T.);
#2141=EDGE_CURVE('',#1649,#1648,#414,.T.);
#2142=EDGE_CURVE('',#1651,#1652,#415,.T.);
#2143=EDGE_CURVE('',#1652,#1653,#1090,.T.);
#2144=EDGE_CURVE('',#1653,#1654,#416,.T.);
#2145=EDGE_CURVE('',#1654,#1655,#1091,.T.);
#2146=EDGE_CURVE('',#1655,#1656,#417,.T.);
#2147=EDGE_CURVE('',#1656,#1657,#1092,.T.);
#2148=EDGE_CURVE('',#1657,#1658,#418,.T.);
#2149=EDGE_CURVE('',#1658,#1651,#1093,.T.);
#2150=EDGE_CURVE('',#1659,#1660,#419,.T.);
#2151=EDGE_CURVE('',#1654,#1659,#1094,.T.);
#2152=EDGE_CURVE('',#1660,#1653,#1095,.T.);
#2153=EDGE_CURVE('',#1652,#1661,#1096,.T.);
#2154=EDGE_CURVE('',#1661,#1660,#1097,.T.);
#2155=EDGE_CURVE('',#1662,#1651,#1098,.T.);
#2156=EDGE_CURVE('',#1661,#1662,#420,.T.);
#2157=EDGE_CURVE('',#1658,#1663,#1099,.T.);
#2158=EDGE_CURVE('',#1663,#1662,#1100,.T.);
#2159=EDGE_CURVE('',#1663,#1664,#421,.T.);
#2160=EDGE_CURVE('',#1664,#1657,#1101,.T.);
#2161=EDGE_CURVE('',#1656,#1665,#1102,.T.);
#2162=EDGE_CURVE('',#1665,#1664,#1103,.T.);
#2163=EDGE_CURVE('',#1665,#1666,#422,.T.);
#2164=EDGE_CURVE('',#1666,#1655,#1104,.T.);
#2165=EDGE_CURVE('',#1659,#1666,#1105,.T.);
#2166=EDGE_CURVE('',#1667,#1668,#423,.T.);
#2167=EDGE_CURVE('',#1668,#1669,#1106,.T.);
#2168=EDGE_CURVE('',#1669,#1670,#424,.T.);
#2169=EDGE_CURVE('',#1670,#1425,#1107,.T.);
#2170=EDGE_CURVE('',#1424,#1667,#1108,.T.);
#2171=EDGE_CURVE('',#1668,#1561,#425,.T.);
#2172=EDGE_CURVE('',#1584,#1669,#426,.T.);
#2173=EDGE_CURVE('',#1671,#1426,#1109,.T.);
#2174=EDGE_CURVE('',#1670,#1671,#427,.T.);
#2175=EDGE_CURVE('',#1560,#1667,#428,.T.);
#2176=EDGE_CURVE('',#1671,#1584,#429,.T.);
#2177=EDGE_CURVE('',#1599,#1672,#1110,.T.);
#2178=EDGE_CURVE('',#1672,#1392,#1111,.T.);
#2179=EDGE_CURVE('',#1673,#1674,#430,.T.);
#2180=EDGE_CURVE('',#1674,#1675,#1112,.T.);
#2181=EDGE_CURVE('',#1675,#1676,#431,.T.);
#2182=EDGE_CURVE('',#1676,#1394,#1113,.T.);
#2183=EDGE_CURVE('',#1393,#1673,#1114,.T.);
#2184=EDGE_CURVE('',#1674,#1565,#432,.T.);
#2185=EDGE_CURVE('',#1564,#1675,#433,.T.);
#2186=EDGE_CURVE('',#1672,#1673,#434,.T.);
#2187=EDGE_CURVE('',#1676,#1585,#435,.T.);
#2188=EDGE_CURVE('',#1565,#1672,#436,.T.);
#2189=EDGE_CURVE('',#1642,#1638,#1115,.T.);
#2190=EDGE_CURVE('',#1634,#1671,#1116,.T.);
#2191=ORIENTED_EDGE('',*,*,#1677,.T.);
#2192=ORIENTED_EDGE('',*,*,#1678,.T.);
#2193=ORIENTED_EDGE('',*,*,#1679,.T.);
#2194=ORIENTED_EDGE('',*,*,#1680,.T.);
#2195=ORIENTED_EDGE('',*,*,#1679,.F.);
#2196=ORIENTED_EDGE('',*,*,#1681,.F.);
#2197=ORIENTED_EDGE('',*,*,#1682,.F.);
#2198=ORIENTED_EDGE('',*,*,#1683,.F.);
#2199=ORIENTED_EDGE('',*,*,#1684,.F.);
#2200=ORIENTED_EDGE('',*,*,#1685,.F.);
#2201=ORIENTED_EDGE('',*,*,#1686,.F.);
#2202=ORIENTED_EDGE('',*,*,#1687,.F.);
#2203=ORIENTED_EDGE('',*,*,#1678,.F.);
#2204=ORIENTED_EDGE('',*,*,#1688,.T.);
#2205=ORIENTED_EDGE('',*,*,#1689,.F.);
#2206=ORIENTED_EDGE('',*,*,#1681,.T.);
#2207=ORIENTED_EDGE('',*,*,#1690,.T.);
#2208=ORIENTED_EDGE('',*,*,#1691,.T.);
#2209=ORIENTED_EDGE('',*,*,#1692,.T.);
#2210=ORIENTED_EDGE('',*,*,#1693,.T.);
#2211=ORIENTED_EDGE('',*,*,#1692,.F.);
#2212=ORIENTED_EDGE('',*,*,#1694,.F.);
#2213=ORIENTED_EDGE('',*,*,#1695,.F.);
#2214=ORIENTED_EDGE('',*,*,#1696,.F.);
#2215=ORIENTED_EDGE('',*,*,#1697,.F.);
#2216=ORIENTED_EDGE('',*,*,#1698,.F.);
#2217=ORIENTED_EDGE('',*,*,#1699,.F.);
#2218=ORIENTED_EDGE('',*,*,#1700,.T.);
#2219=ORIENTED_EDGE('',*,*,#1691,.F.);
#2220=ORIENTED_EDGE('',*,*,#1701,.T.);
#2221=ORIENTED_EDGE('',*,*,#1702,.F.);
#2222=ORIENTED_EDGE('',*,*,#1694,.T.);
#2223=ORIENTED_EDGE('',*,*,#1695,.T.);
#2224=ORIENTED_EDGE('',*,*,#1702,.T.);
#2225=ORIENTED_EDGE('',*,*,#1703,.T.);
#2226=ORIENTED_EDGE('',*,*,#1704,.T.);
#2227=ORIENTED_EDGE('',*,*,#1682,.T.);
#2228=ORIENTED_EDGE('',*,*,#1689,.T.);
#2229=ORIENTED_EDGE('',*,*,#1705,.T.);
#2230=ORIENTED_EDGE('',*,*,#1706,.T.);
#2231=ORIENTED_EDGE('',*,*,#1707,.T.);
#2232=ORIENTED_EDGE('',*,*,#1708,.T.);
#2233=ORIENTED_EDGE('',*,*,#1709,.T.);
#2234=ORIENTED_EDGE('',*,*,#1710,.T.);
#2235=ORIENTED_EDGE('',*,*,#1711,.F.);
#2236=ORIENTED_EDGE('',*,*,#1712,.F.);
#2237=ORIENTED_EDGE('',*,*,#1713,.T.);
#2238=ORIENTED_EDGE('',*,*,#1714,.F.);
#2239=ORIENTED_EDGE('',*,*,#1715,.T.);
#2240=ORIENTED_EDGE('',*,*,#1716,.T.);
#2241=ORIENTED_EDGE('',*,*,#1717,.T.);
#2242=ORIENTED_EDGE('',*,*,#1718,.T.);
#2243=ORIENTED_EDGE('',*,*,#1719,.T.);
#2244=ORIENTED_EDGE('',*,*,#1720,.F.);
#2245=ORIENTED_EDGE('',*,*,#1721,.T.);
#2246=ORIENTED_EDGE('',*,*,#1722,.T.);
#2247=ORIENTED_EDGE('',*,*,#1723,.T.);
#2248=ORIENTED_EDGE('',*,*,#1724,.T.);
#2249=ORIENTED_EDGE('',*,*,#1725,.T.);
#2250=ORIENTED_EDGE('',*,*,#1726,.F.);
#2251=ORIENTED_EDGE('',*,*,#1727,.T.);
#2252=ORIENTED_EDGE('',*,*,#1728,.T.);
#2253=ORIENTED_EDGE('',*,*,#1729,.T.);
#2254=ORIENTED_EDGE('',*,*,#1730,.T.);
#2255=ORIENTED_EDGE('',*,*,#1731,.T.);
#2256=ORIENTED_EDGE('',*,*,#1732,.F.);
#2257=ORIENTED_EDGE('',*,*,#1733,.T.);
#2258=ORIENTED_EDGE('',*,*,#1734,.T.);
#2259=ORIENTED_EDGE('',*,*,#1735,.T.);
#2260=ORIENTED_EDGE('',*,*,#1736,.T.);
#2261=ORIENTED_EDGE('',*,*,#1737,.T.);
#2262=ORIENTED_EDGE('',*,*,#1738,.F.);
#2263=ORIENTED_EDGE('',*,*,#1739,.T.);
#2264=ORIENTED_EDGE('',*,*,#1740,.T.);
#2265=ORIENTED_EDGE('',*,*,#1741,.T.);
#2266=ORIENTED_EDGE('',*,*,#1742,.T.);
#2267=ORIENTED_EDGE('',*,*,#1743,.T.);
#2268=ORIENTED_EDGE('',*,*,#1744,.T.);
#2269=ORIENTED_EDGE('',*,*,#1745,.T.);
#2270=ORIENTED_EDGE('',*,*,#1746,.T.);
#2271=ORIENTED_EDGE('',*,*,#1747,.T.);
#2272=ORIENTED_EDGE('',*,*,#1748,.T.);
#2273=ORIENTED_EDGE('',*,*,#1749,.T.);
#2274=ORIENTED_EDGE('',*,*,#1750,.T.);
#2275=ORIENTED_EDGE('',*,*,#1751,.T.);
#2276=ORIENTED_EDGE('',*,*,#1752,.T.);
#2277=ORIENTED_EDGE('',*,*,#1753,.T.);
#2278=ORIENTED_EDGE('',*,*,#1754,.T.);
#2279=ORIENTED_EDGE('',*,*,#1755,.T.);
#2280=ORIENTED_EDGE('',*,*,#1756,.T.);
#2281=ORIENTED_EDGE('',*,*,#1757,.T.);
#2282=ORIENTED_EDGE('',*,*,#1758,.T.);
#2283=ORIENTED_EDGE('',*,*,#1759,.T.);
#2284=ORIENTED_EDGE('',*,*,#1760,.T.);
#2285=ORIENTED_EDGE('',*,*,#1761,.T.);
#2286=ORIENTED_EDGE('',*,*,#1762,.T.);
#2287=ORIENTED_EDGE('',*,*,#1763,.T.);
#2288=ORIENTED_EDGE('',*,*,#1764,.T.);
#2289=ORIENTED_EDGE('',*,*,#1765,.T.);
#2290=ORIENTED_EDGE('',*,*,#1766,.T.);
#2291=ORIENTED_EDGE('',*,*,#1767,.T.);
#2292=ORIENTED_EDGE('',*,*,#1768,.T.);
#2293=ORIENTED_EDGE('',*,*,#1769,.T.);
#2294=ORIENTED_EDGE('',*,*,#1770,.T.);
#2295=ORIENTED_EDGE('',*,*,#1696,.T.);
#2296=ORIENTED_EDGE('',*,*,#1704,.F.);
#2297=ORIENTED_EDGE('',*,*,#1771,.T.);
#2298=ORIENTED_EDGE('',*,*,#1772,.T.);
#2299=ORIENTED_EDGE('',*,*,#1683,.T.);
#2300=ORIENTED_EDGE('',*,*,#1706,.F.);
#2301=ORIENTED_EDGE('',*,*,#1773,.F.);
#2302=ORIENTED_EDGE('',*,*,#1774,.F.);
#2303=ORIENTED_EDGE('',*,*,#1775,.F.);
#2304=ORIENTED_EDGE('',*,*,#1776,.F.);
#2305=ORIENTED_EDGE('',*,*,#1777,.T.);
#2306=ORIENTED_EDGE('',*,*,#1778,.T.);
#2307=ORIENTED_EDGE('',*,*,#1779,.T.);
#2308=ORIENTED_EDGE('',*,*,#1780,.T.);
#2309=ORIENTED_EDGE('',*,*,#1781,.T.);
#2310=ORIENTED_EDGE('',*,*,#1782,.T.);
#2311=ORIENTED_EDGE('',*,*,#1783,.T.);
#2312=ORIENTED_EDGE('',*,*,#1784,.T.);
#2313=ORIENTED_EDGE('',*,*,#1785,.T.);
#2314=ORIENTED_EDGE('',*,*,#1786,.T.);
#2315=ORIENTED_EDGE('',*,*,#1787,.T.);
#2316=ORIENTED_EDGE('',*,*,#1788,.T.);
#2317=ORIENTED_EDGE('',*,*,#1677,.F.);
#2318=ORIENTED_EDGE('',*,*,#1789,.F.);
#2319=ORIENTED_EDGE('',*,*,#1790,.F.);
#2320=ORIENTED_EDGE('',*,*,#1791,.F.);
#2321=ORIENTED_EDGE('',*,*,#1792,.F.);
#2322=ORIENTED_EDGE('',*,*,#1771,.F.);
#2323=ORIENTED_EDGE('',*,*,#1705,.F.);
#2324=ORIENTED_EDGE('',*,*,#1688,.F.);
#2325=ORIENTED_EDGE('',*,*,#1680,.F.);
#2326=ORIENTED_EDGE('',*,*,#1687,.T.);
#2327=ORIENTED_EDGE('',*,*,#1793,.F.);
#2328=ORIENTED_EDGE('',*,*,#1789,.T.);
#2329=ORIENTED_EDGE('',*,*,#1686,.T.);
#2330=ORIENTED_EDGE('',*,*,#1794,.T.);
#2331=ORIENTED_EDGE('',*,*,#1790,.T.);
#2332=ORIENTED_EDGE('',*,*,#1793,.T.);
#2333=ORIENTED_EDGE('',*,*,#1795,.F.);
#2334=ORIENTED_EDGE('',*,*,#1698,.T.);
#2335=ORIENTED_EDGE('',*,*,#1796,.F.);
#2336=ORIENTED_EDGE('',*,*,#1797,.T.);
#2337=ORIENTED_EDGE('',*,*,#1690,.F.);
#2338=ORIENTED_EDGE('',*,*,#1798,.T.);
#2339=ORIENTED_EDGE('',*,*,#1799,.F.);
#2340=ORIENTED_EDGE('',*,*,#1797,.F.);
#2341=ORIENTED_EDGE('',*,*,#1800,.F.);
#2342=ORIENTED_EDGE('',*,*,#1769,.F.);
#2343=ORIENTED_EDGE('',*,*,#1703,.F.);
#2344=ORIENTED_EDGE('',*,*,#1701,.F.);
#2345=ORIENTED_EDGE('',*,*,#1796,.T.);
#2346=ORIENTED_EDGE('',*,*,#1697,.T.);
#2347=ORIENTED_EDGE('',*,*,#1770,.F.);
#2348=ORIENTED_EDGE('',*,*,#1800,.T.);
#2349=ORIENTED_EDGE('',*,*,#1794,.F.);
#2350=ORIENTED_EDGE('',*,*,#1685,.T.);
#2351=ORIENTED_EDGE('',*,*,#1801,.F.);
#2352=ORIENTED_EDGE('',*,*,#1791,.T.);
#2353=ORIENTED_EDGE('',*,*,#1801,.T.);
#2354=ORIENTED_EDGE('',*,*,#1684,.T.);
#2355=ORIENTED_EDGE('',*,*,#1772,.F.);
#2356=ORIENTED_EDGE('',*,*,#1792,.T.);
#2357=ORIENTED_EDGE('',*,*,#1795,.T.);
#2358=ORIENTED_EDGE('',*,*,#1799,.T.);
#2359=ORIENTED_EDGE('',*,*,#1802,.T.);
#2360=ORIENTED_EDGE('',*,*,#1699,.T.);
#2361=ORIENTED_EDGE('',*,*,#1693,.F.);
#2362=ORIENTED_EDGE('',*,*,#1700,.F.);
#2363=ORIENTED_EDGE('',*,*,#1802,.F.);
#2364=ORIENTED_EDGE('',*,*,#1798,.F.);
#2365=ORIENTED_EDGE('',*,*,#1803,.T.);
#2366=ORIENTED_EDGE('',*,*,#1804,.T.);
#2367=ORIENTED_EDGE('',*,*,#1776,.T.);
#2368=ORIENTED_EDGE('',*,*,#1805,.F.);
#2369=ORIENTED_EDGE('',*,*,#1806,.F.);
#2370=ORIENTED_EDGE('',*,*,#1807,.F.);
#2371=ORIENTED_EDGE('',*,*,#1808,.F.);
#2372=ORIENTED_EDGE('',*,*,#1805,.T.);
#2373=ORIENTED_EDGE('',*,*,#1775,.T.);
#2374=ORIENTED_EDGE('',*,*,#1809,.F.);
#2375=ORIENTED_EDGE('',*,*,#1810,.T.);
#2376=ORIENTED_EDGE('',*,*,#1809,.T.);
#2377=ORIENTED_EDGE('',*,*,#1774,.T.);
#2378=ORIENTED_EDGE('',*,*,#1811,.F.);
#2379=ORIENTED_EDGE('',*,*,#1812,.F.);
#2380=ORIENTED_EDGE('',*,*,#1811,.T.);
#2381=ORIENTED_EDGE('',*,*,#1773,.T.);
#2382=ORIENTED_EDGE('',*,*,#1804,.F.);
#2383=ORIENTED_EDGE('',*,*,#1813,.F.);
#2384=ORIENTED_EDGE('',*,*,#1814,.F.);
#2385=ORIENTED_EDGE('',*,*,#1814,.T.);
#2386=ORIENTED_EDGE('',*,*,#1815,.F.);
#2387=ORIENTED_EDGE('',*,*,#1807,.T.);
#2388=ORIENTED_EDGE('',*,*,#1816,.F.);
#2389=ORIENTED_EDGE('',*,*,#1808,.T.);
#2390=ORIENTED_EDGE('',*,*,#1815,.T.);
#2391=ORIENTED_EDGE('',*,*,#1813,.T.);
#2392=ORIENTED_EDGE('',*,*,#1803,.F.);
#2393=ORIENTED_EDGE('',*,*,#1812,.T.);
#2394=ORIENTED_EDGE('',*,*,#1816,.T.);
#2395=ORIENTED_EDGE('',*,*,#1806,.T.);
#2396=ORIENTED_EDGE('',*,*,#1810,.F.);
#2397=ORIENTED_EDGE('',*,*,#1817,.T.);
#2398=ORIENTED_EDGE('',*,*,#1818,.T.);
#2399=ORIENTED_EDGE('',*,*,#1785,.F.);
#2400=ORIENTED_EDGE('',*,*,#1819,.F.);
#2401=ORIENTED_EDGE('',*,*,#1820,.T.);
#2402=ORIENTED_EDGE('',*,*,#1786,.F.);
#2403=ORIENTED_EDGE('',*,*,#1818,.F.);
#2404=ORIENTED_EDGE('',*,*,#1821,.T.);
#2405=ORIENTED_EDGE('',*,*,#1822,.T.);
#2406=ORIENTED_EDGE('',*,*,#1823,.T.);
#2407=ORIENTED_EDGE('',*,*,#1824,.T.);
#2408=ORIENTED_EDGE('',*,*,#1825,.T.);
#2409=ORIENTED_EDGE('',*,*,#1787,.F.);
#2410=ORIENTED_EDGE('',*,*,#1820,.F.);
#2411=ORIENTED_EDGE('',*,*,#1826,.T.);
#2412=ORIENTED_EDGE('',*,*,#1827,.T.);
#2413=ORIENTED_EDGE('',*,*,#1819,.T.);
#2414=ORIENTED_EDGE('',*,*,#1788,.F.);
#2415=ORIENTED_EDGE('',*,*,#1825,.F.);
#2416=ORIENTED_EDGE('',*,*,#1828,.T.);
#2417=ORIENTED_EDGE('',*,*,#1822,.F.);
#2418=ORIENTED_EDGE('',*,*,#1829,.F.);
#2419=ORIENTED_EDGE('',*,*,#1826,.F.);
#2420=ORIENTED_EDGE('',*,*,#1830,.F.);
#2421=ORIENTED_EDGE('',*,*,#1827,.F.);
#2422=ORIENTED_EDGE('',*,*,#1829,.T.);
#2423=ORIENTED_EDGE('',*,*,#1821,.F.);
#2424=ORIENTED_EDGE('',*,*,#1817,.F.);
#2425=ORIENTED_EDGE('',*,*,#1823,.F.);
#2426=ORIENTED_EDGE('',*,*,#1830,.T.);
#2427=ORIENTED_EDGE('',*,*,#1828,.F.);
#2428=ORIENTED_EDGE('',*,*,#1824,.F.);
#2429=ORIENTED_EDGE('',*,*,#1831,.F.);
#2430=ORIENTED_EDGE('',*,*,#1713,.F.);
#2431=ORIENTED_EDGE('',*,*,#1832,.F.);
#2432=ORIENTED_EDGE('',*,*,#1833,.F.);
#2433=ORIENTED_EDGE('',*,*,#1834,.T.);
#2434=ORIENTED_EDGE('',*,*,#1835,.T.);
#2435=ORIENTED_EDGE('',*,*,#1836,.T.);
#2436=ORIENTED_EDGE('',*,*,#1837,.T.);
#2437=ORIENTED_EDGE('',*,*,#1838,.T.);
#2438=ORIENTED_EDGE('',*,*,#1834,.F.);
#2439=ORIENTED_EDGE('',*,*,#1839,.T.);
#2440=ORIENTED_EDGE('',*,*,#1833,.T.);
#2441=ORIENTED_EDGE('',*,*,#1840,.T.);
#2442=ORIENTED_EDGE('',*,*,#1831,.T.);
#2443=ORIENTED_EDGE('',*,*,#1841,.T.);
#2444=ORIENTED_EDGE('',*,*,#1842,.T.);
#2445=ORIENTED_EDGE('',*,*,#1714,.T.);
#2446=ORIENTED_EDGE('',*,*,#1839,.F.);
#2447=ORIENTED_EDGE('',*,*,#1838,.F.);
#2448=ORIENTED_EDGE('',*,*,#1837,.F.);
#2449=ORIENTED_EDGE('',*,*,#1843,.T.);
#2450=ORIENTED_EDGE('',*,*,#1844,.T.);
#2451=ORIENTED_EDGE('',*,*,#1845,.T.);
#2452=ORIENTED_EDGE('',*,*,#1841,.F.);
#2453=ORIENTED_EDGE('',*,*,#1835,.F.);
#2454=ORIENTED_EDGE('',*,*,#1846,.T.);
#2455=ORIENTED_EDGE('',*,*,#1847,.T.);
#2456=ORIENTED_EDGE('',*,*,#1836,.F.);
#2457=ORIENTED_EDGE('',*,*,#1848,.F.);
#2458=ORIENTED_EDGE('',*,*,#1715,.F.);
#2459=ORIENTED_EDGE('',*,*,#1842,.F.);
#2460=ORIENTED_EDGE('',*,*,#1849,.F.);
#2461=ORIENTED_EDGE('',*,*,#1850,.T.);
#2462=ORIENTED_EDGE('',*,*,#1844,.F.);
#2463=ORIENTED_EDGE('',*,*,#1851,.T.);
#2464=ORIENTED_EDGE('',*,*,#1850,.F.);
#2465=ORIENTED_EDGE('',*,*,#1852,.T.);
#2466=ORIENTED_EDGE('',*,*,#1849,.T.);
#2467=ORIENTED_EDGE('',*,*,#1845,.F.);
#2468=ORIENTED_EDGE('',*,*,#1853,.F.);
#2469=ORIENTED_EDGE('',*,*,#1854,.F.);
#2470=ORIENTED_EDGE('',*,*,#1855,.F.);
#2471=ORIENTED_EDGE('',*,*,#1852,.F.);
#2472=ORIENTED_EDGE('',*,*,#1851,.F.);
#2473=ORIENTED_EDGE('',*,*,#1856,.T.);
#2474=ORIENTED_EDGE('',*,*,#1853,.T.);
#2475=ORIENTED_EDGE('',*,*,#1857,.F.);
#2476=ORIENTED_EDGE('',*,*,#1858,.F.);
#2477=ORIENTED_EDGE('',*,*,#1859,.F.);
#2478=ORIENTED_EDGE('',*,*,#1719,.F.);
#2479=ORIENTED_EDGE('',*,*,#1860,.T.);
#2480=ORIENTED_EDGE('',*,*,#1861,.T.);
#2481=ORIENTED_EDGE('',*,*,#1862,.T.);
#2482=ORIENTED_EDGE('',*,*,#1863,.T.);
#2483=ORIENTED_EDGE('',*,*,#1864,.T.);
#2484=ORIENTED_EDGE('',*,*,#1860,.F.);
#2485=ORIENTED_EDGE('',*,*,#1865,.T.);
#2486=ORIENTED_EDGE('',*,*,#1858,.T.);
#2487=ORIENTED_EDGE('',*,*,#1866,.T.);
#2488=ORIENTED_EDGE('',*,*,#1859,.T.);
#2489=ORIENTED_EDGE('',*,*,#1867,.T.);
#2490=ORIENTED_EDGE('',*,*,#1868,.T.);
#2491=ORIENTED_EDGE('',*,*,#1720,.T.);
#2492=ORIENTED_EDGE('',*,*,#1865,.F.);
#2493=ORIENTED_EDGE('',*,*,#1864,.F.);
#2494=ORIENTED_EDGE('',*,*,#1863,.F.);
#2495=ORIENTED_EDGE('',*,*,#1869,.T.);
#2496=ORIENTED_EDGE('',*,*,#1870,.T.);
#2497=ORIENTED_EDGE('',*,*,#1871,.T.);
#2498=ORIENTED_EDGE('',*,*,#1867,.F.);
#2499=ORIENTED_EDGE('',*,*,#1861,.F.);
#2500=ORIENTED_EDGE('',*,*,#1872,.T.);
#2501=ORIENTED_EDGE('',*,*,#1873,.T.);
#2502=ORIENTED_EDGE('',*,*,#1862,.F.);
#2503=ORIENTED_EDGE('',*,*,#1874,.F.);
#2504=ORIENTED_EDGE('',*,*,#1721,.F.);
#2505=ORIENTED_EDGE('',*,*,#1868,.F.);
#2506=ORIENTED_EDGE('',*,*,#1875,.F.);
#2507=ORIENTED_EDGE('',*,*,#1876,.T.);
#2508=ORIENTED_EDGE('',*,*,#1870,.F.);
#2509=ORIENTED_EDGE('',*,*,#1877,.T.);
#2510=ORIENTED_EDGE('',*,*,#1876,.F.);
#2511=ORIENTED_EDGE('',*,*,#1878,.T.);
#2512=ORIENTED_EDGE('',*,*,#1875,.T.);
#2513=ORIENTED_EDGE('',*,*,#1871,.F.);
#2514=ORIENTED_EDGE('',*,*,#1879,.F.);
#2515=ORIENTED_EDGE('',*,*,#1880,.F.);
#2516=ORIENTED_EDGE('',*,*,#1881,.F.);
#2517=ORIENTED_EDGE('',*,*,#1878,.F.);
#2518=ORIENTED_EDGE('',*,*,#1877,.F.);
#2519=ORIENTED_EDGE('',*,*,#1882,.T.);
#2520=ORIENTED_EDGE('',*,*,#1879,.T.);
#2521=ORIENTED_EDGE('',*,*,#1883,.F.);
#2522=ORIENTED_EDGE('',*,*,#1884,.F.);
#2523=ORIENTED_EDGE('',*,*,#1885,.F.);
#2524=ORIENTED_EDGE('',*,*,#1725,.F.);
#2525=ORIENTED_EDGE('',*,*,#1886,.T.);
#2526=ORIENTED_EDGE('',*,*,#1887,.T.);
#2527=ORIENTED_EDGE('',*,*,#1888,.T.);
#2528=ORIENTED_EDGE('',*,*,#1889,.T.);
#2529=ORIENTED_EDGE('',*,*,#1890,.T.);
#2530=ORIENTED_EDGE('',*,*,#1886,.F.);
#2531=ORIENTED_EDGE('',*,*,#1891,.T.);
#2532=ORIENTED_EDGE('',*,*,#1884,.T.);
#2533=ORIENTED_EDGE('',*,*,#1892,.T.);
#2534=ORIENTED_EDGE('',*,*,#1885,.T.);
#2535=ORIENTED_EDGE('',*,*,#1893,.T.);
#2536=ORIENTED_EDGE('',*,*,#1894,.T.);
#2537=ORIENTED_EDGE('',*,*,#1726,.T.);
#2538=ORIENTED_EDGE('',*,*,#1891,.F.);
#2539=ORIENTED_EDGE('',*,*,#1890,.F.);
#2540=ORIENTED_EDGE('',*,*,#1889,.F.);
#2541=ORIENTED_EDGE('',*,*,#1895,.T.);
#2542=ORIENTED_EDGE('',*,*,#1896,.T.);
#2543=ORIENTED_EDGE('',*,*,#1897,.T.);
#2544=ORIENTED_EDGE('',*,*,#1893,.F.);
#2545=ORIENTED_EDGE('',*,*,#1887,.F.);
#2546=ORIENTED_EDGE('',*,*,#1898,.T.);
#2547=ORIENTED_EDGE('',*,*,#1899,.T.);
#2548=ORIENTED_EDGE('',*,*,#1888,.F.);
#2549=ORIENTED_EDGE('',*,*,#1894,.F.);
#2550=ORIENTED_EDGE('',*,*,#1900,.F.);
#2551=ORIENTED_EDGE('',*,*,#1901,.F.);
#2552=ORIENTED_EDGE('',*,*,#1727,.F.);
#2553=ORIENTED_EDGE('',*,*,#1902,.T.);
#2554=ORIENTED_EDGE('',*,*,#1896,.F.);
#2555=ORIENTED_EDGE('',*,*,#1903,.T.);
#2556=ORIENTED_EDGE('',*,*,#1902,.F.);
#2557=ORIENTED_EDGE('',*,*,#1904,.T.);
#2558=ORIENTED_EDGE('',*,*,#1900,.T.);
#2559=ORIENTED_EDGE('',*,*,#1897,.F.);
#2560=ORIENTED_EDGE('',*,*,#1905,.F.);
#2561=ORIENTED_EDGE('',*,*,#1906,.F.);
#2562=ORIENTED_EDGE('',*,*,#1907,.F.);
#2563=ORIENTED_EDGE('',*,*,#1904,.F.);
#2564=ORIENTED_EDGE('',*,*,#1903,.F.);
#2565=ORIENTED_EDGE('',*,*,#1908,.T.);
#2566=ORIENTED_EDGE('',*,*,#1905,.T.);
#2567=ORIENTED_EDGE('',*,*,#1909,.F.);
#2568=ORIENTED_EDGE('',*,*,#1731,.F.);
#2569=ORIENTED_EDGE('',*,*,#1910,.F.);
#2570=ORIENTED_EDGE('',*,*,#1911,.F.);
#2571=ORIENTED_EDGE('',*,*,#1912,.T.);
#2572=ORIENTED_EDGE('',*,*,#1913,.T.);
#2573=ORIENTED_EDGE('',*,*,#1914,.T.);
#2574=ORIENTED_EDGE('',*,*,#1915,.T.);
#2575=ORIENTED_EDGE('',*,*,#1916,.T.);
#2576=ORIENTED_EDGE('',*,*,#1912,.F.);
#2577=ORIENTED_EDGE('',*,*,#1917,.T.);
#2578=ORIENTED_EDGE('',*,*,#1911,.T.);
#2579=ORIENTED_EDGE('',*,*,#1918,.T.);
#2580=ORIENTED_EDGE('',*,*,#1909,.T.);
#2581=ORIENTED_EDGE('',*,*,#1919,.T.);
#2582=ORIENTED_EDGE('',*,*,#1920,.T.);
#2583=ORIENTED_EDGE('',*,*,#1732,.T.);
#2584=ORIENTED_EDGE('',*,*,#1917,.F.);
#2585=ORIENTED_EDGE('',*,*,#1916,.F.);
#2586=ORIENTED_EDGE('',*,*,#1915,.F.);
#2587=ORIENTED_EDGE('',*,*,#1921,.T.);
#2588=ORIENTED_EDGE('',*,*,#1922,.T.);
#2589=ORIENTED_EDGE('',*,*,#1923,.T.);
#2590=ORIENTED_EDGE('',*,*,#1919,.F.);
#2591=ORIENTED_EDGE('',*,*,#1913,.F.);
#2592=ORIENTED_EDGE('',*,*,#1924,.T.);
#2593=ORIENTED_EDGE('',*,*,#1925,.T.);
#2594=ORIENTED_EDGE('',*,*,#1914,.F.);
#2595=ORIENTED_EDGE('',*,*,#1920,.F.);
#2596=ORIENTED_EDGE('',*,*,#1926,.F.);
#2597=ORIENTED_EDGE('',*,*,#1927,.F.);
#2598=ORIENTED_EDGE('',*,*,#1733,.F.);
#2599=ORIENTED_EDGE('',*,*,#1928,.T.);
#2600=ORIENTED_EDGE('',*,*,#1922,.F.);
#2601=ORIENTED_EDGE('',*,*,#1929,.T.);
#2602=ORIENTED_EDGE('',*,*,#1928,.F.);
#2603=ORIENTED_EDGE('',*,*,#1930,.T.);
#2604=ORIENTED_EDGE('',*,*,#1926,.T.);
#2605=ORIENTED_EDGE('',*,*,#1923,.F.);
#2606=ORIENTED_EDGE('',*,*,#1931,.F.);
#2607=ORIENTED_EDGE('',*,*,#1932,.F.);
#2608=ORIENTED_EDGE('',*,*,#1933,.F.);
#2609=ORIENTED_EDGE('',*,*,#1930,.F.);
#2610=ORIENTED_EDGE('',*,*,#1929,.F.);
#2611=ORIENTED_EDGE('',*,*,#1934,.T.);
#2612=ORIENTED_EDGE('',*,*,#1931,.T.);
#2613=ORIENTED_EDGE('',*,*,#1935,.F.);
#2614=ORIENTED_EDGE('',*,*,#1737,.F.);
#2615=ORIENTED_EDGE('',*,*,#1936,.F.);
#2616=ORIENTED_EDGE('',*,*,#1937,.F.);
#2617=ORIENTED_EDGE('',*,*,#1938,.T.);
#2618=ORIENTED_EDGE('',*,*,#1939,.T.);
#2619=ORIENTED_EDGE('',*,*,#1940,.T.);
#2620=ORIENTED_EDGE('',*,*,#1941,.T.);
#2621=ORIENTED_EDGE('',*,*,#1942,.T.);
#2622=ORIENTED_EDGE('',*,*,#1938,.F.);
#2623=ORIENTED_EDGE('',*,*,#1943,.T.);
#2624=ORIENTED_EDGE('',*,*,#1937,.T.);
#2625=ORIENTED_EDGE('',*,*,#1944,.T.);
#2626=ORIENTED_EDGE('',*,*,#1935,.T.);
#2627=ORIENTED_EDGE('',*,*,#1945,.T.);
#2628=ORIENTED_EDGE('',*,*,#1946,.T.);
#2629=ORIENTED_EDGE('',*,*,#1738,.T.);
#2630=ORIENTED_EDGE('',*,*,#1943,.F.);
#2631=ORIENTED_EDGE('',*,*,#1942,.F.);
#2632=ORIENTED_EDGE('',*,*,#1941,.F.);
#2633=ORIENTED_EDGE('',*,*,#1947,.T.);
#2634=ORIENTED_EDGE('',*,*,#1948,.T.);
#2635=ORIENTED_EDGE('',*,*,#1945,.F.);
#2636=ORIENTED_EDGE('',*,*,#1939,.F.);
#2637=ORIENTED_EDGE('',*,*,#1949,.T.);
#2638=ORIENTED_EDGE('',*,*,#1950,.T.);
#2639=ORIENTED_EDGE('',*,*,#1940,.F.);
#2640=ORIENTED_EDGE('',*,*,#1951,.F.);
#2641=ORIENTED_EDGE('',*,*,#1952,.F.);
#2642=ORIENTED_EDGE('',*,*,#1846,.F.);
#2643=ORIENTED_EDGE('',*,*,#1840,.F.);
#2644=ORIENTED_EDGE('',*,*,#1712,.T.);
#2645=ORIENTED_EDGE('',*,*,#1953,.T.);
#2646=ORIENTED_EDGE('',*,*,#1951,.T.);
#2647=ORIENTED_EDGE('',*,*,#1832,.T.);
#2648=ORIENTED_EDGE('',*,*,#1843,.F.);
#2649=ORIENTED_EDGE('',*,*,#1847,.F.);
#2650=ORIENTED_EDGE('',*,*,#1954,.T.);
#2651=ORIENTED_EDGE('',*,*,#1955,.T.);
#2652=ORIENTED_EDGE('',*,*,#1956,.T.);
#2653=ORIENTED_EDGE('',*,*,#1957,.T.);
#2654=ORIENTED_EDGE('',*,*,#1958,.T.);
#2655=ORIENTED_EDGE('',*,*,#1959,.T.);
#2656=ORIENTED_EDGE('',*,*,#1960,.T.);
#2657=ORIENTED_EDGE('',*,*,#1961,.T.);
#2658=ORIENTED_EDGE('',*,*,#1962,.T.);
#2659=ORIENTED_EDGE('',*,*,#1963,.T.);
#2660=ORIENTED_EDGE('',*,*,#1964,.T.);
#2661=ORIENTED_EDGE('',*,*,#1965,.T.);
#2662=ORIENTED_EDGE('',*,*,#1966,.T.);
#2663=ORIENTED_EDGE('',*,*,#1967,.T.);
#2664=ORIENTED_EDGE('',*,*,#1968,.T.);
#2665=ORIENTED_EDGE('',*,*,#1969,.T.);
#2666=ORIENTED_EDGE('',*,*,#1970,.T.);
#2667=ORIENTED_EDGE('',*,*,#1971,.T.);
#2668=ORIENTED_EDGE('',*,*,#1972,.T.);
#2669=ORIENTED_EDGE('',*,*,#1973,.T.);
#2670=ORIENTED_EDGE('',*,*,#1974,.T.);
#2671=ORIENTED_EDGE('',*,*,#1975,.T.);
#2672=ORIENTED_EDGE('',*,*,#1947,.F.);
#2673=ORIENTED_EDGE('',*,*,#1950,.F.);
#2674=ORIENTED_EDGE('',*,*,#1976,.T.);
#2675=ORIENTED_EDGE('',*,*,#1934,.F.);
#2676=ORIENTED_EDGE('',*,*,#1921,.F.);
#2677=ORIENTED_EDGE('',*,*,#1925,.F.);
#2678=ORIENTED_EDGE('',*,*,#1977,.T.);
#2679=ORIENTED_EDGE('',*,*,#1908,.F.);
#2680=ORIENTED_EDGE('',*,*,#1895,.F.);
#2681=ORIENTED_EDGE('',*,*,#1899,.F.);
#2682=ORIENTED_EDGE('',*,*,#1978,.T.);
#2683=ORIENTED_EDGE('',*,*,#1882,.F.);
#2684=ORIENTED_EDGE('',*,*,#1869,.F.);
#2685=ORIENTED_EDGE('',*,*,#1873,.F.);
#2686=ORIENTED_EDGE('',*,*,#1979,.T.);
#2687=ORIENTED_EDGE('',*,*,#1856,.F.);
#2688=ORIENTED_EDGE('',*,*,#1952,.T.);
#2689=ORIENTED_EDGE('',*,*,#1980,.T.);
#2690=ORIENTED_EDGE('',*,*,#1981,.T.);
#2691=ORIENTED_EDGE('',*,*,#1954,.F.);
#2692=ORIENTED_EDGE('',*,*,#1953,.F.);
#2693=ORIENTED_EDGE('',*,*,#1711,.T.);
#2694=ORIENTED_EDGE('',*,*,#1982,.T.);
#2695=ORIENTED_EDGE('',*,*,#1980,.F.);
#2696=ORIENTED_EDGE('',*,*,#1716,.F.);
#2697=ORIENTED_EDGE('',*,*,#1848,.T.);
#2698=ORIENTED_EDGE('',*,*,#1855,.T.);
#2699=ORIENTED_EDGE('',*,*,#1983,.T.);
#2700=ORIENTED_EDGE('',*,*,#1983,.F.);
#2701=ORIENTED_EDGE('',*,*,#1984,.T.);
#2702=ORIENTED_EDGE('',*,*,#1985,.T.);
#2703=ORIENTED_EDGE('',*,*,#1717,.F.);
#2704=ORIENTED_EDGE('',*,*,#1854,.T.);
#2705=ORIENTED_EDGE('',*,*,#1979,.F.);
#2706=ORIENTED_EDGE('',*,*,#1986,.T.);
#2707=ORIENTED_EDGE('',*,*,#1984,.F.);
#2708=ORIENTED_EDGE('',*,*,#1718,.F.);
#2709=ORIENTED_EDGE('',*,*,#1985,.F.);
#2710=ORIENTED_EDGE('',*,*,#1987,.T.);
#2711=ORIENTED_EDGE('',*,*,#1857,.T.);
#2712=ORIENTED_EDGE('',*,*,#1987,.F.);
#2713=ORIENTED_EDGE('',*,*,#1986,.F.);
#2714=ORIENTED_EDGE('',*,*,#1872,.F.);
#2715=ORIENTED_EDGE('',*,*,#1866,.F.);
#2716=ORIENTED_EDGE('',*,*,#1722,.F.);
#2717=ORIENTED_EDGE('',*,*,#1874,.T.);
#2718=ORIENTED_EDGE('',*,*,#1881,.T.);
#2719=ORIENTED_EDGE('',*,*,#1988,.T.);
#2720=ORIENTED_EDGE('',*,*,#1988,.F.);
#2721=ORIENTED_EDGE('',*,*,#1989,.T.);
#2722=ORIENTED_EDGE('',*,*,#1990,.T.);
#2723=ORIENTED_EDGE('',*,*,#1723,.F.);
#2724=ORIENTED_EDGE('',*,*,#1880,.T.);
#2725=ORIENTED_EDGE('',*,*,#1978,.F.);
#2726=ORIENTED_EDGE('',*,*,#1991,.T.);
#2727=ORIENTED_EDGE('',*,*,#1989,.F.);
#2728=ORIENTED_EDGE('',*,*,#1724,.F.);
#2729=ORIENTED_EDGE('',*,*,#1990,.F.);
#2730=ORIENTED_EDGE('',*,*,#1992,.T.);
#2731=ORIENTED_EDGE('',*,*,#1883,.T.);
#2732=ORIENTED_EDGE('',*,*,#1992,.F.);
#2733=ORIENTED_EDGE('',*,*,#1991,.F.);
#2734=ORIENTED_EDGE('',*,*,#1898,.F.);
#2735=ORIENTED_EDGE('',*,*,#1892,.F.);
#2736=ORIENTED_EDGE('',*,*,#1728,.F.);
#2737=ORIENTED_EDGE('',*,*,#1901,.T.);
#2738=ORIENTED_EDGE('',*,*,#1907,.T.);
#2739=ORIENTED_EDGE('',*,*,#1993,.T.);
#2740=ORIENTED_EDGE('',*,*,#1993,.F.);
#2741=ORIENTED_EDGE('',*,*,#1994,.T.);
#2742=ORIENTED_EDGE('',*,*,#1995,.T.);
#2743=ORIENTED_EDGE('',*,*,#1729,.F.);
#2744=ORIENTED_EDGE('',*,*,#1996,.F.);
#2745=ORIENTED_EDGE('',*,*,#1997,.F.);
#2746=ORIENTED_EDGE('',*,*,#1924,.F.);
#2747=ORIENTED_EDGE('',*,*,#1918,.F.);
#2748=ORIENTED_EDGE('',*,*,#1730,.F.);
#2749=ORIENTED_EDGE('',*,*,#1995,.F.);
#2750=ORIENTED_EDGE('',*,*,#1996,.T.);
#2751=ORIENTED_EDGE('',*,*,#1910,.T.);
#2752=ORIENTED_EDGE('',*,*,#1906,.T.);
#2753=ORIENTED_EDGE('',*,*,#1977,.F.);
#2754=ORIENTED_EDGE('',*,*,#1997,.T.);
#2755=ORIENTED_EDGE('',*,*,#1994,.F.);
#2756=ORIENTED_EDGE('',*,*,#1734,.F.);
#2757=ORIENTED_EDGE('',*,*,#1927,.T.);
#2758=ORIENTED_EDGE('',*,*,#1933,.T.);
#2759=ORIENTED_EDGE('',*,*,#1998,.T.);
#2760=ORIENTED_EDGE('',*,*,#1998,.F.);
#2761=ORIENTED_EDGE('',*,*,#1999,.T.);
#2762=ORIENTED_EDGE('',*,*,#2000,.T.);
#2763=ORIENTED_EDGE('',*,*,#1735,.F.);
#2764=ORIENTED_EDGE('',*,*,#2001,.F.);
#2765=ORIENTED_EDGE('',*,*,#2002,.F.);
#2766=ORIENTED_EDGE('',*,*,#1949,.F.);
#2767=ORIENTED_EDGE('',*,*,#1944,.F.);
#2768=ORIENTED_EDGE('',*,*,#1736,.F.);
#2769=ORIENTED_EDGE('',*,*,#2000,.F.);
#2770=ORIENTED_EDGE('',*,*,#2001,.T.);
#2771=ORIENTED_EDGE('',*,*,#1936,.T.);
#2772=ORIENTED_EDGE('',*,*,#1932,.T.);
#2773=ORIENTED_EDGE('',*,*,#1976,.F.);
#2774=ORIENTED_EDGE('',*,*,#2002,.T.);
#2775=ORIENTED_EDGE('',*,*,#1999,.F.);
#2776=ORIENTED_EDGE('',*,*,#2003,.F.);
#2777=ORIENTED_EDGE('',*,*,#1755,.F.);
#2778=ORIENTED_EDGE('',*,*,#2004,.F.);
#2779=ORIENTED_EDGE('',*,*,#2005,.F.);
#2780=ORIENTED_EDGE('',*,*,#2006,.T.);
#2781=ORIENTED_EDGE('',*,*,#2007,.T.);
#2782=ORIENTED_EDGE('',*,*,#2008,.T.);
#2783=ORIENTED_EDGE('',*,*,#2006,.F.);
#2784=ORIENTED_EDGE('',*,*,#2009,.T.);
#2785=ORIENTED_EDGE('',*,*,#2005,.T.);
#2786=ORIENTED_EDGE('',*,*,#2010,.T.);
#2787=ORIENTED_EDGE('',*,*,#2011,.F.);
#2788=ORIENTED_EDGE('',*,*,#2012,.F.);
#2789=ORIENTED_EDGE('',*,*,#2013,.F.);
#2790=ORIENTED_EDGE('',*,*,#2009,.F.);
#2791=ORIENTED_EDGE('',*,*,#2008,.F.);
#2792=ORIENTED_EDGE('',*,*,#1965,.F.);
#2793=ORIENTED_EDGE('',*,*,#2011,.T.);
#2794=ORIENTED_EDGE('',*,*,#2014,.F.);
#2795=ORIENTED_EDGE('',*,*,#2015,.F.);
#2796=ORIENTED_EDGE('',*,*,#2016,.F.);
#2797=ORIENTED_EDGE('',*,*,#1767,.F.);
#2798=ORIENTED_EDGE('',*,*,#2017,.T.);
#2799=ORIENTED_EDGE('',*,*,#2018,.T.);
#2800=ORIENTED_EDGE('',*,*,#2019,.T.);
#2801=ORIENTED_EDGE('',*,*,#2017,.F.);
#2802=ORIENTED_EDGE('',*,*,#2020,.T.);
#2803=ORIENTED_EDGE('',*,*,#2015,.T.);
#2804=ORIENTED_EDGE('',*,*,#2021,.T.);
#2805=ORIENTED_EDGE('',*,*,#2022,.F.);
#2806=ORIENTED_EDGE('',*,*,#2023,.F.);
#2807=ORIENTED_EDGE('',*,*,#2024,.F.);
#2808=ORIENTED_EDGE('',*,*,#2020,.F.);
#2809=ORIENTED_EDGE('',*,*,#2019,.F.);
#2810=ORIENTED_EDGE('',*,*,#1957,.F.);
#2811=ORIENTED_EDGE('',*,*,#2022,.T.);
#2812=ORIENTED_EDGE('',*,*,#2025,.F.);
#2813=ORIENTED_EDGE('',*,*,#1761,.F.);
#2814=ORIENTED_EDGE('',*,*,#2026,.F.);
#2815=ORIENTED_EDGE('',*,*,#2027,.F.);
#2816=ORIENTED_EDGE('',*,*,#2028,.T.);
#2817=ORIENTED_EDGE('',*,*,#2029,.T.);
#2818=ORIENTED_EDGE('',*,*,#2030,.T.);
#2819=ORIENTED_EDGE('',*,*,#2028,.F.);
#2820=ORIENTED_EDGE('',*,*,#2031,.T.);
#2821=ORIENTED_EDGE('',*,*,#2027,.T.);
#2822=ORIENTED_EDGE('',*,*,#2032,.T.);
#2823=ORIENTED_EDGE('',*,*,#2033,.F.);
#2824=ORIENTED_EDGE('',*,*,#2034,.F.);
#2825=ORIENTED_EDGE('',*,*,#2035,.F.);
#2826=ORIENTED_EDGE('',*,*,#2031,.F.);
#2827=ORIENTED_EDGE('',*,*,#2030,.F.);
#2828=ORIENTED_EDGE('',*,*,#1961,.F.);
#2829=ORIENTED_EDGE('',*,*,#2033,.T.);
#2830=ORIENTED_EDGE('',*,*,#2036,.F.);
#2831=ORIENTED_EDGE('',*,*,#2037,.F.);
#2832=ORIENTED_EDGE('',*,*,#2038,.F.);
#2833=ORIENTED_EDGE('',*,*,#1765,.F.);
#2834=ORIENTED_EDGE('',*,*,#2039,.T.);
#2835=ORIENTED_EDGE('',*,*,#2040,.T.);
#2836=ORIENTED_EDGE('',*,*,#2041,.T.);
#2837=ORIENTED_EDGE('',*,*,#2042,.T.);
#2838=ORIENTED_EDGE('',*,*,#2043,.T.);
#2839=ORIENTED_EDGE('',*,*,#2039,.F.);
#2840=ORIENTED_EDGE('',*,*,#2044,.T.);
#2841=ORIENTED_EDGE('',*,*,#2037,.T.);
#2842=ORIENTED_EDGE('',*,*,#2045,.T.);
#2843=ORIENTED_EDGE('',*,*,#2014,.T.);
#2844=ORIENTED_EDGE('',*,*,#1766,.F.);
#2845=ORIENTED_EDGE('',*,*,#2038,.T.);
#2846=ORIENTED_EDGE('',*,*,#2046,.T.);
#2847=ORIENTED_EDGE('',*,*,#2021,.F.);
#2848=ORIENTED_EDGE('',*,*,#2046,.F.);
#2849=ORIENTED_EDGE('',*,*,#2044,.F.);
#2850=ORIENTED_EDGE('',*,*,#2043,.F.);
#2851=ORIENTED_EDGE('',*,*,#2042,.F.);
#2852=ORIENTED_EDGE('',*,*,#1958,.F.);
#2853=ORIENTED_EDGE('',*,*,#2018,.F.);
#2854=ORIENTED_EDGE('',*,*,#2040,.F.);
#2855=ORIENTED_EDGE('',*,*,#2047,.T.);
#2856=ORIENTED_EDGE('',*,*,#1959,.F.);
#2857=ORIENTED_EDGE('',*,*,#2041,.F.);
#2858=ORIENTED_EDGE('',*,*,#2048,.F.);
#2859=ORIENTED_EDGE('',*,*,#2049,.F.);
#2860=ORIENTED_EDGE('',*,*,#2050,.F.);
#2861=ORIENTED_EDGE('',*,*,#1759,.F.);
#2862=ORIENTED_EDGE('',*,*,#2051,.T.);
#2863=ORIENTED_EDGE('',*,*,#2052,.T.);
#2864=ORIENTED_EDGE('',*,*,#2053,.T.);
#2865=ORIENTED_EDGE('',*,*,#2054,.T.);
#2866=ORIENTED_EDGE('',*,*,#2055,.T.);
#2867=ORIENTED_EDGE('',*,*,#2051,.F.);
#2868=ORIENTED_EDGE('',*,*,#2056,.T.);
#2869=ORIENTED_EDGE('',*,*,#2049,.T.);
#2870=ORIENTED_EDGE('',*,*,#2057,.T.);
#2871=ORIENTED_EDGE('',*,*,#2026,.T.);
#2872=ORIENTED_EDGE('',*,*,#1760,.F.);
#2873=ORIENTED_EDGE('',*,*,#2050,.T.);
#2874=ORIENTED_EDGE('',*,*,#2058,.T.);
#2875=ORIENTED_EDGE('',*,*,#2032,.F.);
#2876=ORIENTED_EDGE('',*,*,#2058,.F.);
#2877=ORIENTED_EDGE('',*,*,#2056,.F.);
#2878=ORIENTED_EDGE('',*,*,#2055,.F.);
#2879=ORIENTED_EDGE('',*,*,#2054,.F.);
#2880=ORIENTED_EDGE('',*,*,#1962,.F.);
#2881=ORIENTED_EDGE('',*,*,#2029,.F.);
#2882=ORIENTED_EDGE('',*,*,#2052,.F.);
#2883=ORIENTED_EDGE('',*,*,#2059,.T.);
#2884=ORIENTED_EDGE('',*,*,#1963,.F.);
#2885=ORIENTED_EDGE('',*,*,#2053,.F.);
#2886=ORIENTED_EDGE('',*,*,#2060,.F.);
#2887=ORIENTED_EDGE('',*,*,#1753,.F.);
#2888=ORIENTED_EDGE('',*,*,#2061,.F.);
#2889=ORIENTED_EDGE('',*,*,#2062,.F.);
#2890=ORIENTED_EDGE('',*,*,#2063,.T.);
#2891=ORIENTED_EDGE('',*,*,#2064,.T.);
#2892=ORIENTED_EDGE('',*,*,#2065,.T.);
#2893=ORIENTED_EDGE('',*,*,#2066,.T.);
#2894=ORIENTED_EDGE('',*,*,#2067,.T.);
#2895=ORIENTED_EDGE('',*,*,#2063,.F.);
#2896=ORIENTED_EDGE('',*,*,#2068,.T.);
#2897=ORIENTED_EDGE('',*,*,#2062,.T.);
#2898=ORIENTED_EDGE('',*,*,#2069,.T.);
#2899=ORIENTED_EDGE('',*,*,#2004,.T.);
#2900=ORIENTED_EDGE('',*,*,#1754,.F.);
#2901=ORIENTED_EDGE('',*,*,#2060,.T.);
#2902=ORIENTED_EDGE('',*,*,#2070,.T.);
#2903=ORIENTED_EDGE('',*,*,#2010,.F.);
#2904=ORIENTED_EDGE('',*,*,#2070,.F.);
#2905=ORIENTED_EDGE('',*,*,#2068,.F.);
#2906=ORIENTED_EDGE('',*,*,#2067,.F.);
#2907=ORIENTED_EDGE('',*,*,#2066,.F.);
#2908=ORIENTED_EDGE('',*,*,#1966,.F.);
#2909=ORIENTED_EDGE('',*,*,#2007,.F.);
#2910=ORIENTED_EDGE('',*,*,#2064,.F.);
#2911=ORIENTED_EDGE('',*,*,#2071,.T.);
#2912=ORIENTED_EDGE('',*,*,#1967,.F.);
#2913=ORIENTED_EDGE('',*,*,#2065,.F.);
#2914=ORIENTED_EDGE('',*,*,#2072,.F.);
#2915=ORIENTED_EDGE('',*,*,#1747,.F.);
#2916=ORIENTED_EDGE('',*,*,#2073,.F.);
#2917=ORIENTED_EDGE('',*,*,#2074,.F.);
#2918=ORIENTED_EDGE('',*,*,#2075,.T.);
#2919=ORIENTED_EDGE('',*,*,#2076,.T.);
#2920=ORIENTED_EDGE('',*,*,#2077,.T.);
#2921=ORIENTED_EDGE('',*,*,#2078,.T.);
#2922=ORIENTED_EDGE('',*,*,#2079,.T.);
#2923=ORIENTED_EDGE('',*,*,#2075,.F.);
#2924=ORIENTED_EDGE('',*,*,#2080,.T.);
#2925=ORIENTED_EDGE('',*,*,#2074,.T.);
#2926=ORIENTED_EDGE('',*,*,#2081,.T.);
#2927=ORIENTED_EDGE('',*,*,#2072,.T.);
#2928=ORIENTED_EDGE('',*,*,#2082,.T.);
#2929=ORIENTED_EDGE('',*,*,#2083,.T.);
#2930=ORIENTED_EDGE('',*,*,#1748,.F.);
#2931=ORIENTED_EDGE('',*,*,#2080,.F.);
#2932=ORIENTED_EDGE('',*,*,#2079,.F.);
#2933=ORIENTED_EDGE('',*,*,#2078,.F.);
#2934=ORIENTED_EDGE('',*,*,#1970,.F.);
#2935=ORIENTED_EDGE('',*,*,#2084,.T.);
#2936=ORIENTED_EDGE('',*,*,#2085,.T.);
#2937=ORIENTED_EDGE('',*,*,#2082,.F.);
#2938=ORIENTED_EDGE('',*,*,#2076,.F.);
#2939=ORIENTED_EDGE('',*,*,#2086,.T.);
#2940=ORIENTED_EDGE('',*,*,#1971,.F.);
#2941=ORIENTED_EDGE('',*,*,#2077,.F.);
#2942=ORIENTED_EDGE('',*,*,#2083,.F.);
#2943=ORIENTED_EDGE('',*,*,#2087,.F.);
#2944=ORIENTED_EDGE('',*,*,#2088,.F.);
#2945=ORIENTED_EDGE('',*,*,#1749,.F.);
#2946=ORIENTED_EDGE('',*,*,#2089,.T.);
#2947=ORIENTED_EDGE('',*,*,#2084,.F.);
#2948=ORIENTED_EDGE('',*,*,#2090,.T.);
#2949=ORIENTED_EDGE('',*,*,#2089,.F.);
#2950=ORIENTED_EDGE('',*,*,#2091,.T.);
#2951=ORIENTED_EDGE('',*,*,#2087,.T.);
#2952=ORIENTED_EDGE('',*,*,#2085,.F.);
#2953=ORIENTED_EDGE('',*,*,#2092,.F.);
#2954=ORIENTED_EDGE('',*,*,#2093,.F.);
#2955=ORIENTED_EDGE('',*,*,#2094,.F.);
#2956=ORIENTED_EDGE('',*,*,#2091,.F.);
#2957=ORIENTED_EDGE('',*,*,#2090,.F.);
#2958=ORIENTED_EDGE('',*,*,#1969,.F.);
#2959=ORIENTED_EDGE('',*,*,#2092,.T.);
#2960=ORIENTED_EDGE('',*,*,#2095,.F.);
#2961=ORIENTED_EDGE('',*,*,#2096,.F.);
#2962=ORIENTED_EDGE('',*,*,#2097,.F.);
#2963=ORIENTED_EDGE('',*,*,#1743,.F.);
#2964=ORIENTED_EDGE('',*,*,#2098,.T.);
#2965=ORIENTED_EDGE('',*,*,#2099,.T.);
#2966=ORIENTED_EDGE('',*,*,#2100,.T.);
#2967=ORIENTED_EDGE('',*,*,#2098,.F.);
#2968=ORIENTED_EDGE('',*,*,#2101,.T.);
#2969=ORIENTED_EDGE('',*,*,#2096,.T.);
#2970=ORIENTED_EDGE('',*,*,#2102,.T.);
#2971=ORIENTED_EDGE('',*,*,#2103,.F.);
#2972=ORIENTED_EDGE('',*,*,#2104,.F.);
#2973=ORIENTED_EDGE('',*,*,#2105,.F.);
#2974=ORIENTED_EDGE('',*,*,#2101,.F.);
#2975=ORIENTED_EDGE('',*,*,#2100,.F.);
#2976=ORIENTED_EDGE('',*,*,#1973,.F.);
#2977=ORIENTED_EDGE('',*,*,#2103,.T.);
#2978=ORIENTED_EDGE('',*,*,#1756,.F.);
#2979=ORIENTED_EDGE('',*,*,#2003,.T.);
#2980=ORIENTED_EDGE('',*,*,#2013,.T.);
#2981=ORIENTED_EDGE('',*,*,#2106,.T.);
#2982=ORIENTED_EDGE('',*,*,#1768,.F.);
#2983=ORIENTED_EDGE('',*,*,#2016,.T.);
#2984=ORIENTED_EDGE('',*,*,#2024,.T.);
#2985=ORIENTED_EDGE('',*,*,#2107,.T.);
#2986=ORIENTED_EDGE('',*,*,#1762,.F.);
#2987=ORIENTED_EDGE('',*,*,#2025,.T.);
#2988=ORIENTED_EDGE('',*,*,#2035,.T.);
#2989=ORIENTED_EDGE('',*,*,#2108,.T.);
#2990=ORIENTED_EDGE('',*,*,#2108,.F.);
#2991=ORIENTED_EDGE('',*,*,#2109,.T.);
#2992=ORIENTED_EDGE('',*,*,#2110,.T.);
#2993=ORIENTED_EDGE('',*,*,#1763,.F.);
#2994=ORIENTED_EDGE('',*,*,#2034,.T.);
#2995=ORIENTED_EDGE('',*,*,#1960,.F.);
#2996=ORIENTED_EDGE('',*,*,#2111,.T.);
#2997=ORIENTED_EDGE('',*,*,#2109,.F.);
#2998=ORIENTED_EDGE('',*,*,#1764,.F.);
#2999=ORIENTED_EDGE('',*,*,#2110,.F.);
#3000=ORIENTED_EDGE('',*,*,#2112,.T.);
#3001=ORIENTED_EDGE('',*,*,#2036,.T.);
#3002=ORIENTED_EDGE('',*,*,#2112,.F.);
#3003=ORIENTED_EDGE('',*,*,#2111,.F.);
#3004=ORIENTED_EDGE('',*,*,#2047,.F.);
#3005=ORIENTED_EDGE('',*,*,#2045,.F.);
#3006=ORIENTED_EDGE('',*,*,#1758,.F.);
#3007=ORIENTED_EDGE('',*,*,#2113,.T.);
#3008=ORIENTED_EDGE('',*,*,#2114,.T.);
#3009=ORIENTED_EDGE('',*,*,#2048,.T.);
#3010=ORIENTED_EDGE('',*,*,#2114,.F.);
#3011=ORIENTED_EDGE('',*,*,#2115,.F.);
#3012=ORIENTED_EDGE('',*,*,#2059,.F.);
#3013=ORIENTED_EDGE('',*,*,#2057,.F.);
#3014=ORIENTED_EDGE('',*,*,#2012,.T.);
#3015=ORIENTED_EDGE('',*,*,#1964,.F.);
#3016=ORIENTED_EDGE('',*,*,#2115,.T.);
#3017=ORIENTED_EDGE('',*,*,#2116,.T.);
#3018=ORIENTED_EDGE('',*,*,#2106,.F.);
#3019=ORIENTED_EDGE('',*,*,#2116,.F.);
#3020=ORIENTED_EDGE('',*,*,#2113,.F.);
#3021=ORIENTED_EDGE('',*,*,#1757,.F.);
#3022=ORIENTED_EDGE('',*,*,#2117,.F.);
#3023=ORIENTED_EDGE('',*,*,#2118,.F.);
#3024=ORIENTED_EDGE('',*,*,#2071,.F.);
#3025=ORIENTED_EDGE('',*,*,#2069,.F.);
#3026=ORIENTED_EDGE('',*,*,#1752,.F.);
#3027=ORIENTED_EDGE('',*,*,#2119,.T.);
#3028=ORIENTED_EDGE('',*,*,#2117,.T.);
#3029=ORIENTED_EDGE('',*,*,#2061,.T.);
#3030=ORIENTED_EDGE('',*,*,#2118,.T.);
#3031=ORIENTED_EDGE('',*,*,#2120,.T.);
#3032=ORIENTED_EDGE('',*,*,#2093,.T.);
#3033=ORIENTED_EDGE('',*,*,#1968,.F.);
#3034=ORIENTED_EDGE('',*,*,#2119,.F.);
#3035=ORIENTED_EDGE('',*,*,#1751,.F.);
#3036=ORIENTED_EDGE('',*,*,#2121,.T.);
#3037=ORIENTED_EDGE('',*,*,#2120,.F.);
#3038=ORIENTED_EDGE('',*,*,#2122,.F.);
#3039=ORIENTED_EDGE('',*,*,#2123,.F.);
#3040=ORIENTED_EDGE('',*,*,#2086,.F.);
#3041=ORIENTED_EDGE('',*,*,#2081,.F.);
#3042=ORIENTED_EDGE('',*,*,#1746,.F.);
#3043=ORIENTED_EDGE('',*,*,#2124,.T.);
#3044=ORIENTED_EDGE('',*,*,#2122,.T.);
#3045=ORIENTED_EDGE('',*,*,#2073,.T.);
#3046=ORIENTED_EDGE('',*,*,#1750,.F.);
#3047=ORIENTED_EDGE('',*,*,#2088,.T.);
#3048=ORIENTED_EDGE('',*,*,#2094,.T.);
#3049=ORIENTED_EDGE('',*,*,#2121,.F.);
#3050=ORIENTED_EDGE('',*,*,#1744,.F.);
#3051=ORIENTED_EDGE('',*,*,#2097,.T.);
#3052=ORIENTED_EDGE('',*,*,#2105,.T.);
#3053=ORIENTED_EDGE('',*,*,#2125,.T.);
#3054=ORIENTED_EDGE('',*,*,#2126,.T.);
#3055=ORIENTED_EDGE('',*,*,#2127,.T.);
#3056=ORIENTED_EDGE('',*,*,#1778,.F.);
#3057=ORIENTED_EDGE('',*,*,#2128,.T.);
#3058=ORIENTED_EDGE('',*,*,#2129,.T.);
#3059=ORIENTED_EDGE('',*,*,#2130,.T.);
#3060=ORIENTED_EDGE('',*,*,#2131,.T.);
#3061=ORIENTED_EDGE('',*,*,#1780,.F.);
#3062=ORIENTED_EDGE('',*,*,#2132,.T.);
#3063=ORIENTED_EDGE('',*,*,#2133,.T.);
#3064=ORIENTED_EDGE('',*,*,#2134,.T.);
#3065=ORIENTED_EDGE('',*,*,#1782,.F.);
#3066=ORIENTED_EDGE('',*,*,#2135,.T.);
#3067=ORIENTED_EDGE('',*,*,#2136,.T.);
#3068=ORIENTED_EDGE('',*,*,#2137,.T.);
#3069=ORIENTED_EDGE('',*,*,#1784,.F.);
#3070=ORIENTED_EDGE('',*,*,#2133,.F.);
#3071=ORIENTED_EDGE('',*,*,#2138,.T.);
#3072=ORIENTED_EDGE('',*,*,#2130,.F.);
#3073=ORIENTED_EDGE('',*,*,#2139,.T.);
#3074=ORIENTED_EDGE('',*,*,#2126,.F.);
#3075=ORIENTED_EDGE('',*,*,#2140,.T.);
#3076=ORIENTED_EDGE('',*,*,#2136,.F.);
#3077=ORIENTED_EDGE('',*,*,#2141,.T.);
#3078=ORIENTED_EDGE('',*,*,#2142,.T.);
#3079=ORIENTED_EDGE('',*,*,#2143,.T.);
#3080=ORIENTED_EDGE('',*,*,#2144,.T.);
#3081=ORIENTED_EDGE('',*,*,#2145,.T.);
#3082=ORIENTED_EDGE('',*,*,#2146,.T.);
#3083=ORIENTED_EDGE('',*,*,#2147,.T.);
#3084=ORIENTED_EDGE('',*,*,#2148,.T.);
#3085=ORIENTED_EDGE('',*,*,#2149,.T.);
#3086=ORIENTED_EDGE('',*,*,#2128,.F.);
#3087=ORIENTED_EDGE('',*,*,#1777,.F.);
#3088=ORIENTED_EDGE('',*,*,#2137,.F.);
#3089=ORIENTED_EDGE('',*,*,#2140,.F.);
#3090=ORIENTED_EDGE('',*,*,#2127,.F.);
#3091=ORIENTED_EDGE('',*,*,#2139,.F.);
#3092=ORIENTED_EDGE('',*,*,#2129,.F.);
#3093=ORIENTED_EDGE('',*,*,#1779,.F.);
#3094=ORIENTED_EDGE('',*,*,#2131,.F.);
#3095=ORIENTED_EDGE('',*,*,#2138,.F.);
#3096=ORIENTED_EDGE('',*,*,#2132,.F.);
#3097=ORIENTED_EDGE('',*,*,#1781,.F.);
#3098=ORIENTED_EDGE('',*,*,#2134,.F.);
#3099=ORIENTED_EDGE('',*,*,#2141,.F.);
#3100=ORIENTED_EDGE('',*,*,#2135,.F.);
#3101=ORIENTED_EDGE('',*,*,#1783,.F.);
#3102=ORIENTED_EDGE('',*,*,#2150,.F.);
#3103=ORIENTED_EDGE('',*,*,#2151,.F.);
#3104=ORIENTED_EDGE('',*,*,#2144,.F.);
#3105=ORIENTED_EDGE('',*,*,#2152,.F.);
#3106=ORIENTED_EDGE('',*,*,#2153,.T.);
#3107=ORIENTED_EDGE('',*,*,#2154,.T.);
#3108=ORIENTED_EDGE('',*,*,#2152,.T.);
#3109=ORIENTED_EDGE('',*,*,#2143,.F.);
#3110=ORIENTED_EDGE('',*,*,#2142,.F.);
#3111=ORIENTED_EDGE('',*,*,#2155,.F.);
#3112=ORIENTED_EDGE('',*,*,#2156,.F.);
#3113=ORIENTED_EDGE('',*,*,#2153,.F.);
#3114=ORIENTED_EDGE('',*,*,#2157,.T.);
#3115=ORIENTED_EDGE('',*,*,#2158,.T.);
#3116=ORIENTED_EDGE('',*,*,#2155,.T.);
#3117=ORIENTED_EDGE('',*,*,#2149,.F.);
#3118=ORIENTED_EDGE('',*,*,#2159,.F.);
#3119=ORIENTED_EDGE('',*,*,#2157,.F.);
#3120=ORIENTED_EDGE('',*,*,#2148,.F.);
#3121=ORIENTED_EDGE('',*,*,#2160,.F.);
#3122=ORIENTED_EDGE('',*,*,#2161,.T.);
#3123=ORIENTED_EDGE('',*,*,#2162,.T.);
#3124=ORIENTED_EDGE('',*,*,#2160,.T.);
#3125=ORIENTED_EDGE('',*,*,#2147,.F.);
#3126=ORIENTED_EDGE('',*,*,#2163,.F.);
#3127=ORIENTED_EDGE('',*,*,#2161,.F.);
#3128=ORIENTED_EDGE('',*,*,#2146,.F.);
#3129=ORIENTED_EDGE('',*,*,#2164,.F.);
#3130=ORIENTED_EDGE('',*,*,#2151,.T.);
#3131=ORIENTED_EDGE('',*,*,#2165,.T.);
#3132=ORIENTED_EDGE('',*,*,#2164,.T.);
#3133=ORIENTED_EDGE('',*,*,#2145,.F.);
#3134=ORIENTED_EDGE('',*,*,#2166,.T.);
#3135=ORIENTED_EDGE('',*,*,#2167,.T.);
#3136=ORIENTED_EDGE('',*,*,#2168,.T.);
#3137=ORIENTED_EDGE('',*,*,#2169,.T.);
#3138=ORIENTED_EDGE('',*,*,#1740,.F.);
#3139=ORIENTED_EDGE('',*,*,#2170,.T.);
#3140=ORIENTED_EDGE('',*,*,#2167,.F.);
#3141=ORIENTED_EDGE('',*,*,#2171,.T.);
#3142=ORIENTED_EDGE('',*,*,#1975,.F.);
#3143=ORIENTED_EDGE('',*,*,#2172,.T.);
#3144=ORIENTED_EDGE('',*,*,#2173,.T.);
#3145=ORIENTED_EDGE('',*,*,#1741,.F.);
#3146=ORIENTED_EDGE('',*,*,#2169,.F.);
#3147=ORIENTED_EDGE('',*,*,#2174,.T.);
#3148=ORIENTED_EDGE('',*,*,#2170,.F.);
#3149=ORIENTED_EDGE('',*,*,#1739,.F.);
#3150=ORIENTED_EDGE('',*,*,#1946,.F.);
#3151=ORIENTED_EDGE('',*,*,#2175,.T.);
#3152=ORIENTED_EDGE('',*,*,#2168,.F.);
#3153=ORIENTED_EDGE('',*,*,#2172,.F.);
#3154=ORIENTED_EDGE('',*,*,#2176,.F.);
#3155=ORIENTED_EDGE('',*,*,#2174,.F.);
#3156=ORIENTED_EDGE('',*,*,#2166,.F.);
#3157=ORIENTED_EDGE('',*,*,#2175,.F.);
#3158=ORIENTED_EDGE('',*,*,#1948,.F.);
#3159=ORIENTED_EDGE('',*,*,#2171,.F.);
#3160=ORIENTED_EDGE('',*,*,#2107,.F.);
#3161=ORIENTED_EDGE('',*,*,#2177,.T.);
#3162=ORIENTED_EDGE('',*,*,#2178,.T.);
#3163=ORIENTED_EDGE('',*,*,#1707,.F.);
#3164=ORIENTED_EDGE('',*,*,#2179,.T.);
#3165=ORIENTED_EDGE('',*,*,#2180,.T.);
#3166=ORIENTED_EDGE('',*,*,#2181,.T.);
#3167=ORIENTED_EDGE('',*,*,#2182,.T.);
#3168=ORIENTED_EDGE('',*,*,#1709,.F.);
#3169=ORIENTED_EDGE('',*,*,#2183,.T.);
#3170=ORIENTED_EDGE('',*,*,#2180,.F.);
#3171=ORIENTED_EDGE('',*,*,#2184,.T.);
#3172=ORIENTED_EDGE('',*,*,#1955,.F.);
#3173=ORIENTED_EDGE('',*,*,#2185,.T.);
#3174=ORIENTED_EDGE('',*,*,#2178,.F.);
#3175=ORIENTED_EDGE('',*,*,#2186,.T.);
#3176=ORIENTED_EDGE('',*,*,#2183,.F.);
#3177=ORIENTED_EDGE('',*,*,#1708,.F.);
#3178=ORIENTED_EDGE('',*,*,#1982,.F.);
#3179=ORIENTED_EDGE('',*,*,#1710,.F.);
#3180=ORIENTED_EDGE('',*,*,#2182,.F.);
#3181=ORIENTED_EDGE('',*,*,#2187,.T.);
#3182=ORIENTED_EDGE('',*,*,#2179,.F.);
#3183=ORIENTED_EDGE('',*,*,#2186,.F.);
#3184=ORIENTED_EDGE('',*,*,#2188,.F.);
#3185=ORIENTED_EDGE('',*,*,#2184,.F.);
#3186=ORIENTED_EDGE('',*,*,#2181,.F.);
#3187=ORIENTED_EDGE('',*,*,#2185,.F.);
#3188=ORIENTED_EDGE('',*,*,#1981,.F.);
#3189=ORIENTED_EDGE('',*,*,#2187,.F.);
#3190=ORIENTED_EDGE('',*,*,#2023,.T.);
#3191=ORIENTED_EDGE('',*,*,#1956,.F.);
#3192=ORIENTED_EDGE('',*,*,#2188,.T.);
#3193=ORIENTED_EDGE('',*,*,#2177,.F.);
#3194=ORIENTED_EDGE('',*,*,#2123,.T.);
#3195=ORIENTED_EDGE('',*,*,#2189,.T.);
#3196=ORIENTED_EDGE('',*,*,#2104,.T.);
#3197=ORIENTED_EDGE('',*,*,#1972,.F.);
#3198=ORIENTED_EDGE('',*,*,#2124,.F.);
#3199=ORIENTED_EDGE('',*,*,#1745,.F.);
#3200=ORIENTED_EDGE('',*,*,#2125,.F.);
#3201=ORIENTED_EDGE('',*,*,#2189,.F.);
#3202=ORIENTED_EDGE('',*,*,#2102,.F.);
#3203=ORIENTED_EDGE('',*,*,#2190,.T.);
#3204=ORIENTED_EDGE('',*,*,#2176,.T.);
#3205=ORIENTED_EDGE('',*,*,#1974,.F.);
#3206=ORIENTED_EDGE('',*,*,#2099,.F.);
#3207=ORIENTED_EDGE('',*,*,#2095,.T.);
#3208=ORIENTED_EDGE('',*,*,#1742,.F.);
#3209=ORIENTED_EDGE('',*,*,#2173,.F.);
#3210=ORIENTED_EDGE('',*,*,#2190,.F.);
#3211=ORIENTED_EDGE('',*,*,#2165,.F.);
#3212=ORIENTED_EDGE('',*,*,#2150,.T.);
#3213=ORIENTED_EDGE('',*,*,#2154,.F.);
#3214=ORIENTED_EDGE('',*,*,#2156,.T.);
#3215=ORIENTED_EDGE('',*,*,#2158,.F.);
#3216=ORIENTED_EDGE('',*,*,#2159,.T.);
#3217=ORIENTED_EDGE('',*,*,#2162,.F.);
#3218=ORIENTED_EDGE('',*,*,#2163,.T.);
#3219=PLANE('',#3505);
#3220=PLANE('',#3506);
#3221=PLANE('',#3508);
#3222=PLANE('',#3509);
#3223=PLANE('',#3510);
#3224=PLANE('',#3512);
#3225=PLANE('',#3513);
#3226=PLANE('',#3514);
#3227=PLANE('',#3515);
#3228=PLANE('',#3560);
#3229=PLANE('',#3562);
#3230=PLANE('',#3563);
#3231=PLANE('',#3566);
#3232=PLANE('',#3567);
#3233=PLANE('',#3569);
#3234=PLANE('',#3570);
#3235=PLANE('',#3571);
#3236=PLANE('',#3572);
#3237=PLANE('',#3573);
#3238=PLANE('',#3576);
#3239=PLANE('',#3577);
#3240=PLANE('',#3580);
#3241=PLANE('',#3583);
#3242=PLANE('',#3584);
#3243=PLANE('',#3587);
#3244=PLANE('',#3588);
#3245=PLANE('',#3591);
#3246=PLANE('',#3597);
#3247=PLANE('',#3611);
#3248=PLANE('',#3625);
#3249=PLANE('',#3639);
#3250=PLANE('',#3653);
#3251=PLANE('',#3661);
#3252=PLANE('',#3664);
#3253=PLANE('',#3666);
#3254=PLANE('',#3672);
#3255=PLANE('',#3678);
#3256=PLANE('',#3684);
#3257=PLANE('',#3713);
#3258=PLANE('',#3720);
#3259=PLANE('',#3727);
#3260=PLANE('',#3734);
#3261=PLANE('',#3755);
#3262=PLANE('',#3764);
#3263=PLANE('',#3769);
#3264=PLANE('',#3775);
#3265=PLANE('',#3776);
#3266=PLANE('',#3777);
#3267=PLANE('',#3778);
#3268=PLANE('',#3779);
#3269=PLANE('',#3794);
#3270=PLANE('',#3797);
#3271=PLANE('',#3800);
#3272=PLANE('',#3803);
#3273=PLANE('',#3804);
#3274=PLANE('',#3815);
#3275=PLANE('',#3816);
#3276=PLANE('',#3829);
#3277=PLANE('',#3831);
#3278=PLANE('',#3832);
#3279=ADVANCED_FACE('',(#437),#3219,.T.);
#3280=ADVANCED_FACE('',(#438),#3220,.T.);
#3281=ADVANCED_FACE('',(#439),#3221,.T.);
#3282=ADVANCED_FACE('',(#440),#3222,.T.);
#3283=ADVANCED_FACE('',(#441),#3223,.T.);
#3284=ADVANCED_FACE('',(#442),#3224,.T.);
#3285=ADVANCED_FACE('',(#443),#3225,.T.);
#3286=ADVANCED_FACE('',(#444),#3226,.T.);
#3287=ADVANCED_FACE('',(#445,#257,#258,#259,#260,#261),#3227,.T.);
#3288=ADVANCED_FACE('',(#446),#3228,.T.);
#3289=ADVANCED_FACE('',(#447),#3229,.T.);
#3290=ADVANCED_FACE('',(#448),#3230,.T.);
#3291=ADVANCED_FACE('',(#449),#163,.T.);
#3292=ADVANCED_FACE('',(#450),#3231,.T.);
#3293=ADVANCED_FACE('',(#451),#3232,.T.);
#3294=ADVANCED_FACE('',(#452),#164,.T.);
#3295=ADVANCED_FACE('',(#453),#3233,.T.);
#3296=ADVANCED_FACE('',(#454),#3234,.T.);
#3297=ADVANCED_FACE('',(#455),#3235,.T.);
#3298=ADVANCED_FACE('',(#456),#3236,.T.);
#3299=ADVANCED_FACE('',(#457),#3237,.T.);
#3300=ADVANCED_FACE('',(#458),#3238,.T.);
#3301=ADVANCED_FACE('',(#459),#3239,.T.);
#3302=ADVANCED_FACE('',(#460),#3240,.T.);
#3303=ADVANCED_FACE('',(#461),#165,.T.);
#3304=ADVANCED_FACE('',(#462),#166,.T.);
#3305=ADVANCED_FACE('',(#463),#3241,.T.);
#3306=ADVANCED_FACE('',(#464),#3242,.T.);
#3307=ADVANCED_FACE('',(#465),#3243,.T.);
#3308=ADVANCED_FACE('',(#466),#3244,.T.);
#3309=ADVANCED_FACE('',(#467),#3245,.T.);
#3310=ADVANCED_FACE('',(#468),#167,.T.);
#3311=ADVANCED_FACE('',(#469),#168,.T.);
#3312=ADVANCED_FACE('',(#470),#169,.F.);
#3313=ADVANCED_FACE('',(#471),#127,.T.);
#3314=ADVANCED_FACE('',(#472),#128,.T.);
#3315=ADVANCED_FACE('',(#473),#3246,.T.);
#3316=ADVANCED_FACE('',(#474),#170,.T.);
#3317=ADVANCED_FACE('',(#475),#171,.T.);
#3318=ADVANCED_FACE('',(#476),#172,.F.);
#3319=ADVANCED_FACE('',(#477),#129,.T.);
#3320=ADVANCED_FACE('',(#478),#130,.T.);
#3321=ADVANCED_FACE('',(#479),#15,.F.);
#3322=ADVANCED_FACE('',(#480),#173,.T.);
#3323=ADVANCED_FACE('',(#481),#174,.F.);
#3324=ADVANCED_FACE('',(#482),#131,.T.);
#3325=ADVANCED_FACE('',(#483),#132,.T.);
#3326=ADVANCED_FACE('',(#484),#3247,.T.);
#3327=ADVANCED_FACE('',(#485),#175,.T.);
#3328=ADVANCED_FACE('',(#486),#176,.T.);
#3329=ADVANCED_FACE('',(#487),#177,.F.);
#3330=ADVANCED_FACE('',(#488),#133,.T.);
#3331=ADVANCED_FACE('',(#489),#134,.T.);
#3332=ADVANCED_FACE('',(#490),#16,.F.);
#3333=ADVANCED_FACE('',(#491),#178,.T.);
#3334=ADVANCED_FACE('',(#492),#179,.F.);
#3335=ADVANCED_FACE('',(#493),#135,.T.);
#3336=ADVANCED_FACE('',(#494),#136,.T.);
#3337=ADVANCED_FACE('',(#495),#3248,.T.);
#3338=ADVANCED_FACE('',(#496),#180,.T.);
#3339=ADVANCED_FACE('',(#497),#181,.T.);
#3340=ADVANCED_FACE('',(#498),#182,.F.);
#3341=ADVANCED_FACE('',(#499),#137,.T.);
#3342=ADVANCED_FACE('',(#500),#138,.T.);
#3343=ADVANCED_FACE('',(#501),#17,.F.);
#3344=ADVANCED_FACE('',(#502),#183,.T.);
#3345=ADVANCED_FACE('',(#503),#184,.F.);
#3346=ADVANCED_FACE('',(#504),#139,.T.);
#3347=ADVANCED_FACE('',(#505),#140,.T.);
#3348=ADVANCED_FACE('',(#506),#3249,.T.);
#3349=ADVANCED_FACE('',(#507),#185,.T.);
#3350=ADVANCED_FACE('',(#508),#186,.T.);
#3351=ADVANCED_FACE('',(#509),#187,.F.);
#3352=ADVANCED_FACE('',(#510),#141,.T.);
#3353=ADVANCED_FACE('',(#511),#142,.T.);
#3354=ADVANCED_FACE('',(#512),#18,.F.);
#3355=ADVANCED_FACE('',(#513),#188,.T.);
#3356=ADVANCED_FACE('',(#514),#189,.F.);
#3357=ADVANCED_FACE('',(#515),#143,.T.);
#3358=ADVANCED_FACE('',(#516),#144,.T.);
#3359=ADVANCED_FACE('',(#517),#3250,.T.);
#3360=ADVANCED_FACE('',(#518),#190,.T.);
#3361=ADVANCED_FACE('',(#519),#191,.T.);
#3362=ADVANCED_FACE('',(#520),#19,.F.);
#3363=ADVANCED_FACE('',(#521),#192,.T.);
#3364=ADVANCED_FACE('',(#522),#3251,.T.);
#3365=ADVANCED_FACE('',(#523),#193,.T.);
#3366=ADVANCED_FACE('',(#524),#3252,.T.);
#3367=ADVANCED_FACE('',(#525),#194,.T.);
#3368=ADVANCED_FACE('',(#526),#3253,.T.);
#3369=ADVANCED_FACE('',(#527),#195,.T.);
#3370=ADVANCED_FACE('',(#528),#196,.T.);
#3371=ADVANCED_FACE('',(#529),#20,.F.);
#3372=ADVANCED_FACE('',(#530),#197,.T.);
#3373=ADVANCED_FACE('',(#531),#3254,.T.);
#3374=ADVANCED_FACE('',(#532),#198,.T.);
#3375=ADVANCED_FACE('',(#533),#199,.T.);
#3376=ADVANCED_FACE('',(#534),#21,.F.);
#3377=ADVANCED_FACE('',(#535),#200,.T.);
#3378=ADVANCED_FACE('',(#536),#3255,.T.);
#3379=ADVANCED_FACE('',(#537),#22,.F.);
#3380=ADVANCED_FACE('',(#538),#201,.T.);
#3381=ADVANCED_FACE('',(#539),#202,.T.);
#3382=ADVANCED_FACE('',(#540),#203,.T.);
#3383=ADVANCED_FACE('',(#541),#3256,.T.);
#3384=ADVANCED_FACE('',(#542),#23,.F.);
#3385=ADVANCED_FACE('',(#543),#204,.T.);
#3386=ADVANCED_FACE('',(#544),#205,.T.);
#3387=ADVANCED_FACE('',(#545),#206,.F.);
#3388=ADVANCED_FACE('',(#546),#145,.T.);
#3389=ADVANCED_FACE('',(#547),#146,.T.);
#3390=ADVANCED_FACE('',(#548),#24,.F.);
#3391=ADVANCED_FACE('',(#549),#207,.T.);
#3392=ADVANCED_FACE('',(#550),#208,.F.);
#3393=ADVANCED_FACE('',(#551),#147,.T.);
#3394=ADVANCED_FACE('',(#552),#148,.T.);
#3395=ADVANCED_FACE('',(#553),#25,.F.);
#3396=ADVANCED_FACE('',(#554),#209,.T.);
#3397=ADVANCED_FACE('',(#555),#210,.F.);
#3398=ADVANCED_FACE('',(#556),#149,.T.);
#3399=ADVANCED_FACE('',(#557),#150,.T.);
#3400=ADVANCED_FACE('',(#558),#26,.F.);
#3401=ADVANCED_FACE('',(#559),#211,.T.);
#3402=ADVANCED_FACE('',(#560),#212,.F.);
#3403=ADVANCED_FACE('',(#561),#151,.T.);
#3404=ADVANCED_FACE('',(#562),#152,.T.);
#3405=ADVANCED_FACE('',(#563),#3257,.T.);
#3406=ADVANCED_FACE('',(#564),#213,.T.);
#3407=ADVANCED_FACE('',(#565),#214,.T.);
#3408=ADVANCED_FACE('',(#566),#215,.F.);
#3409=ADVANCED_FACE('',(#567),#153,.T.);
#3410=ADVANCED_FACE('',(#568),#154,.T.);
#3411=ADVANCED_FACE('',(#569),#3258,.T.);
#3412=ADVANCED_FACE('',(#570),#216,.T.);
#3413=ADVANCED_FACE('',(#571),#217,.T.);
#3414=ADVANCED_FACE('',(#572),#218,.F.);
#3415=ADVANCED_FACE('',(#573),#155,.T.);
#3416=ADVANCED_FACE('',(#574),#156,.T.);
#3417=ADVANCED_FACE('',(#575),#3259,.T.);
#3418=ADVANCED_FACE('',(#576),#219,.T.);
#3419=ADVANCED_FACE('',(#577),#220,.T.);
#3420=ADVANCED_FACE('',(#578),#221,.F.);
#3421=ADVANCED_FACE('',(#579),#157,.T.);
#3422=ADVANCED_FACE('',(#580),#158,.T.);
#3423=ADVANCED_FACE('',(#581),#3260,.T.);
#3424=ADVANCED_FACE('',(#582),#222,.T.);
#3425=ADVANCED_FACE('',(#583),#223,.T.);
#3426=ADVANCED_FACE('',(#584),#224,.F.);
#3427=ADVANCED_FACE('',(#585),#159,.T.);
#3428=ADVANCED_FACE('',(#586),#160,.T.);
#3429=ADVANCED_FACE('',(#587),#27,.F.);
#3430=ADVANCED_FACE('',(#588),#225,.T.);
#3431=ADVANCED_FACE('',(#589),#226,.F.);
#3432=ADVANCED_FACE('',(#590),#161,.T.);
#3433=ADVANCED_FACE('',(#591),#162,.T.);
#3434=ADVANCED_FACE('',(#592),#28,.F.);
#3435=ADVANCED_FACE('',(#593),#227,.T.);
#3436=ADVANCED_FACE('',(#594),#228,.T.);
#3437=ADVANCED_FACE('',(#595),#229,.T.);
#3438=ADVANCED_FACE('',(#596),#230,.T.);
#3439=ADVANCED_FACE('',(#597),#3261,.T.);
#3440=ADVANCED_FACE('',(#598),#231,.T.);
#3441=ADVANCED_FACE('',(#599),#232,.T.);
#3442=ADVANCED_FACE('',(#600),#29,.F.);
#3443=ADVANCED_FACE('',(#601),#233,.T.);
#3444=ADVANCED_FACE('',(#602),#30,.F.);
#3445=ADVANCED_FACE('',(#603),#234,.T.);
#3446=ADVANCED_FACE('',(#604),#3262,.T.);
#3447=ADVANCED_FACE('',(#605),#31,.F.);
#3448=ADVANCED_FACE('',(#606),#235,.T.);
#3449=ADVANCED_FACE('',(#607),#236,.T.);
#3450=ADVANCED_FACE('',(#608),#3263,.T.);
#3451=ADVANCED_FACE('',(#609),#32,.F.);
#3452=ADVANCED_FACE('',(#610),#237,.T.);
#3453=ADVANCED_FACE('',(#611),#238,.T.);
#3454=ADVANCED_FACE('',(#612),#239,.T.);
#3455=ADVANCED_FACE('',(#613),#3264,.T.);
#3456=ADVANCED_FACE('',(#614),#3265,.T.);
#3457=ADVANCED_FACE('',(#615),#3266,.T.);
#3458=ADVANCED_FACE('',(#616),#3267,.T.);
#3459=ADVANCED_FACE('',(#617,#262),#3268,.T.);
#3460=ADVANCED_FACE('',(#618),#240,.T.);
#3461=ADVANCED_FACE('',(#619),#241,.T.);
#3462=ADVANCED_FACE('',(#620),#242,.T.);
#3463=ADVANCED_FACE('',(#621),#243,.T.);
#3464=ADVANCED_FACE('',(#622),#244,.F.);
#3465=ADVANCED_FACE('',(#623),#3269,.T.);
#3466=ADVANCED_FACE('',(#624),#245,.F.);
#3467=ADVANCED_FACE('',(#625),#3270,.T.);
#3468=ADVANCED_FACE('',(#626),#246,.F.);
#3469=ADVANCED_FACE('',(#627),#3271,.T.);
#3470=ADVANCED_FACE('',(#628),#247,.F.);
#3471=ADVANCED_FACE('',(#629),#3272,.T.);
#3472=ADVANCED_FACE('',(#630),#3273,.T.);
#3473=ADVANCED_FACE('',(#631),#248,.T.);
#3474=ADVANCED_FACE('',(#632),#249,.T.);
#3475=ADVANCED_FACE('',(#633),#250,.T.);
#3476=ADVANCED_FACE('',(#634),#33,.F.);
#3477=ADVANCED_FACE('',(#635),#34,.F.);
#3478=ADVANCED_FACE('',(#636),#3274,.T.);
#3479=ADVANCED_FACE('',(#637),#3275,.T.);
#3480=ADVANCED_FACE('',(#638),#251,.T.);
#3481=ADVANCED_FACE('',(#639),#252,.T.);
#3482=ADVANCED_FACE('',(#640),#253,.T.);
#3483=ADVANCED_FACE('',(#641),#35,.F.);
#3484=ADVANCED_FACE('',(#642),#36,.F.);
#3485=ADVANCED_FACE('',(#643),#254,.T.);
#3486=ADVANCED_FACE('',(#644),#255,.T.);
#3487=ADVANCED_FACE('',(#645),#3276,.T.);
#3488=ADVANCED_FACE('',(#646),#256,.T.);
#3489=ADVANCED_FACE('',(#647),#3277,.T.);
#3490=ADVANCED_FACE('',(#648),#3278,.T.);
#3491=CLOSED_SHELL('',(#3279,#3280,#3281,#3282,#3283,#3284,#3285,#3286,
#3287,#3288,#3289,#3290,#3291,#3292,#3293,#3294,#3295,#3296,#3297,#3298,
#3299,#3300,#3301,#3302,#3303,#3304,#3305,#3306,#3307,#3308,#3309,#3310,
#3311,#3312,#3313,#3314,#3315,#3316,#3317,#3318,#3319,#3320,#3321,#3322,
#3323,#3324,#3325,#3326,#3327,#3328,#3329,#3330,#3331,#3332,#3333,#3334,
#3335,#3336,#3337,#3338,#3339,#3340,#3341,#3342,#3343,#3344,#3345,#3346,
#3347,#3348,#3349,#3350,#3351,#3352,#3353,#3354,#3355,#3356,#3357,#3358,
#3359,#3360,#3361,#3362,#3363,#3364,#3365,#3366,#3367,#3368,#3369,#3370,
#3371,#3372,#3373,#3374,#3375,#3376,#3377,#3378,#3379,#3380,#3381,#3382,
#3383,#3384,#3385,#3386,#3387,#3388,#3389,#3390,#3391,#3392,#3393,#3394,
#3395,#3396,#3397,#3398,#3399,#3400,#3401,#3402,#3403,#3404,#3405,#3406,
#3407,#3408,#3409,#3410,#3411,#3412,#3413,#3414,#3415,#3416,#3417,#3418,
#3419,#3420,#3421,#3422,#3423,#3424,#3425,#3426,#3427,#3428,#3429,#3430,
#3431,#3432,#3433,#3434,#3435,#3436,#3437,#3438,#3439,#3440,#3441,#3442,
#3443,#3444,#3445,#3446,#3447,#3448,#3449,#3450,#3451,#3452,#3453,#3454,
#3455,#3456,#3457,#3458,#3459,#3460,#3461,#3462,#3463,#3464,#3465,#3466,
#3467,#3468,#3469,#3470,#3471,#3472,#3473,#3474,#3475,#3476,#3477,#3478,
#3479,#3480,#3481,#3482,#3483,#3484,#3485,#3486,#3487,#3488,#3489,#3490));
#3492=DERIVED_UNIT_ELEMENT(#3494,1.);
#3493=DERIVED_UNIT_ELEMENT(#7548,-3.);
#3494=(
MASS_UNIT()
NAMED_UNIT(*)
SI_UNIT(.KILO.,.GRAM.)
);
#3495=DERIVED_UNIT((#3492,#3493));
#3496=MEASURE_REPRESENTATION_ITEM('density measure',
POSITIVE_RATIO_MEASURE(7850.),#3495);
#3497=PROPERTY_DEFINITION_REPRESENTATION(#3502,#3499);
#3498=PROPERTY_DEFINITION_REPRESENTATION(#3503,#3500);
#3499=REPRESENTATION('material name',(#3501),#7545);
#3500=REPRESENTATION('density',(#3496),#7545);
#3501=DESCRIPTIVE_REPRESENTATION_ITEM('\X2\92FC\X0\','\X2\92FC\X0\');
#3502=PROPERTY_DEFINITION('material property','material name',#7555);
#3503=PROPERTY_DEFINITION('material property','density of part',#7555);
#3504=AXIS2_PLACEMENT_3D('',#4741,#3833,#3834);
#3505=AXIS2_PLACEMENT_3D('',#4742,#3835,#3836);
#3506=AXIS2_PLACEMENT_3D('',#4751,#3841,#3842);
#3507=AXIS2_PLACEMENT_3D('',#4761,#3847,#3848);
#3508=AXIS2_PLACEMENT_3D('',#4765,#3851,#3852);
#3509=AXIS2_PLACEMENT_3D('',#4769,#3855,#3856);
#3510=AXIS2_PLACEMENT_3D('',#4778,#3861,#3862);
#3511=AXIS2_PLACEMENT_3D('',#4788,#3867,#3868);
#3512=AXIS2_PLACEMENT_3D('',#4792,#3871,#3872);
#3513=AXIS2_PLACEMENT_3D('',#4796,#3875,#3876);
#3514=AXIS2_PLACEMENT_3D('',#4800,#3879,#3880);
#3515=AXIS2_PLACEMENT_3D('',#4804,#3883,#3884);
#3516=AXIS2_PLACEMENT_3D('',#4809,#3886,#3887);
#3517=AXIS2_PLACEMENT_3D('',#4813,#3889,#3890);
#3518=AXIS2_PLACEMENT_3D('',#4817,#3892,#3893);
#3519=AXIS2_PLACEMENT_3D('',#4819,#3894,#3895);
#3520=AXIS2_PLACEMENT_3D('',#4823,#3897,#3898);
#3521=AXIS2_PLACEMENT_3D('',#4825,#3899,#3900);
#3522=AXIS2_PLACEMENT_3D('',#4829,#3902,#3903);
#3523=AXIS2_PLACEMENT_3D('',#4831,#3904,#3905);
#3524=AXIS2_PLACEMENT_3D('',#4835,#3907,#3908);
#3525=AXIS2_PLACEMENT_3D('',#4837,#3909,#3910);
#3526=AXIS2_PLACEMENT_3D('',#4841,#3912,#3913);
#3527=AXIS2_PLACEMENT_3D('',#4843,#3914,#3915);
#3528=AXIS2_PLACEMENT_3D('',#4847,#3917,#3918);
#3529=AXIS2_PLACEMENT_3D('',#4849,#3919,#3920);
#3530=AXIS2_PLACEMENT_3D('',#4853,#3922,#3923);
#3531=AXIS2_PLACEMENT_3D('',#4855,#3924,#3925);
#3532=AXIS2_PLACEMENT_3D('',#4859,#3927,#3928);
#3533=AXIS2_PLACEMENT_3D('',#4861,#3929,#3930);
#3534=AXIS2_PLACEMENT_3D('',#4865,#3932,#3933);
#3535=AXIS2_PLACEMENT_3D('',#4867,#3934,#3935);
#3536=AXIS2_PLACEMENT_3D('',#4871,#3937,#3938);
#3537=AXIS2_PLACEMENT_3D('',#4875,#3940,#3941);
#3538=AXIS2_PLACEMENT_3D('',#4879,#3943,#3944);
#3539=AXIS2_PLACEMENT_3D('',#4881,#3945,#3946);
#3540=AXIS2_PLACEMENT_3D('',#4885,#3948,#3949);
#3541=AXIS2_PLACEMENT_3D('',#4887,#3950,#3951);
#3542=AXIS2_PLACEMENT_3D('',#4891,#3953,#3954);
#3543=AXIS2_PLACEMENT_3D('',#4893,#3955,#3956);
#3544=AXIS2_PLACEMENT_3D('',#4897,#3958,#3959);
#3545=AXIS2_PLACEMENT_3D('',#4899,#3960,#3961);
#3546=AXIS2_PLACEMENT_3D('',#4903,#3963,#3964);
#3547=AXIS2_PLACEMENT_3D('',#4905,#3965,#3966);
#3548=AXIS2_PLACEMENT_3D('',#4909,#3968,#3969);
#3549=AXIS2_PLACEMENT_3D('',#4911,#3970,#3971);
#3550=AXIS2_PLACEMENT_3D('',#4915,#3973,#3974);
#3551=AXIS2_PLACEMENT_3D('',#4917,#3975,#3976);
#3552=AXIS2_PLACEMENT_3D('',#4921,#3978,#3979);
#3553=AXIS2_PLACEMENT_3D('',#4923,#3980,#3981);
#3554=AXIS2_PLACEMENT_3D('',#4927,#3983,#3984);
#3555=AXIS2_PLACEMENT_3D('',#4928,#3985,#3986);
#3556=AXIS2_PLACEMENT_3D('',#4945,#3995,#3996);
#3557=AXIS2_PLACEMENT_3D('',#4949,#3998,#3999);
#3558=AXIS2_PLACEMENT_3D('',#4953,#4001,#4002);
#3559=AXIS2_PLACEMENT_3D('',#4957,#4004,#4005);
#3560=AXIS2_PLACEMENT_3D('',#4967,#4011,#4012);
#3561=AXIS2_PLACEMENT_3D('',#4973,#4015,#4016);
#3562=AXIS2_PLACEMENT_3D('',#4975,#4018,#4019);
#3563=AXIS2_PLACEMENT_3D('',#4977,#4021,#4022);
#3564=AXIS2_PLACEMENT_3D('',#4979,#4024,#4025);
#3565=AXIS2_PLACEMENT_3D('',#4984,#4028,#4029);
#3566=AXIS2_PLACEMENT_3D('',#4985,#4030,#4031);
#3567=AXIS2_PLACEMENT_3D('',#4990,#4035,#4036);
#3568=AXIS2_PLACEMENT_3D('',#4991,#4037,#4038);
#3569=AXIS2_PLACEMENT_3D('',#4993,#4040,#4041);
#3570=AXIS2_PLACEMENT_3D('',#4994,#4042,#4043);
#3571=AXIS2_PLACEMENT_3D('',#4996,#4045,#4046);
#3572=AXIS2_PLACEMENT_3D('',#4997,#4047,#4048);
#3573=AXIS2_PLACEMENT_3D('',#5003,#4052,#4053);
#3574=AXIS2_PLACEMENT_3D('',#5006,#4054,#4055);
#3575=AXIS2_PLACEMENT_3D('',#5009,#4057,#4058);
#3576=AXIS2_PLACEMENT_3D('',#5011,#4060,#4061);
#3577=AXIS2_PLACEMENT_3D('',#5015,#4064,#4065);
#3578=AXIS2_PLACEMENT_3D('',#5017,#4066,#4067);
#3579=AXIS2_PLACEMENT_3D('',#5019,#4068,#4069);
#3580=AXIS2_PLACEMENT_3D('',#5021,#4071,#4072);
#3581=AXIS2_PLACEMENT_3D('',#5024,#4075,#4076);
#3582=AXIS2_PLACEMENT_3D('',#5025,#4077,#4078);
#3583=AXIS2_PLACEMENT_3D('',#5026,#4079,#4080);
#3584=AXIS2_PLACEMENT_3D('',#5032,#4084,#4085);
#3585=AXIS2_PLACEMENT_3D('',#5036,#4087,#4088);
#3586=AXIS2_PLACEMENT_3D('',#5039,#4090,#4091);
#3587=AXIS2_PLACEMENT_3D('',#5040,#4092,#4093);
#3588=AXIS2_PLACEMENT_3D('',#5044,#4096,#4097);
#3589=AXIS2_PLACEMENT_3D('',#5048,#4099,#4100);
#3590=AXIS2_PLACEMENT_3D('',#5049,#4101,#4102);
#3591=AXIS2_PLACEMENT_3D('',#5050,#4103,#4104);
#3592=AXIS2_PLACEMENT_3D('',#5053,#4107,#4108);
#3593=AXIS2_PLACEMENT_3D('',#5054,#4109,#4110);
#3594=AXIS2_PLACEMENT_3D('',#5055,#4111,#4112);
#3595=AXIS2_PLACEMENT_3D('',#5060,#4115,#4116);
#3596=AXIS2_PLACEMENT_3D('',#5087,#4117,#4118);
#3597=AXIS2_PLACEMENT_3D('',#5153,#4119,#4120);
#3598=AXIS2_PLACEMENT_3D('',#5157,#4123,#4124);
#3599=AXIS2_PLACEMENT_3D('',#5177,#4126,#4127);
#3600=AXIS2_PLACEMENT_3D('',#5179,#4128,#4129);
#3601=AXIS2_PLACEMENT_3D('',#5181,#4131,#4132);
#3602=AXIS2_PLACEMENT_3D('',#5184,#4134,#4135);
#3603=AXIS2_PLACEMENT_3D('',#5216,#4136,#4137);
#3604=AXIS2_PLACEMENT_3D('',#5275,#4138,#4139);
#3605=AXIS2_PLACEMENT_3D('',#5277,#4140,#4141);
#3606=AXIS2_PLACEMENT_3D('',#5278,#4142,#4143);
#3607=AXIS2_PLACEMENT_3D('',#5279,#4144,#4145);
#3608=AXIS2_PLACEMENT_3D('',#5281,#4147,#4148);
#3609=AXIS2_PLACEMENT_3D('',#5285,#4150,#4151);
#3610=AXIS2_PLACEMENT_3D('',#5313,#4153,#4154);
#3611=AXIS2_PLACEMENT_3D('',#5383,#4155,#4156);
#3612=AXIS2_PLACEMENT_3D('',#5387,#4159,#4160);
#3613=AXIS2_PLACEMENT_3D('',#5403,#4162,#4163);
#3614=AXIS2_PLACEMENT_3D('',#5405,#4164,#4165);
#3615=AXIS2_PLACEMENT_3D('',#5407,#4167,#4168);
#3616=AXIS2_PLACEMENT_3D('',#5410,#4170,#4171);
#3617=AXIS2_PLACEMENT_3D('',#5442,#4172,#4173);
#3618=AXIS2_PLACEMENT_3D('',#5505,#4174,#4175);
#3619=AXIS2_PLACEMENT_3D('',#5507,#4176,#4177);
#3620=AXIS2_PLACEMENT_3D('',#5508,#4178,#4179);
#3621=AXIS2_PLACEMENT_3D('',#5509,#4180,#4181);
#3622=AXIS2_PLACEMENT_3D('',#5511,#4183,#4184);
#3623=AXIS2_PLACEMENT_3D('',#5515,#4186,#4187);
#3624=AXIS2_PLACEMENT_3D('',#5543,#4189,#4190);
#3625=AXIS2_PLACEMENT_3D('',#5613,#4191,#4192);
#3626=AXIS2_PLACEMENT_3D('',#5617,#4195,#4196);
#3627=AXIS2_PLACEMENT_3D('',#5633,#4198,#4199);
#3628=AXIS2_PLACEMENT_3D('',#5635,#4200,#4201);
#3629=AXIS2_PLACEMENT_3D('',#5637,#4203,#4204);
#3630=AXIS2_PLACEMENT_3D('',#5639,#4205,#4206);
#3631=AXIS2_PLACEMENT_3D('',#5672,#4208,#4209);
#3632=AXIS2_PLACEMENT_3D('',#5735,#4210,#4211);
#3633=AXIS2_PLACEMENT_3D('',#5737,#4212,#4213);
#3634=AXIS2_PLACEMENT_3D('',#5738,#4214,#4215);
#3635=AXIS2_PLACEMENT_3D('',#5739,#4216,#4217);
#3636=AXIS2_PLACEMENT_3D('',#5741,#4219,#4220);
#3637=AXIS2_PLACEMENT_3D('',#5746,#4223,#4224);
#3638=AXIS2_PLACEMENT_3D('',#5773,#4225,#4226);
#3639=AXIS2_PLACEMENT_3D('',#5870,#4227,#4228);
#3640=AXIS2_PLACEMENT_3D('',#5874,#4231,#4232);
#3641=AXIS2_PLACEMENT_3D('',#5890,#4234,#4235);
#3642=AXIS2_PLACEMENT_3D('',#5892,#4236,#4237);
#3643=AXIS2_PLACEMENT_3D('',#5894,#4239,#4240);
#3644=AXIS2_PLACEMENT_3D('',#5896,#4241,#4242);
#3645=AXIS2_PLACEMENT_3D('',#5929,#4244,#4245);
#3646=AXIS2_PLACEMENT_3D('',#5986,#4246,#4247);
#3647=AXIS2_PLACEMENT_3D('',#5988,#4248,#4249);
#3648=AXIS2_PLACEMENT_3D('',#5989,#4250,#4251);
#3649=AXIS2_PLACEMENT_3D('',#5990,#4252,#4253);
#3650=AXIS2_PLACEMENT_3D('',#5992,#4255,#4256);
#3651=AXIS2_PLACEMENT_3D('',#5997,#4259,#4260);
#3652=AXIS2_PLACEMENT_3D('',#6024,#4261,#4262);
#3653=AXIS2_PLACEMENT_3D('',#6094,#4263,#4264);
#3654=AXIS2_PLACEMENT_3D('',#6098,#4267,#4268);
#3655=AXIS2_PLACEMENT_3D('',#6101,#4270,#4271);
#3656=AXIS2_PLACEMENT_3D('',#6102,#4272,#4273);
#3657=AXIS2_PLACEMENT_3D('',#6104,#4274,#4275);
#3658=AXIS2_PLACEMENT_3D('',#6116,#4277,#4278);
#3659=AXIS2_PLACEMENT_3D('',#6117,#4279,#4280);
#3660=AXIS2_PLACEMENT_3D('',#6118,#4281,#4282);
#3661=AXIS2_PLACEMENT_3D('',#6120,#4284,#4285);
#3662=AXIS2_PLACEMENT_3D('',#6168,#4312,#4313);
#3663=AXIS2_PLACEMENT_3D('',#6171,#4315,#4316);
#3664=AXIS2_PLACEMENT_3D('',#6172,#4317,#4318);
#3665=AXIS2_PLACEMENT_3D('',#6174,#4320,#4321);
#3666=AXIS2_PLACEMENT_3D('',#6176,#4323,#4324);
#3667=AXIS2_PLACEMENT_3D('',#6180,#4327,#4328);
#3668=AXIS2_PLACEMENT_3D('',#6181,#4329,#4330);
#3669=AXIS2_PLACEMENT_3D('',#6182,#4331,#4332);
#3670=AXIS2_PLACEMENT_3D('',#6183,#4333,#4334);
#3671=AXIS2_PLACEMENT_3D('',#6193,#4335,#4336);
#3672=AXIS2_PLACEMENT_3D('',#6195,#4338,#4339);
#3673=AXIS2_PLACEMENT_3D('',#6199,#4342,#4343);
#3674=AXIS2_PLACEMENT_3D('',#6200,#4344,#4345);
#3675=AXIS2_PLACEMENT_3D('',#6201,#4346,#4347);
#3676=AXIS2_PLACEMENT_3D('',#6202,#4348,#4349);
#3677=AXIS2_PLACEMENT_3D('',#6212,#4350,#4351);
#3678=AXIS2_PLACEMENT_3D('',#6214,#4353,#4354);
#3679=AXIS2_PLACEMENT_3D('',#6227,#4357,#4358);
#3680=AXIS2_PLACEMENT_3D('',#6228,#4359,#4360);
#3681=AXIS2_PLACEMENT_3D('',#6229,#4361,#4362);
#3682=AXIS2_PLACEMENT_3D('',#6230,#4363,#4364);
#3683=AXIS2_PLACEMENT_3D('',#6231,#4365,#4366);
#3684=AXIS2_PLACEMENT_3D('',#6233,#4368,#4369);
#3685=AXIS2_PLACEMENT_3D('',#6246,#4372,#4373);
#3686=AXIS2_PLACEMENT_3D('',#6247,#4374,#4375);
#3687=AXIS2_PLACEMENT_3D('',#6248,#4376,#4377);
#3688=AXIS2_PLACEMENT_3D('',#6249,#4378,#4379);
#3689=AXIS2_PLACEMENT_3D('',#6250,#4380,#4381);
#3690=AXIS2_PLACEMENT_3D('',#6255,#4384,#4385);
#3691=AXIS2_PLACEMENT_3D('',#6288,#4386,#4387);
#3692=AXIS2_PLACEMENT_3D('',#6356,#4388,#4389);
#3693=AXIS2_PLACEMENT_3D('',#6358,#4390,#4391);
#3694=AXIS2_PLACEMENT_3D('',#6359,#4392,#4393);
#3695=AXIS2_PLACEMENT_3D('',#6360,#4394,#4395);
#3696=AXIS2_PLACEMENT_3D('',#6361,#4396,#4397);
#3697=AXIS2_PLACEMENT_3D('',#6365,#4399,#4400);
#3698=AXIS2_PLACEMENT_3D('',#6399,#4402,#4403);
#3699=AXIS2_PLACEMENT_3D('',#6467,#4404,#4405);
#3700=AXIS2_PLACEMENT_3D('',#6469,#4406,#4407);
#3701=AXIS2_PLACEMENT_3D('',#6470,#4408,#4409);
#3702=AXIS2_PLACEMENT_3D('',#6471,#4410,#4411);
#3703=AXIS2_PLACEMENT_3D('',#6472,#4412,#4413);
#3704=AXIS2_PLACEMENT_3D('',#6477,#4416,#4417);
#3705=AXIS2_PLACEMENT_3D('',#6510,#4418,#4419);
#3706=AXIS2_PLACEMENT_3D('',#6578,#4420,#4421);
#3707=AXIS2_PLACEMENT_3D('',#6580,#4422,#4423);
#3708=AXIS2_PLACEMENT_3D('',#6581,#4424,#4425);
#3709=AXIS2_PLACEMENT_3D('',#6582,#4426,#4427);
#3710=AXIS2_PLACEMENT_3D('',#6583,#4428,#4429);
#3711=AXIS2_PLACEMENT_3D('',#6587,#4431,#4432);
#3712=AXIS2_PLACEMENT_3D('',#6615,#4434,#4435);
#3713=AXIS2_PLACEMENT_3D('',#6680,#4436,#4437);
#3714=AXIS2_PLACEMENT_3D('',#6682,#4439,#4440);
#3715=AXIS2_PLACEMENT_3D('',#6683,#4441,#4442);
#3716=AXIS2_PLACEMENT_3D('',#6684,#4443,#4444);
#3717=AXIS2_PLACEMENT_3D('',#6685,#4445,#4446);
#3718=AXIS2_PLACEMENT_3D('',#6689,#4448,#4449);
#3719=AXIS2_PLACEMENT_3D('',#6717,#4451,#4452);
#3720=AXIS2_PLACEMENT_3D('',#6786,#4453,#4454);
#3721=AXIS2_PLACEMENT_3D('',#6788,#4456,#4457);
#3722=AXIS2_PLACEMENT_3D('',#6789,#4458,#4459);
#3723=AXIS2_PLACEMENT_3D('',#6790,#4460,#4461);
#3724=AXIS2_PLACEMENT_3D('',#6791,#4462,#4463);
#3725=AXIS2_PLACEMENT_3D('',#6796,#4466,#4467);
#3726=AXIS2_PLACEMENT_3D('',#6823,#4468,#4469);
#3727=AXIS2_PLACEMENT_3D('',#6923,#4470,#4471);
#3728=AXIS2_PLACEMENT_3D('',#6925,#4473,#4474);
#3729=AXIS2_PLACEMENT_3D('',#6926,#4475,#4476);
#3730=AXIS2_PLACEMENT_3D('',#6927,#4477,#4478);
#3731=AXIS2_PLACEMENT_3D('',#6928,#4479,#4480);
#3732=AXIS2_PLACEMENT_3D('',#6933,#4483,#4484);
#3733=AXIS2_PLACEMENT_3D('',#6960,#4485,#4486);
#3734=AXIS2_PLACEMENT_3D('',#7056,#4487,#4488);
#3735=AXIS2_PLACEMENT_3D('',#7060,#4491,#4492);
#3736=AXIS2_PLACEMENT_3D('',#7074,#4493,#4494);
#3737=AXIS2_PLACEMENT_3D('',#7075,#4495,#4496);
#3738=AXIS2_PLACEMENT_3D('',#7076,#4497,#4498);
#3739=AXIS2_PLACEMENT_3D('',#7078,#4499,#4500);
#3740=AXIS2_PLACEMENT_3D('',#7111,#4502,#4503);
#3741=AXIS2_PLACEMENT_3D('',#7167,#4504,#4505);
#3742=AXIS2_PLACEMENT_3D('',#7169,#4506,#4507);
#3743=AXIS2_PLACEMENT_3D('',#7170,#4508,#4509);
#3744=AXIS2_PLACEMENT_3D('',#7171,#4510,#4511);
#3745=AXIS2_PLACEMENT_3D('',#7172,#4512,#4513);
#3746=AXIS2_PLACEMENT_3D('',#7176,#4515,#4516);
#3747=AXIS2_PLACEMENT_3D('',#7210,#4518,#4519);
#3748=AXIS2_PLACEMENT_3D('',#7278,#4520,#4521);
#3749=AXIS2_PLACEMENT_3D('',#7280,#4522,#4523);
#3750=AXIS2_PLACEMENT_3D('',#7281,#4524,#4525);
#3751=AXIS2_PLACEMENT_3D('',#7282,#4526,#4527);
#3752=AXIS2_PLACEMENT_3D('',#7283,#4528,#4529);
#3753=AXIS2_PLACEMENT_3D('',#7285,#4531,#4532);
#3754=AXIS2_PLACEMENT_3D('',#7287,#4534,#4535);
#3755=AXIS2_PLACEMENT_3D('',#7289,#4537,#4538);
#3756=AXIS2_PLACEMENT_3D('',#7293,#4541,#4542);
#3757=AXIS2_PLACEMENT_3D('',#7294,#4543,#4544);
#3758=AXIS2_PLACEMENT_3D('',#7295,#4545,#4546);
#3759=AXIS2_PLACEMENT_3D('',#7296,#4547,#4548);
#3760=AXIS2_PLACEMENT_3D('',#7312,#4549,#4550);
#3761=AXIS2_PLACEMENT_3D('',#7315,#4552,#4553);
#3762=AXIS2_PLACEMENT_3D('',#7331,#4554,#4555);
#3763=AXIS2_PLACEMENT_3D('',#7332,#4556,#4557);
#3764=AXIS2_PLACEMENT_3D('',#7334,#4559,#4560);
#3765=AXIS2_PLACEMENT_3D('',#7351,#4561,#4562);
#3766=AXIS2_PLACEMENT_3D('',#7352,#4563,#4564);
#3767=AXIS2_PLACEMENT_3D('',#7353,#4565,#4566);
#3768=AXIS2_PLACEMENT_3D('',#7355,#4568,#4569);
#3769=AXIS2_PLACEMENT_3D('',#7357,#4571,#4572);
#3770=AXIS2_PLACEMENT_3D('',#7369,#4574,#4575);
#3771=AXIS2_PLACEMENT_3D('',#7370,#4576,#4577);
#3772=AXIS2_PLACEMENT_3D('',#7371,#4578,#4579);
#3773=AXIS2_PLACEMENT_3D('',#7373,#4581,#4582);
#3774=AXIS2_PLACEMENT_3D('',#7374,#4583,#4584);
#3775=AXIS2_PLACEMENT_3D('',#7376,#4586,#4587);
#3776=AXIS2_PLACEMENT_3D('',#7382,#4591,#4592);
#3777=AXIS2_PLACEMENT_3D('',#7388,#4596,#4597);
#3778=AXIS2_PLACEMENT_3D('',#7394,#4601,#4602);
#3779=AXIS2_PLACEMENT_3D('',#7400,#4606,#4607);
#3780=AXIS2_PLACEMENT_3D('',#7401,#4608,#4609);
#3781=AXIS2_PLACEMENT_3D('',#7402,#4610,#4611);
#3782=AXIS2_PLACEMENT_3D('',#7403,#4612,#4613);
#3783=AXIS2_PLACEMENT_3D('',#7404,#4614,#4615);
#3784=AXIS2_PLACEMENT_3D('',#7407,#4616,#4617);
#3785=AXIS2_PLACEMENT_3D('',#7411,#4619,#4620);
#3786=AXIS2_PLACEMENT_3D('',#7415,#4622,#4623);
#3787=AXIS2_PLACEMENT_3D('',#7419,#4625,#4626);
#3788=AXIS2_PLACEMENT_3D('',#7421,#4628,#4629);
#3789=AXIS2_PLACEMENT_3D('',#7422,#4630,#4631);
#3790=AXIS2_PLACEMENT_3D('',#7423,#4632,#4633);
#3791=AXIS2_PLACEMENT_3D('',#7424,#4634,#4635);
#3792=AXIS2_PLACEMENT_3D('',#7425,#4636,#4637);
#3793=AXIS2_PLACEMENT_3D('',#7428,#4638,#4639);
#3794=AXIS2_PLACEMENT_3D('',#7431,#4642,#4643);
#3795=AXIS2_PLACEMENT_3D('',#7435,#4646,#4647);
#3796=AXIS2_PLACEMENT_3D('',#7438,#4649,#4650);
#3797=AXIS2_PLACEMENT_3D('',#7439,#4651,#4652);
#3798=AXIS2_PLACEMENT_3D('',#7443,#4655,#4656);
#3799=AXIS2_PLACEMENT_3D('',#7445,#4657,#4658);
#3800=AXIS2_PLACEMENT_3D('',#7447,#4660,#4661);
#3801=AXIS2_PLACEMENT_3D('',#7451,#4664,#4665);
#3802=AXIS2_PLACEMENT_3D('',#7453,#4666,#4667);
#3803=AXIS2_PLACEMENT_3D('',#7455,#4669,#4670);
#3804=AXIS2_PLACEMENT_3D('',#7457,#4672,#4673);
#3805=AXIS2_PLACEMENT_3D('',#7460,#4674,#4675);
#3806=AXIS2_PLACEMENT_3D('',#7464,#4677,#4678);
#3807=AXIS2_PLACEMENT_3D('',#7467,#4681,#4682);
#3808=AXIS2_PLACEMENT_3D('',#7468,#4683,#4684);
#3809=AXIS2_PLACEMENT_3D('',#7469,#4685,#4686);
#3810=AXIS2_PLACEMENT_3D('',#7470,#4687,#4688);
#3811=AXIS2_PLACEMENT_3D('',#7473,#4690,#4691);
#3812=AXIS2_PLACEMENT_3D('',#7474,#4692,#4693);
#3813=AXIS2_PLACEMENT_3D('',#7475,#4694,#4695);
#3814=AXIS2_PLACEMENT_3D('',#7485,#4696,#4697);
#3815=AXIS2_PLACEMENT_3D('',#7495,#4698,#4699);
#3816=AXIS2_PLACEMENT_3D('',#7499,#4702,#4703);
#3817=AXIS2_PLACEMENT_3D('',#7502,#4704,#4705);
#3818=AXIS2_PLACEMENT_3D('',#7506,#4707,#4708);
#3819=AXIS2_PLACEMENT_3D('',#7509,#4711,#4712);
#3820=AXIS2_PLACEMENT_3D('',#7510,#4713,#4714);
#3821=AXIS2_PLACEMENT_3D('',#7511,#4715,#4716);
#3822=AXIS2_PLACEMENT_3D('',#7512,#4717,#4718);
#3823=AXIS2_PLACEMENT_3D('',#7513,#4719,#4720);
#3824=AXIS2_PLACEMENT_3D('',#7514,#4721,#4722);
#3825=AXIS2_PLACEMENT_3D('',#7515,#4723,#4724);
#3826=AXIS2_PLACEMENT_3D('',#7525,#4725,#4726);
#3827=AXIS2_PLACEMENT_3D('',#7535,#4727,#4728);
#3828=AXIS2_PLACEMENT_3D('',#7536,#4729,#4730);
#3829=AXIS2_PLACEMENT_3D('',#7538,#4732,#4733);
#3830=AXIS2_PLACEMENT_3D('',#7539,#4734,#4735);
#3831=AXIS2_PLACEMENT_3D('',#7541,#4737,#4738);
#3832=AXIS2_PLACEMENT_3D('',#7542,#4739,#4740);
#3833=DIRECTION('axis',(0.,0.,1.));
#3834=DIRECTION('refdir',(1.,0.,0.));
#3835=DIRECTION('center_axis',(0.,-0.707106781186548,-0.707106781186548));
#3836=DIRECTION('ref_axis',(-1.,0.,0.));
#3837=DIRECTION('',(0.,-0.707106781186548,0.707106781186548));
#3838=DIRECTION('',(-1.,0.,0.));
#3839=DIRECTION('',(0.,0.707106781186548,-0.707106781186548));
#3840=DIRECTION('',(1.,0.,0.));
#3841=DIRECTION('center_axis',(-1.,0.,0.));
#3842=DIRECTION('ref_axis',(0.,1.,0.));
#3843=DIRECTION('',(0.,0.,-1.));
#3844=DIRECTION('',(0.,0.707106781186547,-0.707106781186548));
#3845=DIRECTION('',(0.,-1.,0.));
#3846=DIRECTION('',(0.,0.,1.));
#3847=DIRECTION('center_axis',(1.,0.,0.));
#3848=DIRECTION('ref_axis',(0.,-1.,0.));
#3849=DIRECTION('',(0.,0.,1.));
#3850=DIRECTION('',(0.,1.,0.));
#3851=DIRECTION('center_axis',(0.,-1.,0.));
#3852=DIRECTION('ref_axis',(0.,0.,-1.));
#3853=DIRECTION('',(0.,0.,1.));
#3854=DIRECTION('',(1.,0.,0.));
#3855=DIRECTION('center_axis',(0.,0.707106781186548,-0.707106781186548));
#3856=DIRECTION('ref_axis',(-1.,0.,0.));
#3857=DIRECTION('',(0.,0.707106781186548,0.707106781186548));
#3858=DIRECTION('',(1.,0.,0.));
#3859=DIRECTION('',(0.,-0.707106781186548,-0.707106781186548));
#3860=DIRECTION('',(-1.,0.,0.));
#3861=DIRECTION('center_axis',(1.,0.,0.));
#3862=DIRECTION('ref_axis',(0.,-1.,0.));
#3863=DIRECTION('',(0.,0.,-1.));
#3864=DIRECTION('',(0.,-0.707106781186547,-0.707106781186548));
#3865=DIRECTION('',(0.,1.,0.));
#3866=DIRECTION('',(0.,0.,1.));
#3867=DIRECTION('center_axis',(-1.,0.,0.));
#3868=DIRECTION('ref_axis',(0.,-1.,0.));
#3869=DIRECTION('',(0.,0.,1.));
#3870=DIRECTION('',(0.,1.,0.));
#3871=DIRECTION('center_axis',(0.,1.,0.));
#3872=DIRECTION('ref_axis',(0.,0.,1.));
#3873=DIRECTION('',(0.,0.,1.));
#3874=DIRECTION('',(-1.,0.,0.));
#3875=DIRECTION('center_axis',(0.,0.707106781186548,-0.707106781186547));
#3876=DIRECTION('ref_axis',(-1.,0.,0.));
#3877=DIRECTION('',(0.,0.707106781186547,0.707106781186548));
#3878=DIRECTION('',(1.,0.,0.));
#3879=DIRECTION('center_axis',(0.,-0.707106781186548,-0.707106781186547));
#3880=DIRECTION('ref_axis',(-1.,0.,0.));
#3881=DIRECTION('',(0.,-0.707106781186547,0.707106781186548));
#3882=DIRECTION('',(-1.,0.,0.));
#3883=DIRECTION('center_axis',(0.,0.,-1.));
#3884=DIRECTION('ref_axis',(1.,0.,0.));
#3885=DIRECTION('',(-1.,0.,0.));
#3886=DIRECTION('center_axis',(3.25539151950257E-7,3.25539052474274E-7,
-0.999999999999894));
#3887=DIRECTION('ref_axis',(1.84741111544667E-13,-0.999999999999947,-3.25539052474231E-7));
#3888=DIRECTION('',(0.,1.,0.));
#3889=DIRECTION('center_axis',(3.25538870633028E-7,-3.25538870633026E-7,
-0.999999999999894));
#3890=DIRECTION('ref_axis',(-0.999999999999947,-1.45661260865331E-13,-3.25538870632998E-7));
#3891=DIRECTION('',(-1.,0.,0.));
#3892=DIRECTION('center_axis',(0.,0.,1.));
#3893=DIRECTION('ref_axis',(1.,-1.77635683940028E-14,0.));
#3894=DIRECTION('center_axis',(0.,0.,1.));
#3895=DIRECTION('ref_axis',(-1.,-3.5527136788005E-15,0.));
#3896=DIRECTION('',(-1.,0.,0.));
#3897=DIRECTION('center_axis',(0.,0.,1.));
#3898=DIRECTION('ref_axis',(1.42108547152019E-14,-1.,0.));
#3899=DIRECTION('center_axis',(0.,0.,-1.));
#3900=DIRECTION('ref_axis',(-1.,-1.77635683940028E-14,0.));
#3901=DIRECTION('',(1.,0.,0.));
#3902=DIRECTION('center_axis',(0.,0.,-1.));
#3903=DIRECTION('ref_axis',(-7.10542735760105E-15,1.,0.));
#3904=DIRECTION('center_axis',(-8.57700954658929E-15,-8.57700954658843E-15,
1.));
#3905=DIRECTION('ref_axis',(-1.,-7.10542735760026E-15,-8.57700954658935E-15));
#3906=DIRECTION('',(-1.,-2.4980018054066E-14,0.));
#3907=DIRECTION('center_axis',(0.,0.,1.));
#3908=DIRECTION('ref_axis',(1.06581410364014E-14,-1.,0.));
#3909=DIRECTION('center_axis',(0.,0.,-1.));
#3910=DIRECTION('ref_axis',(-1.,-7.10542735760103E-15,0.));
#3911=DIRECTION('',(1.,0.,0.));
#3912=DIRECTION('center_axis',(0.,0.,-1.));
#3913=DIRECTION('ref_axis',(-7.1054273576009E-15,1.,0.));
#3914=DIRECTION('center_axis',(8.57700954658934E-15,8.57700954658834E-15,
1.));
#3915=DIRECTION('ref_axis',(-1.,1.42108547152008E-14,8.57700954658922E-15));
#3916=DIRECTION('',(-1.,-2.4980018054066E-14,0.));
#3917=DIRECTION('center_axis',(8.57700954658858E-15,-8.57700954658858E-15,
1.));
#3918=DIRECTION('ref_axis',(2.44249065417532E-15,-1.,-8.5770095465886E-15));
#3919=DIRECTION('center_axis',(0.,0.,-1.));
#3920=DIRECTION('ref_axis',(-1.,-7.10542735760102E-15,0.));
#3921=DIRECTION('',(1.,0.,0.));
#3922=DIRECTION('center_axis',(0.,0.,-1.));
#3923=DIRECTION('ref_axis',(1.77635683940023E-15,1.,0.));
#3924=DIRECTION('center_axis',(0.,0.,1.));
#3925=DIRECTION('ref_axis',(-1.,3.55271367880052E-15,0.));
#3926=DIRECTION('',(-1.,0.,0.));
#3927=DIRECTION('center_axis',(0.,0.,1.));
#3928=DIRECTION('ref_axis',(-3.5527136788005E-15,-1.,0.));
#3929=DIRECTION('center_axis',(0.,0.,-1.));
#3930=DIRECTION('ref_axis',(-1.,-1.06581410364015E-14,0.));
#3931=DIRECTION('',(1.,0.,0.));
#3932=DIRECTION('center_axis',(0.,0.,-1.));
#3933=DIRECTION('ref_axis',(-7.10542735760108E-15,1.,0.));
#3934=DIRECTION('center_axis',(0.,0.,1.));
#3935=DIRECTION('ref_axis',(-1.,7.10542735760108E-15,0.));
#3936=DIRECTION('',(-1.,0.,0.));
#3937=DIRECTION('center_axis',(-6.94737773273716E-13,-6.94737773273716E-13,
-1.));
#3938=DIRECTION('ref_axis',(4.26325641456054E-14,1.,-6.94737773273746E-13));
#3939=DIRECTION('',(0.,-1.,0.));
#3940=DIRECTION('center_axis',(2.31579257757869E-13,-2.31579257757869E-13,
-1.));
#3941=DIRECTION('ref_axis',(1.,7.10542735760153E-14,2.31579257757853E-13));
#3942=DIRECTION('',(-1.,0.,0.));
#3943=DIRECTION('center_axis',(-8.57700954658814E-15,8.57700954658899E-15,
1.));
#3944=DIRECTION('ref_axis',(1.42108547152008E-14,1.,-8.57700954658887E-15));
#3945=DIRECTION('center_axis',(0.,0.,-1.));
#3946=DIRECTION('ref_axis',(1.,9.23705556488216E-14,0.));
#3947=DIRECTION('',(-1.,0.,0.));
#3948=DIRECTION('center_axis',(0.,0.,-1.));
#3949=DIRECTION('ref_axis',(-7.10542735760166E-15,-1.,0.));
#3950=DIRECTION('center_axis',(8.57700954658829E-15,8.57700954658914E-15,
1.));
#3951=DIRECTION('ref_axis',(1.,9.94759830064045E-14,-8.57700954658914E-15));
#3952=DIRECTION('',(-1.,0.,0.));
#3953=DIRECTION('center_axis',(0.,0.,1.));
#3954=DIRECTION('ref_axis',(-3.55271367880049E-15,1.,0.));
#3955=DIRECTION('center_axis',(0.,0.,-1.));
#3956=DIRECTION('ref_axis',(1.,-7.10542735760094E-15,0.));
#3957=DIRECTION('',(-1.,0.,0.));
#3958=DIRECTION('center_axis',(8.57700954658862E-15,8.57700954658859E-15,
-1.));
#3959=DIRECTION('ref_axis',(-3.0531133177192E-15,-1.,-8.57700954658862E-15));
#3960=DIRECTION('center_axis',(-8.5770095465886E-15,-8.57700954658863E-15,
1.));
#3961=DIRECTION('ref_axis',(1.,7.10542735760094E-15,8.57700954658866E-15));
#3962=DIRECTION('',(-1.,0.,0.));
#3963=DIRECTION('center_axis',(0.,0.,1.));
#3964=DIRECTION('ref_axis',(-8.88178419700132E-16,1.,0.));
#3965=DIRECTION('center_axis',(0.,0.,-1.));
#3966=DIRECTION('ref_axis',(1.,-3.55271367880048E-15,0.));
#3967=DIRECTION('',(-1.,0.,0.));
#3968=DIRECTION('center_axis',(0.,0.,-1.));
#3969=DIRECTION('ref_axis',(0.,-1.,0.));
#3970=DIRECTION('center_axis',(0.,0.,1.));
#3971=DIRECTION('ref_axis',(1.,7.10542735760095E-15,0.));
#3972=DIRECTION('',(-1.,0.,0.));
#3973=DIRECTION('center_axis',(0.,0.,1.));
#3974=DIRECTION('ref_axis',(7.10542735760103E-15,1.,0.));
#3975=DIRECTION('center_axis',(0.,0.,-1.));
#3976=DIRECTION('ref_axis',(1.,0.,0.));
#3977=DIRECTION('',(-1.,-1.27675647831893E-14,0.));
#3978=DIRECTION('center_axis',(8.57700954658943E-15,8.57700954658858E-15,
-1.));
#3979=DIRECTION('ref_axis',(-1.24344978758003E-13,-1.,-8.57700954658965E-15));
#3980=DIRECTION('center_axis',(0.,0.,1.));
#3981=DIRECTION('ref_axis',(1.,7.105427357601E-15,0.));
#3982=DIRECTION('',(-1.,0.,0.));
#3983=DIRECTION('center_axis',(0.,0.,1.));
#3984=DIRECTION('ref_axis',(0.,1.,0.));
#3985=DIRECTION('center_axis',(0.,0.,-1.));
#3986=DIRECTION('ref_axis',(1.,7.1054273576011E-15,0.));
#3987=DIRECTION('',(0.,-1.,0.));
#3988=DIRECTION('',(1.,0.,0.));
#3989=DIRECTION('',(0.,1.,0.));
#3990=DIRECTION('',(-1.,0.,0.));
#3991=DIRECTION('',(0.,-1.,0.));
#3992=DIRECTION('',(1.,0.,0.));
#3993=DIRECTION('',(0.,1.,0.));
#3994=DIRECTION('',(-1.,0.,0.));
#3995=DIRECTION('center_axis',(-1.72177535645656E-7,-1.72177535645655E-7,
0.99999999999997));
#3996=DIRECTION('ref_axis',(-0.999999999999985,5.15143485481122E-14,-1.7217753564565E-7));
#3997=DIRECTION('',(1.,2.09971257612323E-16,0.));
#3998=DIRECTION('center_axis',(1.72178128321349E-7,-1.72178178059341E-7,
0.99999999999997));
#3999=DIRECTION('ref_axis',(-4.70734563415721E-14,-0.999999999999985,-1.72178178059336E-7));
#4000=DIRECTION('',(0.,1.,0.));
#4001=DIRECTION('center_axis',(1.72177994515668E-7,1.72177994515668E-7,
0.99999999999997));
#4002=DIRECTION('ref_axis',(0.999999999999985,-4.13002962079946E-14,-1.72177994515663E-7));
#4003=DIRECTION('',(-1.,0.,0.));
#4004=DIRECTION('center_axis',(-1.72178213229425E-7,1.72178213229414E-7,
0.99999999999997));
#4005=DIRECTION('ref_axis',(-3.55271333696364E-15,0.999999999999985,-1.72178213229417E-7));
#4006=DIRECTION('',(0.,-1.,0.));
#4007=DIRECTION('',(1.,0.,0.));
#4008=DIRECTION('',(0.,1.,0.));
#4009=DIRECTION('',(-1.,0.,0.));
#4010=DIRECTION('',(0.,-1.,0.));
#4011=DIRECTION('center_axis',(1.,0.,0.));
#4012=DIRECTION('ref_axis',(0.,-1.,0.));
#4013=DIRECTION('',(-5.92118992755056E-15,-1.,0.));
#4014=DIRECTION('',(0.,0.,-1.));
#4015=DIRECTION('center_axis',(-1.,0.,0.));
#4016=DIRECTION('ref_axis',(0.,-1.,0.));
#4017=DIRECTION('',(0.,0.,-1.));
#4018=DIRECTION('center_axis',(0.,0.,-1.));
#4019=DIRECTION('ref_axis',(-1.,0.,0.));
#4020=DIRECTION('',(-1.,0.,0.));
#4021=DIRECTION('center_axis',(0.,1.,0.));
#4022=DIRECTION('ref_axis',(1.,0.,0.));
#4023=DIRECTION('',(1.,0.,0.));
#4024=DIRECTION('center_axis',(1.,0.,0.));
#4025=DIRECTION('ref_axis',(0.,-1.,0.));
#4026=DIRECTION('',(-1.,0.,0.));
#4027=DIRECTION('',(1.,0.,0.));
#4028=DIRECTION('center_axis',(1.,0.,0.));
#4029=DIRECTION('ref_axis',(0.,-1.,0.));
#4030=DIRECTION('center_axis',(-1.,0.,0.));
#4031=DIRECTION('ref_axis',(0.,1.,0.));
#4032=DIRECTION('',(0.,-1.,0.));
#4033=DIRECTION('',(0.,0.,-1.));
#4034=DIRECTION('',(0.,0.,-1.));
#4035=DIRECTION('center_axis',(0.,-1.,0.));
#4036=DIRECTION('ref_axis',(0.,0.,1.));
#4037=DIRECTION('center_axis',(1.,0.,0.));
#4038=DIRECTION('ref_axis',(0.,1.,-1.22464679914735E-16));
#4039=DIRECTION('',(-1.,0.,0.));
#4040=DIRECTION('center_axis',(0.,1.,0.));
#4041=DIRECTION('ref_axis',(1.,0.,0.));
#4042=DIRECTION('center_axis',(0.,-1.,0.));
#4043=DIRECTION('ref_axis',(0.,0.,1.));
#4044=DIRECTION('',(1.,0.,0.));
#4045=DIRECTION('center_axis',(0.,0.,-1.));
#4046=DIRECTION('ref_axis',(-1.,0.,0.));
#4047=DIRECTION('center_axis',(0.,-1.,0.));
#4048=DIRECTION('ref_axis',(0.,0.,1.));
#4049=DIRECTION('',(1.,0.,0.));
#4050=DIRECTION('',(0.,0.,1.));
#4051=DIRECTION('',(0.,0.,1.));
#4052=DIRECTION('center_axis',(-1.,0.,0.));
#4053=DIRECTION('ref_axis',(0.,1.,0.));
#4054=DIRECTION('center_axis',(1.,3.84703011659805E-14,4.16226297962543E-15));
#4055=DIRECTION('ref_axis',(4.16226297962536E-15,1.77635683939986E-15,-1.));
#4056=DIRECTION('',(0.,1.,0.));
#4057=DIRECTION('center_axis',(1.,-2.40156267304482E-13,-2.40156267304486E-13));
#4058=DIRECTION('ref_axis',(-2.40156267304484E-13,-1.,-7.10542735759794E-15));
#4059=DIRECTION('',(0.,0.,1.));
#4060=DIRECTION('center_axis',(0.,1.,0.));
#4061=DIRECTION('ref_axis',(0.,0.,-1.));
#4062=DIRECTION('',(-1.,0.,0.));
#4063=DIRECTION('',(0.,0.,1.));
#4064=DIRECTION('center_axis',(1.,0.,0.));
#4065=DIRECTION('ref_axis',(0.,-1.,0.));
#4066=DIRECTION('center_axis',(-1.,2.00971834711512E-14,-4.85188929015555E-14));
#4067=DIRECTION('ref_axis',(2.00971834711509E-14,1.,7.10542735760139E-15));
#4068=DIRECTION('center_axis',(-1.,2.40156267304476E-13,2.40156267304479E-13));
#4069=DIRECTION('ref_axis',(-2.40156267304474E-13,2.13162820728066E-14,
-1.));
#4070=DIRECTION('',(0.,-1.,0.));
#4071=DIRECTION('center_axis',(0.,0.,-1.));
#4072=DIRECTION('ref_axis',(1.,0.,0.));
#4073=DIRECTION('',(1.,0.,0.));
#4074=DIRECTION('',(-1.,0.,0.));
#4075=DIRECTION('center_axis',(1.,-2.20059083833325E-13,-1.91637374402928E-13));
#4076=DIRECTION('ref_axis',(-2.20059083833325E-13,-1.,0.));
#4077=DIRECTION('center_axis',(-1.,-1.83731176948291E-14,-5.26811558811816E-14));
#4078=DIRECTION('ref_axis',(-1.83731176948291E-14,1.,0.));
#4079=DIRECTION('center_axis',(0.,-1.,0.));
#4080=DIRECTION('ref_axis',(0.,0.,1.));
#4081=DIRECTION('',(1.,0.,0.));
#4082=DIRECTION('',(0.,0.,1.));
#4083=DIRECTION('',(0.,0.,1.));
#4084=DIRECTION('center_axis',(1.,0.,0.));
#4085=DIRECTION('ref_axis',(0.,-1.,0.));
#4086=DIRECTION('',(-1.95399394312948E-13,0.,1.));
#4087=DIRECTION('center_axis',(1.,4.43566299219309E-14,5.85674846371333E-14));
#4088=DIRECTION('ref_axis',(4.43566299219313E-14,-1.,-7.1054273576E-15));
#4089=DIRECTION('',(-1.08555140185571E-14,1.,0.));
#4090=DIRECTION('center_axis',(1.,-2.64415713755261E-13,2.50204859040067E-13));
#4091=DIRECTION('ref_axis',(2.50204859040064E-13,-1.24344978758041E-14,
-1.));
#4092=DIRECTION('center_axis',(0.,1.,0.));
#4093=DIRECTION('ref_axis',(0.,0.,-1.));
#4094=DIRECTION('',(-1.,0.,0.));
#4095=DIRECTION('',(0.,0.,1.));
#4096=DIRECTION('center_axis',(-1.,0.,0.));
#4097=DIRECTION('ref_axis',(0.,1.,0.));
#4098=DIRECTION('',(0.,-1.,0.));
#4099=DIRECTION('center_axis',(-1.,1.42108547152022E-14,-1.42108547152019E-14));
#4100=DIRECTION('ref_axis',(1.4210854715202E-14,5.32907051820055E-15,-1.));
#4101=DIRECTION('center_axis',(-1.,2.30107675568911E-13,-2.15896820853713E-13));
#4102=DIRECTION('ref_axis',(2.30107675568919E-13,1.,-3.55271367880036E-14));
#4103=DIRECTION('center_axis',(0.,0.,-1.));
#4104=DIRECTION('ref_axis',(1.,0.,0.));
#4105=DIRECTION('',(1.,0.,0.));
#4106=DIRECTION('',(-1.,0.,0.));
#4107=DIRECTION('center_axis',(1.,5.44052216575067E-14,8.28269310879115E-14));
#4108=DIRECTION('ref_axis',(5.44052216575067E-14,-1.,0.));
#4109=DIRECTION('center_axis',(-1.,2.40156267304477E-13,-2.40156267304485E-13));
#4110=DIRECTION('ref_axis',(2.40156267304477E-13,1.,0.));
#4111=DIRECTION('center_axis',(8.57700954658842E-15,8.57700954658863E-15,
-1.));
#4112=DIRECTION('ref_axis',(1.,0.,8.57700954658842E-15));
#4113=DIRECTION('',(0.,0.,1.));
#4114=DIRECTION('',(0.,0.,-1.));
#4115=DIRECTION('center_axis',(1.91614092870434E-14,-2.84569758212527E-8,
-1.));
#4116=DIRECTION('ref_axis',(-2.84217094304035E-14,-1.,2.84569758212527E-8));
#4117=DIRECTION('center_axis',(0.464209443737493,0.660180780100203,-0.590483640697365));
#4118=DIRECTION('ref_axis',(-2.11802797522864E-13,-0.666666666666714,-0.745355992499888));
#4119=DIRECTION('center_axis',(0.,1.,0.));
#4120=DIRECTION('ref_axis',(0.,0.,-1.));
#4121=DIRECTION('',(1.,0.,7.89353323445614E-9));
#4122=DIRECTION('',(0.,0.,-1.));
#4123=DIRECTION('center_axis',(1.,-5.64863529170136E-14,-6.35917798981386E-14));
#4124=DIRECTION('ref_axis',(8.49080619709406E-14,0.707106783279652,0.707106779093443));
#4125=DIRECTION('',(1.,-5.74143907020438E-14,0.));
#4126=DIRECTION('center_axis',(1.54415722933547E-14,1.,3.17813931579777E-14));
#4127=DIRECTION('ref_axis',(0.,3.17813931579777E-14,-1.));
#4128=DIRECTION('center_axis',(-4.06473402388494E-15,-1.,-1.7667048904219E-14));
#4129=DIRECTION('ref_axis',(0.786151432055582,-1.41143319572825E-14,0.618033919681564));
#4130=DIRECTION('',(-6.66133814775127E-15,-1.,-3.10862446895059E-14));
#4131=DIRECTION('center_axis',(-8.5770095465867E-15,8.57700954658417E-15,
-1.));
#4132=DIRECTION('ref_axis',(1.,0.,-8.5770095465867E-15));
#4133=DIRECTION('',(0.,2.99760410162901E-13,1.));
#4134=DIRECTION('center_axis',(3.15742049978068E-8,-5.74266025510279E-15,
-1.));
#4135=DIRECTION('ref_axis',(1.,3.16191517413251E-13,3.15742049978068E-8));
#4136=DIRECTION('center_axis',(-0.464209488491719,0.660180783217638,-0.590483602028374));
#4137=DIRECTION('ref_axis',(0.786151404629103,3.9005108143364E-8,-0.618033954568587));
#4138=DIRECTION('center_axis',(-1.37431120659934E-14,-0.999999999999995,
1.02116721374279E-7));
#4139=DIRECTION('ref_axis',(-4.61852719256407E-14,1.02116721374279E-7,0.999999999999995));
#4140=DIRECTION('center_axis',(1.,0.,0.));
#4141=DIRECTION('ref_axis',(0.,1.,-1.57873554229606E-8));
#4142=DIRECTION('center_axis',(-3.27450697572257E-14,-1.57871681348481E-8,
-1.));
#4143=DIRECTION('ref_axis',(-1.,2.80664380581323E-13,3.27450653263299E-14));
#4144=DIRECTION('center_axis',(0.,1.,0.));
#4145=DIRECTION('ref_axis',(0.,0.,-1.));
#4146=DIRECTION('',(0.,1.,0.));
#4147=DIRECTION('center_axis',(0.,0.,1.));
#4148=DIRECTION('ref_axis',(-1.,0.,0.));
#4149=DIRECTION('',(0.,0.,-1.));
#4150=DIRECTION('center_axis',(-7.28389561589722E-14,-1.44714693645067E-8,
-1.));
#4151=DIRECTION('ref_axis',(-1.28781532244901E-28,-1.,1.44714693645067E-8));
#4152=DIRECTION('',(0.,9.99201305426518E-14,1.));
#4153=DIRECTION('center_axis',(0.464209525177804,0.660180759791979,-0.590483599378241));
#4154=DIRECTION('ref_axis',(2.81441536742477E-14,-0.66666665214331,-0.745356005490015));
#4155=DIRECTION('center_axis',(0.,1.,0.));
#4156=DIRECTION('ref_axis',(0.,0.,-1.));
#4157=DIRECTION('',(1.,0.,6.57794929637135E-9));
#4158=DIRECTION('',(0.,0.,-1.));
#4159=DIRECTION('center_axis',(1.,-6.43275713002013E-14,-6.4327570877055E-14));
#4160=DIRECTION('ref_axis',(9.09729234680574E-14,0.707106783512219,0.707106778860876));
#4161=DIRECTION('',(1.,-7.52176099183544E-14,0.));
#4162=DIRECTION('center_axis',(0.,-1.,0.));
#4163=DIRECTION('ref_axis',(0.,0.,1.));
#4164=DIRECTION('center_axis',(6.58435541714854E-14,-0.999999999999998,
5.70337646348651E-8));
#4165=DIRECTION('ref_axis',(0.786151269788684,3.52488646466243E-8,0.618034126088227));
#4166=DIRECTION('',(-9.9920072216279E-14,-1.,0.));
#4167=DIRECTION('center_axis',(-8.57700954658661E-15,8.57700954658405E-15,
-1.));
#4168=DIRECTION('ref_axis',(1.,0.,-8.57700954658661E-15));
#4169=DIRECTION('',(0.,2.99760374670382E-13,1.));
#4170=DIRECTION('center_axis',(3.0258632475047E-8,-2.79641560090629E-14,
-1.));
#4171=DIRECTION('ref_axis',(1.,3.09086090055647E-13,3.0258632475047E-8));
#4172=DIRECTION('center_axis',(-0.464209479956011,0.660180756642081,-0.590483638451109));
#4173=DIRECTION('ref_axis',(0.786151397909135,-1.76274613516991E-8,-0.61803396311652));
#4174=DIRECTION('center_axis',(-2.01781490290639E-14,-0.999999999999999,
-4.61490828960946E-8));
#4175=DIRECTION('ref_axis',(3.55271390567866E-14,-4.61490828960946E-8,0.999999999999999));
#4176=DIRECTION('center_axis',(1.,0.,0.));
#4177=DIRECTION('ref_axis',(0.,1.,-1.57873554229607E-8));
#4178=DIRECTION('center_axis',(-2.41680600748382E-14,-1.57871767118578E-8,
-1.));
#4179=DIRECTION('ref_axis',(-1.,2.94875235385463E-13,2.41680554195908E-14));
#4180=DIRECTION('center_axis',(0.,1.,0.));
#4181=DIRECTION('ref_axis',(0.,0.,-1.));
#4182=DIRECTION('',(0.,1.,0.));
#4183=DIRECTION('center_axis',(0.,0.,1.));
#4184=DIRECTION('ref_axis',(-1.,0.,0.));
#4185=DIRECTION('',(2.10942475888684E-14,0.,-1.));
#4186=DIRECTION('center_axis',(-5.81970859681794E-14,-1.44714582753487E-8,
-1.));
#4187=DIRECTION('ref_axis',(-1.00364161426104E-13,-1.,1.44714582753487E-8));
#4188=DIRECTION('',(0.,0.,1.));
#4189=DIRECTION('center_axis',(0.464209544129371,0.660180735130786,-0.590483612051491));
#4190=DIRECTION('ref_axis',(-1.5182299861749E-13,-0.666666673927575,-0.745355986005576));
#4191=DIRECTION('center_axis',(0.,1.,0.));
#4192=DIRECTION('ref_axis',(0.,0.,-1.));
#4193=DIRECTION('',(1.,0.,6.57794929637133E-9));
#4194=DIRECTION('',(0.,9.99201160827339E-14,-1.));
#4195=DIRECTION('center_axis',(1.,-6.00390665468551E-14,-6.00390661519189E-14));
#4196=DIRECTION('ref_axis',(8.49080619035212E-14,0.707106783512217,0.707106778860878));
#4197=DIRECTION('',(1.,-5.02375918642883E-14,0.));
#4198=DIRECTION('center_axis',(-1.54415747352848E-14,-1.,-3.17814037716219E-14));
#4199=DIRECTION('ref_axis',(0.,-3.17814037716219E-14,1.));
#4200=DIRECTION('center_axis',(9.87897773027978E-14,-1.,-2.85138468470595E-8));
#4201=DIRECTION('ref_axis',(0.786151396834542,-1.76224481458399E-8,0.618033964483424));
#4202=DIRECTION('',(-1.05471187339395E-13,-1.,-3.10862446895059E-14));
#4203=DIRECTION('center_axis',(0.,0.,1.));
#4204=DIRECTION('ref_axis',(-1.,0.,0.));
#4205=DIRECTION('center_axis',(1.4471472917219E-8,-6.92862410422309E-14,
-1.));
#4206=DIRECTION('ref_axis',(1.,9.94759830064143E-14,1.4471472917219E-8));
#4207=DIRECTION('',(-4.99600573183746E-15,0.,1.));
#4208=DIRECTION('center_axis',(-0.46420944075559,0.660180758250213,-0.590483667470622));
#4209=DIRECTION('ref_axis',(0.786151400256095,-8.71541898928019E-8,-0.618033960131135));
#4210=DIRECTION('center_axis',(-1.5441573158147E-14,-1.,3.17813878909324E-14));
#4211=DIRECTION('ref_axis',(-3.98181589493158E-13,3.17813878909385E-14,
1.));
#4212=DIRECTION('center_axis',(1.,3.20322467846488E-17,9.853656855104E-14));
#4213=DIRECTION('ref_axis',(-3.20306911624459E-17,1.,-1.57872577233337E-8));
#4214=DIRECTION('center_axis',(0.,0.,-1.));
#4215=DIRECTION('ref_axis',(-1.,-3.55271367880052E-15,0.));
#4216=DIRECTION('center_axis',(0.,-1.,0.));
#4217=DIRECTION('ref_axis',(0.,0.,1.));
#4218=DIRECTION('',(-9.90180160087411E-14,1.,0.));
#4219=DIRECTION('center_axis',(0.,0.,-1.));
#4220=DIRECTION('ref_axis',(1.,0.,0.));
#4221=DIRECTION('',(0.,-9.99201067745623E-14,1.));
#4222=DIRECTION('',(1.11022344338246E-14,2.02060666695607E-13,-1.));
#4223=DIRECTION('center_axis',(-5.63309991764744E-14,-3.13236542686738E-8,
-1.));
#4224=DIRECTION('ref_axis',(-1.01252339845803E-13,-1.,3.13236542686738E-8));
#4225=DIRECTION('center_axis',(0.464209661048516,0.66018069520968,-0.590483564768474));
#4226=DIRECTION('ref_axis',(-1.71612724031434E-13,-0.666666666666417,-0.745355992500154));
#4227=DIRECTION('center_axis',(0.,1.,0.));
#4228=DIRECTION('ref_axis',(0.,0.,-1.));
#4229=DIRECTION('',(1.,0.,7.64295071675747E-9));
#4230=DIRECTION('',(0.,9.99201037198235E-14,-1.));
#4231=DIRECTION('center_axis',(1.,-6.18154211723834E-14,-5.82627042094849E-14));
#4232=DIRECTION('ref_axis',(8.49080568004888E-14,0.70710680111532,0.707106761257775));
#4233=DIRECTION('',(1.,-6.2450045135165E-14,0.));
#4234=DIRECTION('center_axis',(0.,1.,0.));
#4235=DIRECTION('ref_axis',(0.,0.,-1.));
#4236=DIRECTION('center_axis',(0.,-1.,0.));
#4237=DIRECTION('ref_axis',(0.786151252870957,0.,0.6180341476079));
#4238=DIRECTION('',(0.,-1.,0.));
#4239=DIRECTION('center_axis',(0.,0.,1.));
#4240=DIRECTION('ref_axis',(-1.,0.,0.));
#4241=DIRECTION('center_axis',(-1.0925643175193E-7,-6.54308101802008E-14,
-0.999999999999994));
#4242=DIRECTION('ref_axis',(0.999999999999994,1.06581410364016E-13,-1.0925643175193E-7));
#4243=DIRECTION('',(0.,0.,1.));
#4244=DIRECTION('center_axis',(-0.464209545216471,0.660180717451178,-0.590483630963269));
#4245=DIRECTION('ref_axis',(0.786151314133845,-8.71252950618295E-8,-0.618034069680322));
#4246=DIRECTION('center_axis',(0.,-1.,0.));
#4247=DIRECTION('ref_axis',(-3.65929602389453E-13,0.,1.));
#4248=DIRECTION('center_axis',(1.,1.72406598705633E-15,1.0120004739581E-13));
#4249=DIRECTION('ref_axis',(-1.72406438938474E-15,1.,-1.57872612760474E-8));
#4250=DIRECTION('center_axis',(0.,0.,-1.));
#4251=DIRECTION('ref_axis',(-1.,0.,0.));
#4252=DIRECTION('center_axis',(1.54415774154998E-14,-1.,-3.17814154209565E-14));
#4253=DIRECTION('ref_axis',(0.,-3.17814154209565E-14,1.));
#4254=DIRECTION('',(-9.9920072216284E-14,1.,3.10862446895106E-14));
#4255=DIRECTION('center_axis',(0.,0.,-1.));
#4256=DIRECTION('ref_axis',(1.,0.,0.));
#4257=DIRECTION('',(0.,-9.99200945556296E-14,1.));
#4258=DIRECTION('',(0.,9.99201099044211E-14,-1.));
#4259=DIRECTION('center_axis',(-3.65738855286103E-14,-1.53610636369568E-7,
-0.999999999999988));
#4260=DIRECTION('ref_axis',(-1.24344978758002E-13,-0.999999999999988,1.53610636369568E-7));
#4261=DIRECTION('center_axis',(0.464209661047859,0.660180695209683,-0.590483564768988));
#4262=DIRECTION('ref_axis',(-1.48686618572924E-13,-0.666666666666746,-0.745355992499859));
#4263=DIRECTION('center_axis',(0.,1.,0.));
#4264=DIRECTION('ref_axis',(0.,0.,-1.));
#4265=DIRECTION('',(1.,6.89103946319063E-15,7.64293793005091E-9));
#4266=DIRECTION('',(0.,0.,-1.));
#4267=DIRECTION('center_axis',(1.,-6.61039284388147E-14,-6.25512147600144E-14));
#4268=DIRECTION('ref_axis',(-6.61039284388147E-14,-1.,0.));
#4269=DIRECTION('',(1.,5.9211894646675E-15,-6.24416343546755E-14));
#4270=DIRECTION('center_axis',(-1.,4.28850472766511E-14,4.28850479219488E-14));
#4271=DIRECTION('ref_axis',(4.2885047276653E-14,-1.50471051218313E-8,1.));
#4272=DIRECTION('center_axis',(1.54415774154868E-14,1.,3.17814154208978E-14));
#4273=DIRECTION('ref_axis',(0.,3.17814154208978E-14,-1.));
#4274=DIRECTION('center_axis',(0.,-1.,0.));
#4275=DIRECTION('ref_axis',(0.786151252871639,0.,0.618034147607033));
#4276=DIRECTION('',(-6.66133814775061E-15,-1.,-3.10862446895028E-14));
#4277=DIRECTION('center_axis',(-8.00446862485115E-16,6.55089768988491E-9,
-1.));
#4278=DIRECTION('ref_axis',(1.56319401867229E-13,1.,6.55089768988491E-9));
#4279=DIRECTION('center_axis',(-1.,1.09777058933262E-13,1.03010759943291E-14));
#4280=DIRECTION('ref_axis',(1.03010759943277E-14,-1.24344978758019E-14,
1.));
#4281=DIRECTION('center_axis',(8.57700954658859E-15,8.57700954658862E-15,
-1.));
#4282=DIRECTION('ref_axis',(1.,0.,8.57700954658859E-15));
#4283=DIRECTION('',(1.99840288861801E-13,0.,1.));
#4284=DIRECTION('center_axis',(0.,0.,1.));
#4285=DIRECTION('ref_axis',(-1.,0.,0.));
#4286=DIRECTION('',(-1.,0.,0.));
#4287=DIRECTION('',(0.,-1.,-2.77555756156288E-15));
#4288=DIRECTION('',(1.,0.,0.));
#4289=DIRECTION('',(0.,1.,0.));
#4290=DIRECTION('',(1.,-5.70971841235795E-14,0.));
#4291=DIRECTION('',(9.76996261670239E-14,-1.,0.));
#4292=DIRECTION('',(1.,0.,4.99600361081333E-14));
#4293=DIRECTION('',(0.,1.,0.));
#4294=DIRECTION('',(1.,-4.9960036108132E-14,0.));
#4295=DIRECTION('',(4.88498130835119E-14,-1.,0.));
#4296=DIRECTION('',(1.,0.,3.77475828372558E-14));
#4297=DIRECTION('',(0.,1.,0.));
#4298=DIRECTION('',(1.,-7.49400541621981E-14,0.));
#4299=DIRECTION('',(0.,-1.,0.));
#4300=DIRECTION('',(1.,0.,6.21724893790083E-14));
#4301=DIRECTION('',(-2.8865798640231E-14,1.,0.));
#4302=DIRECTION('',(1.,-8.7430063189231E-14,0.));
#4303=DIRECTION('',(0.,-1.,0.));
#4304=DIRECTION('',(1.,0.,4.99600361081308E-14));
#4305=DIRECTION('',(-4.88498130835045E-14,1.,0.));
#4306=DIRECTION('',(1.,-5.92118946466753E-15,0.));
#4307=DIRECTION('',(0.,1.,-1.84134550425635E-14));
#4308=DIRECTION('',(-1.,0.,3.77475828372544E-14));
#4309=DIRECTION('',(-1.,0.,4.99600361081308E-14));
#4310=DIRECTION('',(-1.,0.,7.54951656745089E-14));
#4311=DIRECTION('',(-1.,0.,6.21724893790072E-14));
#4312=DIRECTION('center_axis',(1.,-4.64377609524615E-14,-3.93323330616269E-14));
#4313=DIRECTION('ref_axis',(6.06486151344272E-14,0.707106785979722,0.707106776393373));
#4314=DIRECTION('',(-1.,0.,-1.40125448991149E-8));
#4315=DIRECTION('center_axis',(1.,-3.17958903183831E-14,-2.82431765438567E-14));
#4316=DIRECTION('ref_axis',(3.17958903183816E-14,1.,-5.15143481680098E-14));
#4317=DIRECTION('center_axis',(0.,1.,0.));
#4318=DIRECTION('ref_axis',(0.,0.,-1.));
#4319=DIRECTION('',(0.,0.,1.));
#4320=DIRECTION('center_axis',(0.,0.,-1.));
#4321=DIRECTION('ref_axis',(1.,0.,0.));
#4322=DIRECTION('',(0.,0.,-1.));
#4323=DIRECTION('center_axis',(0.,1.,0.));
#4324=DIRECTION('ref_axis',(0.,0.,-1.));
#4325=DIRECTION('',(1.,0.,7.89353749031107E-9));
#4326=DIRECTION('',(0.,0.,-1.));
#4327=DIRECTION('center_axis',(1.,-6.68397187953605E-14,-7.03924313628707E-14));
#4328=DIRECTION('ref_axis',(9.70377839538661E-14,0.707106786768116,0.707106775604979));
#4329=DIRECTION('center_axis',(-1.,6.0125703867636E-15,1.05488555058547E-13));
#4330=DIRECTION('ref_axis',(1.05488555058548E-13,1.50990331348998E-13,1.));
#4331=DIRECTION('center_axis',(0.,0.,1.));
#4332=DIRECTION('ref_axis',(-1.,0.,0.));
#4333=DIRECTION('center_axis',(8.57700954658856E-15,8.57700954658856E-15,
-1.));
#4334=DIRECTION('ref_axis',(-3.55271367880048E-15,1.,8.57700954658853E-15));
#4335=DIRECTION('center_axis',(8.57700954658867E-15,-8.57700954658861E-15,
-1.));
#4336=DIRECTION('ref_axis',(1.,0.,8.57700954658867E-15));
#4337=DIRECTION('',(0.,0.,-1.));
#4338=DIRECTION('center_axis',(0.,1.,0.));
#4339=DIRECTION('ref_axis',(0.,0.,-1.));
#4340=DIRECTION('',(1.,0.,7.8935374903111E-9));
#4341=DIRECTION('',(0.,0.,-1.));
#4342=DIRECTION('center_axis',(1.,-6.8616075606714E-14,-6.86160745234682E-14));
#4343=DIRECTION('ref_axis',(9.70377839538622E-14,0.707106786768113,0.707106775604982));
#4344=DIRECTION('center_axis',(-1.,4.45674963936318E-16,1.05694819367032E-13));
#4345=DIRECTION('ref_axis',(1.05694819367032E-13,1.49213974509599E-13,1.));
#4346=DIRECTION('center_axis',(0.,0.,1.));
#4347=DIRECTION('ref_axis',(-1.,0.,0.));
#4348=DIRECTION('center_axis',(0.,0.,-1.));
#4349=DIRECTION('ref_axis',(-4.44089209850063E-15,1.,0.));
#4350=DIRECTION('center_axis',(0.,0.,1.));
#4351=DIRECTION('ref_axis',(-1.,0.,0.));
#4352=DIRECTION('',(0.,0.,-1.));
#4353=DIRECTION('center_axis',(0.,1.,0.));
#4354=DIRECTION('ref_axis',(0.,0.,-1.));
#4355=DIRECTION('',(1.,0.,7.89353749031092E-9));
#4356=DIRECTION('',(-1.50990385916297E-13,0.,-1.));
#4357=DIRECTION('center_axis',(-1.20383312977096E-14,1.57871817361513E-8,
-1.));
#4358=DIRECTION('ref_axis',(3.49942297361781E-13,1.,1.57871817361513E-8));
#4359=DIRECTION('center_axis',(-1.,7.67882160405612E-14,4.04871952742277E-16));
#4360=DIRECTION('ref_axis',(4.04871952749779E-16,9.76996261670042E-14,1.));
#4361=DIRECTION('center_axis',(0.,0.,-1.));
#4362=DIRECTION('ref_axis',(1.,0.,0.));
#4363=DIRECTION('center_axis',(1.,-4.93178043423315E-14,-4.93178035637488E-14));
#4364=DIRECTION('ref_axis',(6.97459072168468E-14,0.707106786768113,0.707106775604982));
#4365=DIRECTION('center_axis',(0.,0.,1.));
#4366=DIRECTION('ref_axis',(-1.,0.,0.));
#4367=DIRECTION('',(0.,0.,-1.));
#4368=DIRECTION('center_axis',(0.,1.,0.));
#4369=DIRECTION('ref_axis',(0.,0.,-1.));
#4370=DIRECTION('',(1.,0.,7.89353749031098E-9));
#4371=DIRECTION('',(-9.76996614752512E-14,0.,-1.));
#4372=DIRECTION('center_axis',(-2.41680562565843E-14,1.57871767118553E-8,
-1.));
#4373=DIRECTION('ref_axis',(2.27373675443201E-13,1.,1.57871767118553E-8));
#4374=DIRECTION('center_axis',(-1.,5.06000250712256E-14,8.620335816276E-16));
#4375=DIRECTION('ref_axis',(8.62033581634701E-16,1.403321903126E-13,1.));
#4376=DIRECTION('center_axis',(0.,0.,-1.));
#4377=DIRECTION('ref_axis',(1.,0.,0.));
#4378=DIRECTION('center_axis',(1.,-3.85965425287823E-14,-3.85965419194565E-14));
#4379=DIRECTION('ref_axis',(5.45837534740555E-14,0.707106786768113,0.707106775604982));
#4380=DIRECTION('center_axis',(0.,0.,-1.));
#4381=DIRECTION('ref_axis',(1.,0.,0.));
#4382=DIRECTION('',(-9.99201217352374E-15,-2.02060690620147E-13,1.));
#4383=DIRECTION('',(0.,0.,-1.));
#4384=DIRECTION('center_axis',(3.02584779842958E-8,-7.95307980395562E-14,
-1.));
#4385=DIRECTION('ref_axis',(-1.,-2.02504679691629E-13,-3.02584779842958E-8));
#4386=DIRECTION('center_axis',(0.464209536415466,-0.660180734593611,-0.59048361871637));
#4387=DIRECTION('ref_axis',(-0.786151351358613,1.76141163599208E-8,-0.618034022329699));
#4388=DIRECTION('center_axis',(-6.15582362693058E-15,0.999999999999999,
-4.61143301391189E-8));
#4389=DIRECTION('ref_axis',(2.66453542925827E-15,4.61143301391189E-8,0.999999999999999));
#4390=DIRECTION('center_axis',(-1.,-1.50544001236778E-14,-4.46330119289937E-17));
#4391=DIRECTION('ref_axis',(1.50544001229732E-14,-1.,1.5786975282595E-8));
#4392=DIRECTION('center_axis',(2.38458657995245E-14,-1.57870257738161E-8,
-1.));
#4393=DIRECTION('ref_axis',(1.,-1.49213974469694E-13,2.38458681551694E-14));
#4394=DIRECTION('center_axis',(-1.5441574600149E-14,-1.,-3.17814031842658E-14));
#4395=DIRECTION('ref_axis',(0.,-3.17814031842658E-14,1.));
#4396=DIRECTION('center_axis',(-8.57700954658842E-15,8.57700954658863E-15,
1.));
#4397=DIRECTION('ref_axis',(-1.,0.,-8.57700954658842E-15));
#4398=DIRECTION('',(0.,0.,-1.));
#4399=DIRECTION('center_axis',(2.19060480595443E-8,-5.45959108717715E-14,
-1.));
#4400=DIRECTION('ref_axis',(-1.,3.55271367880043E-15,-2.19060480595443E-8));
#4401=DIRECTION('',(0.,0.,1.));
#4402=DIRECTION('center_axis',(0.464209508524603,-0.66018078461327,-0.59048358471913));
#4403=DIRECTION('ref_axis',(-0.786151392352291,-5.6464524555988E-8,-0.618033970184933));
#4404=DIRECTION('center_axis',(-2.4997564623411E-14,0.999999999999989,1.47825985465146E-7));
#4405=DIRECTION('ref_axis',(1.27897654155524E-13,-1.47825985465146E-7,0.999999999999989));
#4406=DIRECTION('center_axis',(-1.,0.,0.));
#4407=DIRECTION('ref_axis',(0.,-1.,6.55089671397462E-9));
#4408=DIRECTION('center_axis',(8.57700954658856E-15,-8.57700954658856E-15,
-1.));
#4409=DIRECTION('ref_axis',(1.,7.10542735760111E-15,8.5770095465885E-15));
#4410=DIRECTION('center_axis',(0.,1.,0.));
#4411=DIRECTION('ref_axis',(0.,0.,-1.));
#4412=DIRECTION('center_axis',(-8.57700954658731E-15,8.57700954658563E-15,
-1.));
#4413=DIRECTION('ref_axis',(1.,0.,-8.57700954658731E-15));
#4414=DIRECTION('',(0.,-2.02060714544733E-13,1.));
#4415=DIRECTION('',(0.,0.,-1.));
#4416=DIRECTION('center_axis',(3.02584436762577E-8,-4.52227600828677E-14,
-1.));
#4417=DIRECTION('ref_axis',(-1.,-1.91846538655226E-13,-3.02584436762577E-8));
#4418=DIRECTION('center_axis',(0.46420954061052,-0.660180760866976,-0.590483586043906));
#4419=DIRECTION('ref_axis',(-0.786151360738569,-3.52354326549342E-8,-0.61803401039821));
#4420=DIRECTION('center_axis',(-3.44851448508656E-15,0.999999999999996,
9.22474883329397E-8));
#4421=DIRECTION('ref_axis',(-4.97379851506825E-14,-9.22474883329397E-8,
0.999999999999996));
#4422=DIRECTION('center_axis',(-1.,-4.28850482116661E-15,4.28850488886925E-15));
#4423=DIRECTION('ref_axis',(4.28850488886875E-15,-1.,1.57868864647544E-8));
#4424=DIRECTION('center_axis',(-1.04621720743124E-14,-1.57869914657783E-8,
-1.));
#4425=DIRECTION('ref_axis',(1.,-2.23820961761333E-13,-1.04621685408528E-14));
#4426=DIRECTION('center_axis',(1.54415743320176E-14,-1.,3.17814020188556E-14));
#4427=DIRECTION('ref_axis',(0.,3.17814020188556E-14,1.));
#4428=DIRECTION('center_axis',(0.,0.,1.));
#4429=DIRECTION('ref_axis',(-1.,0.,0.));
#4430=DIRECTION('',(0.,0.,-1.));
#4431=DIRECTION('center_axis',(-4.09998856116109E-14,-1.57870429278327E-8,
-1.));
#4432=DIRECTION('ref_axis',(6.69396318067E-29,1.,-1.57870429278327E-8));
#4433=DIRECTION('',(0.,0.,1.));
#4434=DIRECTION('center_axis',(-0.464209471397413,-0.660180782026987,-0.590483616798273));
#4435=DIRECTION('ref_axis',(1.06137321154165E-13,0.666666650595522,-0.745356006874398));
#4436=DIRECTION('center_axis',(0.,-1.,0.));
#4437=DIRECTION('ref_axis',(0.,0.,1.));
#4438=DIRECTION('',(-1.,0.,-7.89353323445614E-9));
#4439=DIRECTION('center_axis',(-1.,6.00390665747866E-14,-6.00390662193493E-14));
#4440=DIRECTION('ref_axis',(-8.49080619709523E-14,-0.707106783279619,0.707106779093476));
#4441=DIRECTION('center_axis',(0.,1.,0.));
#4442=DIRECTION('ref_axis',(-0.437016051926857,0.,0.899453706623228));
#4443=DIRECTION('center_axis',(1.29681393104092E-14,0.999999999999998,6.31124005547222E-8));
#4444=DIRECTION('ref_axis',(-0.786151314697097,-3.90056035219922E-8,0.618034068963859));
#4445=DIRECTION('center_axis',(8.57700954658864E-15,8.57700954658864E-15,
1.));
#4446=DIRECTION('ref_axis',(-1.,0.,8.57700954658864E-15));
#4447=DIRECTION('',(0.,0.,-1.));
#4448=DIRECTION('center_axis',(-6.0709232809674E-14,-1.44714643402107E-8,
-1.));
#4449=DIRECTION('ref_axis',(3.55271367880047E-15,1.,-1.44714643402107E-8));
#4450=DIRECTION('',(0.,0.,1.));
#4451=DIRECTION('center_axis',(-0.46420948768188,-0.660180757180094,-0.59048363177589));
#4452=DIRECTION('ref_axis',(1.78523862359725E-13,0.666666673929383,-0.745355986003959));
#4453=DIRECTION('center_axis',(0.,-1.,0.));
#4454=DIRECTION('ref_axis',(0.,0.,1.));
#4455=DIRECTION('',(-1.,0.,-6.57794929637135E-9));
#4456=DIRECTION('center_axis',(-1.,6.00390665468607E-14,-6.00390661519311E-14));
#4457=DIRECTION('ref_axis',(-8.49080619035338E-14,-0.707106783512176,0.707106778860919));
#4458=DIRECTION('center_axis',(1.54415734047998E-14,1.,-3.17813979887953E-14));
#4459=DIRECTION('ref_axis',(-0.437016035667363,3.53341116675943E-14,0.8994537145232));
#4460=DIRECTION('center_axis',(8.18501864190974E-14,1.,-2.8521552801957E-8));
#4461=DIRECTION('ref_axis',(-0.786151443377812,1.762735100947E-8,0.618033905279461));
#4462=DIRECTION('center_axis',(0.,0.,-1.));
#4463=DIRECTION('ref_axis',(1.,0.,0.));
#4464=DIRECTION('',(0.,0.,1.));
#4465=DIRECTION('',(4.99600565296598E-15,-1.99840226118639E-13,-1.));
#4466=DIRECTION('center_axis',(-7.17418751371213E-14,-3.02583742721095E-8,
-1.));
#4467=DIRECTION('ref_axis',(-2.22044604925081E-16,1.,-3.02583742721095E-8));
#4468=DIRECTION('center_axis',(-0.464209556626277,-0.660180736001317,-0.590483601253748));
#4469=DIRECTION('ref_axis',(-4.14113188185183E-14,0.666666666666578,-0.745355992500009));
#4470=DIRECTION('center_axis',(0.,-1.,0.));
#4471=DIRECTION('ref_axis',(0.,0.,1.));
#4472=DIRECTION('',(-1.,0.,-6.57794929637134E-9));
#4473=DIRECTION('center_axis',(-1.,8.56019275217346E-14,-8.91546406140949E-14));
#4474=DIRECTION('ref_axis',(-1.23571554377472E-13,-0.707106783512147,0.707106778860948));
#4475=DIRECTION('center_axis',(1.54415749542063E-14,-1.,-3.17814047231472E-14));
#4476=DIRECTION('ref_axis',(0.,-3.17814047231472E-14,1.));
#4477=DIRECTION('center_axis',(0.,1.,0.));
#4478=DIRECTION('ref_axis',(-0.786151338972884,0.,0.618034038084588));
#4479=DIRECTION('center_axis',(0.,0.,-1.));
#4480=DIRECTION('ref_axis',(1.,0.,0.));
#4481=DIRECTION('',(0.,0.,1.));
#4482=DIRECTION('',(9.99201130593196E-14,-1.99840226118639E-13,-1.));
#4483=DIRECTION('center_axis',(-7.8975595694662E-14,9.34695157551998E-8,
-0.999999999999996));
#4484=DIRECTION('ref_axis',(7.10542735760089E-15,0.999999999999996,9.34695157551998E-8));
#4485=DIRECTION('center_axis',(-0.46420966104719,-0.660180695209719,-0.590483564769473));
#4486=DIRECTION('ref_axis',(2.22710738739806E-13,0.666666666667002,-0.74535599249963));
#4487=DIRECTION('center_axis',(0.,-1.,0.));
#4488=DIRECTION('ref_axis',(0.,0.,1.));
#4489=DIRECTION('',(-1.,0.,-7.64295071675747E-9));
#4490=DIRECTION('',(0.,0.,-1.));
#4491=DIRECTION('center_axis',(-1.,1.02188319333016E-13,-9.50828866159774E-14));
#4492=DIRECTION('ref_axis',(-1.39491807600981E-13,-0.70710680111492,0.707106761258175));
#4493=DIRECTION('center_axis',(-3.0883154830939E-14,-1.,6.35628308416442E-14));
#4494=DIRECTION('ref_axis',(0.,6.35628308416442E-14,1.));
#4495=DIRECTION('center_axis',(1.54415871003187E-14,1.,-3.17814222183247E-14));
#4496=DIRECTION('ref_axis',(-0.786151252872287,3.17814272356674E-14,0.618034147606209));
#4497=DIRECTION('center_axis',(0.,0.,1.));
#4498=DIRECTION('ref_axis',(-1.,0.,0.));
#4499=DIRECTION('center_axis',(1.5536460402796E-8,-6.33450379674068E-14,
-1.));
#4500=DIRECTION('ref_axis',(-1.,1.06581410364014E-14,-1.5536460402796E-8));
#4501=DIRECTION('',(-1.11022342585513E-14,0.,1.));
#4502=DIRECTION('center_axis',(0.464209545214903,-0.660180717451206,-0.59048363096447));
#4503=DIRECTION('ref_axis',(-0.786151314135397,8.7125429426571E-8,-0.618034069678348));
#4504=DIRECTION('center_axis',(-7.31431368307635E-14,1.,-1.41239936355316E-13));
#4505=DIRECTION('ref_axis',(1.17239581348128E-13,1.41239936355325E-13,1.));
#4506=DIRECTION('center_axis',(-1.,8.92664991870088E-17,3.01088002459433E-14));
#4507=DIRECTION('ref_axis',(-8.92660238640279E-17,-1.,1.57868456085469E-8));
#4508=DIRECTION('center_axis',(8.57700954658853E-15,-8.57700954658853E-15,
-1.));
#4509=DIRECTION('ref_axis',(1.,7.10542735760102E-15,8.57700954658847E-15));
#4510=DIRECTION('center_axis',(-1.54415774154579E-14,1.,-3.17814154207737E-14));
#4511=DIRECTION('ref_axis',(0.,-3.17814154207737E-14,-1.));
#4512=DIRECTION('center_axis',(0.,0.,1.));
#4513=DIRECTION('ref_axis',(-1.,0.,0.));
#4514=DIRECTION('',(0.,0.,-1.));
#4515=DIRECTION('center_axis',(1.3782346216985E-7,-6.6806794485357E-14,
-0.999999999999991));
#4516=DIRECTION('ref_axis',(-0.99999999999999,-1.90930277427791E-28,-1.3782346216985E-7));
#4517=DIRECTION('',(9.76996614752512E-14,0.,1.));
#4518=DIRECTION('center_axis',(0.464209638582109,-0.660180693644965,-0.590483584179883));
#4519=DIRECTION('ref_axis',(-0.786151266639255,1.95796983348817E-8,-0.618034130094362));
#4520=DIRECTION('center_axis',(-4.59649543294384E-14,0.999999999999999,
-5.12606673122748E-8));
#4521=DIRECTION('ref_axis',(-7.10542917261474E-14,5.12606673122748E-8,0.999999999999999));
#4522=DIRECTION('center_axis',(-1.,-5.15053760395627E-15,5.48885299736884E-14));
#4523=DIRECTION('ref_axis',(5.15053847047565E-15,-1.,1.57868935701816E-8));
#4524=DIRECTION('center_axis',(6.0648616126945E-15,-2.512147933894E-15,
-1.));
#4525=DIRECTION('ref_axis',(1.,7.10542735760109E-15,6.06486161269448E-15));
#4526=DIRECTION('center_axis',(1.54415770219298E-14,1.,3.17814137103367E-14));
#4527=DIRECTION('ref_axis',(0.,3.17814137103367E-14,-1.));
#4528=DIRECTION('center_axis',(0.,0.,-1.));
#4529=DIRECTION('ref_axis',(1.,0.,0.));
#4530=DIRECTION('',(-2.99760360473394E-14,0.,-1.));
#4531=DIRECTION('center_axis',(-8.57700954658869E-15,8.57700954658844E-15,
1.));
#4532=DIRECTION('ref_axis',(-1.,0.,-8.57700954658869E-15));
#4533=DIRECTION('',(0.,0.,-1.));
#4534=DIRECTION('center_axis',(0.,0.,-1.));
#4535=DIRECTION('ref_axis',(1.,0.,0.));
#4536=DIRECTION('',(0.,0.,-1.));
#4537=DIRECTION('center_axis',(0.,-1.,0.));
#4538=DIRECTION('ref_axis',(0.,0.,1.));
#4539=DIRECTION('',(-1.,-1.27675647831893E-14,-7.89353749031107E-9));
#4540=DIRECTION('',(0.,0.,-1.));
#4541=DIRECTION('center_axis',(-1.,5.57505614304684E-14,-5.57505605503426E-14));
#4542=DIRECTION('ref_axis',(-7.88431994625399E-14,-0.707106786768035,0.70710677560506));
#4543=DIRECTION('center_axis',(1.,1.72406598706744E-15,-1.01200047395842E-13));
#4544=DIRECTION('ref_axis',(1.01200047395842E-13,-8.88178419700002E-14,
1.));
#4545=DIRECTION('center_axis',(0.,0.,1.));
#4546=DIRECTION('ref_axis',(-1.,0.,0.));
#4547=DIRECTION('center_axis',(0.,0.,-1.));
#4548=DIRECTION('ref_axis',(0.,-1.,0.));
#4549=DIRECTION('center_axis',(-8.57700954658855E-15,-8.57700954658843E-15,
1.));
#4550=DIRECTION('ref_axis',(-1.,0.,-8.57700954658855E-15));
#4551=DIRECTION('',(0.,0.,1.));
#4552=DIRECTION('center_axis',(-8.57700954658856E-15,-8.57700954658856E-15,
-1.));
#4553=DIRECTION('ref_axis',(-1.78498846558317E-29,-1.,8.57700954658856E-15));
#4554=DIRECTION('center_axis',(1.,3.00628535624306E-15,-5.27442760267763E-14));
#4555=DIRECTION('ref_axis',(5.27442760267764E-14,-3.01980662698033E-14,
1.));
#4556=DIRECTION('center_axis',(-1.,3.25316809920093E-14,-3.60843941011484E-14));
#4557=DIRECTION('ref_axis',(-4.85188919769477E-14,-0.707106786768063,0.707106775605032));
#4558=DIRECTION('',(1.,0.,7.89353749031106E-9));
#4559=DIRECTION('center_axis',(0.,-1.,0.));
#4560=DIRECTION('ref_axis',(0.,0.,1.));
#4561=DIRECTION('center_axis',(1.35447938488624E-14,1.57869159967548E-8,
-1.));
#4562=DIRECTION('ref_axis',(-2.02005079330506E-13,-1.,-1.57869159967548E-8));
#4563=DIRECTION('center_axis',(1.,-1.55349516580792E-15,5.46940817005045E-17));
#4564=DIRECTION('ref_axis',(-5.46940817007308E-17,-1.45661260830799E-13,
1.));
#4565=DIRECTION('center_axis',(-8.57700954658732E-15,-8.57700954658562E-15,
-1.));
#4566=DIRECTION('ref_axis',(1.,0.,-8.57700954658732E-15));
#4567=DIRECTION('',(-2.01228008643453E-15,0.,1.));
#4568=DIRECTION('center_axis',(-1.,6.28875491486009E-14,-5.93348345330934E-14));
#4569=DIRECTION('ref_axis',(-8.64242763339395E-14,-0.707106786768026,0.707106775605069));
#4570=DIRECTION('',(1.,0.,7.89353749031107E-9));
#4571=DIRECTION('center_axis',(0.,-1.,0.));
#4572=DIRECTION('ref_axis',(0.,0.,1.));
#4573=DIRECTION('',(0.,0.,1.));
#4574=DIRECTION('center_axis',(4.96778430227431E-15,1.57869074197453E-8,
-1.));
#4575=DIRECTION('ref_axis',(-2.02504679691588E-13,-1.,-1.57869074197453E-8));
#4576=DIRECTION('center_axis',(1.,0.,0.));
#4577=DIRECTION('ref_axis',(0.,-9.59232693276043E-14,1.));
#4578=DIRECTION('center_axis',(-8.5770095465875E-15,-8.57700954658573E-15,
-1.));
#4579=DIRECTION('ref_axis',(1.,0.,-8.5770095465875E-15));
#4580=DIRECTION('',(0.,0.,1.));
#4581=DIRECTION('center_axis',(0.,0.,1.));
#4582=DIRECTION('ref_axis',(-1.,0.,0.));
#4583=DIRECTION('center_axis',(0.,0.,1.));
#4584=DIRECTION('ref_axis',(-1.,0.,0.));
#4585=DIRECTION('',(0.,0.,-1.));
#4586=DIRECTION('center_axis',(0.,-1.,0.));
#4587=DIRECTION('ref_axis',(0.,0.,1.));
#4588=DIRECTION('',(1.,0.,0.));
#4589=DIRECTION('',(0.,0.,1.));
#4590=DIRECTION('',(0.,4.22942050404039E-15,-1.));
#4591=DIRECTION('center_axis',(1.,0.,0.));
#4592=DIRECTION('ref_axis',(0.,-1.,0.));
#4593=DIRECTION('',(0.,0.,-1.));
#4594=DIRECTION('',(0.,1.,-7.6861594012511E-15));
#4595=DIRECTION('',(0.,0.,1.));
#4596=DIRECTION('center_axis',(0.,1.,0.));
#4597=DIRECTION('ref_axis',(0.,0.,-1.));
#4598=DIRECTION('',(0.,0.,-1.));
#4599=DIRECTION('',(-1.,0.,0.));
#4600=DIRECTION('',(-4.86383357964644E-14,0.,1.));
#4601=DIRECTION('center_axis',(-1.,0.,0.));
#4602=DIRECTION('ref_axis',(0.,1.,0.));
#4603=DIRECTION('',(0.,5.28677563005048E-15,-1.));
#4604=DIRECTION('',(0.,-1.,0.));
#4605=DIRECTION('',(0.,0.,1.));
#4606=DIRECTION('center_axis',(0.,0.,-1.));
#4607=DIRECTION('ref_axis',(1.,0.,0.));
#4608=DIRECTION('center_axis',(1.11501124105652E-13,1.11501124105652E-13,
-1.));
#4609=DIRECTION('ref_axis',(2.66453525910022E-15,1.,1.11501124105652E-13));
#4610=DIRECTION('center_axis',(-8.23436235807544E-14,1.32081615083962E-13,
-1.));
#4611=DIRECTION('ref_axis',(1.,-6.66133814775085E-15,-8.23436235807553E-14));
#4612=DIRECTION('center_axis',(-5.61794125301554E-13,-5.61794125301554E-13,
-1.));
#4613=DIRECTION('ref_axis',(-5.32907051820047E-15,-1.,5.61794125301557E-13));
#4614=DIRECTION('center_axis',(1.24366638425535E-13,-1.24366638425535E-13,
-1.));
#4615=DIRECTION('ref_axis',(-1.,4.44089209850058E-16,-1.24366638425535E-13));
#4616=DIRECTION('center_axis',(0.,0.,1.));
#4617=DIRECTION('ref_axis',(-1.,-3.55271367880048E-15,0.));
#4618=DIRECTION('',(1.,0.,0.));
#4619=DIRECTION('center_axis',(1.71540190931774E-14,-1.71540190931776E-14,
1.));
#4620=DIRECTION('ref_axis',(1.77635683940032E-15,-1.,-1.71540190931776E-14));
#4621=DIRECTION('',(0.,1.,0.));
#4622=DIRECTION('center_axis',(0.,0.,1.));
#4623=DIRECTION('ref_axis',(1.,-3.55271367880051E-15,0.));
#4624=DIRECTION('',(-1.,0.,0.));
#4625=DIRECTION('center_axis',(0.,0.,1.));
#4626=DIRECTION('ref_axis',(-1.06581410364014E-14,1.,0.));
#4627=DIRECTION('',(0.,-1.,0.));
#4628=DIRECTION('center_axis',(8.60885197622012E-8,8.60885055513695E-8,
-0.999999999999993));
#4629=DIRECTION('ref_axis',(-0.70710678118649,-0.707106781186595,-1.21747542163754E-7));
#4630=DIRECTION('center_axis',(8.60891224865127E-8,-8.60891722245045E-8,
0.999999999999993));
#4631=DIRECTION('ref_axis',(0.707106781186558,-0.707106781186526,-1.21748439763296E-7));
#4632=DIRECTION('center_axis',(8.60889629497942E-8,8.60889629497942E-8,
0.999999999999993));
#4633=DIRECTION('ref_axis',(0.70710678118654,0.707106781186544,-1.21748178974234E-7));
#4634=DIRECTION('center_axis',(-8.60891859520568E-8,8.60891859520541E-8,
0.999999999999993));
#4635=DIRECTION('ref_axis',(-0.999999999999996,0.,-8.60891859520571E-8));
#4636=DIRECTION('center_axis',(1.72178140324831E-7,-1.72178140324833E-7,
0.99999999999997));
#4637=DIRECTION('ref_axis',(0.707106781186535,-0.707106781186518,-2.43496661191555E-7));
#4638=DIRECTION('center_axis',(-3.44356151994476E-7,3.4435615199448E-7,
-0.999999999999881));
#4639=DIRECTION('ref_axis',(0.999999999999941,1.67865721155487E-13,-3.44356151994439E-7));
#4640=DIRECTION('',(0.,0.,1.));
#4641=DIRECTION('',(0.,0.,-1.));
#4642=DIRECTION('center_axis',(0.,1.,0.));
#4643=DIRECTION('ref_axis',(0.,0.,-1.));
#4644=DIRECTION('',(0.,0.,1.));
#4645=DIRECTION('',(1.,0.,0.));
#4646=DIRECTION('center_axis',(-1.72178106016791E-7,-1.72178106016791E-7,
0.99999999999997));
#4647=DIRECTION('ref_axis',(-0.999999999999985,0.,-1.72178106016794E-7));
#4648=DIRECTION('',(0.,0.,-1.));
#4649=DIRECTION('center_axis',(3.44356083378394E-7,3.44356083378395E-7,
-0.999999999999881));
#4650=DIRECTION('ref_axis',(1.77635683388396E-13,-0.999999999999941,-3.44356083378354E-7));
#4651=DIRECTION('center_axis',(1.,0.,0.));
#4652=DIRECTION('ref_axis',(0.,-1.,0.));
#4653=DIRECTION('',(0.,0.,1.));
#4654=DIRECTION('',(0.,-1.,0.));
#4655=DIRECTION('center_axis',(-1.7217815747885E-7,1.72178157478849E-7,
0.99999999999997));
#4656=DIRECTION('ref_axis',(-0.999999999999985,0.,-1.72178157478853E-7));
#4657=DIRECTION('center_axis',(3.44356177725505E-7,-3.44356177725505E-7,
-0.999999999999881));
#4658=DIRECTION('ref_axis',(-0.999999999999941,-1.71418435131132E-13,-3.44356177725467E-7));
#4659=DIRECTION('',(0.,4.75809806704543E-15,-1.));
#4660=DIRECTION('center_axis',(0.,-1.,0.));
#4661=DIRECTION('ref_axis',(0.,0.,1.));
#4662=DIRECTION('',(0.,0.,1.));
#4663=DIRECTION('',(-1.,-2.36217664813863E-16,0.));
#4664=DIRECTION('center_axis',(1.72178123170807E-7,1.72178123170806E-7,
0.99999999999997));
#4665=DIRECTION('ref_axis',(0.70710678118651,0.707106781186543,-2.434966369321E-7));
#4666=DIRECTION('center_axis',(-3.44356117686433E-7,-3.44356117686432E-7,
-0.999999999999881));
#4667=DIRECTION('ref_axis',(-1.82964754710191E-13,0.999999999999941,-3.4435611768639E-7));
#4668=DIRECTION('',(0.,0.,-1.));
#4669=DIRECTION('center_axis',(-1.,0.,0.));
#4670=DIRECTION('ref_axis',(0.,1.,0.));
#4671=DIRECTION('',(0.,1.,0.));
#4672=DIRECTION('center_axis',(1.,0.,0.));
#4673=DIRECTION('ref_axis',(0.,-1.,0.));
#4674=DIRECTION('center_axis',(1.,0.,0.));
#4675=DIRECTION('ref_axis',(0.,1.,-4.04298816647473E-12));
#4676=DIRECTION('',(0.,-1.,0.));
#4677=DIRECTION('center_axis',(1.,-5.14620572790197E-14,5.14620572790244E-14));
#4678=DIRECTION('ref_axis',(-5.14620572788094E-14,4.17799128626975E-12,
1.));
#4679=DIRECTION('',(0.,4.09894386907036E-12,-1.));
#4680=DIRECTION('',(0.,4.09894386907078E-12,1.));
#4681=DIRECTION('center_axis',(-1.28150176024158E-13,-1.,-1.21044748666544E-13));
#4682=DIRECTION('ref_axis',(0.,-1.21044748666544E-13,1.));
#4683=DIRECTION('center_axis',(-1.32207854246464E-13,-1.,-1.25102430654246E-13));
#4684=DIRECTION('ref_axis',(1.,-1.32207854246494E-13,2.38031823643954E-13));
#4685=DIRECTION('center_axis',(9.43471030046258E-14,1.,9.43471058442663E-14));
#4686=DIRECTION('ref_axis',(-3.00972056343047E-8,-9.43471030046821E-14,
1.));
#4687=DIRECTION('center_axis',(-2.25083379701118E-13,2.03767097628315E-13,
1.));
#4688=DIRECTION('ref_axis',(-1.,0.,-2.25083379701118E-13));
#4689=DIRECTION('',(0.,0.,-1.));
#4690=DIRECTION('center_axis',(2.3843220152797E-13,-1.38956218522126E-13,
-1.));
#4691=DIRECTION('ref_axis',(1.,-5.96855898040575E-13,2.38432201528053E-13));
#4692=DIRECTION('center_axis',(6.3972300231534E-13,6.46828429672945E-13,
1.));
#4693=DIRECTION('ref_axis',(-1.,0.,6.3972300231534E-13));
#4694=DIRECTION('center_axis',(1.46418711592581E-14,1.1089157480503E-14,
-1.));
#4695=DIRECTION('ref_axis',(-3.81561449104632E-12,1.,1.10891574804471E-14));
#4696=DIRECTION('center_axis',(-1.,6.8616075642651E-14,-6.86160766751069E-14));
#4697=DIRECTION('ref_axis',(-6.86160756426501E-14,-1.,-1.24344980629017E-14));
#4698=DIRECTION('center_axis',(0.,-1.,0.));
#4699=DIRECTION('ref_axis',(0.,0.,1.));
#4700=DIRECTION('',(-1.,0.,-1.40125433517667E-8));
#4701=DIRECTION('',(0.,0.,-1.));
#4702=DIRECTION('center_axis',(-1.,0.,0.));
#4703=DIRECTION('ref_axis',(0.,1.,0.));
#4704=DIRECTION('center_axis',(-1.,6.86160763720411E-14,-6.8616076372027E-14));
#4705=DIRECTION('ref_axis',(-6.86160763717564E-14,-1.,-4.14956957683878E-12));
#4706=DIRECTION('',(0.,1.,-2.77555756156288E-15));
#4707=DIRECTION('center_axis',(-1.,3.43080381860069E-14,3.43080381860139E-14));
#4708=DIRECTION('ref_axis',(3.43080381858668E-14,-4.28812541031256E-12,
1.));
#4709=DIRECTION('',(0.,-4.10116565045866E-12,-1.));
#4710=DIRECTION('',(0.,-4.09894520343663E-12,1.));
#4711=DIRECTION('center_axis',(-2.26502670827814E-13,1.,1.83870106682081E-13));
#4712=DIRECTION('ref_axis',(0.,1.83870106682081E-13,-1.));
#4713=DIRECTION('center_axis',(-2.10189025365753E-13,1.,1.07160327954592E-13));
#4714=DIRECTION('ref_axis',(-1.,-2.10189025365825E-13,6.67910167089362E-13));
#4715=DIRECTION('center_axis',(2.38432202095247E-13,-1.,-1.3895621814746E-13));
#4716=DIRECTION('ref_axis',(-6.77510309927149E-9,-1.38956219762863E-13,
1.));
#4717=DIRECTION('center_axis',(3.40137217485562E-13,3.11715508055155E-13,
-1.));
#4718=DIRECTION('ref_axis',(1.,0.,3.40137217485562E-13));
#4719=DIRECTION('center_axis',(6.85294377058335E-15,-9.26230392362104E-14,
-1.));
#4720=DIRECTION('ref_axis',(3.93640675612645E-12,-1.,9.26230392362374E-14));
#4721=DIRECTION('center_axis',(-1.24671413075947E-13,1.06907844681944E-13,
1.));
#4722=DIRECTION('ref_axis',(-1.,0.,-1.24671413075947E-13));
#4723=DIRECTION('center_axis',(3.10078080945472E-14,-1.23378363743866E-13,
-1.));
#4724=DIRECTION('ref_axis',(-1.,6.50146603222728E-13,-3.10078080946274E-14));
#4725=DIRECTION('center_axis',(1.,-5.14620574028637E-14,5.14620572284459E-14));
#4726=DIRECTION('ref_axis',(-5.14620574028639E-14,-3.38925331095186E-9,
1.));
#4727=DIRECTION('center_axis',(-1.,4.89499088693339E-14,-4.53971945750819E-14));
#4728=DIRECTION('ref_axis',(-6.67134766478837E-14,-0.707106785979683,0.707106776393412));
#4729=DIRECTION('center_axis',(-1.,6.00390661558892E-14,-6.00390652080637E-14));
#4730=DIRECTION('ref_axis',(-8.49080609596602E-14,-0.707106786768028,0.707106775605068));
#4731=DIRECTION('',(1.,0.,7.89353749031098E-9));
#4732=DIRECTION('center_axis',(0.,-1.,0.));
#4733=DIRECTION('ref_axis',(0.,0.,1.));
#4734=DIRECTION('center_axis',(-1.,9.78998186912748E-14,-9.07943913336723E-14));
#4735=DIRECTION('ref_axis',(9.78998186912748E-14,1.,0.));
#4736=DIRECTION('',(1.,0.,7.64293793005096E-9));
#4737=DIRECTION('center_axis',(0.,-1.,0.));
#4738=DIRECTION('ref_axis',(0.,0.,1.));
#4739=DIRECTION('center_axis',(0.,0.,-1.));
#4740=DIRECTION('ref_axis',(1.,0.,0.));
#4741=CARTESIAN_POINT('',(0.,0.,0.));
#4742=CARTESIAN_POINT('Origin',(18.1164561480869,12.5500001907349,17.05));
#4743=CARTESIAN_POINT('',(37.2,13.3000001907349,16.3));
#4744=CARTESIAN_POINT('',(37.2,11.8000001907349,17.8));
#4745=CARTESIAN_POINT('',(37.2,12.5250001430512,17.0750000476837));
#4746=CARTESIAN_POINT('',(-39.2699999999951,11.8000001907349,17.8));
#4747=CARTESIAN_POINT('',(18.1164561480869,11.8000001907349,17.8));
#4748=CARTESIAN_POINT('',(-39.2699999999951,13.3000001907349,16.3));
#4749=CARTESIAN_POINT('',(-39.2699999999951,12.0250001907349,17.575));
#4750=CARTESIAN_POINT('',(18.1164561480869,13.3000001907349,16.3));
#4751=CARTESIAN_POINT('Origin',(-39.2699999999951,13.8000001907349,20.4));
#4752=CARTESIAN_POINT('',(-39.2699999999951,11.8000001907349,18.8));
#4753=CARTESIAN_POINT('',(-39.2699999999951,11.8000001907349,17.8));
#4754=CARTESIAN_POINT('',(-39.2699999999951,10.2000001907349,20.4));
#4755=CARTESIAN_POINT('',(-39.2699999999951,11.5000001907349,19.1));
#4756=CARTESIAN_POINT('',(-39.2699999999951,15.3000000953675,20.4));
#4757=CARTESIAN_POINT('',(-39.2699999999951,15.3000000953675,20.4));
#4758=CARTESIAN_POINT('',(-39.2699999999951,15.3000000734739,19.3544091023076));
#4759=CARTESIAN_POINT('',(-39.2699999999951,15.3000000953675,19.2999999608858));
#4760=CARTESIAN_POINT('',(-39.2699999999951,15.3000000734739,17.6044102378077));
#4761=CARTESIAN_POINT('Origin',(-39.2699999999951,15.2990032975343,18.4794096700576));
#4762=CARTESIAN_POINT('',(-39.2699999999951,15.3000000734739,16.3));
#4763=CARTESIAN_POINT('',(-39.2699999999951,15.3000000734739,17.8));
#4764=CARTESIAN_POINT('',(-39.2699999999951,14.4875001321044,16.3));
#4765=CARTESIAN_POINT('Origin',(37.2,11.8000001907349,18.3));
#4766=CARTESIAN_POINT('',(37.2,11.8000001907349,18.8));
#4767=CARTESIAN_POINT('',(37.2,11.8000001907349,18.3));
#4768=CARTESIAN_POINT('',(-3.00684999999755,11.8000001907349,18.8));
#4769=CARTESIAN_POINT('Origin',(18.0825000000012,-12.5500001907349,17.05));
#4770=CARTESIAN_POINT('',(-39.2699999999951,-13.3000001907349,16.3));
#4771=CARTESIAN_POINT('',(-39.2699999999951,-11.8000001907349,17.8));
#4772=CARTESIAN_POINT('',(-39.2699999999951,-5.12500009536745,24.4750000953674));
#4773=CARTESIAN_POINT('',(37.2,-11.8000001907349,17.8));
#4774=CARTESIAN_POINT('',(18.0825000000012,-11.8000001907349,17.8));
#4775=CARTESIAN_POINT('',(37.2,-13.3000001907349,16.3));
#4776=CARTESIAN_POINT('',(37.2,-4.62500014305113,24.9750000476838));
#4777=CARTESIAN_POINT('',(18.0825000000012,-13.3000001907349,16.3));
#4778=CARTESIAN_POINT('Origin',(37.2,15.8000000000002,20.4));
#4779=CARTESIAN_POINT('',(37.2,-11.8000001907349,18.8));
#4780=CARTESIAN_POINT('',(37.2,-11.8000001907349,20.4));
#4781=CARTESIAN_POINT('',(37.2,-10.2000001907349,20.4));
#4782=CARTESIAN_POINT('',(37.2,-4.10000014305114,26.5000000476838));
#4783=CARTESIAN_POINT('',(37.2,-15.3000000953675,20.4));
#4784=CARTESIAN_POINT('',(37.2,-15.3000000953675,20.4));
#4785=CARTESIAN_POINT('',(37.2,-15.3000000953675,19.3544090669429));
#4786=CARTESIAN_POINT('',(37.2,-15.3000000953675,19.2999999608858));
#4787=CARTESIAN_POINT('',(37.2,-15.3000161684635,17.6044102921917));
#4788=CARTESIAN_POINT('Origin',(37.2,-15.2989727441858,18.4794096700576));
#4789=CARTESIAN_POINT('',(37.2,-15.3000161684635,16.3));
#4790=CARTESIAN_POINT('',(37.2,-15.3000161684635,18.3));
#4791=CARTESIAN_POINT('',(37.2,-13.8000001907349,16.3));
#4792=CARTESIAN_POINT('Origin',(37.2,-11.8000001907349,20.4));
#4793=CARTESIAN_POINT('',(-39.2699999999951,-11.8000001907349,18.8));
#4794=CARTESIAN_POINT('',(-39.2699999999951,-11.8000001907349,18.3));
#4795=CARTESIAN_POINT('',(-3.00684999999755,-11.8000001907349,18.8));
#4796=CARTESIAN_POINT('Origin',(-3.00684999999755,-11.0000001907349,19.6));
#4797=CARTESIAN_POINT('',(-39.2699999999951,-10.2000001907349,20.4));
#4798=CARTESIAN_POINT('',(-39.2699999999951,-4.60000009536746,26.0000000953675));
#4799=CARTESIAN_POINT('',(-3.00684999999755,-10.2000001907349,20.4));
#4800=CARTESIAN_POINT('Origin',(-3.00684999999755,11.0000001907349,19.6));
#4801=CARTESIAN_POINT('',(37.2,10.2000001907349,20.4));
#4802=CARTESIAN_POINT('',(37.2,12.0000001430512,18.6000000476837));
#4803=CARTESIAN_POINT('',(-3.00684999999755,10.2000001907349,20.4));
#4804=CARTESIAN_POINT('Origin',(-43.2136999999951,20.4000000000002,20.4));
#4805=CARTESIAN_POINT('',(-38.5,-20.4,20.4));
#4806=CARTESIAN_POINT('',(-41.3699999999951,-20.4,20.399999837895));
#4807=CARTESIAN_POINT('',(-38.5,-20.4,20.4));
#4808=CARTESIAN_POINT('',(-42.3699999999951,-19.3999999999999,20.3999998378949));
#4809=CARTESIAN_POINT('Origin',(-41.3699999999953,-19.4000000000002,20.4000000008882));
#4810=CARTESIAN_POINT('',(-42.3699999999951,19.4000000000001,20.3999998378949));
#4811=CARTESIAN_POINT('',(-42.3699999999951,-19.4,20.4));
#4812=CARTESIAN_POINT('',(-41.3699999999951,20.4000000000002,20.3999998378949));
#4813=CARTESIAN_POINT('Origin',(-41.3699999999952,19.4000000000003,20.4000000008879));
#4814=CARTESIAN_POINT('',(-38.5,20.4000000000002,20.4));
#4815=CARTESIAN_POINT('',(-38.5,20.4000000000002,20.4));
#4816=CARTESIAN_POINT('',(-37.5,19.4000000000002,20.4));
#4817=CARTESIAN_POINT('Origin',(-38.5,19.4000000000002,20.4));
#4818=CARTESIAN_POINT('',(-36.5,18.4000000000002,20.4));
#4819=CARTESIAN_POINT('Origin',(-36.5,19.4000000000002,20.4));
#4820=CARTESIAN_POINT('',(-33.5,18.4000000000002,20.4));
#4821=CARTESIAN_POINT('',(-33.5,18.4000000000002,20.4));
#4822=CARTESIAN_POINT('',(-32.5,19.4000000000002,20.4));
#4823=CARTESIAN_POINT('Origin',(-33.5,19.4000000000002,20.4));
#4824=CARTESIAN_POINT('',(-31.5,20.4000000000002,20.4));
#4825=CARTESIAN_POINT('Origin',(-31.5,19.4000000000002,20.4));
#4826=CARTESIAN_POINT('',(-23.5,20.4000000000002,20.4));
#4827=CARTESIAN_POINT('',(-31.5,20.4000000000002,20.4));
#4828=CARTESIAN_POINT('',(-22.5,19.4000000000002,20.4));
#4829=CARTESIAN_POINT('Origin',(-23.5,19.4000000000002,20.4));
#4830=CARTESIAN_POINT('',(-21.5,18.4000000000001,20.4));
#4831=CARTESIAN_POINT('Origin',(-21.4999999999999,19.4000000000002,20.4));
#4832=CARTESIAN_POINT('',(-17.5,18.4000000000002,20.4));
#4833=CARTESIAN_POINT('',(-17.5,18.4000000000002,20.4));
#4834=CARTESIAN_POINT('',(-16.5,19.4000000000002,20.4));
#4835=CARTESIAN_POINT('Origin',(-17.5,19.4000000000002,20.4));
#4836=CARTESIAN_POINT('',(-15.5,20.4000000000002,20.4));
#4837=CARTESIAN_POINT('Origin',(-15.5,19.4000000000002,20.4));
#4838=CARTESIAN_POINT('',(-7.50000000000002,20.4000000000002,20.4));
#4839=CARTESIAN_POINT('',(-15.5,20.4000000000002,20.4));
#4840=CARTESIAN_POINT('',(-6.5,19.4000000000002,20.4));
#4841=CARTESIAN_POINT('Origin',(-7.50000000000001,19.4000000000002,20.4));
#4842=CARTESIAN_POINT('',(-5.50000000000002,18.4000000000001,20.4));
#4843=CARTESIAN_POINT('Origin',(-5.49999999999992,19.4000000000002,20.4));
#4844=CARTESIAN_POINT('',(-1.50000000000001,18.4000000000002,20.4));
#4845=CARTESIAN_POINT('',(-1.50000000000001,18.4000000000002,20.4));
#4846=CARTESIAN_POINT('',(-0.500000000000007,19.4000000000002,20.4));
#4847=CARTESIAN_POINT('Origin',(-1.50000000000001,19.4000000000002,20.4));
#4848=CARTESIAN_POINT('',(0.499999999999988,20.4000000000002,20.4));
#4849=CARTESIAN_POINT('Origin',(0.499999999999989,19.4000000000002,20.4));
#4850=CARTESIAN_POINT('',(8.49999999999999,20.4000000000002,20.4));
#4851=CARTESIAN_POINT('',(0.499999999999988,20.4000000000002,20.4));
#4852=CARTESIAN_POINT('',(9.5,19.4000000000002,20.4));
#4853=CARTESIAN_POINT('Origin',(8.49999999999999,19.4000000000002,20.4));
#4854=CARTESIAN_POINT('',(10.5,18.4000000000002,20.4));
#4855=CARTESIAN_POINT('Origin',(10.5,19.4000000000002,20.4));
#4856=CARTESIAN_POINT('',(14.5,18.4000000000002,20.4));
#4857=CARTESIAN_POINT('',(14.5,18.4000000000002,20.4));
#4858=CARTESIAN_POINT('',(15.5,19.4000000000002,20.4));
#4859=CARTESIAN_POINT('Origin',(14.5,19.4000000000002,20.4));
#4860=CARTESIAN_POINT('',(16.5,20.4000000000002,20.4));
#4861=CARTESIAN_POINT('Origin',(16.5,19.4000000000002,20.4));
#4862=CARTESIAN_POINT('',(24.5,20.4000000000002,20.4));
#4863=CARTESIAN_POINT('',(16.5,20.4000000000002,20.4));
#4864=CARTESIAN_POINT('',(25.5,19.4000000000002,20.4));
#4865=CARTESIAN_POINT('Origin',(24.5,19.4000000000002,20.4));
#4866=CARTESIAN_POINT('',(26.5,18.4000000000002,20.4));
#4867=CARTESIAN_POINT('Origin',(26.5,19.4000000000002,20.4));
#4868=CARTESIAN_POINT('',(41.,18.4000000000002,20.4));
#4869=CARTESIAN_POINT('',(41.,18.4000000000002,20.4));
#4870=CARTESIAN_POINT('',(42.,17.4000000000002,20.4));
#4871=CARTESIAN_POINT('Origin',(41.,17.4000000000002,20.4000000000007));
#4872=CARTESIAN_POINT('',(42.,-17.4,20.4));
#4873=CARTESIAN_POINT('',(42.,17.4000000000002,20.4));
#4874=CARTESIAN_POINT('',(41.,-18.4,20.4));
#4875=CARTESIAN_POINT('Origin',(41.0000000000001,-17.4000000000001,20.3999999999998));
#4876=CARTESIAN_POINT('',(26.5000000000001,-18.4,20.4));
#4877=CARTESIAN_POINT('',(41.,-18.4,20.4));
#4878=CARTESIAN_POINT('',(25.5,-19.4,20.4));
#4879=CARTESIAN_POINT('Origin',(26.5000000000001,-19.4000000000001,20.4));
#4880=CARTESIAN_POINT('',(24.5000000000001,-20.4,20.4));
#4881=CARTESIAN_POINT('Origin',(24.5000000000001,-19.4000000000001,20.4));
#4882=CARTESIAN_POINT('',(16.5,-20.4,20.4));
#4883=CARTESIAN_POINT('',(24.5000000000001,-20.4,20.4));
#4884=CARTESIAN_POINT('',(15.5000000000001,-19.4,20.4));
#4885=CARTESIAN_POINT('Origin',(16.5,-19.4000000000001,20.4));
#4886=CARTESIAN_POINT('',(14.5,-18.4,20.4));
#4887=CARTESIAN_POINT('Origin',(14.5,-19.4000000000001,20.4));
#4888=CARTESIAN_POINT('',(10.5,-18.4,20.4));
#4889=CARTESIAN_POINT('',(14.5,-18.4,20.4));
#4890=CARTESIAN_POINT('',(9.5,-19.4,20.4));
#4891=CARTESIAN_POINT('Origin',(10.5,-19.4,20.4));
#4892=CARTESIAN_POINT('',(8.49999999999999,-20.4,20.4));
#4893=CARTESIAN_POINT('Origin',(8.49999999999999,-19.4,20.4));
#4894=CARTESIAN_POINT('',(0.499999999999988,-20.4,20.4));
#4895=CARTESIAN_POINT('',(8.49999999999999,-20.4,20.4));
#4896=CARTESIAN_POINT('',(-0.500000000000007,-19.4,20.4));
#4897=CARTESIAN_POINT('Origin',(0.499999999999991,-19.4,20.4));
#4898=CARTESIAN_POINT('',(-1.50000000000001,-18.4,20.4));
#4899=CARTESIAN_POINT('Origin',(-1.50000000000001,-19.4,20.4));
#4900=CARTESIAN_POINT('',(-5.50000000000001,-18.4,20.4));
#4901=CARTESIAN_POINT('',(-1.50000000000001,-18.4,20.4));
#4902=CARTESIAN_POINT('',(-6.5,-19.4,20.4));
#4903=CARTESIAN_POINT('Origin',(-5.50000000000001,-19.4,20.4));
#4904=CARTESIAN_POINT('',(-7.50000000000001,-20.4,20.4));
#4905=CARTESIAN_POINT('Origin',(-7.50000000000001,-19.4,20.4));
#4906=CARTESIAN_POINT('',(-15.5,-20.4,20.4));
#4907=CARTESIAN_POINT('',(-7.50000000000001,-20.4,20.4));
#4908=CARTESIAN_POINT('',(-16.5,-19.4,20.4));
#4909=CARTESIAN_POINT('Origin',(-15.5,-19.4,20.4));
#4910=CARTESIAN_POINT('',(-17.5,-18.4,20.4));
#4911=CARTESIAN_POINT('Origin',(-17.5,-19.4,20.4));
#4912=CARTESIAN_POINT('',(-21.5,-18.4,20.4));
#4913=CARTESIAN_POINT('',(-17.5,-18.4,20.4));
#4914=CARTESIAN_POINT('',(-22.5,-19.4,20.4));
#4915=CARTESIAN_POINT('Origin',(-21.5,-19.4,20.4));
#4916=CARTESIAN_POINT('',(-23.5,-20.4,20.4));
#4917=CARTESIAN_POINT('Origin',(-23.5,-19.4,20.4));
#4918=CARTESIAN_POINT('',(-31.5,-20.4000000000001,20.4));
#4919=CARTESIAN_POINT('',(-23.5,-20.4,20.4));
#4920=CARTESIAN_POINT('',(-32.5,-19.4,20.4));
#4921=CARTESIAN_POINT('Origin',(-31.4999999999999,-19.4,20.4));
#4922=CARTESIAN_POINT('',(-33.5,-18.4,20.4));
#4923=CARTESIAN_POINT('Origin',(-33.5,-19.4,20.4));
#4924=CARTESIAN_POINT('',(-36.5,-18.4,20.4));
#4925=CARTESIAN_POINT('',(-33.5,-18.4,20.4));
#4926=CARTESIAN_POINT('',(-37.5,-19.4,20.4));
#4927=CARTESIAN_POINT('Origin',(-36.5,-19.4,20.4));
#4928=CARTESIAN_POINT('Origin',(-38.5,-19.4,20.4));
#4929=CARTESIAN_POINT('',(-39.2699999999951,-15.3000000953675,20.4));
#4930=CARTESIAN_POINT('',(-39.2699999999951,3.29999990463265,20.4));
#4931=CARTESIAN_POINT('',(-39.2699999999951,-15.3000000953675,20.4));
#4932=CARTESIAN_POINT('',(37.2,15.3000000953675,20.4));
#4933=CARTESIAN_POINT('',(37.2,13.8000001907349,20.4));
#4934=CARTESIAN_POINT('',(37.2,15.3000000953675,20.4));
#4935=CARTESIAN_POINT('',(-37.2841510785718,5.,20.4));
#4936=CARTESIAN_POINT('',(-37.2841510785718,-5.,20.4));
#4937=CARTESIAN_POINT('',(-37.2841510785718,5.,20.4));
#4938=CARTESIAN_POINT('',(-39.1699999999951,5.,20.4));
#4939=CARTESIAN_POINT('',(-39.1699999999951,5.,20.4));
#4940=CARTESIAN_POINT('',(-39.1699999999951,-5.,20.4));
#4941=CARTESIAN_POINT('',(-39.1699999999951,-5.,20.4));
#4942=CARTESIAN_POINT('',(-37.2841510785718,-5.,20.4));
#4943=CARTESIAN_POINT('',(-33.6699999999951,-6.49999999999987,20.3999998284858));
#4944=CARTESIAN_POINT('',(-31.6699999999951,-8.49999999999991,20.3999998284858));
#4945=CARTESIAN_POINT('Origin',(-31.6699999999952,-6.5,20.4000000009382));
#4946=CARTESIAN_POINT('',(10.6300000000049,-8.4999999999999,20.3999998284857));
#4947=CARTESIAN_POINT('',(-31.6699999999951,-8.49999999999991,20.4));
#4948=CARTESIAN_POINT('',(12.6300000000049,-6.49999999999988,20.3999998284858));
#4949=CARTESIAN_POINT('Origin',(10.630000000005,-6.5,20.4000000009394));
#4950=CARTESIAN_POINT('',(12.6300000000049,6.50000000000004,20.3999998284857));
#4951=CARTESIAN_POINT('',(12.6300000000049,-6.49999999999991,20.4));
#4952=CARTESIAN_POINT('',(10.6300000000049,8.50000000000007,20.3999998284857));
#4953=CARTESIAN_POINT('Origin',(10.630000000005,6.50000000000015,20.4000000009391));
#4954=CARTESIAN_POINT('',(-31.6699999999952,8.50000000000007,20.3999998284857));
#4955=CARTESIAN_POINT('',(10.6300000000049,8.50000000000007,20.4));
#4956=CARTESIAN_POINT('',(-33.6699999999951,6.50000000000002,20.3999998284857));
#4957=CARTESIAN_POINT('Origin',(-31.6699999999952,6.50000000000016,20.4000000009395));
#4958=CARTESIAN_POINT('',(-33.6699999999951,6.50000000000005,20.4));
#4959=CARTESIAN_POINT('',(35.7141503156372,-5.,20.4));
#4960=CARTESIAN_POINT('',(37.5999992370605,-5.,20.4));
#4961=CARTESIAN_POINT('',(35.7141503156372,-5.,20.4));
#4962=CARTESIAN_POINT('',(37.5999992370605,5.,20.4));
#4963=CARTESIAN_POINT('',(37.5999992370605,-5.,20.4));
#4964=CARTESIAN_POINT('',(35.7141503156372,5.,20.4));
#4965=CARTESIAN_POINT('',(37.5999992370605,5.,20.4));
#4966=CARTESIAN_POINT('',(35.7141503156372,5.,20.4));
#4967=CARTESIAN_POINT('Origin',(37.2,15.8000000000002,20.4));
#4968=CARTESIAN_POINT('',(37.2,15.3000000734739,16.3));
#4969=CARTESIAN_POINT('',(37.2,15.3000000734739,16.3));
#4970=CARTESIAN_POINT('',(37.2,15.3000000734739,17.6044102378077));
#4971=CARTESIAN_POINT('',(37.2,15.3000000734739,18.3));
#4972=CARTESIAN_POINT('',(37.2,15.3000000734739,19.3544091023076));
#4973=CARTESIAN_POINT('Origin',(37.2,15.2990032975343,18.4794096700576));
#4974=CARTESIAN_POINT('',(37.2,15.3000000734739,18.3));
#4975=CARTESIAN_POINT('Origin',(-0.967087703826262,14.5500001321044,16.3));
#4976=CARTESIAN_POINT('',(-39.1341754076525,15.3000000734739,16.3));
#4977=CARTESIAN_POINT('Origin',(-39.1341754076525,15.3000000734739,18.3));
#4978=CARTESIAN_POINT('',(-42.3699999999951,15.3000000734739,17.6044102378077));
#4979=CARTESIAN_POINT('Origin',(-42.3699999999951,-15.2989727441858,18.4794096700576));
#4980=CARTESIAN_POINT('',(-39.2699999999951,-15.3000161684635,17.6044102921917));
#4981=CARTESIAN_POINT('',(-42.3699999999951,-15.3000000953675,17.6044102731724));
#4982=CARTESIAN_POINT('',(-39.2699999999951,-15.3000000953675,19.3544090669429));
#4983=CARTESIAN_POINT('',(-42.3699999999951,-15.3000000953675,19.3544090669429));
#4984=CARTESIAN_POINT('Origin',(-39.2699999999951,-15.2989727441858,18.4794096700576));
#4985=CARTESIAN_POINT('Origin',(-39.2699999999951,13.8000001907349,20.4));
#4986=CARTESIAN_POINT('',(-39.2699999999951,-15.3000161684635,16.3));
#4987=CARTESIAN_POINT('',(-39.2699999999951,-15.2269161684635,16.3));
#4988=CARTESIAN_POINT('',(-39.2699999999951,-15.3000161684635,18.3));
#4989=CARTESIAN_POINT('',(-39.2699999999951,-15.3000000953675,20.4));
#4990=CARTESIAN_POINT('Origin',(37.2,-15.3000000953675,19.2999999608858));
#4991=CARTESIAN_POINT('Origin',(-42.3699999999951,15.2990032975343,18.4794096700576));
#4992=CARTESIAN_POINT('',(-42.3699999999951,15.3000000734739,19.3544091023076));
#4993=CARTESIAN_POINT('Origin',(-39.1341754076525,15.3000000734739,18.3));
#4994=CARTESIAN_POINT('Origin',(37.2,-15.3000000953675,19.2999999608858));
#4995=CARTESIAN_POINT('',(37.2,-15.3000161684635,16.3));
#4996=CARTESIAN_POINT('Origin',(-1.03499999999755,-14.5134581795992,16.3));
#4997=CARTESIAN_POINT('Origin',(-37.2841510785718,-5.,19.4000003633044));
#4998=CARTESIAN_POINT('',(-39.1699999999951,-5.,19.9000003633044));
#4999=CARTESIAN_POINT('',(-37.2841510785718,-5.,19.9000003633044));
#5000=CARTESIAN_POINT('',(-39.1699999999951,-5.,19.9000003633044));
#5001=CARTESIAN_POINT('',(-37.2841510785718,-5.,19.9000003633044));
#5002=CARTESIAN_POINT('',(-39.1699999999951,-5.,19.9000003633044));
#5003=CARTESIAN_POINT('Origin',(-39.1699999999951,-5.,19.3990003621667));
#5004=CARTESIAN_POINT('',(-39.1699999999951,4.5,19.4000003633044));
#5005=CARTESIAN_POINT('',(-39.1699999999951,5.,19.9000003633044));
#5006=CARTESIAN_POINT('Origin',(-39.1699999999951,4.5,19.9000003633044));
#5007=CARTESIAN_POINT('',(-39.1699999999951,-4.5,19.4000003633044));
#5008=CARTESIAN_POINT('',(-39.1699999999951,-4.5,19.4000003633044));
#5009=CARTESIAN_POINT('Origin',(-39.169999999995,-4.5,19.9000003633044));
#5010=CARTESIAN_POINT('',(-39.1699999999951,5.,19.9000003633044));
#5011=CARTESIAN_POINT('Origin',(-39.1699999999951,5.,19.4000003633044));
#5012=CARTESIAN_POINT('',(-37.2841510785718,5.,19.9000003633044));
#5013=CARTESIAN_POINT('',(-37.2841510785718,5.,19.9000003633044));
#5014=CARTESIAN_POINT('',(-37.2841510785718,5.,19.9000003633044));
#5015=CARTESIAN_POINT('Origin',(-37.2841510785718,5.,19.3990003621667));
#5016=CARTESIAN_POINT('',(-37.2841510785718,4.5,19.4000003633044));
#5017=CARTESIAN_POINT('Origin',(-37.2841510785718,4.50000000000001,19.9000003633044));
#5018=CARTESIAN_POINT('',(-37.2841510785718,-4.5,19.4000003633044));
#5019=CARTESIAN_POINT('Origin',(-37.2841510785717,-4.50000000000001,19.9000003633044));
#5020=CARTESIAN_POINT('',(-37.2841510785718,4.5,19.4000003633044));
#5021=CARTESIAN_POINT('Origin',(-37.2841510785718,-5.,19.4000003633044));
#5022=CARTESIAN_POINT('',(-39.1699999999951,-4.5,19.4000003633044));
#5023=CARTESIAN_POINT('',(-37.2841510785718,4.5,19.4000003633044));
#5024=CARTESIAN_POINT('Origin',(-38.2270755392833,-4.50000000000001,19.9000003633044));
#5025=CARTESIAN_POINT('Origin',(-38.2270755392834,4.50000000000001,19.9000003633044));
#5026=CARTESIAN_POINT('Origin',(35.7141503156372,-5.,19.4000003633044));
#5027=CARTESIAN_POINT('',(35.7141503156372,-5.,19.9000003633044));
#5028=CARTESIAN_POINT('',(37.5999992370605,-5.,19.9000003633044));
#5029=CARTESIAN_POINT('',(35.7141503156372,-5.,19.9000003633044));
#5030=CARTESIAN_POINT('',(37.5999992370605,-5.,19.9000003633044));
#5031=CARTESIAN_POINT('',(35.7141503156372,-5.,19.9000003633044));
#5032=CARTESIAN_POINT('Origin',(37.5999992370605,-5.,19.3990003621667));
#5033=CARTESIAN_POINT('',(37.5999992370606,5.,19.9000003633044));
#5034=CARTESIAN_POINT('',(37.5999992370606,5.,19.9000003633044));
#5035=CARTESIAN_POINT('',(37.5999992370606,-4.5,19.4000003633044));
#5036=CARTESIAN_POINT('Origin',(37.5999992370605,-4.5,19.9000003633044));
#5037=CARTESIAN_POINT('',(37.5999992370605,4.5,19.4000003633044));
#5038=CARTESIAN_POINT('',(37.5999992370606,-4.5,19.4000003633044));
#5039=CARTESIAN_POINT('Origin',(37.5999992370604,4.5,19.9000003633044));
#5040=CARTESIAN_POINT('Origin',(37.5999992370605,5.,19.4000003633044));
#5041=CARTESIAN_POINT('',(35.7141503156372,5.,19.9000003633044));
#5042=CARTESIAN_POINT('',(37.5999992370606,5.,19.9000003633044));
#5043=CARTESIAN_POINT('',(35.7141503156372,5.,19.9000003633044));
#5044=CARTESIAN_POINT('Origin',(35.7141503156372,5.,19.3990003621667));
#5045=CARTESIAN_POINT('',(35.7141503156372,4.5,19.4000003633044));
#5046=CARTESIAN_POINT('',(35.7141503156372,-4.5,19.4000003633044));
#5047=CARTESIAN_POINT('',(35.7141503156372,4.5,19.4000003633044));
#5048=CARTESIAN_POINT('Origin',(35.7141503156372,-4.50000000000001,19.9000003633044));
#5049=CARTESIAN_POINT('Origin',(35.7141503156371,4.49999999999999,19.9000003633044));
#5050=CARTESIAN_POINT('Origin',(35.7141503156372,-5.,19.4000003633044));
#5051=CARTESIAN_POINT('',(35.7141503156372,-4.5,19.4000003633044));
#5052=CARTESIAN_POINT('',(37.5999992370605,4.5,19.4000003633044));
#5053=CARTESIAN_POINT('Origin',(36.6570747763489,-4.49999999999999,19.9000003633044));
#5054=CARTESIAN_POINT('Origin',(36.6570747763488,4.50000000000001,19.9000003633044));
#5055=CARTESIAN_POINT('Origin',(-36.5,19.4000000000002,20.8999996495913));
#5056=CARTESIAN_POINT('',(-36.5,18.4000000000002,21.3999992991826));
#5057=CARTESIAN_POINT('',(-36.5,18.4000000000002,20.4));
#5058=CARTESIAN_POINT('',(-37.5,19.4000000000002,21.3999992707256));
#5059=CARTESIAN_POINT('',(-37.5,19.4000000000002,21.3999992707256));
#5060=CARTESIAN_POINT('Origin',(-36.5,19.4000000000002,21.3999992707256));
#5061=CARTESIAN_POINT('Ctrl Pts',(-38.5,16.4000000000003,23.3999994491596));
#5062=CARTESIAN_POINT('Ctrl Pts',(-38.4908357545468,16.4224354144848,23.3999994491596));
#5063=CARTESIAN_POINT('Ctrl Pts',(-38.4816614235121,16.444890165569,23.3998828994447));
#5064=CARTESIAN_POINT('Ctrl Pts',(-38.1988673518507,17.1386813405477,23.391648459754));
#5065=CARTESIAN_POINT('Ctrl Pts',(-37.9152140935628,17.8272514203174,23.2741743204787));
#5066=CARTESIAN_POINT('Ctrl Pts',(-37.7138485679445,18.4000000000002,23.0180333688412));
#5067=CARTESIAN_POINT('Ctrl Pts',(-38.5,16.4000000000003,23.3999994491596));
#5068=CARTESIAN_POINT('Ctrl Pts',(-38.4877470349433,16.4199267052187,23.3999994491596));
#5069=CARTESIAN_POINT('Ctrl Pts',(-38.4755935550577,16.4399219066022,23.3994897360508));
#5070=CARTESIAN_POINT('Ctrl Pts',(-38.0976858656485,17.0560342787918,23.3920164960755));
#5071=CARTESIAN_POINT('Ctrl Pts',(-37.7270434977707,17.6692148509127,23.1713594548422));
#5072=CARTESIAN_POINT('Ctrl Pts',(-37.5653228636857,18.1265813763847,22.8291057204037));
#5073=CARTESIAN_POINT('Ctrl Pts',(-38.5,16.4000000000003,23.3999994491596));
#5074=CARTESIAN_POINT('Ctrl Pts',(-38.4847116998772,16.4174527751392,23.3999994491596));
#5075=CARTESIAN_POINT('Ctrl Pts',(-38.4694477463944,16.4349056041995,23.3994978449107));
#5076=CARTESIAN_POINT('Ctrl Pts',(-37.9982591930754,16.974635464107,23.3906248985502));
#5077=CARTESIAN_POINT('Ctrl Pts',(-37.5255286851124,17.5065316557658,23.159370789501));
#5078=CARTESIAN_POINT('Ctrl Pts',(-37.250119799648,17.8592850674843,22.7780566402449));
#5079=CARTESIAN_POINT('Ctrl Pts',(-38.5,16.4000000000003,23.3999994491596));
#5080=CARTESIAN_POINT('Ctrl Pts',(-38.4816755343495,16.4149520219805,23.3999994491596));
#5081=CARTESIAN_POINT('Ctrl Pts',(-38.4633228483917,16.4299267793176,23.3998440071151));
#5082=CARTESIAN_POINT('Ctrl Pts',(-37.897734713172,16.8924542254288,23.3888645990104));
#5083=CARTESIAN_POINT('Ctrl Pts',(-37.3304281871257,17.3515009468784,23.2322325648729));
#5084=CARTESIAN_POINT('Ctrl Pts',(-36.9276971358891,17.7333333333336,22.8907112960229));
#5085=CARTESIAN_POINT('',(-36.9276971358891,17.7333333333336,22.8907112960229));
#5086=CARTESIAN_POINT('',(-37.7138485679445,18.4000000000002,23.0180333688412));
#5087=CARTESIAN_POINT('Origin',(-36.9276971358889,18.4000000000004,23.6360672885229));
#5088=CARTESIAN_POINT('',(-38.472523591201,16.467308412807,23.3996168226892));
#5089=CARTESIAN_POINT('Ctrl Pts',(-37.7138485679445,18.4000000000002,23.0180333688412));
#5090=CARTESIAN_POINT('Ctrl Pts',(-37.9152140935628,17.8272514203174,23.2741743204787));
#5091=CARTESIAN_POINT('Ctrl Pts',(-38.1988673518508,17.1386813405477,23.391648459754));
#5092=CARTESIAN_POINT('Ctrl Pts',(-38.472523591201,16.467308412807,23.3996168226892));
#5093=CARTESIAN_POINT('',(-38.5,16.4000000000003,23.3999994491596));
#5094=CARTESIAN_POINT('Ctrl Pts',(-38.472523591201,16.467308412807,23.3996168226892));
#5095=CARTESIAN_POINT('Ctrl Pts',(-38.4816614235122,16.444890165569,23.3998828994447));
#5096=CARTESIAN_POINT('Ctrl Pts',(-38.4908357545469,16.4224354144848,23.3999994491596));
#5097=CARTESIAN_POINT('Ctrl Pts',(-38.5,16.4000000000003,23.3999994491596));
#5098=CARTESIAN_POINT('',(-38.4450471840311,16.4448722773511,23.3994892330933));
#5099=CARTESIAN_POINT('Ctrl Pts',(-38.5,16.4000000000003,23.3999994491596));
#5100=CARTESIAN_POINT('Ctrl Pts',(-38.4816755343495,16.4149520219805,23.3999994491596));
#5101=CARTESIAN_POINT('Ctrl Pts',(-38.4633228483917,16.4299267793176,23.3998440071151));
#5102=CARTESIAN_POINT('Ctrl Pts',(-38.4450471840311,16.4448722773511,23.3994892330933));
#5103=CARTESIAN_POINT('Ctrl Pts',(-38.4450471840311,16.4448722773511,23.3994892330933));
#5104=CARTESIAN_POINT('Ctrl Pts',(-37.897734713172,16.8924542254288,23.3888645990104));
#5105=CARTESIAN_POINT('Ctrl Pts',(-37.3304281871257,17.3515009468784,23.2322325648729));
#5106=CARTESIAN_POINT('Ctrl Pts',(-36.9276971358891,17.7333333333336,22.8907112960229));
#5107=CARTESIAN_POINT('Ctrl Pts',(-37.7138486578226,18.4000000000002,23.0180332981834));
#5108=CARTESIAN_POINT('Ctrl Pts',(-37.599412490355,18.6355291845181,22.8724682618582));
#5109=CARTESIAN_POINT('Ctrl Pts',(-37.5228392289507,18.9437221593934,22.6103020956901));
#5110=CARTESIAN_POINT('Ctrl Pts',(-37.4988761437544,19.3006817588656,22.0021936536978));
#5111=CARTESIAN_POINT('Ctrl Pts',(-37.4999999999541,19.4000000324587,21.6464990213598));
#5112=CARTESIAN_POINT('Ctrl Pts',(-37.4999999999998,19.4000000319428,21.3999992707256));
#5113=CARTESIAN_POINT('Ctrl Pts',(-37.6289768250528,18.2437607873805,22.9100746594015));
#5114=CARTESIAN_POINT('Ctrl Pts',(-37.5183819750477,18.4558346998462,22.7504263771184));
#5115=CARTESIAN_POINT('Ctrl Pts',(-37.4636943861375,18.716923569511,22.4891112870958));
#5116=CARTESIAN_POINT('Ctrl Pts',(-37.4839532199516,19.01542538446,21.940957159831));
#5117=CARTESIAN_POINT('Ctrl Pts',(-37.5000000093773,19.1008007214028,21.621808322438));
#5118=CARTESIAN_POINT('Ctrl Pts',(-37.5000000102178,19.1008007207204,21.3999992747348));
#5119=CARTESIAN_POINT('Ctrl Pts',(-37.3884609795404,17.9710437786335,22.7942496501864));
#5120=CARTESIAN_POINT('Ctrl Pts',(-37.2489812268825,18.1535600663284,22.6104033397133));
#5121=CARTESIAN_POINT('Ctrl Pts',(-37.1868041175697,18.3502503739094,22.3281744737396));
#5122=CARTESIAN_POINT('Ctrl Pts',(-37.2229401845629,18.5351315420514,21.839406388226));
#5123=CARTESIAN_POINT('Ctrl Pts',(-37.248762428695,18.5829300540407,21.5793969659822));
#5124=CARTESIAN_POINT('Ctrl Pts',(-37.2487624300349,18.5829300523745,21.3999992817039));
#5125=CARTESIAN_POINT('Ctrl Pts',(-37.0658783515025,17.7873126011038,22.8424307474455));
#5126=CARTESIAN_POINT('Ctrl Pts',(-36.8637729359678,17.9871171627643,22.6494862230521));
#5127=CARTESIAN_POINT('Ctrl Pts',(-36.7379462115934,18.2068674116627,22.329639557415));
#5128=CARTESIAN_POINT('Ctrl Pts',(-36.7150806106548,18.3682450977747,21.8080931869331));
#5129=CARTESIAN_POINT('Ctrl Pts',(-36.7243993631266,18.3999999631965,21.5642656660972));
#5130=CARTESIAN_POINT('Ctrl Pts',(-36.7243993635918,18.3999999610447,21.399999284152));
#5131=CARTESIAN_POINT('Ctrl Pts',(-36.9276971945325,17.7333332777333,22.8907113457533));
#5132=CARTESIAN_POINT('Ctrl Pts',(-36.6988248404671,17.9503288426549,22.6966246267967));
#5133=CARTESIAN_POINT('Ctrl Pts',(-36.5456783019692,18.1954823865703,22.3597479193123));
#5134=CARTESIAN_POINT('Ctrl Pts',(-36.4977521223404,18.3687094288396,21.8104633295617));
#5135=CARTESIAN_POINT('Ctrl Pts',(-36.4999998326559,18.4000000021706,21.5643324499057));
#5136=CARTESIAN_POINT('Ctrl Pts',(-36.4999998327472,18.4000000000002,21.3999992841581));
#5137=CARTESIAN_POINT('Ctrl Pts',(-36.9276971358891,17.7333333333336,22.8907112960229));
#5138=CARTESIAN_POINT('Ctrl Pts',(-36.6988248565329,17.9503288809599,22.6966245451852));
#5139=CARTESIAN_POINT('Ctrl Pts',(-36.5763076832907,18.1464516799255,22.4271232113206));
#5140=CARTESIAN_POINT('Ctrl Pts',(-36.5298951623065,18.2648657404265,22.1221214501979));
#5141=CARTESIAN_POINT('Ctrl Pts',(-36.5182920308479,18.2944692586455,22.0458710019484));
#5142=CARTESIAN_POINT('Ctrl Pts',(-36.5114454411495,18.3192159796953,21.9674017765316));
#5143=CARTESIAN_POINT('Ctrl Pts',(-36.507130795757,18.3391905246691,21.8877410834979));
#5144=CARTESIAN_POINT('Ctrl Pts',(-36.4985015054979,18.3791396121817,21.7284197071415));
#5145=CARTESIAN_POINT('Ctrl Pts',(-36.4999999912276,18.399999997717,21.5643324608987));
#5146=CARTESIAN_POINT('Ctrl Pts',(-36.5,18.4000000000002,21.3999992991826));
#5147=CARTESIAN_POINT('Ctrl Pts',(-37.5,19.4000000000002,21.3999992707256));
#5148=CARTESIAN_POINT('Ctrl Pts',(-37.4999999906532,19.4000000051263,21.6464990228024));
#5149=CARTESIAN_POINT('Ctrl Pts',(-37.4988761171284,19.3006817408194,22.0021936581371));
#5150=CARTESIAN_POINT('Ctrl Pts',(-37.5228391661521,18.9437221640662,22.6103021059263));
#5151=CARTESIAN_POINT('Ctrl Pts',(-37.5994124072679,18.635529204178,22.8724682793358));
#5152=CARTESIAN_POINT('Ctrl Pts',(-37.7138485679445,18.4000000000002,23.0180333688412));
#5153=CARTESIAN_POINT('Origin',(-33.5,18.4000000000002,21.3999993228632));
#5154=CARTESIAN_POINT('',(-33.5,18.4000000000002,21.3999993228632));
#5155=CARTESIAN_POINT('',(-36.5,18.4000000000002,21.3999992991826));
#5156=CARTESIAN_POINT('',(-33.5,18.4000000000002,21.3999993228632));
#5157=CARTESIAN_POINT('Origin',(-35.0000000000001,16.4000000000001,21.3999993110229));
#5158=CARTESIAN_POINT('',(-31.5,16.3999999999999,23.3999994491596));
#5159=CARTESIAN_POINT('',(-38.5,16.4000000000003,23.3999994491596));
#5160=CARTESIAN_POINT('',(-33.0723028092582,17.7333332813266,22.8907113425389));
#5161=CARTESIAN_POINT('Ctrl Pts',(-31.5,16.3999999999999,23.3999994491596));
#5162=CARTESIAN_POINT('Ctrl Pts',(-31.5183257219684,16.4149530483993,23.3999994491596));
#5163=CARTESIAN_POINT('Ctrl Pts',(-31.5366751294295,16.429927732091,23.3998408066131));
#5164=CARTESIAN_POINT('Ctrl Pts',(-32.102446585429,16.8924785601665,23.3890296631981));
#5165=CARTESIAN_POINT('Ctrl Pts',(-32.6695726789485,17.351501776076,23.2322317992375));
#5166=CARTESIAN_POINT('Ctrl Pts',(-33.0723028092582,17.7333332813266,22.8907113425389));
#5167=CARTESIAN_POINT('Ctrl Pts',(-33.0723028092582,17.7333332813266,22.8907113425389));
#5168=CARTESIAN_POINT('Ctrl Pts',(-33.3011731659732,17.950326992418,22.6966262803907));
#5169=CARTESIAN_POINT('Ctrl Pts',(-33.423692580655,18.1464526733729,22.4271204505038));
#5170=CARTESIAN_POINT('Ctrl Pts',(-33.4701048457705,18.2648657516902,22.122122533741));
#5171=CARTESIAN_POINT('Ctrl Pts',(-33.4817079123211,18.2944690219626,22.045873052765));
#5172=CARTESIAN_POINT('Ctrl Pts',(-33.4885542817987,18.3192152543899,21.9674053162354));
#5173=CARTESIAN_POINT('Ctrl Pts',(-33.4928688599084,18.339189662796,21.8877449348981));
#5174=CARTESIAN_POINT('Ctrl Pts',(-33.5014980158284,18.3791384782223,21.7284241777503));
#5175=CARTESIAN_POINT('Ctrl Pts',(-33.5000000069009,18.399999998985,21.5643328415418));
#5176=CARTESIAN_POINT('Ctrl Pts',(-33.5,18.4,21.3999993228632));
#5177=CARTESIAN_POINT('Origin',(-38.5,17.4000000000003,22.3999994491596));
#5178=CARTESIAN_POINT('',(-38.5,18.4000000000002,23.3999993566672));
#5179=CARTESIAN_POINT('Origin',(-38.4999996192698,18.4000000000002,22.3999997484712));
#5180=CARTESIAN_POINT('',(-38.5,18.4000000000002,23.3999994491596));
#5181=CARTESIAN_POINT('Origin',(-33.5,19.4000000000002,20.8999996772187));
#5182=CARTESIAN_POINT('',(-32.5,19.4000000000005,21.3999993544374));
#5183=CARTESIAN_POINT('',(-32.5,19.4000000000002,20.4));
#5184=CARTESIAN_POINT('Origin',(-33.5,19.4000000000002,21.3999993228632));
#5185=CARTESIAN_POINT('Ctrl Pts',(-32.2861514149897,18.3999999514588,23.0180333905493));
#5186=CARTESIAN_POINT('Ctrl Pts',(-32.0847863492008,17.8272526877315,23.2741737422185));
#5187=CARTESIAN_POINT('Ctrl Pts',(-31.8012233027452,17.1387178542497,23.3917722710392));
#5188=CARTESIAN_POINT('Ctrl Pts',(-31.5183375653867,16.4448915947273,23.3998804988077));
#5189=CARTESIAN_POINT('Ctrl Pts',(-31.5091648734813,16.4224369536332,23.3999994491596));
#5190=CARTESIAN_POINT('Ctrl Pts',(-31.5,16.3999999999999,23.3999994491596));
#5191=CARTESIAN_POINT('Ctrl Pts',(-32.360414268696,18.2632906445001,22.9235695696432));
#5192=CARTESIAN_POINT('Ctrl Pts',(-32.1785118038733,17.74788593674,23.219273745081));
#5193=CARTESIAN_POINT('Ctrl Pts',(-31.8516762352876,17.0976039542867,23.3903885317586));
#5194=CARTESIAN_POINT('Ctrl Pts',(-31.5213867120808,16.4423987688044,23.3998090997011));
#5195=CARTESIAN_POINT('Ctrl Pts',(-31.5106916815625,16.4211896360942,23.3999994491596));
#5196=CARTESIAN_POINT('Ctrl Pts',(-31.5,16.3999999999999,23.3999994491596));
#5197=CARTESIAN_POINT('Ctrl Pts',(-32.5890416882314,17.9901882020473,22.7979674817923));
#5198=CARTESIAN_POINT('Ctrl Pts',(-32.3735608789011,17.5886191926813,23.1579535681567));
#5199=CARTESIAN_POINT('Ctrl Pts',(-31.951867766484,17.0153876595071,23.3883686544003));
#5200=CARTESIAN_POINT('Ctrl Pts',(-31.527503052635,16.4374126271046,23.3997343187711));
#5201=CARTESIAN_POINT('Ctrl Pts',(-31.5137452977248,16.4186950010162,23.3999994491596));
#5202=CARTESIAN_POINT('Ctrl Pts',(-31.5,16.3999999999999,23.3999994491596));
#5203=CARTESIAN_POINT('Ctrl Pts',(-32.9110915034051,17.7963091692233,22.8343839984462));
#5204=CARTESIAN_POINT('Ctrl Pts',(-32.5711056792159,17.4290871484214,23.192672847553));
#5205=CARTESIAN_POINT('Ctrl Pts',(-32.0522498703849,16.9335801421389,23.3884462192111));
#5206=CARTESIAN_POINT('Ctrl Pts',(-31.5336179449277,16.4324192851217,23.3997853564941));
#5207=CARTESIAN_POINT('Ctrl Pts',(-31.5167989138871,16.4162003659383,23.3999994491596));
#5208=CARTESIAN_POINT('Ctrl Pts',(-31.5,16.3999999999999,23.3999994491596));
#5209=CARTESIAN_POINT('Ctrl Pts',(-33.0723028299794,17.7333333009725,22.8907113249671));
#5210=CARTESIAN_POINT('Ctrl Pts',(-32.6695726984016,17.351501791821,23.2322317938591));
#5211=CARTESIAN_POINT('Ctrl Pts',(-32.1024465948188,16.8924785678432,23.3890296630187));
#5212=CARTESIAN_POINT('Ctrl Pts',(-31.5366751294294,16.429927732091,23.3998408066131));
#5213=CARTESIAN_POINT('Ctrl Pts',(-31.5183257219683,16.4149530483993,23.3999994491596));
#5214=CARTESIAN_POINT('Ctrl Pts',(-31.5,16.3999999999999,23.3999994491596));
#5215=CARTESIAN_POINT('',(-32.286151404956,18.3999999607534,23.0180334033124));
#5216=CARTESIAN_POINT('Origin',(-33.0723028092581,18.39999992199,23.6360673582967));
#5217=CARTESIAN_POINT('Ctrl Pts',(-31.5,16.3999999999999,23.3999994491596));
#5218=CARTESIAN_POINT('Ctrl Pts',(-31.5091648733407,16.4224369537016,23.399999449228));
#5219=CARTESIAN_POINT('Ctrl Pts',(-31.5183375651051,16.4448915948641,23.3998804989446));
#5220=CARTESIAN_POINT('Ctrl Pts',(-31.8012232934095,17.1387178449895,23.3917722734286));
#5221=CARTESIAN_POINT('Ctrl Pts',(-32.0847863303884,17.8272526685284,23.2741737506668));
#5222=CARTESIAN_POINT('Ctrl Pts',(-32.2861514046291,18.3999999609951,23.0180334037282));
#5223=CARTESIAN_POINT('Ctrl Pts',(-33.0723027931821,17.7333332660847,22.8907113561716));
#5224=CARTESIAN_POINT('Ctrl Pts',(-33.3011731686069,17.9503269799639,22.6966262959358));
#5225=CARTESIAN_POINT('Ctrl Pts',(-33.4543224593358,18.195484089981,22.3597440043875));
#5226=CARTESIAN_POINT('Ctrl Pts',(-33.502247072615,18.3687077175498,21.8104698496255));
#5227=CARTESIAN_POINT('Ctrl Pts',(-33.5000000714727,18.399999998985,21.5643328416044));
#5228=CARTESIAN_POINT('Ctrl Pts',(-33.5000000713688,18.4,21.3999993228632));
#5229=CARTESIAN_POINT('Ctrl Pts',(-32.8880612742554,17.8053056931529,22.8263372504275));
#5230=CARTESIAN_POINT('Ctrl Pts',(-33.0810589515977,17.9991659081178,22.6336092785));
#5231=CARTESIAN_POINT('Ctrl Pts',(-33.198587279366,18.2112819716191,22.3189042760717));
#5232=CARTESIAN_POINT('Ctrl Pts',(-33.2123033246811,18.3678156310811,21.8070322958082));
#5233=CARTESIAN_POINT('Ctrl Pts',(-33.2008007457034,18.3999999760515,21.5640702474222));
#5234=CARTESIAN_POINT('Ctrl Pts',(-33.2008007467175,18.3999999771708,21.3999993228359));
#5235=CARTESIAN_POINT('Ctrl Pts',(-32.5664646305153,18.009265316775,22.8015474006884));
#5236=CARTESIAN_POINT('Ctrl Pts',(-32.6975836389373,18.1943606088444,22.6207786154962));
#5237=CARTESIAN_POINT('Ctrl Pts',(-32.7521719401338,18.3966060351575,22.3438995139125));
#5238=CARTESIAN_POINT('Ctrl Pts',(-32.7100428208452,18.5973683219638,21.8523850102984));
#5239=CARTESIAN_POINT('Ctrl Pts',(-32.6829215766479,18.6512304321169,21.5850435935982));
#5240=CARTESIAN_POINT('Ctrl Pts',(-32.6829215794008,18.6512304314104,21.3999993243576));
#5241=CARTESIAN_POINT('Ctrl Pts',(-32.3498052410853,18.2828205513338,22.9370643857201));
#5242=CARTESIAN_POINT('Ctrl Pts',(-32.4615134743474,18.5009046547643,22.7810589709637));
#5243=CARTESIAN_POINT('Ctrl Pts',(-32.5210086075189,18.773225869559,22.519908746694));
#5244=CARTESIAN_POINT('Ctrl Pts',(-32.5124612607249,19.0869349672922,21.95645763221));
#5245=CARTESIAN_POINT('Ctrl Pts',(-32.4999999919289,19.1756005476991,21.6280991453636));
#5246=CARTESIAN_POINT('Ctrl Pts',(-32.4999999931523,19.1756005443737,21.3999993274589));
#5247=CARTESIAN_POINT('Ctrl Pts',(-32.2861513662771,18.3999999609951,23.0180333735777));
#5248=CARTESIAN_POINT('Ctrl Pts',(-32.4005865500685,18.6355271444921,22.8724695824568));
#5249=CARTESIAN_POINT('Ctrl Pts',(-32.4771611934223,18.9437247986287,22.6102976070434));
#5250=CARTESIAN_POINT('Ctrl Pts',(-32.5011235002415,19.3006781349345,22.0022021897338));
#5251=CARTESIAN_POINT('Ctrl Pts',(-32.500000000052,19.4000000334015,21.6464996085876));
#5252=CARTESIAN_POINT('Ctrl Pts',(-32.5,19.4000000294019,21.3999993287834));
#5253=CARTESIAN_POINT('Ctrl Pts',(-32.2861514046291,18.3999999609951,23.0180334037282));
#5254=CARTESIAN_POINT('Ctrl Pts',(-32.4005865858217,18.6355271515243,22.8724695863251));
#5255=CARTESIAN_POINT('Ctrl Pts',(-32.4771612200431,18.9437247944133,22.610297607188));
#5256=CARTESIAN_POINT('Ctrl Pts',(-32.5011235107264,19.300678111057,22.0022021957259));
#5257=CARTESIAN_POINT('Ctrl Pts',(-32.5000000035359,19.4000000022541,21.6464996248435));
#5258=CARTESIAN_POINT('Ctrl Pts',(-32.5,19.4000000000005,21.3999993544374));
#5259=CARTESIAN_POINT('Ctrl Pts',(-32.4999999999999,19.3999999983626,21.3999993544372));
#5260=CARTESIAN_POINT('Ctrl Pts',(-32.5000000000001,19.4000000141498,22.3999993926932));
#5261=CARTESIAN_POINT('Ctrl Pts',(-32.4999999999999,18.3999999758937,22.3999993685867));
#5262=CARTESIAN_POINT('Ctrl Pts',(-32.5000000006784,19.8142135612155,21.3999993478979));
#5263=CARTESIAN_POINT('Ctrl Pts',(-32.5000000006787,19.8142135835419,22.8142129655313));
#5264=CARTESIAN_POINT('Ctrl Pts',(-32.5000000006784,18.3999999659085,22.8142129314396));
#5265=CARTESIAN_POINT('Ctrl Pts',(-32.2071067817655,20.107106780608,21.399999343274));
#5266=CARTESIAN_POINT('Ctrl Pts',(-32.2071067817659,20.1071068075584,23.1071061919845));
#5267=CARTESIAN_POINT('Ctrl Pts',(-32.2071067817655,18.3999999588479,23.1071061508321));
#5268=CARTESIAN_POINT('Ctrl Pts',(-31.9142135628527,20.4000000000005,21.3999993386501));
#5269=CARTESIAN_POINT('Ctrl Pts',(-31.9142135628531,20.4000000315749,23.3999994184377));
#5270=CARTESIAN_POINT('Ctrl Pts',(-31.9142135628527,18.3999999517873,23.3999993702247));
#5271=CARTESIAN_POINT('Ctrl Pts',(-31.4999999999998,20.4000000000005,21.3999993386502));
#5272=CARTESIAN_POINT('Ctrl Pts',(-31.5000000000002,20.4000000315748,23.3999994184376));
#5273=CARTESIAN_POINT('Ctrl Pts',(-31.4999999999998,18.3999999517874,23.3999993702246));
#5274=CARTESIAN_POINT('',(-31.5,18.4000000000002,23.3999994096921));
#5275=CARTESIAN_POINT('Origin',(-31.5,18.3999998978835,22.399999242505));
#5276=CARTESIAN_POINT('',(-31.5,20.4000000000002,21.3999993386502));
#5277=CARTESIAN_POINT('Origin',(-31.5,18.4000000000005,21.3999993702249));
#5278=CARTESIAN_POINT('Origin',(-31.5,19.4000000000002,21.3999993544374));
#5279=CARTESIAN_POINT('Origin',(-31.5,17.4,22.3999994491596));
#5280=CARTESIAN_POINT('',(-31.5,16.3999999999999,23.3999994491596));
#5281=CARTESIAN_POINT('Origin',(-21.5,19.4000000000002,20.8999997081349));
#5282=CARTESIAN_POINT('',(-22.5,19.4000000000002,21.3999994017985));
#5283=CARTESIAN_POINT('',(-22.5,19.4000000000002,21.3999994017985));
#5284=CARTESIAN_POINT('',(-21.5,18.4000000000002,21.3999994162699));
#5285=CARTESIAN_POINT('Origin',(-21.5,19.4000000000002,21.3999994017984));
#5286=CARTESIAN_POINT('',(-21.5,18.4000000000001,20.4));
#5287=CARTESIAN_POINT('Ctrl Pts',(-23.5,16.4000000000005,23.3999994491596));
#5288=CARTESIAN_POINT('Ctrl Pts',(-23.4991097766801,16.4021623834578,23.3999994491596));
#5289=CARTESIAN_POINT('Ctrl Pts',(-23.4982270675445,16.4043287978252,23.3999994151259));
#5290=CARTESIAN_POINT('Ctrl Pts',(-23.2156843095637,17.0982201558287,23.3987235522069));
#5291=CARTESIAN_POINT('Ctrl Pts',(-22.921219064204,17.8101715731126,23.2818127129638));
#5292=CARTESIAN_POINT('Ctrl Pts',(-22.7138486240174,18.3999999728891,23.0180334401672));
#5293=CARTESIAN_POINT('Ctrl Pts',(-23.5,16.4000000000005,23.3999994491596));
#5294=CARTESIAN_POINT('Ctrl Pts',(-23.498790025802,16.4019100041501,23.3999994491596));
#5295=CARTESIAN_POINT('Ctrl Pts',(-23.4976602632255,16.4038573761852,23.3998139907518));
#5296=CARTESIAN_POINT('Ctrl Pts',(-23.1199140656484,17.020053904614,23.4041018508992));
#5297=CARTESIAN_POINT('Ctrl Pts',(-22.7317968534599,17.6555726926423,23.1822362493743));
#5298=CARTESIAN_POINT('Ctrl Pts',(-22.5653229155147,18.1265813600626,22.8291058213061));
#5299=CARTESIAN_POINT('Ctrl Pts',(-23.5,16.4000000000005,23.3999994491596));
#5300=CARTESIAN_POINT('Ctrl Pts',(-23.4985072521302,16.4016810295864,23.3999994491596));
#5301=CARTESIAN_POINT('Ctrl Pts',(-23.4970565619662,16.4033628897207,23.3998251133985));
#5302=CARTESIAN_POINT('Ctrl Pts',(-23.0264087697426,16.9432339822231,23.403445883305));
#5303=CARTESIAN_POINT('Ctrl Pts',(-22.5336607018766,17.4960130974576,23.1713705091381));
#5304=CARTESIAN_POINT('Ctrl Pts',(-22.2501198804761,17.8592850603083,22.7780567675754));
#5305=CARTESIAN_POINT('Ctrl Pts',(-23.5,16.4000000000005,23.3999994491596));
#5306=CARTESIAN_POINT('Ctrl Pts',(-23.4982255354413,16.4014343237157,23.3999994491596));
#5307=CARTESIAN_POINT('Ctrl Pts',(-23.4964541332832,16.4028858651431,23.3999993977046));
#5308=CARTESIAN_POINT('Ctrl Pts',(-22.9313700280357,16.8654810410452,23.3982980181227));
#5309=CARTESIAN_POINT('Ctrl Pts',(-22.3424381284083,17.3401143820752,23.242417127654));
#5310=CARTESIAN_POINT('Ctrl Pts',(-21.927697248035,17.7333333152595,22.8907114305919));
#5311=CARTESIAN_POINT('',(-21.927697259608,17.7333333042871,22.8907114404059));
#5312=CARTESIAN_POINT('',(-22.7138486294296,18.3999999779272,23.0180334470514));
#5313=CARTESIAN_POINT('Origin',(-21.927697259608,18.3999999564304,23.6360674458959));
#5314=CARTESIAN_POINT('',(-23.4891845965696,16.4265329852655,23.3999262381186));
#5315=CARTESIAN_POINT('Ctrl Pts',(-22.713848629804,18.3999999782153,23.0180334475277));
#5316=CARTESIAN_POINT('Ctrl Pts',(-22.9192171338025,17.815865727762,23.2792662095253));
#5317=CARTESIAN_POINT('Ctrl Pts',(-23.2100069348887,17.111955034863,23.3964525661667));
#5318=CARTESIAN_POINT('Ctrl Pts',(-23.4891845965696,16.4265329852655,23.3999262381186));
#5319=CARTESIAN_POINT('',(-23.5,16.4000000000005,23.3999994491596));
#5320=CARTESIAN_POINT('Ctrl Pts',(-23.4891845965696,16.4265329852655,23.3999262381186));
#5321=CARTESIAN_POINT('Ctrl Pts',(-23.4919060322614,16.4198514620431,23.3999600996201));
#5322=CARTESIAN_POINT('Ctrl Pts',(-23.4946263645174,16.4131716956916,23.3999831556499));
#5323=CARTESIAN_POINT('Ctrl Pts',(-23.4982270675598,16.4043287978326,23.3999994151333));
#5324=CARTESIAN_POINT('Ctrl Pts',(-23.4991097766878,16.4021623834615,23.3999994491633));
#5325=CARTESIAN_POINT('Ctrl Pts',(-23.5,16.4000000000005,23.3999994491596));
#5326=CARTESIAN_POINT('',(-23.4782157436576,16.4178143015596,23.3999005440077));
#5327=CARTESIAN_POINT('Ctrl Pts',(-23.5,16.4000000000005,23.3999994491596));
#5328=CARTESIAN_POINT('Ctrl Pts',(-23.4982255354413,16.4014343237157,23.3999994491596));
#5329=CARTESIAN_POINT('Ctrl Pts',(-23.4964541332832,16.4028858651431,23.3999993977046));
#5330=CARTESIAN_POINT('Ctrl Pts',(-23.4892016245483,16.4088229911794,23.3999775615387));
#5331=CARTESIAN_POINT('Ctrl Pts',(-23.483709807652,16.4133180501806,23.3999463926466));
#5332=CARTESIAN_POINT('Ctrl Pts',(-23.4782157436576,16.4178143015596,23.3999005440077));
#5333=CARTESIAN_POINT('Ctrl Pts',(-23.4782157436576,16.4178143015596,23.3999005440077));
#5334=CARTESIAN_POINT('Ctrl Pts',(-22.9199086638304,16.8747236095114,23.3952414028499));
#5335=CARTESIAN_POINT('Ctrl Pts',(-22.3383966205422,17.3439461674778,23.2389898697367));
#5336=CARTESIAN_POINT('Ctrl Pts',(-21.927697259608,17.7333333042871,22.8907114404059));
#5337=CARTESIAN_POINT('Ctrl Pts',(-21.499999928631,18.4000000000003,21.3999994110076));
#5338=CARTESIAN_POINT('Ctrl Pts',(-21.499999928599,18.4000000015008,21.5643325806854));
#5339=CARTESIAN_POINT('Ctrl Pts',(-21.4977519286641,18.368710710697,21.8104642617002));
#5340=CARTESIAN_POINT('Ctrl Pts',(-21.5456773617566,18.1954843970459,22.3597493706482));
#5341=CARTESIAN_POINT('Ctrl Pts',(-21.6988249282611,17.9503288437788,22.696624742258));
#5342=CARTESIAN_POINT('Ctrl Pts',(-21.9276972796345,17.7333332852998,22.8907114573887));
#5343=CARTESIAN_POINT('Ctrl Pts',(-21.7991992532804,18.3999999771725,21.3999994109992));
#5344=CARTESIAN_POINT('Ctrl Pts',(-21.7991992522647,18.3999999786916,21.564069987169));
#5345=CARTESIAN_POINT('Ctrl Pts',(-21.787696428055,18.367818169831,21.8070286239654));
#5346=CARTESIAN_POINT('Ctrl Pts',(-21.8014128591365,18.211281627049,22.3189109087501));
#5347=CARTESIAN_POINT('Ctrl Pts',(-21.9189394415325,17.9991675789144,22.6336077304379));
#5348=CARTESIAN_POINT('Ctrl Pts',(-22.1119387871859,17.8053057158211,22.8263373468866));
#5349=CARTESIAN_POINT('Ctrl Pts',(-22.3170978099437,18.6512142686973,21.3999994086964));
#5350=CARTESIAN_POINT('Ctrl Pts',(-22.3170978073495,18.6512142686281,21.5850432851028));
#5351=CARTESIAN_POINT('Ctrl Pts',(-22.2899723677219,18.5973597932429,21.8523792288306));
#5352=CARTESIAN_POINT('Ctrl Pts',(-22.2478427860475,18.3965938441906,22.3439030753589));
#5353=CARTESIAN_POINT('Ctrl Pts',(-22.3024184028522,18.1943600301859,22.6207722518647));
#5354=CARTESIAN_POINT('Ctrl Pts',(-22.4335385490432,18.0092631646378,22.8015425814027));
#5355=CARTESIAN_POINT('Ctrl Pts',(-22.5000000052254,19.1756005397257,21.3999994038663));
#5356=CARTESIAN_POINT('Ctrl Pts',(-22.5000000040563,19.1756005374031,21.6280987373042));
#5357=CARTESIAN_POINT('Ctrl Pts',(-22.4875388138334,19.0869400043885,21.9564537496273));
#5358=CARTESIAN_POINT('Ctrl Pts',(-22.4789913873167,18.773225256387,22.5199158512989));
#5359=CARTESIAN_POINT('Ctrl Pts',(-22.5384855920579,18.5009065260773,22.7810576938279));
#5360=CARTESIAN_POINT('Ctrl Pts',(-22.6501947925622,18.2828205705289,22.9370644410899));
#5361=CARTESIAN_POINT('Ctrl Pts',(-22.4999999999998,19.4000000224393,21.3999994017985));
#5362=CARTESIAN_POINT('Ctrl Pts',(-22.4999999999838,19.4000000195664,21.6464991578689));
#5363=CARTESIAN_POINT('Ctrl Pts',(-22.4988760000463,19.3006834265861,22.0021982469792));
#5364=CARTESIAN_POINT('Ctrl Pts',(-22.5228387157634,18.9437234760802,22.6103056789414));
#5365=CARTESIAN_POINT('Ctrl Pts',(-22.5994124964752,18.6355291611429,22.872468383823));
#5366=CARTESIAN_POINT('Ctrl Pts',(-22.7138486681561,18.3999999782153,23.0180334173771));
#5367=CARTESIAN_POINT('Ctrl Pts',(-21.927697259608,17.7333333042871,22.8907114404059));
#5368=CARTESIAN_POINT('Ctrl Pts',(-21.6988249294852,17.9503288584896,22.6966247236121));
#5369=CARTESIAN_POINT('Ctrl Pts',(-21.5763068953256,18.1464532924691,22.427124431022));
#5370=CARTESIAN_POINT('Ctrl Pts',(-21.5298945317316,18.2648673484049,22.1221226172995));
#5371=CARTESIAN_POINT('Ctrl Pts',(-21.5182914404947,18.2944708632524,22.0458721616448));
#5372=CARTESIAN_POINT('Ctrl Pts',(-21.5114449539479,18.3192174792359,21.96740286077));
#5373=CARTESIAN_POINT('Ctrl Pts',(-21.5071304087245,18.3391918110745,21.8877420288824));
#5374=CARTESIAN_POINT('Ctrl Pts',(-21.498501318462,18.3791404738989,21.7284203685083));
#5375=CARTESIAN_POINT('Ctrl Pts',(-21.499999993139,18.4000000010555,21.5643325841257));
#5376=CARTESIAN_POINT('Ctrl Pts',(-21.5,18.4000000000003,21.3999994162699));
#5377=CARTESIAN_POINT('Ctrl Pts',(-22.5,19.4000000000002,21.3999994017985));
#5378=CARTESIAN_POINT('Ctrl Pts',(-22.4999999963149,19.3999999995866,21.6464991580338));
#5379=CARTESIAN_POINT('Ctrl Pts',(-22.4988759890379,19.3006834118315,22.0021982478006));
#5380=CARTESIAN_POINT('Ctrl Pts',(-22.5228386890784,18.9437234745955,22.6103056809639));
#5381=CARTESIAN_POINT('Ctrl Pts',(-22.5994124608497,18.6355291687781,22.8724683892793));
#5382=CARTESIAN_POINT('Ctrl Pts',(-22.713848629804,18.3999999782153,23.0180334475277));
#5383=CARTESIAN_POINT('Origin',(-17.5,18.4000000000002,21.3999994425817));
#5384=CARTESIAN_POINT('',(-17.5,18.4000000000002,21.3999994425817));
#5385=CARTESIAN_POINT('',(-21.5,18.4000000000002,21.3999994162699));
#5386=CARTESIAN_POINT('',(-17.5,18.4000000000002,21.3999994425817));
#5387=CARTESIAN_POINT('Origin',(-19.5000000000001,16.4000000000002,21.3999994294258));
#5388=CARTESIAN_POINT('',(-15.5,16.3999999999999,23.3999994491596));
#5389=CARTESIAN_POINT('',(-23.5,16.4000000000005,23.3999994491596));
#5390=CARTESIAN_POINT('',(-17.0723027958186,17.7333333568367,22.8907113934035));
#5391=CARTESIAN_POINT('Ctrl Pts',(-15.5,16.3999999999999,23.3999994491596));
#5392=CARTESIAN_POINT('Ctrl Pts',(-15.5017745534139,16.4014343966082,23.3999994491596));
#5393=CARTESIAN_POINT('Ctrl Pts',(-15.5035454252895,16.4028857928392,23.3999989306379));
#5394=CARTESIAN_POINT('Ctrl Pts',(-16.0689024795675,16.8655750055504,23.3985112643007));
#5395=CARTESIAN_POINT('Ctrl Pts',(-16.6575619870642,17.3401144847181,23.2424170558001));
#5396=CARTESIAN_POINT('Ctrl Pts',(-17.0723027958186,17.7333333568367,22.8907113934035));
#5397=CARTESIAN_POINT('Ctrl Pts',(-17.0723027958186,17.7333333568367,22.8907113934035));
#5398=CARTESIAN_POINT('Ctrl Pts',(-17.2439555469313,17.8960786224958,22.74514760299));
#5399=CARTESIAN_POINT('Ctrl Pts',(-17.433561478425,18.1498354447695,22.4328599858898));
#5400=CARTESIAN_POINT('Ctrl Pts',(-17.5048517409719,18.3591380519265,21.8927270154796));
#5401=CARTESIAN_POINT('Ctrl Pts',(-17.4999999983226,18.3999999995868,21.5643329539856));
#5402=CARTESIAN_POINT('Ctrl Pts',(-17.5,18.4000000000002,21.3999994425817));
#5403=CARTESIAN_POINT('Origin',(-23.5,17.4000000000004,22.3999994491596));
#5404=CARTESIAN_POINT('',(-23.4999999999998,18.4000000000002,23.3999994096919));
#5405=CARTESIAN_POINT('Origin',(-23.4999999999998,18.3999999429664,22.3999992425042));
#5406=CARTESIAN_POINT('',(-23.4999999999998,18.4000000000002,23.3999994491596));
#5407=CARTESIAN_POINT('Origin',(-17.5,19.4000000000002,20.8999997364202));
#5408=CARTESIAN_POINT('',(-16.5,19.4000000000005,21.3999994728403));
#5409=CARTESIAN_POINT('',(-16.5,19.4000000000002,20.4));
#5410=CARTESIAN_POINT('Origin',(-17.5,19.4000000000002,21.3999994425817));
#5411=CARTESIAN_POINT('Ctrl Pts',(-16.2861513979092,18.4000000352551,23.018033412276));
#5412=CARTESIAN_POINT('Ctrl Pts',(-16.078780993532,17.8101717270769,23.2818126590736));
#5413=CARTESIAN_POINT('Ctrl Pts',(-15.7844520292129,17.0983609329488,23.3988835075318));
#5414=CARTESIAN_POINT('Ctrl Pts',(-15.5017727115574,16.4043286897377,23.3999990647812));
#5415=CARTESIAN_POINT('Ctrl Pts',(-15.5008902676747,16.4021624925389,23.3999994491596));
#5416=CARTESIAN_POINT('Ctrl Pts',(-15.5,16.3999999999999,23.3999994491596));
#5417=CARTESIAN_POINT('Ctrl Pts',(-16.360414250126,18.2632907226186,22.9235695986879));
#5418=CARTESIAN_POINT('Ctrl Pts',(-16.1730868789058,17.7325150997254,23.2280925838059));
#5419=CARTESIAN_POINT('Ctrl Pts',(-15.8321768794458,17.059503772275,23.3999957721064));
#5420=CARTESIAN_POINT('Ctrl Pts',(-15.5020674682665,16.4040883369841,23.3999956765076));
#5421=CARTESIAN_POINT('Ctrl Pts',(-15.5010376486312,16.4020411432171,23.3999994491596));
#5422=CARTESIAN_POINT('Ctrl Pts',(-15.5,16.3999999999999,23.3999994491596));
#5423=CARTESIAN_POINT('Ctrl Pts',(-16.5890311299396,17.9901793351685,22.7979492574751));
#5424=CARTESIAN_POINT('Ctrl Pts',(-16.3671240002668,17.576634337153,23.168671236467));
#5425=CARTESIAN_POINT('Ctrl Pts',(-15.9267895389237,16.9818042418688,23.4008481591461));
#5426=CARTESIAN_POINT('Ctrl Pts',(-15.5026588158561,16.4036075970042,23.399992692028));
#5427=CARTESIAN_POINT('Ctrl Pts',(-15.5013324105443,16.4017984445736,23.3999994491596));
#5428=CARTESIAN_POINT('Ctrl Pts',(-15.5,16.3999999999999,23.3999994491596));
#5429=CARTESIAN_POINT('Ctrl Pts',(-16.9110914728058,17.7963092278316,22.8343840602215));
#5430=CARTESIAN_POINT('Ctrl Pts',(-16.5609662017089,17.4181355463906,23.203358185929));
#5431=CARTESIAN_POINT('Ctrl Pts',(-16.021526452034,16.9044781273149,23.3996189201759));
#5432=CARTESIAN_POINT('Ctrl Pts',(-15.5032499006708,16.4031260442204,23.3999958702211));
#5433=CARTESIAN_POINT('Ctrl Pts',(-15.5016271724573,16.40155574593,23.3999994491596));
#5434=CARTESIAN_POINT('Ctrl Pts',(-15.5,16.3999999999999,23.3999994491596));
#5435=CARTESIAN_POINT('Ctrl Pts',(-17.0723027958186,17.7333333568367,22.8907113934035));
#5436=CARTESIAN_POINT('Ctrl Pts',(-16.6575619870642,17.3401144847181,23.2424170558001));
#5437=CARTESIAN_POINT('Ctrl Pts',(-16.0689024795675,16.8655750055504,23.3985112643007));
#5438=CARTESIAN_POINT('Ctrl Pts',(-15.5035454252894,16.4028857928392,23.3999989306379));
#5439=CARTESIAN_POINT('Ctrl Pts',(-15.5017745534138,16.4014343966082,23.3999994491596));
#5440=CARTESIAN_POINT('Ctrl Pts',(-15.5,16.3999999999999,23.3999994491596));
#5441=CARTESIAN_POINT('',(-16.2861514074973,18.4000000176276,23.0180334198137));
#5442=CARTESIAN_POINT('Origin',(-17.0723027958185,18.4000000352551,23.6360673753926));
#5443=CARTESIAN_POINT('Ctrl Pts',(-15.5,16.3999999999999,23.3999994491596));
#5444=CARTESIAN_POINT('Ctrl Pts',(-15.5008902676802,16.4021624925355,23.3999994491531));
#5445=CARTESIAN_POINT('Ctrl Pts',(-15.5017727115683,16.4043286897309,23.3999990647682));
#5446=CARTESIAN_POINT('Ctrl Pts',(-15.7844520286699,17.0983609262516,23.3988835054418));
#5447=CARTESIAN_POINT('Ctrl Pts',(-16.0787809923276,17.810171713306,23.2818126566724));
#5448=CARTESIAN_POINT('Ctrl Pts',(-16.2861513979092,18.4000000176276,23.018033412276));
#5449=CARTESIAN_POINT('Ctrl Pts',(-17.0723028177925,17.7333333482528,22.8907114010812));
#5450=CARTESIAN_POINT('Ctrl Pts',(-17.243955564537,17.8960786147293,22.7451476064117));
#5451=CARTESIAN_POINT('Ctrl Pts',(-17.4335614913061,18.1498354396742,22.432859988204));
#5452=CARTESIAN_POINT('Ctrl Pts',(-17.5048517466553,18.3591380498209,21.8927270161686));
#5453=CARTESIAN_POINT('Ctrl Pts',(-17.5000000001554,18.3999999989078,21.5643329542078));
#5454=CARTESIAN_POINT('Ctrl Pts',(-17.5,18.4000000000001,21.3999994425817));
#5455=CARTESIAN_POINT('Ctrl Pts',(-16.8880613028719,17.805305769827,22.8263373088941));
#5456=CARTESIAN_POINT('Ctrl Pts',(-17.0328095312824,17.9507009163117,22.6817913328265));
#5457=CARTESIAN_POINT('Ctrl Pts',(-17.1845407436896,18.1718394899307,22.3840348800993));
#5458=CARTESIAN_POINT('Ctrl Pts',(-17.2181388065545,18.3574490352115,21.8869089358825));
#5459=CARTESIAN_POINT('Ctrl Pts',(-17.2008006987303,18.3999999987936,21.564070361975));
#5460=CARTESIAN_POINT('Ctrl Pts',(-17.200800699658,18.4000000000001,21.3999994425565));
#5461=CARTESIAN_POINT('Ctrl Pts',(-16.5664590934082,18.0092615193514,22.8015387734376));
#5462=CARTESIAN_POINT('Ctrl Pts',(-16.6647983298121,18.1480829762516,22.6659621883884));
#5463=CARTESIAN_POINT('Ctrl Pts',(-16.7498681979194,18.3565872976418,22.3962591970623));
#5464=CARTESIAN_POINT('Ctrl Pts',(-16.7211988259296,18.5778942903204,21.9380916093215));
#5465=CARTESIAN_POINT('Ctrl Pts',(-16.6828871559945,18.6512017625142,21.585043707022));
#5466=CARTESIAN_POINT('Ctrl Pts',(-16.6828871586114,18.651201762018,21.3999994442408));
#5467=CARTESIAN_POINT('Ctrl Pts',(-16.3498052826782,18.2828206064142,22.9370644523187));
#5468=CARTESIAN_POINT('Ctrl Pts',(-16.4335864424717,18.4463836707384,22.8200603905202));
#5469=CARTESIAN_POINT('Ctrl Pts',(-16.5152992895242,18.7148666649229,22.5697487830482));
#5470=CARTESIAN_POINT('Ctrl Pts',(-16.5180146817756,19.053983735884,22.0623166331896));
#5471=CARTESIAN_POINT('Ctrl Pts',(-16.4999999988505,19.1756005276975,21.6280992541139));
#5472=CARTESIAN_POINT('Ctrl Pts',(-16.5,19.1756005247439,21.3999994476872));
#5473=CARTESIAN_POINT('Ctrl Pts',(-16.2861514088961,18.4000000161939,23.0180334377684));
#5474=CARTESIAN_POINT('Ctrl Pts',(-16.3719777822684,18.576645390226,22.908860591299));
#5475=CARTESIAN_POINT('Ctrl Pts',(-16.466780745653,18.8766187517651,22.6619276768663));
#5476=CARTESIAN_POINT('Ctrl Pts',(-16.5024258733277,19.2636926688109,22.1176301887106));
#5477=CARTESIAN_POINT('Ctrl Pts',(-16.5000000000777,19.4000000035808,21.6464997159117));
#5478=CARTESIAN_POINT('Ctrl Pts',(-16.5,19.4000000000005,21.3999994491597));
#5479=CARTESIAN_POINT('Ctrl Pts',(-16.2861514170854,18.4000000176276,23.0180334273514));
#5480=CARTESIAN_POINT('Ctrl Pts',(-16.3719777874023,18.5766453890919,22.9088605816272));
#5481=CARTESIAN_POINT('Ctrl Pts',(-16.4288595624193,18.7566294009986,22.7607008371996));
#5482=CARTESIAN_POINT('Ctrl Pts',(-16.4607781622462,18.9281562971206,22.5614747332782));
#5483=CARTESIAN_POINT('Ctrl Pts',(-16.4820572297904,19.0425075665373,22.428657324467));
#5484=CARTESIAN_POINT('Ctrl Pts',(-16.4922415517768,19.1531001174792,22.2731437537388));
#5485=CARTESIAN_POINT('Ctrl Pts',(-16.4967272443225,19.2424732274986,22.0776043478331));
#5486=CARTESIAN_POINT('Ctrl Pts',(-16.501212936581,19.331846331794,21.8820649544507));
#5487=CARTESIAN_POINT('Ctrl Pts',(-16.5000000001554,19.399999997888,21.6464997309984));
#5488=CARTESIAN_POINT('Ctrl Pts',(-16.5,19.4000000000005,21.3999994728403));
#5489=CARTESIAN_POINT('Ctrl Pts',(-16.5,19.3999999939964,21.3999994728402));
#5490=CARTESIAN_POINT('Ctrl Pts',(-16.5000000000001,19.4000000097839,22.3999994826236));
#5491=CARTESIAN_POINT('Ctrl Pts',(-16.4999999999999,18.4000000000005,22.3999994826235));
#5492=CARTESIAN_POINT('Ctrl Pts',(-16.5000000024869,19.8142135581281,21.3999994663009));
#5493=CARTESIAN_POINT('Ctrl Pts',(-16.5000000024871,19.8142135804549,22.8142130467553));
#5494=CARTESIAN_POINT('Ctrl Pts',(-16.5000000024869,18.4000000000005,22.8142130467551));
#5495=CARTESIAN_POINT('Ctrl Pts',(-16.2071067833092,20.1071067790643,21.399999461677));
#5496=CARTESIAN_POINT('Ctrl Pts',(-16.2071067833095,20.1071068060151,23.1071062676916));
#5497=CARTESIAN_POINT('Ctrl Pts',(-16.2071067833092,18.4000000000006,23.1071062676914));
#5498=CARTESIAN_POINT('Ctrl Pts',(-15.9142135641316,20.4000000000005,21.399999457053));
#5499=CARTESIAN_POINT('Ctrl Pts',(-15.9142135641318,20.4000000315754,23.3999994886278));
#5500=CARTESIAN_POINT('Ctrl Pts',(-15.9142135641315,18.4000000000006,23.3999994886276));
#5501=CARTESIAN_POINT('Ctrl Pts',(-15.4999999999999,20.4000000000005,21.3999994570531));
#5502=CARTESIAN_POINT('Ctrl Pts',(-15.5000000000002,20.4000000315753,23.3999994886277));
#5503=CARTESIAN_POINT('Ctrl Pts',(-15.4999999999999,18.4000000000007,23.3999994886275));
#5504=CARTESIAN_POINT('',(-15.5,18.4000000000002,23.3999994688936));
#5505=CARTESIAN_POINT('Origin',(-15.5,18.4000000461493,22.399999552488));
#5506=CARTESIAN_POINT('',(-15.5,20.4000000000002,21.3999994570531));
#5507=CARTESIAN_POINT('Origin',(-15.5,18.4000000000005,21.3999994886278));
#5508=CARTESIAN_POINT('Origin',(-15.5,19.4000000000002,21.3999994728403));
#5509=CARTESIAN_POINT('Origin',(-15.5,17.4000000088137,22.3999994491596));
#5510=CARTESIAN_POINT('',(-15.5,16.3999999999999,23.3999994491597));
#5511=CARTESIAN_POINT('Origin',(-5.50000000000002,19.4000000000002,20.8999997673364));
#5512=CARTESIAN_POINT('',(-6.50000000000002,19.4000000000002,21.3999995202014));
#5513=CARTESIAN_POINT('',(-6.50000000000002,19.4000000000002,21.3999995202014));
#5514=CARTESIAN_POINT('',(-5.50000000000002,18.4000000000001,21.3999995346728));
#5515=CARTESIAN_POINT('Origin',(-5.49999999999992,19.4000000000002,21.3999995202013));
#5516=CARTESIAN_POINT('',(-5.50000000000002,18.4000000000001,20.4));
#5517=CARTESIAN_POINT('Ctrl Pts',(-7.50000000000002,16.4000000000003,23.3999994491596));
#5518=CARTESIAN_POINT('Ctrl Pts',(-7.49914872908498,16.4021768891652,23.3999994491596));
#5519=CARTESIAN_POINT('Ctrl Pts',(-7.498250113112,16.4043418671949,23.39999946161));
#5520=CARTESIAN_POINT('Ctrl Pts',(-7.21468723583421,17.0965298461243,23.3987230123805));
#5521=CARTESIAN_POINT('Ctrl Pts',(-6.92122127953924,17.81016548768,23.2818155054202));
#5522=CARTESIAN_POINT('Ctrl Pts',(-6.71384865336876,18.400000021783,23.0180334775026));
#5523=CARTESIAN_POINT('Ctrl Pts',(-7.50000000000002,16.4000000000003,23.3999994491596));
#5524=CARTESIAN_POINT('Ctrl Pts',(-7.49883102023376,16.4019370720891,23.3999994491596));
#5525=CARTESIAN_POINT('Ctrl Pts',(-7.49768998605791,16.4038695256058,23.3998141015509));
#5526=CARTESIAN_POINT('Ctrl Pts',(-7.11891536129819,17.0183686663321,23.4041038105415));
#5527=CARTESIAN_POINT('Ctrl Pts',(-6.73180027398109,17.6555662413332,23.182239948356));
#5528=CARTESIAN_POINT('Ctrl Pts',(-6.56532294553964,18.1265814045964,22.8291058782695));
#5529=CARTESIAN_POINT('Ctrl Pts',(-7.50000000000002,16.4000000000003,23.3999994491596));
#5530=CARTESIAN_POINT('Ctrl Pts',(-7.49854808512013,16.4017225468082,23.3999994491596));
#5531=CARTESIAN_POINT('Ctrl Pts',(-7.497095934098,16.4033725110702,23.3998252414892));
#5532=CARTESIAN_POINT('Ctrl Pts',(-7.02445124789501,16.9421244408128,23.4034482588112));
#5533=CARTESIAN_POINT('Ctrl Pts',(-6.53366215182233,17.4960109017636,23.1713747132046));
#5534=CARTESIAN_POINT('Ctrl Pts',(-6.2501199243689,17.8592851000918,22.7780568456772));
#5535=CARTESIAN_POINT('Ctrl Pts',(-7.50000000000002,16.4000000000003,23.3999994491596));
#5536=CARTESIAN_POINT('Ctrl Pts',(-7.4982684136076,16.4014883957187,23.3999994491596));
#5537=CARTESIAN_POINT('Ctrl Pts',(-7.49650018210808,16.4028945748464,23.3999994960898));
#5538=CARTESIAN_POINT('Ctrl Pts',(-6.92941109934681,16.864376416973,23.3982987104512));
#5539=CARTESIAN_POINT('Ctrl Pts',(-6.34244255907858,17.34011032512,23.2424208903968));
#5540=CARTESIAN_POINT('Ctrl Pts',(-5.92769730673759,17.7333333478554,22.89071151984));
#5541=CARTESIAN_POINT('',(-5.92769730673759,17.7333333478554,22.89071151984));
#5542=CARTESIAN_POINT('',(-6.71384864378072,18.4000000108916,23.0180334850402));
#5543=CARTESIAN_POINT('Origin',(-5.92769730673744,18.400000021783,23.6360675058456));
#5544=CARTESIAN_POINT('',(-7.48918109850969,16.4264790017238,23.3999263125481));
#5545=CARTESIAN_POINT('Ctrl Pts',(-6.71384865336876,18.4000000108916,23.0180334775026));
#5546=CARTESIAN_POINT('Ctrl Pts',(-6.91921996227387,17.8158578720381,23.2792697884002));
#5547=CARTESIAN_POINT('Ctrl Pts',(-7.20903087458874,17.110292663997,23.3964528224259));
#5548=CARTESIAN_POINT('Ctrl Pts',(-7.48918109850969,16.4264790017238,23.3999263125481));
#5549=CARTESIAN_POINT('',(-7.50000000000002,16.4000000000003,23.3999994491596));
#5550=CARTESIAN_POINT('Ctrl Pts',(-7.48918109850969,16.4264790017238,23.3999263125481));
#5551=CARTESIAN_POINT('Ctrl Pts',(-7.49191112778727,16.4198153221726,23.3999601612797));
#5552=CARTESIAN_POINT('Ctrl Pts',(-7.49464023966062,16.413153708205,23.3999832118557));
#5553=CARTESIAN_POINT('Ctrl Pts',(-7.49825011310537,16.4043418671908,23.399999461602));
#5554=CARTESIAN_POINT('Ctrl Pts',(-7.49914872908169,16.4021768891631,23.3999994491556));
#5555=CARTESIAN_POINT('Ctrl Pts',(-7.50000000000002,16.4000000000003,23.3999994491596));
#5556=CARTESIAN_POINT('',(-7.47819899880003,16.4177870919238,23.3999006378718));
#5557=CARTESIAN_POINT('Ctrl Pts',(-7.50000000000002,16.4000000000003,23.3999994491596));
#5558=CARTESIAN_POINT('Ctrl Pts',(-7.49826841360763,16.4014883957187,23.3999994491596));
#5559=CARTESIAN_POINT('Ctrl Pts',(-7.49650018210811,16.4028945748464,23.3999994960898));
#5560=CARTESIAN_POINT('Ctrl Pts',(-7.48922617220337,16.4088139684523,23.3999776802377));
#5561=CARTESIAN_POINT('Ctrl Pts',(-7.48371352393883,16.4132998303967,23.3999465032755));
#5562=CARTESIAN_POINT('Ctrl Pts',(-7.47819899880003,16.4177870919238,23.3999006378718));
#5563=CARTESIAN_POINT('Ctrl Pts',(-7.47819899880003,16.4177870919238,23.3999006378718));
#5564=CARTESIAN_POINT('Ctrl Pts',(-6.91798434575649,16.8736431441203,23.3952412210469));
#5565=CARTESIAN_POINT('Ctrl Pts',(-6.33839977110082,17.3439433221222,23.2389925535878));
#5566=CARTESIAN_POINT('Ctrl Pts',(-5.92769730673759,17.7333333478554,22.89071151984));
#5567=CARTESIAN_POINT('Ctrl Pts',(-5.50000000000002,18.4000000000002,21.3999995294105));
#5568=CARTESIAN_POINT('Ctrl Pts',(-5.49999999996802,18.4000000015007,21.5643326945375));
#5569=CARTESIAN_POINT('Ctrl Pts',(-5.49775150306779,18.3687129452579,21.810465754858));
#5570=CARTESIAN_POINT('Ctrl Pts',(-5.54567562067305,18.1954879240905,22.359751761421));
#5571=CARTESIAN_POINT('Ctrl Pts',(-5.69882496187305,17.9503288825451,22.6966248115783));
#5572=CARTESIAN_POINT('Ctrl Pts',(-5.92769728476384,17.7333333392716,22.8907115275176));
#5573=CARTESIAN_POINT('Ctrl Pts',(-5.79919930034182,18.4000000000004,21.3999995294021));
#5574=CARTESIAN_POINT('Ctrl Pts',(-5.79919929932613,18.4000000015194,21.5640701029968));
#5575=CARTESIAN_POINT('Ctrl Pts',(-5.78769681418859,18.367819762315,21.8070340318662));
#5576=CARTESIAN_POINT('Ctrl Pts',(-5.80141251128437,18.2112833379584,22.3189167798365));
#5577=CARTESIAN_POINT('Ctrl Pts',(-5.91893946152536,17.9991676202271,22.6336078152851));
#5578=CARTESIAN_POINT('Ctrl Pts',(-6.11193878365836,17.8053057672783,22.8263374303777));
#5579=CARTESIAN_POINT('Ctrl Pts',(-6.31714319944017,18.651176460668,21.3999995270997));
#5580=CARTESIAN_POINT('Ctrl Pts',(-6.31714319684579,18.6511764605989,21.585043400109));
#5581=CARTESIAN_POINT('Ctrl Pts',(-6.29000724250329,18.597334396837,21.8523793212078));
#5582=CARTESIAN_POINT('Ctrl Pts',(-6.24787746276764,18.3965687245675,22.3439009506585));
#5583=CARTESIAN_POINT('Ctrl Pts',(-6.30242574809957,18.194354972275,22.6207608791005));
#5584=CARTESIAN_POINT('Ctrl Pts',(-6.43354587994295,18.0092581138683,22.8015312064433));
#5585=CARTESIAN_POINT('Ctrl Pts',(-6.4999999999998,19.1756005247438,21.3999995222691));
#5586=CARTESIAN_POINT('Ctrl Pts',(-6.49999999883076,19.1756005224212,21.6280988482475));
#5587=CARTESIAN_POINT('Ctrl Pts',(-6.48753910989774,19.086943461087,21.9564605355302));
#5588=CARTESIAN_POINT('Ctrl Pts',(-6.47899119460144,18.7732287575974,22.5199204791829));
#5589=CARTESIAN_POINT('Ctrl Pts',(-6.53848557748234,18.5009065466306,22.7810577801899));
#5590=CARTESIAN_POINT('Ctrl Pts',(-6.65019476741314,18.2828205996987,22.9370645291609));
#5591=CARTESIAN_POINT('Ctrl Pts',(-6.49999999999981,19.4000000000002,21.3999995202014));
#5592=CARTESIAN_POINT('Ctrl Pts',(-6.49999999998381,19.3999999971274,21.6464992676998));
#5593=CARTESIAN_POINT('Ctrl Pts',(-6.49887575153369,19.3006863517031,22.0022061109338));
#5594=CARTESIAN_POINT('Ctrl Pts',(-6.52283781033633,18.9437258086319,22.6103117670084));
#5595=CARTESIAN_POINT('Ctrl Pts',(-6.59941248093635,18.6355291804201,22.8724684658951));
#5596=CARTESIAN_POINT('Ctrl Pts',(-6.71384864238176,18.4000000064453,23.0180335029945));
#5597=CARTESIAN_POINT('Ctrl Pts',(-5.92769730673759,17.7333333478554,22.89071151984));
#5598=CARTESIAN_POINT('Ctrl Pts',(-5.69882497862394,17.95032888991,22.6966248081828));
#5599=CARTESIAN_POINT('Ctrl Pts',(-5.54567563247671,18.1954879287253,22.3597517592287));
#5600=CARTESIAN_POINT('Ctrl Pts',(-5.49775150794034,18.3687129464806,21.8104657559602));
#5601=CARTESIAN_POINT('Ctrl Pts',(-5.50000000176866,18.4000000017343,21.5643326978183));
#5602=CARTESIAN_POINT('Ctrl Pts',(-5.50000000000002,18.4000000000001,21.3999995346728));
#5603=CARTESIAN_POINT('Ctrl Pts',(-6.49999999999981,19.4000000000002,21.3999995202014));
#5604=CARTESIAN_POINT('Ctrl Pts',(-6.49999999998381,19.3999999960589,21.6464992676998));
#5605=CARTESIAN_POINT('Ctrl Pts',(-6.49925050098924,19.3337908982937,21.883637162066));
#5606=CARTESIAN_POINT('Ctrl Pts',(-6.50356486944599,19.2437287144255,22.0785127751177));
#5607=CARTESIAN_POINT('Ctrl Pts',(-6.50572205369738,19.1986976220108,22.1759505826836));
#5608=CARTESIAN_POINT('Ctrl Pts',(-6.50914520484499,19.1477032579403,22.2628228196987));
#5609=CARTESIAN_POINT('Ctrl Pts',(-6.51494671257021,19.0945799014329,22.3428068772272));
#5610=CARTESIAN_POINT('Ctrl Pts',(-6.53815274292982,18.8820864803598,22.6627430998786));
#5611=CARTESIAN_POINT('Ctrl Pts',(-6.59941247670971,18.635529181997,22.872468455979));
#5612=CARTESIAN_POINT('Ctrl Pts',(-6.71384863419271,18.4000000108916,23.0180334925779));
#5613=CARTESIAN_POINT('Origin',(-1.50000000000001,18.4000000000002,21.3999995609846));
#5614=CARTESIAN_POINT('',(-1.50000000000001,18.4000000000001,21.3999995609846));
#5615=CARTESIAN_POINT('',(-5.50000000000002,18.4000000000001,21.3999995346728));
#5616=CARTESIAN_POINT('',(-1.50000000000001,18.4000000000001,21.3999995609846));
#5617=CARTESIAN_POINT('Origin',(-3.50000000000014,16.4000000000001,21.3999995478287));
#5618=CARTESIAN_POINT('',(0.499999999999989,16.3999999999999,23.3999994491596));
#5619=CARTESIAN_POINT('',(-7.50000000000002,16.4000000000003,23.3999994491596));
#5620=CARTESIAN_POINT('',(-1.0723027392294,17.7333333914364,22.8907114808595));
#5621=CARTESIAN_POINT('Ctrl Pts',(0.499999999999989,16.3999999999999,23.3999994491596));
#5622=CARTESIAN_POINT('Ctrl Pts',(0.498268274308181,16.4014885030888,23.3999994491596));
#5623=CARTESIAN_POINT('Ctrl Pts',(0.496501063646652,16.4028948552026,23.3999990295349));
#5624=CARTESIAN_POINT('Ctrl Pts',(-0.0711110997804663,16.8643431147712,
23.398512397766));
#5625=CARTESIAN_POINT('Ctrl Pts',(-0.65755759648001,17.3401104656438,23.2424207854006));
#5626=CARTESIAN_POINT('Ctrl Pts',(-1.0723027392294,17.7333333914364,22.8907114808595));
#5627=CARTESIAN_POINT('Ctrl Pts',(-1.0723027392294,17.7333333914364,22.8907114808595));
#5628=CARTESIAN_POINT('Ctrl Pts',(-1.30117308329016,17.9503270718958,22.6966264386838));
#5629=CARTESIAN_POINT('Ctrl Pts',(-1.45432593646953,18.1954911176295,22.3597487679693));
#5630=CARTESIAN_POINT('Ctrl Pts',(-1.50224797053738,18.3687121691047,21.8104728266885));
#5631=CARTESIAN_POINT('Ctrl Pts',(-1.49999999270132,18.400000001622,21.5643330742318));
#5632=CARTESIAN_POINT('Ctrl Pts',(-1.50000000000001,18.4000000000001,21.3999995609846));
#5633=CARTESIAN_POINT('Origin',(-7.50000000000002,17.400000005446,22.3999994491596));
#5634=CARTESIAN_POINT('',(-7.49999999999981,18.4000000000002,23.3999994688933));
#5635=CARTESIAN_POINT('Origin',(-7.49999999999982,18.400000028514,22.3999995524867));
#5636=CARTESIAN_POINT('',(-7.49999999999981,18.4000000000002,23.3999994491596));
#5637=CARTESIAN_POINT('Origin',(-1.5,19.4000000000002,20.899999787728));
#5638=CARTESIAN_POINT('',(-0.500000000000012,19.4000000000002,21.399999575456));
#5639=CARTESIAN_POINT('Origin',(-1.50000000000001,19.4000000000001,21.3999995609845));
#5640=CARTESIAN_POINT('',(-0.500000000000007,19.4000000000002,20.4));
#5641=CARTESIAN_POINT('Ctrl Pts',(-0.286151369614663,18.4000000871546,23.0180334482673));
#5642=CARTESIAN_POINT('Ctrl Pts',(-0.0787787982399305,17.8101656984655,
23.2818154266732));
#5643=CARTESIAN_POINT('Ctrl Pts',(0.214423901963114,17.0964756478705,23.3988831729857));
#5644=CARTESIAN_POINT('Ctrl Pts',(0.49825055871585,16.4043422969223,23.3999991119207));
#5645=CARTESIAN_POINT('Ctrl Pts',(0.499148658306627,16.4021770549396,23.3999994491596));
#5646=CARTESIAN_POINT('Ctrl Pts',(0.499999999999989,16.3999999999999,23.3999994491596));
#5647=CARTESIAN_POINT('Ctrl Pts',(-0.360414221368617,18.2632907720253,22.9235696441688));
#5648=CARTESIAN_POINT('Ctrl Pts',(-0.173084886559408,17.7325096782246,23.2280957847511));
#5649=CARTESIAN_POINT('Ctrl Pts',(0.166516462377204,17.057727045376,23.4000056258974));
#5650=CARTESIAN_POINT('Ctrl Pts',(0.497959673385487,16.4041011870016,23.399995728017));
#5651=CARTESIAN_POINT('Ctrl Pts',(0.499001927640228,16.4020622962978,23.3999994491596));
#5652=CARTESIAN_POINT('Ctrl Pts',(0.499999999999989,16.3999999999999,23.3999994491596));
#5653=CARTESIAN_POINT('Ctrl Pts',(-0.589014991856972,17.9901657243654,22.7979213972076));
#5654=CARTESIAN_POINT('Ctrl Pts',(-0.367105533070032,17.5766164656271,23.1686472177935));
#5655=CARTESIAN_POINT('Ctrl Pts',(0.0715439953238187,16.9802437274435,23.4008662241739));
#5656=CARTESIAN_POINT('Ctrl Pts',(0.497376063208856,16.4036189346846,23.3999927597718));
#5657=CARTESIAN_POINT('Ctrl Pts',(0.498708466307432,16.4018327790142,23.3999994491596));
#5658=CARTESIAN_POINT('Ctrl Pts',(0.499999999999989,16.3999999999999,23.3999994491596));
#5659=CARTESIAN_POINT('Ctrl Pts',(-0.911091423262679,17.7963092659396,22.8343841419085));
#5660=CARTESIAN_POINT('Ctrl Pts',(-0.560962489936965,17.4181316875472,23.2033620892534));
#5661=CARTESIAN_POINT('Ctrl Pts',(-0.0235547170135684,16.9031376254677,
23.3996287315852));
#5662=CARTESIAN_POINT('Ctrl Pts',(0.496792719103579,16.4031358642103,23.3999959574875));
#5663=CARTESIAN_POINT('Ctrl Pts',(0.498415004974635,16.4016032617306,23.3999994491596));
#5664=CARTESIAN_POINT('Ctrl Pts',(0.499999999999989,16.3999999999999,23.3999994491596));
#5665=CARTESIAN_POINT('Ctrl Pts',(-1.0723027392294,17.7333333914364,22.8907114808595));
#5666=CARTESIAN_POINT('Ctrl Pts',(-0.657557596480002,17.3401104656438,23.2424207854006));
#5667=CARTESIAN_POINT('Ctrl Pts',(-0.0711110997804476,16.8643431147712,
23.398512397766));
#5668=CARTESIAN_POINT('Ctrl Pts',(0.496501063646694,16.4028948552026,23.3999990295349));
#5669=CARTESIAN_POINT('Ctrl Pts',(0.498268274308237,16.4014885030888,23.3999994491596));
#5670=CARTESIAN_POINT('Ctrl Pts',(0.499999999999989,16.3999999999999,23.3999994491596));
#5671=CARTESIAN_POINT('',(-0.286151377325383,18.4000000000002,23.0180335173945));
#5672=CARTESIAN_POINT('Origin',(-1.07230273922913,18.4000000871544,23.6360674473749));
#5673=CARTESIAN_POINT('Ctrl Pts',(0.499999999999989,16.3999999999999,23.3999994491596));
#5674=CARTESIAN_POINT('Ctrl Pts',(0.499148658306562,16.4021770549396,23.3999994491596));
#5675=CARTESIAN_POINT('Ctrl Pts',(0.498250558715788,16.4043422969223,23.3999991119207));
#5676=CARTESIAN_POINT('Ctrl Pts',(0.214423915899072,17.0964756138865,23.3988831730404));
#5677=CARTESIAN_POINT('Ctrl Pts',(-0.0787787693573984,17.810165628162,23.2818154382052));
#5678=CARTESIAN_POINT('Ctrl Pts',(-0.286151338973155,18.4000000000002,23.0180334872439));
#5679=CARTESIAN_POINT('Ctrl Pts',(-0.500000000000209,19.4000000000002,21.3999995675625));
#5680=CARTESIAN_POINT('Ctrl Pts',(-0.500000000016206,19.4000000039375,21.6464998385745));
#5681=CARTESIAN_POINT('Ctrl Pts',(-0.501123994721917,19.3006839659779,22.0022178469311));
#5682=CARTESIAN_POINT('Ctrl Pts',(-0.477162991618234,18.9437294423868,22.6103097319105));
#5683=CARTESIAN_POINT('Ctrl Pts',(-0.400586573142315,18.6355271807777,22.8724697620621));
#5684=CARTESIAN_POINT('Ctrl Pts',(-0.286151407944856,18.4000000142354,23.0180335573815));
#5685=CARTESIAN_POINT('Ctrl Pts',(-0.500000000000145,19.1008006996583,21.399999565591));
#5686=CARTESIAN_POINT('Ctrl Pts',(-0.499999998278605,19.1008007026811,21.6218090822195));
#5687=CARTESIAN_POINT('Ctrl Pts',(-0.516044575191752,19.0154295984263,21.9409824112121));
#5688=CARTESIAN_POINT('Ctrl Pts',(-0.536302763220823,18.7169325269888,22.4891215297175));
#5689=CARTESIAN_POINT('Ctrl Pts',(-0.481617117123237,18.4558328955214,22.7504279937724));
#5690=CARTESIAN_POINT('Ctrl Pts',(-0.371023239672276,18.2437608013774,22.9100749102214));
#5691=CARTESIAN_POINT('Ctrl Pts',(-0.751155733086178,18.582831930385,21.3999995621886));
#5692=CARTESIAN_POINT('Ctrl Pts',(-0.751155730447292,18.5828319305373,21.5793976312837));
#5693=CARTESIAN_POINT('Ctrl Pts',(-0.776997389344501,18.5350612297161,21.8394117573286));
#5694=CARTESIAN_POINT('Ctrl Pts',(-0.813134237704115,18.3501836487594,22.3281654771536));
#5695=CARTESIAN_POINT('Ctrl Pts',(-0.751004605374091,18.1535450664017,22.6103798825164));
#5696=CARTESIAN_POINT('Ctrl Pts',(-0.611526083612292,17.9710303428389,22.7942246144365));
#5697=CARTESIAN_POINT('Ctrl Pts',(-1.27560052474365,18.4000000000001,21.3999995609825));
#5698=CARTESIAN_POINT('Ctrl Pts',(-1.27560052398071,18.3999999988834,21.5642662945045));
#5699=CARTESIAN_POINT('Ctrl Pts',(-1.28491939323122,18.3682472445088,21.8081048760211));
#5700=CARTESIAN_POINT('Ctrl Pts',(-1.26205755877034,18.2068744965315,22.3296411342961));
#5701=CARTESIAN_POINT('Ctrl Pts',(-1.13622531036472,17.9871155050205,22.6494880799962));
#5702=CARTESIAN_POINT('Ctrl Pts',(-0.934121679931069,17.787312662783,22.8424309519565));
#5703=CARTESIAN_POINT('Ctrl Pts',(-1.50000000000001,18.4,21.3999995609846));
#5704=CARTESIAN_POINT('Ctrl Pts',(-1.500000000032,18.3999999989061,21.5643330751205));
#5705=CARTESIAN_POINT('Ctrl Pts',(-1.50224798944344,18.3687121621005,21.8104728289805));
#5706=CARTESIAN_POINT('Ctrl Pts',(-1.45432598323612,18.1954910974706,22.3597487818742));
#5707=CARTESIAN_POINT('Ctrl Pts',(-1.30117314628431,17.9503270360171,22.6966264610861));
#5708=CARTESIAN_POINT('Ctrl Pts',(-1.07230281588943,17.7333333464484,22.8907115210979));
#5709=CARTESIAN_POINT('Ctrl Pts',(-0.286151415677652,18.4000000000002,23.0180335475452));
#5710=CARTESIAN_POINT('Ctrl Pts',(-0.400586579052213,18.635527167117,22.8724697528163));
#5711=CARTESIAN_POINT('Ctrl Pts',(-0.461847710850334,18.8820889762291,22.6627417324081));
#5712=CARTESIAN_POINT('Ctrl Pts',(-0.485053537651161,19.0945805509465,22.3428112707095));
#5713=CARTESIAN_POINT('Ctrl Pts',(-0.49085499446675,19.1477034456824,22.2628286536941));
#5714=CARTESIAN_POINT('Ctrl Pts',(-0.494277994620926,19.1986969506692,22.1759583838089));
#5715=CARTESIAN_POINT('Ctrl Pts',(-0.496435106392006,19.2437277364483,22.0785206471637));
#5716=CARTESIAN_POINT('Ctrl Pts',(-0.500749329842066,19.333789306084,21.8836451780335));
#5717=CARTESIAN_POINT('Ctrl Pts',(-0.500000000032203,19.3999999999278,21.6464998436371));
#5718=CARTESIAN_POINT('Ctrl Pts',(-0.500000000000209,19.4000000000002,21.399999575456));
#5719=CARTESIAN_POINT('Ctrl Pts',(0.499999999999839,18.4000000000011,23.39999960703));
#5720=CARTESIAN_POINT('Ctrl Pts',(0.500000000000458,20.4000000631512,23.3999996070307));
#5721=CARTESIAN_POINT('Ctrl Pts',(0.499999999999988,20.4000000000002,21.3999995438806));
#5722=CARTESIAN_POINT('Ctrl Pts',(0.0857864353257675,18.4000000000013,23.3999996070301));
#5723=CARTESIAN_POINT('Ctrl Pts',(0.0857864353263864,20.4000000631514,23.3999996070308));
#5724=CARTESIAN_POINT('Ctrl Pts',(0.0857864353259165,20.4000000000004,21.3999995438807));
#5725=CARTESIAN_POINT('Ctrl Pts',(-0.207106783964285,18.4000000000013,23.1071063854392));
#5726=CARTESIAN_POINT('Ctrl Pts',(-0.207106783963757,20.1071068323122,23.1071063854398));
#5727=CARTESIAN_POINT('Ctrl Pts',(-0.207106783964158,20.1071067784095,21.3999995531289));
#5728=CARTESIAN_POINT('Ctrl Pts',(-0.50000000325434,18.4000000000014,22.8142131638483));
#5729=CARTESIAN_POINT('Ctrl Pts',(-0.500000003253902,19.8142136014731,22.8142131638488));
#5730=CARTESIAN_POINT('Ctrl Pts',(-0.500000003254235,19.8142135568186,21.3999995623771));
#5731=CARTESIAN_POINT('Ctrl Pts',(-0.500000000000311,18.4000000000014,22.3999995991742));
#5732=CARTESIAN_POINT('Ctrl Pts',(-0.500000000000002,19.40000002372,22.3999995991746));
#5733=CARTESIAN_POINT('Ctrl Pts',(-0.500000000000237,19.3999999921445,21.399999575456));
#5734=CARTESIAN_POINT('',(0.499999999999791,18.4000000000002,23.3999995280949));
#5735=CARTESIAN_POINT('Origin',(0.500000000000189,18.4000000000002,22.3999998624699));
#5736=CARTESIAN_POINT('',(0.499999999999988,20.4000000000002,21.399999575456));
#5737=CARTESIAN_POINT('Origin',(0.499999999999988,18.4000000000004,21.3999996070305));
#5738=CARTESIAN_POINT('Origin',(0.499999999999982,19.4000000000002,21.399999575456));
#5739=CARTESIAN_POINT('Origin',(0.499999999999988,17.4,22.3999994491596));
#5740=CARTESIAN_POINT('',(0.499999999999989,16.3999999999999,23.3999994491596));
#5741=CARTESIAN_POINT('Origin',(10.5,19.4000000000002,20.8999998270704));
#5742=CARTESIAN_POINT('',(10.5,18.4000000000001,21.3999996541407));
#5743=CARTESIAN_POINT('',(10.5,18.4000000000002,20.4));
#5744=CARTESIAN_POINT('',(9.49999999999999,19.4,21.3999996228171));
#5745=CARTESIAN_POINT('',(9.49999999999999,19.4,21.3999996228171));
#5746=CARTESIAN_POINT('Origin',(10.5000000000001,19.4000000000002,21.399999622817));
#5747=CARTESIAN_POINT('Ctrl Pts',(8.49999999999999,16.4000000000011,23.3999994491596));
#5748=CARTESIAN_POINT('Ctrl Pts',(8.50868489966816,16.4213034094313,23.3999994491596));
#5749=CARTESIAN_POINT('Ctrl Pts',(8.5174004890302,16.4426201512233,23.3998950119593));
#5750=CARTESIAN_POINT('Ctrl Pts',(8.80020866265033,17.1362828265175,23.3920589182239));
#5751=CARTESIAN_POINT('Ctrl Pts',(9.08444635771113,17.8262864860977,23.2746060801066));
#5752=CARTESIAN_POINT('Ctrl Pts',(9.28615125287095,18.4000000000002,23.0180335967675));
#5753=CARTESIAN_POINT('Ctrl Pts',(8.49999999999999,16.4000000000011,23.3999994491596));
#5754=CARTESIAN_POINT('Ctrl Pts',(8.51161694728571,16.4189268918449,23.3999994491596));
#5755=CARTESIAN_POINT('Ctrl Pts',(8.52315761946285,16.4379031508458,23.3995158664268));
#5756=CARTESIAN_POINT('Ctrl Pts',(8.90108476992977,17.0539000492768,23.3927369960167));
#5757=CARTESIAN_POINT('Ctrl Pts',(9.27268417705598,17.6684528615768,23.1719718734949));
#5758=CARTESIAN_POINT('Ctrl Pts',(9.43467696677453,18.1265813971453,22.8291060487982));
#5759=CARTESIAN_POINT('Ctrl Pts',(8.49999999999999,16.4000000000011,23.3999994491596));
#5760=CARTESIAN_POINT('Ctrl Pts',(8.51449953413062,16.4165830510194,23.3999994491596));
#5761=CARTESIAN_POINT('Ctrl Pts',(8.52898774658076,16.4331406060492,23.3995250670264));
#5762=CARTESIAN_POINT('Ctrl Pts',(9.00021638719985,16.972782534576,23.3913875205673));
#5763=CARTESIAN_POINT('Ctrl Pts',(9.47402102505159,17.505936311337,23.1600436214489));
#5764=CARTESIAN_POINT('Ctrl Pts',(9.74987993995276,17.8592851043712,22.7780570631049));
#5765=CARTESIAN_POINT('Ctrl Pts',(8.49999999999999,16.4000000000011,23.3999994491596));
#5766=CARTESIAN_POINT('Ctrl Pts',(8.51737954105393,16.4142142072702,23.3999994491596));
#5767=CARTESIAN_POINT('Ctrl Pts',(8.53480098169808,16.4284134290718,23.3998602971592));
#5768=CARTESIAN_POINT('Ctrl Pts',(9.1004172965155,16.8908552588315,23.3894125471009));
#5769=CARTESIAN_POINT('Ctrl Pts',(9.6688927154222,17.3508576573989,23.2328083963273));
#5770=CARTESIAN_POINT('Ctrl Pts',(10.0723025057418,17.7333333333338,22.8907117518752));
#5771=CARTESIAN_POINT('',(10.0723025057418,17.7333333333338,22.8907117518752));
#5772=CARTESIAN_POINT('',(9.28615129122308,18.4000000000002,23.0180336269181));
#5773=CARTESIAN_POINT('Origin',(10.072302505742,18.4000000000002,23.6360677443754));
#5774=CARTESIAN_POINT('',(8.52607435176733,16.4638951191791,23.3996546751947));
#5775=CARTESIAN_POINT('Ctrl Pts',(9.28615125287095,18.4000000000002,23.0180335967675));
#5776=CARTESIAN_POINT('Ctrl Pts',(9.08444635771111,17.8262864860977,23.2746060801066));
#5777=CARTESIAN_POINT('Ctrl Pts',(8.8002086626503,17.1362828265175,23.3920589182239));
#5778=CARTESIAN_POINT('Ctrl Pts',(8.52607435176733,16.4638951191791,23.3996546751947));
#5779=CARTESIAN_POINT('',(8.49999999999999,16.4000000000011,23.3999994491596));
#5780=CARTESIAN_POINT('Ctrl Pts',(8.52607435176733,16.4638951191791,23.3996546751947));
#5781=CARTESIAN_POINT('Ctrl Pts',(8.51740048903015,16.4426201512233,23.3998950119593));
#5782=CARTESIAN_POINT('Ctrl Pts',(8.50868489966811,16.4213034094313,23.3999994491596));
#5783=CARTESIAN_POINT('Ctrl Pts',(8.49999999999999,16.4000000000011,23.3999994491596));
#5784=CARTESIAN_POINT('',(8.55214870617799,16.4425967424602,23.3995398596388));
#5785=CARTESIAN_POINT('Ctrl Pts',(8.49999999999999,16.4000000000011,23.3999994491596));
#5786=CARTESIAN_POINT('Ctrl Pts',(8.5173795410539,16.4142142072702,23.3999994491596));
#5787=CARTESIAN_POINT('Ctrl Pts',(8.53480098169805,16.4284134290718,23.3998602971592));
#5788=CARTESIAN_POINT('Ctrl Pts',(8.55214870617799,16.4425967424602,23.3995398596388));
#5789=CARTESIAN_POINT('Ctrl Pts',(8.55214870617799,16.4425967424602,23.3995398596388));
#5790=CARTESIAN_POINT('Ctrl Pts',(9.10041729651548,16.8908552588315,23.3894125471009));
#5791=CARTESIAN_POINT('Ctrl Pts',(9.66889271542219,17.3508576573989,23.2328083963273));
#5792=CARTESIAN_POINT('Ctrl Pts',(10.0723025057418,17.7333333333338,22.8907117518752));
#5793=CARTESIAN_POINT('Ctrl Pts',(9.28615129681882,18.3999999627317,23.0180336987354));
#5794=CARTESIAN_POINT('Ctrl Pts',(9.37197843975669,18.5766468514265,22.9088599199496));
#5795=CARTESIAN_POINT('Ctrl Pts',(9.46677964785943,18.8766191196808,22.661939547604));
#5796=CARTESIAN_POINT('Ctrl Pts',(9.50242587361859,19.2637000342976,22.1176293854092));
#5797=CARTESIAN_POINT('Ctrl Pts',(9.50000000008229,19.4000000075876,21.6464993657541));
#5798=CARTESIAN_POINT('Ctrl Pts',(9.50000000000014,19.4,21.3999995977737));
#5799=CARTESIAN_POINT('Ctrl Pts',(9.37102313196773,18.2437607606695,22.9100750822087));
#5800=CARTESIAN_POINT('Ctrl Pts',(9.45396929145793,18.4028161975974,22.790338866599));
#5801=CARTESIAN_POINT('Ctrl Pts',(9.53199341774821,18.6613676989427,22.5384445669772));
#5802=CARTESIAN_POINT('Ctrl Pts',(9.52299345676352,18.9837737758401,22.0435826788968));
#5803=CARTESIAN_POINT('Ctrl Pts',(9.50000000193502,19.1008007070184,21.6218086785508));
#5804=CARTESIAN_POINT('Ctrl Pts',(9.50000000000044,19.1008006996584,21.3999996146278));
#5805=CARTESIAN_POINT('Ctrl Pts',(9.61153052222173,17.9710350651551,22.7942337429086));
#5806=CARTESIAN_POINT('Ctrl Pts',(9.71614036260066,18.1079222889152,22.656349006862));
#5807=CARTESIAN_POINT('Ctrl Pts',(9.80953754560391,18.3119559447943,22.3821909460902));
#5808=CARTESIAN_POINT('Ctrl Pts',(9.78776999338348,18.5180386294914,21.9229801954742));
#5809=CARTESIAN_POINT('Ctrl Pts',(9.75118455333842,18.5828665154997,21.5793973468436));
#5810=CARTESIAN_POINT('Ctrl Pts',(9.75118455031711,18.5828665069984,21.3999996438371));
#5811=CARTESIAN_POINT('Ctrl Pts',(9.93412148371764,17.7873126266743,22.842431206394));
#5812=CARTESIAN_POINT('Ctrl Pts',(10.0857005682339,17.9371660509155,22.6977228116484));
#5813=CARTESIAN_POINT('Ctrl Pts',(10.246434763947,18.1659739769249,22.3967039810615));
#5814=CARTESIAN_POINT('Ctrl Pts',(10.289960793313,18.3581139748453,21.8886096559125));
#5815=CARTESIAN_POINT('Ctrl Pts',(10.2756005257608,18.4000000092226,21.5642660526932));
#5816=CARTESIAN_POINT('Ctrl Pts',(10.2756005247436,18.400000000001,21.3999996541339));
#5817=CARTESIAN_POINT('Ctrl Pts',(10.0723025936371,17.7333332989982,22.8907117825858));
#5818=CARTESIAN_POINT('Ctrl Pts',(10.2439568795128,17.8960799688289,22.7451467424522));
#5819=CARTESIAN_POINT('Ctrl Pts',(10.4335592957183,18.1498338015236,22.4328670701099));
#5820=CARTESIAN_POINT('Ctrl Pts',(10.5048517472368,18.3591405438069,21.8927221796822));
#5821=CARTESIAN_POINT('Ctrl Pts',(10.5000000001643,18.4000000092521,21.5643328332788));
#5822=CARTESIAN_POINT('Ctrl Pts',(10.5,18.400000000001,21.3999996541407));
#5823=CARTESIAN_POINT('Ctrl Pts',(10.0723025057418,17.7333333333338,22.8907117518751));
#5824=CARTESIAN_POINT('Ctrl Pts',(10.1151722222635,17.7739784140526,22.8543576864541));
#5825=CARTESIAN_POINT('Ctrl Pts',(10.1544345993838,17.8139700386625,22.8153987120059));
#5826=CARTESIAN_POINT('Ctrl Pts',(10.190257957349,17.8529435054517,22.7740028879857));
#5827=CARTESIAN_POINT('Ctrl Pts',(10.2259590434908,17.8917839485066,22.7327483556583));
#5828=CARTESIAN_POINT('Ctrl Pts',(10.2582442918979,17.9296140261086,22.6890730938062));
#5829=CARTESIAN_POINT('Ctrl Pts',(10.2872400790199,17.9660519546719,22.6431189435695));
#5830=CARTESIAN_POINT('Ctrl Pts',(10.3159778811105,18.0021656830296,22.5975736624849));
#5831=CARTESIAN_POINT('Ctrl Pts',(10.3414842333668,18.0369127409734,22.5497893843724));
#5832=CARTESIAN_POINT('Ctrl Pts',(10.3638464842921,18.0698886050269,22.4998872975679));
#5833=CARTESIAN_POINT('Ctrl Pts',(10.3862087352174,18.1028644690804,22.4499852107634));
#5834=CARTESIAN_POINT('Ctrl Pts',(10.4054266863242,18.1340700402041,22.3979648569304));
#5835=CARTESIAN_POINT('Ctrl Pts',(10.4215552037164,18.1630549244162,22.3439374124872));
#5836=CARTESIAN_POINT('Ctrl Pts',(10.4220788077294,18.1639959037585,22.3421834393208));
#5837=CARTESIAN_POINT('Ctrl Pts',(10.4225991529588,18.1649345378764,22.3404273502809));
#5838=CARTESIAN_POINT('Ctrl Pts',(10.4231162564634,18.1658708197068,22.3386691533522));
#5839=CARTESIAN_POINT('Ctrl Pts',(10.4339541685618,18.1854942414923,22.3018193087927));
#5840=CARTESIAN_POINT('Ctrl Pts',(10.4434317505658,18.2042054585051,22.263811503423));
#5841=CARTESIAN_POINT('Ctrl Pts',(10.4516412247696,18.2218440362615,22.2248184163608));
#5842=CARTESIAN_POINT('Ctrl Pts',(10.4600896391515,18.2399959921961,22.184690419201));
#5843=CARTESIAN_POINT('Ctrl Pts',(10.4671953985627,18.2570116285166,22.1435191934661));
#5844=CARTESIAN_POINT('Ctrl Pts',(10.473105829056,18.2727351230528,22.101519377071));
#5845=CARTESIAN_POINT('Ctrl Pts',(10.4793362442401,18.2893098715788,22.0572457333667));
#5846=CARTESIAN_POINT('Ctrl Pts',(10.4842388147329,18.3044482456393,22.0120516572193));
#5847=CARTESIAN_POINT('Ctrl Pts',(10.4880317536682,18.3179955013129,21.9662134222589));
#5848=CARTESIAN_POINT('Ctrl Pts',(10.4901792793925,18.3256658278192,21.9402602523262));
#5849=CARTESIAN_POINT('Ctrl Pts',(10.4919718727681,18.3328266305027,21.9141010036906));
#5850=CARTESIAN_POINT('Ctrl Pts',(10.4934541515628,18.3394544484654,21.8877883927846));
#5851=CARTESIAN_POINT('Ctrl Pts',(10.4934668953855,18.339511430821,21.8875621713404));
#5852=CARTESIAN_POINT('Ctrl Pts',(10.4934796162891,18.3395683738023,21.887335938569));
#5853=CARTESIAN_POINT('Ctrl Pts',(10.4934923143115,18.3396252774021,21.8871096944985));
#5854=CARTESIAN_POINT('Ctrl Pts',(10.4976739435684,18.3583643968598,21.8126044843229));
#5855=CARTESIAN_POINT('Ctrl Pts',(10.49937078411,18.3728307318653,21.7368700290515));
#5856=CARTESIAN_POINT('Ctrl Pts',(10.4999862436675,18.3828940116663,21.66046312093));
#5857=CARTESIAN_POINT('Ctrl Pts',(10.5006808875037,18.3942520208179,21.5742257928564));
#5858=CARTESIAN_POINT('Ctrl Pts',(10.4999999962003,18.4000000049061,21.4871324941208));
#5859=CARTESIAN_POINT('Ctrl Pts',(10.5,18.400000000001,21.3999996541407));
#5860=CARTESIAN_POINT('Ctrl Pts',(9.50000000000014,19.4,21.3999996228171));
#5861=CARTESIAN_POINT('Ctrl Pts',(9.50000000016444,19.4000000003756,21.6464993817091));
#5862=CARTESIAN_POINT('Ctrl Pts',(9.50121293675649,19.3318500139229,21.8820643775266));
#5863=CARTESIAN_POINT('Ctrl Pts',(9.49672708797794,19.2424777498446,22.0776054668423));
#5864=CARTESIAN_POINT('Ctrl Pts',(9.49224123889555,19.1531054797131,22.2731465694022));
#5865=CARTESIAN_POINT('Ctrl Pts',(9.48205660362379,19.042510929081,22.4286637600742));
#5866=CARTESIAN_POINT('Ctrl Pts',(9.46077762933791,18.9281586349731,22.5614813338054));
#5867=CARTESIAN_POINT('Ctrl Pts',(9.4288591717048,18.7566302142092,22.7607076707106));
#5868=CARTESIAN_POINT('Ctrl Pts',(9.37197845717824,18.5766468726066,22.9088598817595));
#5869=CARTESIAN_POINT('Ctrl Pts',(9.2861513295752,18.4000000000002,23.0180336570687));
#5870=CARTESIAN_POINT('Origin',(14.5,18.4000000000002,21.3999996847125));
#5871=CARTESIAN_POINT('',(14.5,18.4000000000001,21.3999996847125));
#5872=CARTESIAN_POINT('',(10.5,18.4000000000001,21.3999996541407));
#5873=CARTESIAN_POINT('',(14.5,18.4000000000001,21.3999996847125));
#5874=CARTESIAN_POINT('Origin',(12.4999999999999,16.4000000000008,21.3999997668747));
#5875=CARTESIAN_POINT('',(16.5,16.4000000000006,23.3999994491596));
#5876=CARTESIAN_POINT('',(8.49999999999999,16.4000000000011,23.3999994491596));
#5877=CARTESIAN_POINT('',(14.9276974329949,17.7333333914173,22.8907116999232));
#5878=CARTESIAN_POINT('Ctrl Pts',(16.5,16.4000000000006,23.3999994491596));
#5879=CARTESIAN_POINT('Ctrl Pts',(16.4826169921455,16.4142170330999,23.3999994491596));
#5880=CARTESIAN_POINT('Ctrl Pts',(16.465196847755,16.4284179677253,23.3998571559149));
#5881=CARTESIAN_POINT('Ctrl Pts',(15.8993727988485,16.8908877507356,23.3895786686228));
#5882=CARTESIAN_POINT('Ctrl Pts',(15.3311046939102,17.3508601046036,23.2328062343049));
#5883=CARTESIAN_POINT('Ctrl Pts',(14.9276974329949,17.7333333914173,22.8907116999232));
#5884=CARTESIAN_POINT('Ctrl Pts',(14.9276974329949,17.7333333914173,22.8907116999232));
#5885=CARTESIAN_POINT('Ctrl Pts',(14.7560431503948,17.8960800491551,22.7451466731209));
#5886=CARTESIAN_POINT('Ctrl Pts',(14.5664398599187,18.1498332970615,22.4328663144455));
#5887=CARTESIAN_POINT('Ctrl Pts',(14.4951474080633,18.3591402677368,21.8927217945733));
#5888=CARTESIAN_POINT('Ctrl Pts',(14.5000000064358,18.4000000094022,21.5643328358212));
#5889=CARTESIAN_POINT('Ctrl Pts',(14.5,18.4000000000001,21.3999996847125));
#5890=CARTESIAN_POINT('Origin',(8.50000000000001,17.4000000000007,22.3999994491596));
#5891=CARTESIAN_POINT('',(8.49999999999999,18.4000000000002,23.3999995280947));
#5892=CARTESIAN_POINT('Origin',(8.49999967507572,18.4000000000002,22.3999991937198));
#5893=CARTESIAN_POINT('',(8.50000000000001,18.4000000000002,23.3999994491596));
#5894=CARTESIAN_POINT('Origin',(14.5,19.4000000000002,20.8999998423563));
#5895=CARTESIAN_POINT('',(15.5,19.4000000000002,21.399999575456));
#5896=CARTESIAN_POINT('Origin',(14.5,19.4000000000001,21.3999996847124));
#5897=CARTESIAN_POINT('',(15.5,19.4000000000002,20.4));
#5898=CARTESIAN_POINT('Ctrl Pts',(15.7138487164975,18.4000000871256,23.0180335578036));
#5899=CARTESIAN_POINT('Ctrl Pts',(15.9155523469552,17.826290156905,23.2746044585899));
#5900=CARTESIAN_POINT('Ctrl Pts',(16.1996863834285,17.1363315574445,23.3921834767017));
#5901=CARTESIAN_POINT('Ctrl Pts',(16.4825984257271,16.4426269593364,23.3998926566405));
#5902=CARTESIAN_POINT('Ctrl Pts',(16.4913133659573,16.4213076517753,23.3999994491596));
#5903=CARTESIAN_POINT('Ctrl Pts',(16.5,16.4000000000006,23.3999994491596));
#5904=CARTESIAN_POINT('Ctrl Pts',(15.6395858624253,18.2632907769872,22.9235697778457));
#5905=CARTESIAN_POINT('Ctrl Pts',(15.821794196228,17.7470197842199,23.2197710162132));
#5906=CARTESIAN_POINT('Ctrl Pts',(16.1493769937282,17.0953522923327,23.3909483033852));
#5907=CARTESIAN_POINT('Ctrl Pts',(16.4797049556849,16.440259893085,23.3998267247584));
#5908=CARTESIAN_POINT('Ctrl Pts',(16.489863970322,16.4201258819961,23.3999994491596));
#5909=CARTESIAN_POINT('Ctrl Pts',(16.5,16.4000000000006,23.3999994491596));
#5910=CARTESIAN_POINT('Ctrl Pts',(15.4109694663447,17.9901790051499,22.7979487093176));
#5911=CARTESIAN_POINT('Ctrl Pts',(15.6268126207444,17.5879350461792,23.1585399159583));
#5912=CARTESIAN_POINT('Ctrl Pts',(16.0494874323924,17.0134046986443,23.3890974842156));
#5913=CARTESIAN_POINT('Ctrl Pts',(16.4739007550283,16.4355253121483,23.3997580276104));
#5914=CARTESIAN_POINT('Ctrl Pts',(16.4869651790514,16.4177623424376,23.3999994491596));
#5915=CARTESIAN_POINT('Ctrl Pts',(16.5,16.4000000000006,23.3999994491596));
#5916=CARTESIAN_POINT('Ctrl Pts',(15.0889087254201,17.7963092747836,22.8343843530463));
#5917=CARTESIAN_POINT('Ctrl Pts',(15.4294661998628,17.4284700339116,23.1932754592799));
#5918=CARTESIAN_POINT('Ctrl Pts',(15.9494145632954,16.9318621077444,23.3890966089299));
#5919=CARTESIAN_POINT('Ctrl Pts',(16.4680979911252,16.4307838158322,23.3998056574505));
#5920=CARTESIAN_POINT('Ctrl Pts',(16.4840663877808,16.4153988028792,23.3999994491596));
#5921=CARTESIAN_POINT('Ctrl Pts',(16.5,16.4000000000006,23.3999994491596));
#5922=CARTESIAN_POINT('Ctrl Pts',(14.9276974329949,17.7333333914173,22.8907116999232));
#5923=CARTESIAN_POINT('Ctrl Pts',(15.3311046939102,17.3508601046036,23.2328062343049));
#5924=CARTESIAN_POINT('Ctrl Pts',(15.8993727988485,16.8908877507356,23.3895786686228));
#5925=CARTESIAN_POINT('Ctrl Pts',(16.4651968477551,16.4284179677253,23.3998571559149));
#5926=CARTESIAN_POINT('Ctrl Pts',(16.4826169921456,16.4142170330999,23.3999994491596));
#5927=CARTESIAN_POINT('Ctrl Pts',(16.5,16.4000000000006,23.3999994491596));
#5928=CARTESIAN_POINT('',(15.7138487087766,18.4000000000002,23.0180336269179));
#5929=CARTESIAN_POINT('Origin',(14.927697432995,18.4000000871255,23.6360676664475));
#5930=CARTESIAN_POINT('Ctrl Pts',(16.5,16.4000000000006,23.3999994491596));
#5931=CARTESIAN_POINT('Ctrl Pts',(16.4913133659572,16.4213076517753,23.3999994491596));
#5932=CARTESIAN_POINT('Ctrl Pts',(16.482598425727,16.4426269593364,23.3998926566405));
#5933=CARTESIAN_POINT('Ctrl Pts',(16.1996863973104,17.1363315234057,23.39218347708));
#5934=CARTESIAN_POINT('Ctrl Pts',(15.9155523757215,17.8262900870522,23.2746044704938));
#5935=CARTESIAN_POINT('Ctrl Pts',(15.7138487471288,18.4000000000002,23.0180335967672));
#5936=CARTESIAN_POINT('Ctrl Pts',(15.4999999999998,19.4000000000002,21.399999575456));
#5937=CARTESIAN_POINT('Ctrl Pts',(15.4999999997761,19.4000000103934,21.6464993242374));
#5938=CARTESIAN_POINT('Ctrl Pts',(15.4975736917262,19.2636970080777,22.1176248912575));
#5939=CARTESIAN_POINT('Ctrl Pts',(15.5332199045294,18.8766153153882,22.661935109363));
#5940=CARTESIAN_POINT('Ctrl Pts',(15.6280215424632,18.576646900793,22.9088598826118));
#5941=CARTESIAN_POINT('Ctrl Pts',(15.713848678157,18.4000000142351,23.0180336669046));
#5942=CARTESIAN_POINT('Ctrl Pts',(15.4999999999997,19.1008006996584,21.3999995945173));
#5943=CARTESIAN_POINT('Ctrl Pts',(15.4999999983821,19.1008007093801,21.621808641038));
#5944=CARTESIAN_POINT('Ctrl Pts',(15.477005518286,18.9837707805218,22.0435775476914));
#5945=CARTESIAN_POINT('Ctrl Pts',(15.4680049021519,18.6613639877653,22.5384390680579));
#5946=CARTESIAN_POINT('Ctrl Pts',(15.5460306931175,18.4028162408162,22.7903388278355));
#5947=CARTESIAN_POINT('Ctrl Pts',(15.6289768437812,18.2437608070779,22.9100750473317));
#5948=CARTESIAN_POINT('Ctrl Pts',(15.2488000743801,18.5828849551934,21.3999996276034));
#5949=CARTESIAN_POINT('Ctrl Pts',(15.2488000717822,18.5828849651365,21.5793973166784));
#5950=CARTESIAN_POINT('Ctrl Pts',(15.2122180877059,18.518049801781,21.9229791416262));
#5951=CARTESIAN_POINT('Ctrl Pts',(15.1904510863991,18.311965649646,22.382190349974));
#5952=CARTESIAN_POINT('Ctrl Pts',(15.2838571779543,18.1079248566842,22.6563537141079));
#5953=CARTESIAN_POINT('Ctrl Pts',(15.388467006876,17.9710376376857,22.7942384528038));
#5954=CARTESIAN_POINT('Ctrl Pts',(14.7243994752563,18.4000000000008,21.3999996392437));
#5955=CARTESIAN_POINT('Ctrl Pts',(14.724399474163,18.4000000103492,21.5642660256146));
#5956=CARTESIAN_POINT('Ctrl Pts',(14.7100382067915,18.3581135481981,21.8886083112903));
#5957=CARTESIAN_POINT('Ctrl Pts',(14.7535642311783,18.1659733674798,22.3967023856883));
#5958=CARTESIAN_POINT('Ctrl Pts',(14.9142994011582,17.9371660896806,22.6977227654078));
#5959=CARTESIAN_POINT('Ctrl Pts',(15.0658784720972,17.7873126703795,22.8424311642087));
#5960=CARTESIAN_POINT('Ctrl Pts',(14.5,18.4000000000007,21.3999996392622));
#5961=CARTESIAN_POINT('Ctrl Pts',(14.4999999995526,18.4000000104538,21.5643328064354));
#5962=CARTESIAN_POINT('Ctrl Pts',(14.4951473834528,18.3591402648287,21.8927217831017));
#5963=CARTESIAN_POINT('Ctrl Pts',(14.5664398090593,18.1498332747268,22.4328663287437));
#5964=CARTESIAN_POINT('Ctrl Pts',(14.7560430849269,17.8960800114578,22.7451466949689));
#5965=CARTESIAN_POINT('Ctrl Pts',(14.9276973563144,17.7333333464487,22.8907117401443));
#5966=CARTESIAN_POINT('Ctrl Pts',(15.7138486704243,18.4000000000002,23.0180336570685));
#5967=CARTESIAN_POINT('Ctrl Pts',(15.6280215360977,18.5766468869889,22.9088598732185));
#5968=CARTESIAN_POINT('Ctrl Pts',(15.5711405558236,18.7566279343769,22.7607050124669));
#5969=CARTESIAN_POINT('Ctrl Pts',(15.5392219951279,18.928155648287,22.5614775838472));
#5970=CARTESIAN_POINT('Ctrl Pts',(15.5179429541033,19.0425074605742,22.4286592946003));
#5971=CARTESIAN_POINT('Ctrl Pts',(15.5077583223434,19.153102235575,22.2731420850541));
#5972=CARTESIAN_POINT('Ctrl Pts',(15.5032725838292,19.2424753755222,22.0776020816138));
#5973=CARTESIAN_POINT('Ctrl Pts',(15.4987868457286,19.3318485072299,21.8820620962006));
#5974=CARTESIAN_POINT('Ctrl Pts',(15.4999999997761,19.4000000077972,21.6464993242374));
#5975=CARTESIAN_POINT('Ctrl Pts',(15.4999999999998,19.4000000000002,21.399999575456));
#5976=CARTESIAN_POINT('Ctrl Pts',(16.5,18.4000000000006,23.3999996070303));
#5977=CARTESIAN_POINT('Ctrl Pts',(16.5000000000001,20.4000000631497,23.3999996070305));
#5978=CARTESIAN_POINT('Ctrl Pts',(16.5,20.4000000000004,21.3999995438815));
#5979=CARTESIAN_POINT('Ctrl Pts',(15.4999999999996,18.4000000000006,23.3999996070305));
#5980=CARTESIAN_POINT('Ctrl Pts',(15.4999999999997,20.4000000631499,23.3999996070307));
#5981=CARTESIAN_POINT('Ctrl Pts',(15.4999999999996,20.4000000000006,21.3999995438815));
#5982=CARTESIAN_POINT('Ctrl Pts',(15.4999999999998,18.4000000000006,22.3999996070301));
#5983=CARTESIAN_POINT('Ctrl Pts',(15.4999999999998,19.4000000315749,22.3999996070302));
#5984=CARTESIAN_POINT('Ctrl Pts',(15.4999999999998,19.4000000000002,21.399999575456));
#5985=CARTESIAN_POINT('',(16.4999999999998,18.4000000000002,23.3999995280949));
#5986=CARTESIAN_POINT('Origin',(16.5000000000002,18.4000000000002,22.3999998624702));
#5987=CARTESIAN_POINT('',(16.5,20.4000000000002,21.399999575456));
#5988=CARTESIAN_POINT('Origin',(16.5,18.4000000000004,21.3999996070305));
#5989=CARTESIAN_POINT('Origin',(16.5,19.4000000000002,21.399999575456));
#5990=CARTESIAN_POINT('Origin',(16.5,17.4000000000004,22.3999994491596));
#5991=CARTESIAN_POINT('',(16.5,16.4000000000006,23.3999994491595));
#5992=CARTESIAN_POINT('Origin',(26.5,19.4000000000002,20.8999998882139));
#5993=CARTESIAN_POINT('',(26.5,18.4000000000001,21.3999997764277));
#5994=CARTESIAN_POINT('',(26.5,18.4000000000002,20.4));
#5995=CARTESIAN_POINT('',(25.5,19.4000000000001,21.3999996228171));
#5996=CARTESIAN_POINT('',(25.5,19.4000000000001,21.3999996228171));
#5997=CARTESIAN_POINT('Origin',(26.5000000000001,19.4000000000002,21.3999996228171));
#5998=CARTESIAN_POINT('Ctrl Pts',(24.5,16.4000000000001,23.3999994491596));
#5999=CARTESIAN_POINT('Ctrl Pts',(24.5082207459833,16.4201681507714,23.3999994491596));
#6000=CARTESIAN_POINT('Ctrl Pts',(24.5164763183813,16.4403564917619,23.3999061617314));
#6001=CARTESIAN_POINT('Ctrl Pts',(24.7991248873739,17.1336674380176,23.3924844165435));
#6002=CARTESIAN_POINT('Ctrl Pts',(25.0841076990542,17.8253232320899,23.2750368603941));
#6003=CARTESIAN_POINT('Ctrl Pts',(25.2861512528717,18.4000000000002,23.0180335967666));
#6004=CARTESIAN_POINT('Ctrl Pts',(24.5,16.4000000000001,23.3999994491596));
#6005=CARTESIAN_POINT('Ctrl Pts',(24.5109929671044,16.4179223849453,23.3999994491596));
#6006=CARTESIAN_POINT('Ctrl Pts',(24.5219304265926,16.4358872228739,23.3995475364664));
#6007=CARTESIAN_POINT('Ctrl Pts',(24.8996046606054,17.0515751953652,23.3931735661587));
#6008=CARTESIAN_POINT('Ctrl Pts',(25.2724278091947,17.6677474862083,23.1728078848106));
#6009=CARTESIAN_POINT('Ctrl Pts',(25.4346769667752,18.126581397145,22.829106048797));
#6010=CARTESIAN_POINT('Ctrl Pts',(24.5,16.4000000000001,23.3999994491596));
#6011=CARTESIAN_POINT('Ctrl Pts',(24.5137300682842,16.4156971651946,23.3999994491596));
#6012=CARTESIAN_POINT('Ctrl Pts',(24.5274451800101,16.4313828326909,23.3995581261654));
#6013=CARTESIAN_POINT('Ctrl Pts',(24.9983630923164,16.9707410966055,23.3918824267206));
#6014=CARTESIAN_POINT('Ctrl Pts',(25.47365951781,17.505336314464,23.160910208208));
#6015=CARTESIAN_POINT('Ctrl Pts',(25.7498799399538,17.8592851043708,22.7780570631034));
#6016=CARTESIAN_POINT('Ctrl Pts',(24.5,16.4000000000001,23.3999994491596));
#6017=CARTESIAN_POINT('Ctrl Pts',(24.5164517806435,16.4134580417596,23.3999994491596));
#6018=CARTESIAN_POINT('Ctrl Pts',(24.5329526403214,16.4269043230373,23.3998751635698));
#6019=CARTESIAN_POINT('Ctrl Pts',(25.0982497363729,16.889111672679,23.3899798981724));
#6020=CARTESIAN_POINT('Ctrl Pts',(25.6682153981084,17.3502154880602,23.2333827700436));
#6021=CARTESIAN_POINT('Ctrl Pts',(26.0723025057432,17.7333333333335,22.8907117518737));
#6022=CARTESIAN_POINT('',(26.0723025057432,17.7333333333335,22.8907117518737));
#6023=CARTESIAN_POINT('',(25.2861512912238,18.4000000000002,23.0180336269172));
#6024=CARTESIAN_POINT('Origin',(26.0723025057433,18.4000000000002,23.6360677443735));
#6025=CARTESIAN_POINT('',(24.5246830589546,16.460486871664,23.399690670326));
#6026=CARTESIAN_POINT('Ctrl Pts',(25.2861512528717,18.4000000000002,23.0180335967666));
#6027=CARTESIAN_POINT('Ctrl Pts',(25.0841076990542,17.8253232320899,23.2750368603941));
#6028=CARTESIAN_POINT('Ctrl Pts',(24.7991248873739,17.1336674380176,23.3924844165435));
#6029=CARTESIAN_POINT('Ctrl Pts',(24.5246830589546,16.460486871664,23.399690670326));
#6030=CARTESIAN_POINT('',(24.5,16.4000000000001,23.3999995285882));
#6031=CARTESIAN_POINT('Ctrl Pts',(24.5246830589546,16.460486871664,23.399690670326));
#6032=CARTESIAN_POINT('Ctrl Pts',(24.5164763183812,16.4403564917619,23.3999061617314));
#6033=CARTESIAN_POINT('Ctrl Pts',(24.5082207459832,16.4201681507714,23.3999994491596));
#6034=CARTESIAN_POINT('Ctrl Pts',(24.5,16.4000000000001,23.3999994491596));
#6035=CARTESIAN_POINT('',(24.5493661202506,16.4403245778192,23.3995878531606));
#6036=CARTESIAN_POINT('Ctrl Pts',(24.5,16.4000000000001,23.3999994491596));
#6037=CARTESIAN_POINT('Ctrl Pts',(24.5164517806435,16.4134580417596,23.3999994491596));
#6038=CARTESIAN_POINT('Ctrl Pts',(24.5329526403214,16.4269043230373,23.3998751635698));
#6039=CARTESIAN_POINT('Ctrl Pts',(24.5493661202506,16.4403245778192,23.3995878531606));
#6040=CARTESIAN_POINT('Ctrl Pts',(24.5493661202506,16.4403245778192,23.3995878531606));
#6041=CARTESIAN_POINT('Ctrl Pts',(25.0982497363729,16.889111672679,23.3899798981724));
#6042=CARTESIAN_POINT('Ctrl Pts',(25.6682153981084,17.3502154880602,23.2333827700436));
#6043=CARTESIAN_POINT('Ctrl Pts',(26.0723025057432,17.7333333333335,22.8907117518737));
#6044=CARTESIAN_POINT('Ctrl Pts',(25.2861512968194,18.3999999627321,23.0180336987348));
#6045=CARTESIAN_POINT('Ctrl Pts',(25.4005865159733,18.635527148572,22.8724698961266));
#6046=CARTESIAN_POINT('Ctrl Pts',(25.4771614331323,18.9437254519184,22.6102995444066));
#6047=CARTESIAN_POINT('Ctrl Pts',(25.5011235696009,19.3006789248382,22.0022045836019));
#6048=CARTESIAN_POINT('Ctrl Pts',(25.500000000321,19.4000000016374,21.6464998835797));
#6049=CARTESIAN_POINT('Ctrl Pts',(25.5000000000001,19.4000000000001,21.3999996228171));
#6050=CARTESIAN_POINT('Ctrl Pts',(25.3710231319682,18.2437607606695,22.9100750822078));
#6051=CARTESIAN_POINT('Ctrl Pts',(25.4816170724357,18.4558328765404,22.7504281500868));
#6052=CARTESIAN_POINT('Ctrl Pts',(25.5363050277537,18.7169269663803,22.4891096984589));
#6053=CARTESIAN_POINT('Ctrl Pts',(25.516046407,19.0154234804382,21.940967799666));
#6054=CARTESIAN_POINT('Ctrl Pts',(25.5000000029945,19.1008007018026,21.6218091442729));
#6055=CARTESIAN_POINT('Ctrl Pts',(25.5000000000001,19.1008006996583,21.3999996371159));
#6056=CARTESIAN_POINT('Ctrl Pts',(25.611536045524,17.9710407971545,22.7942444936305));
#6057=CARTESIAN_POINT('Ctrl Pts',(25.7510146486325,18.1535555462578,22.6103997396273));
#6058=CARTESIAN_POINT('Ctrl Pts',(25.8131820407124,18.3502364156211,22.3281694765489));
#6059=CARTESIAN_POINT('Ctrl Pts',(25.777046104495,18.5351141282652,21.8394122927607));
#6060=CARTESIAN_POINT('Ctrl Pts',(25.7512193535348,18.5829082657312,21.5793977240211));
#6061=CARTESIAN_POINT('Ctrl Pts',(25.751219348608,18.5829082600396,21.3999996620758));
#6062=CARTESIAN_POINT('Ctrl Pts',(25.9341214837189,17.787312626674,22.8424312063926));
#6063=CARTESIAN_POINT('Ctrl Pts',(26.1362252140884,17.9871154962649,22.6494883178733));
#6064=CARTESIAN_POINT('Ctrl Pts',(26.2620547515465,18.2068697682895,22.3296368853012));
#6065=CARTESIAN_POINT('Ctrl Pts',(26.2849189178771,18.3682440371374,21.8081006820078));
#6066=CARTESIAN_POINT('Ctrl Pts',(26.2756005266753,18.4000000074786,21.5642663993287));
#6067=CARTESIAN_POINT('Ctrl Pts',(26.2756005247436,18.4,21.3999996707932));
#6068=CARTESIAN_POINT('Ctrl Pts',(26.0723025936385,17.7333332989979,22.8907117825844));
#6069=CARTESIAN_POINT('Ctrl Pts',(26.3011730319465,17.9503270167672,22.6966267098449));
#6070=CARTESIAN_POINT('Ctrl Pts',(26.4543228662642,18.1954851039282,22.3597450169831));
#6071=CARTESIAN_POINT('Ctrl Pts',(26.5022471392016,18.3687083557564,21.8104705724744));
#6072=CARTESIAN_POINT('Ctrl Pts',(26.5000000006417,18.4000000076312,21.5643331805815));
#6073=CARTESIAN_POINT('Ctrl Pts',(26.5,18.4,21.3999996708361));
#6074=CARTESIAN_POINT('Ctrl Pts',(26.0723025057432,17.7333333333335,22.8907117518737));
#6075=CARTESIAN_POINT('Ctrl Pts',(26.3011729649426,17.950327046227,22.6966266962625));
#6076=CARTESIAN_POINT('Ctrl Pts',(26.4236928475936,18.1464535062033,22.4271213472199));
#6077=CARTESIAN_POINT('Ctrl Pts',(26.4701050776136,18.2648665695593,22.122123379059));
#6078=CARTESIAN_POINT('Ctrl Pts',(26.4817081354192,18.294469836165,22.0458738850441));
#6079=CARTESIAN_POINT('Ctrl Pts',(26.4885544646889,18.3192160152303,21.9674061022193));
#6080=CARTESIAN_POINT('Ctrl Pts',(26.4928690030288,18.3391903174874,21.8877456439841));
#6081=CARTESIAN_POINT('Ctrl Pts',(26.5014980760122,18.3791389048891,21.7284247957611));
#6082=CARTESIAN_POINT('Ctrl Pts',(26.4999999939527,18.4000000014109,21.5643332499837));
#6083=CARTESIAN_POINT('Ctrl Pts',(26.5,18.4000000000001,21.3999997764277));
#6084=CARTESIAN_POINT('Ctrl Pts',(25.5000000000001,19.4000000000001,21.3999996228171));
#6085=CARTESIAN_POINT('Ctrl Pts',(25.500000000321,19.3999999990412,21.6464998835797));
#6086=CARTESIAN_POINT('Ctrl Pts',(25.5007490465249,19.3337859500106,21.8836363326493));
#6087=CARTESIAN_POINT('Ctrl Pts',(25.4964345136101,19.2437234729371,22.0785094127537));
#6088=CARTESIAN_POINT('Ctrl Pts',(25.4942772466907,19.1986922247555,22.1759459736751));
#6089=CARTESIAN_POINT('Ctrl Pts',(25.4908540844352,19.1476988670042,22.2628166878368));
#6090=CARTESIAN_POINT('Ctrl Pts',(25.4850525580069,19.0945762484287,22.3428000731258));
#6091=CARTESIAN_POINT('Ctrl Pts',(25.4618464543634,18.8820857930788,22.6627335857471));
#6092=CARTESIAN_POINT('Ctrl Pts',(25.4005865308138,18.635527170855,22.8724698563051));
#6093=CARTESIAN_POINT('Ctrl Pts',(25.286151329576,18.4000000000002,23.0180336570678));
#6094=CARTESIAN_POINT('Origin',(41.,18.4000000000002,21.3999998872503));
#6095=CARTESIAN_POINT('',(41.,18.4000000000002,21.3999998872503));
#6096=CARTESIAN_POINT('',(26.5,18.4000000000001,21.3999997764277));
#6097=CARTESIAN_POINT('',(41.,18.4000000000002,21.3999998872503));
#6098=CARTESIAN_POINT('Origin',(32.7499999999999,16.3999999999997,21.3999997668736));
#6099=CARTESIAN_POINT('',(41.,16.4000000000002,23.3999998345853));
#6100=CARTESIAN_POINT('',(24.5,16.4000000000001,23.3999997668741));
#6101=CARTESIAN_POINT('Origin',(40.9999999999999,16.4000000300944,21.3999998872502));
#6102=CARTESIAN_POINT('Origin',(24.5,17.4000000000002,22.3999994491596));
#6103=CARTESIAN_POINT('',(24.5,18.4000000000002,23.3999995280948));
#6104=CARTESIAN_POINT('Origin',(24.4999996750755,18.4000000000002,22.3999991937196));
#6105=CARTESIAN_POINT('',(24.5,18.4000000000002,23.3999994491596));
#6106=CARTESIAN_POINT('Ctrl Pts',(-38.4999999999999,20.4000000000002,21.3999992772765));
#6107=CARTESIAN_POINT('Ctrl Pts',(-38.5,20.3999999868984,23.3999992641748));
#6108=CARTESIAN_POINT('Ctrl Pts',(-38.5,18.4,23.3999992641748));
#6109=CARTESIAN_POINT('Ctrl Pts',(-37.4999999999998,20.4000000000003,21.3999992772765));
#6110=CARTESIAN_POINT('Ctrl Pts',(-37.4999999999999,20.3999999868985,23.399999264175));
#6111=CARTESIAN_POINT('Ctrl Pts',(-37.4999999999999,18.4,23.399999264175));
#6112=CARTESIAN_POINT('Ctrl Pts',(-37.4999999999998,19.4000000000002,21.3999992707256));
#6113=CARTESIAN_POINT('Ctrl Pts',(-37.4999999999998,19.3999999934493,22.3999992641748));
#6114=CARTESIAN_POINT('Ctrl Pts',(-37.4999999999998,18.4,22.3999992641748));
#6115=CARTESIAN_POINT('',(-38.4999999999998,20.4000000000002,21.3999992772765));
#6116=CARTESIAN_POINT('Origin',(-38.5,19.4000000000002,21.3999992707256));
#6117=CARTESIAN_POINT('Origin',(-38.5,18.4000000000002,21.3999992641748));
#6118=CARTESIAN_POINT('Origin',(-38.5,19.4000000000002,20.8999996386382));
#6119=CARTESIAN_POINT('',(-38.5,20.4000000000002,20.4));
#6120=CARTESIAN_POINT('Origin',(41.,18.4000000000002,23.3999994491596));
#6121=CARTESIAN_POINT('',(-41.3699999999951,18.4000000000002,23.3999992968647));
#6122=CARTESIAN_POINT('',(-38.5,18.4000000000002,23.3999994491596));
#6123=CARTESIAN_POINT('',(-41.3699999999951,-18.4,23.3999992968631));
#6124=CARTESIAN_POINT('',(-41.3699999999951,18.4000000000002,23.3999992438392));
#6125=CARTESIAN_POINT('',(-38.5,-18.4,23.3999993566673));
#6126=CARTESIAN_POINT('',(-41.3699999999951,-18.4,23.3999994491596));
#6127=CARTESIAN_POINT('',(-38.5,-16.3999999999998,23.3999994491596));
#6128=CARTESIAN_POINT('',(-38.5,-18.4,23.3999994491596));
#6129=CARTESIAN_POINT('',(-31.5,-16.4000000000002,23.3999994491596));
#6130=CARTESIAN_POINT('',(-38.5,-16.3999999999998,23.3999994491596));
#6131=CARTESIAN_POINT('',(-31.4999999999998,-18.4,23.3999994096919));
#6132=CARTESIAN_POINT('',(-31.5,-16.4000000000002,23.3999994491596));
#6133=CARTESIAN_POINT('',(-23.5,-18.4,23.3999994096921));
#6134=CARTESIAN_POINT('',(-31.4999999999998,-18.4,23.3999993702241));
#6135=CARTESIAN_POINT('',(-23.5,-16.3999999999998,23.3999994491596));
#6136=CARTESIAN_POINT('',(-23.5,-18.4,23.3999994491596));
#6137=CARTESIAN_POINT('',(-15.5,-16.4000000000002,23.3999994491596));
#6138=CARTESIAN_POINT('',(-23.5,-16.3999999999998,23.3999994491596));
#6139=CARTESIAN_POINT('',(-15.4999999999999,-18.4,23.3999994688934));
#6140=CARTESIAN_POINT('',(-15.5,-16.4000000000002,23.3999994491596));
#6141=CARTESIAN_POINT('',(-7.50000000000001,-18.4,23.3999994688935));
#6142=CARTESIAN_POINT('',(-15.4999999999999,-18.4,23.3999994886271));
#6143=CARTESIAN_POINT('',(-7.50000000000001,-16.3999999999997,23.3999994491596));
#6144=CARTESIAN_POINT('',(-7.50000000000001,-18.4,23.3999994491596));
#6145=CARTESIAN_POINT('',(0.499999999999987,-16.4000000000003,23.3999994491596));
#6146=CARTESIAN_POINT('',(-7.50000000000001,-16.3999999999997,23.3999994491596));
#6147=CARTESIAN_POINT('',(0.499999999999989,-18.4,23.3999995280947));
#6148=CARTESIAN_POINT('',(0.49999999999998,-16.4000000000003,23.3999994491596));
#6149=CARTESIAN_POINT('',(8.50000000000005,-18.4,23.399999528095));
#6150=CARTESIAN_POINT('',(0.499999999999989,-18.4,23.3999996070299));
#6151=CARTESIAN_POINT('',(8.49999999999999,-16.3999999999984,23.3999994491596));
#6152=CARTESIAN_POINT('',(8.50000000000005,-18.4,23.3999994491596));
#6153=CARTESIAN_POINT('',(16.5,-16.3999999999991,23.3999994491596));
#6154=CARTESIAN_POINT('',(8.49999999999999,-16.3999999999984,23.3999994491596));
#6155=CARTESIAN_POINT('',(16.5,-18.4,23.3999995280948));
#6156=CARTESIAN_POINT('',(16.5,-16.3999999999991,23.3999994491596));
#6157=CARTESIAN_POINT('',(24.5000000000002,-18.4,23.399999528095));
#6158=CARTESIAN_POINT('',(16.5,-18.4,23.3999996070299));
#6159=CARTESIAN_POINT('',(24.5000000000001,-16.3999999999999,23.3999994491596));
#6160=CARTESIAN_POINT('',(24.5000000000002,-18.4,23.3999994491596));
#6161=CARTESIAN_POINT('',(41.,-16.4,23.3999997476333));
#6162=CARTESIAN_POINT('',(24.5000000000001,-16.3999999999999,23.3999994491596));
#6163=CARTESIAN_POINT('',(41.,-16.4,23.3999998571566));
#6164=CARTESIAN_POINT('',(24.5,18.4000000000002,23.39999960703));
#6165=CARTESIAN_POINT('',(8.49999999999999,18.4000000000002,23.3999996070299));
#6166=CARTESIAN_POINT('',(-7.49999999999981,18.4000000000002,23.3999994886269));
#6167=CARTESIAN_POINT('',(-23.4999999999998,18.4000000000002,23.3999993702241));
#6168=CARTESIAN_POINT('Origin',(-39.9349999999975,18.4000000000002,21.3999992641748));
#6169=CARTESIAN_POINT('',(-41.3699999999951,20.4000000000002,21.3999992370605));
#6170=CARTESIAN_POINT('',(-38.4999999999998,20.4000000000002,21.3999992772765));
#6171=CARTESIAN_POINT('Origin',(-41.3699999999952,18.3999999932216,21.3999992370606));
#6172=CARTESIAN_POINT('Origin',(-38.4999999999998,20.4000000000002,21.3999992772765));
#6173=CARTESIAN_POINT('',(-41.3699999999951,20.4000000000002,20.399999675349));
#6174=CARTESIAN_POINT('Origin',(-31.5,19.4000000000002,20.8999996772187));
#6175=CARTESIAN_POINT('',(-31.5,20.4000000000002,21.3999993386502));
#6176=CARTESIAN_POINT('Origin',(-23.5,20.4000000000002,21.3999994017985));
#6177=CARTESIAN_POINT('',(-23.5,20.4000000000002,21.3999994017985));
#6178=CARTESIAN_POINT('',(-31.5,20.4000000000002,21.3999993386502));
#6179=CARTESIAN_POINT('',(-23.5,20.4000000000002,21.3999994017985));
#6180=CARTESIAN_POINT('Origin',(-27.5,18.4000000000002,21.3999993702243));
#6181=CARTESIAN_POINT('Origin',(-23.5,18.3999999999999,21.3999993702238));
#6182=CARTESIAN_POINT('Origin',(-23.5,19.4000000000002,20.8999997008993));
#6183=CARTESIAN_POINT('Origin',(-23.5,19.4000000000002,21.3999994017985));
#6184=CARTESIAN_POINT('Ctrl Pts',(-22.4999999999999,18.3999999865361,22.3999993702245));
#6185=CARTESIAN_POINT('Ctrl Pts',(-22.4999999999997,19.3999999842129,22.3999993836879));
#6186=CARTESIAN_POINT('Ctrl Pts',(-22.4999999999998,19.4000000000002,21.3999993860111));
#6187=CARTESIAN_POINT('Ctrl Pts',(-22.5000000000002,18.3999999730726,23.3999993702245));
#6188=CARTESIAN_POINT('Ctrl Pts',(-22.4999999999998,20.3999999684256,23.3999993971514));
#6189=CARTESIAN_POINT('Ctrl Pts',(-22.5,20.4000000000002,21.3999994017984));
#6190=CARTESIAN_POINT('Ctrl Pts',(-23.5000000000003,18.3999999730729,23.3999993702242));
#6191=CARTESIAN_POINT('Ctrl Pts',(-23.4999999999998,20.3999999684254,23.399999397151));
#6192=CARTESIAN_POINT('Ctrl Pts',(-23.5,20.4,21.3999994017985));
#6193=CARTESIAN_POINT('Origin',(-15.5,19.4000000000002,20.8999997364202));
#6194=CARTESIAN_POINT('',(-15.5,20.4000000000002,21.3999994570531));
#6195=CARTESIAN_POINT('Origin',(-7.50000000000002,20.4000000000002,21.3999995202014));
#6196=CARTESIAN_POINT('',(-7.50000000000002,20.4000000000002,21.3999995202014));
#6197=CARTESIAN_POINT('',(-15.5,20.4000000000002,21.3999994570531));
#6198=CARTESIAN_POINT('',(-7.50000000000002,20.4000000000002,21.3999995202014));
#6199=CARTESIAN_POINT('Origin',(-11.5,18.4000000000002,21.3999994886272));
#6200=CARTESIAN_POINT('Origin',(-7.50000000000002,18.3999999999999,21.3999994886266));
#6201=CARTESIAN_POINT('Origin',(-7.50000000000002,19.4000000000002,20.8999997601007));
#6202=CARTESIAN_POINT('Origin',(-7.50000000000002,19.4000000000002,21.3999995202014));
#6203=CARTESIAN_POINT('Ctrl Pts',(-6.49999999999979,18.3999999999999,22.3999994886272));
#6204=CARTESIAN_POINT('Ctrl Pts',(-6.49999999999985,19.3999999842129,22.3999994886271));
#6205=CARTESIAN_POINT('Ctrl Pts',(-6.4999999999998,19.4000000000002,21.3999995044142));
#6206=CARTESIAN_POINT('Ctrl Pts',(-6.49999999999999,18.3999999999999,23.3999994886272));
#6207=CARTESIAN_POINT('Ctrl Pts',(-6.50000000000011,20.3999999684256,23.3999994886271));
#6208=CARTESIAN_POINT('Ctrl Pts',(-6.50000000000001,20.4000000000002,21.3999995202014));
#6209=CARTESIAN_POINT('Ctrl Pts',(-7.5,18.3999999999999,23.3999994886269));
#6210=CARTESIAN_POINT('Ctrl Pts',(-7.50000000000012,20.3999999684253,23.3999994886268));
#6211=CARTESIAN_POINT('Ctrl Pts',(-7.50000000000002,20.3999999999999,21.3999995202014));
#6212=CARTESIAN_POINT('Origin',(0.499999999999994,19.4000000000002,20.899999787728));
#6213=CARTESIAN_POINT('',(0.499999999999988,20.4000000000002,21.399999575456));
#6214=CARTESIAN_POINT('Origin',(8.50000000000014,20.4000000000002,21.3999996386043));
#6215=CARTESIAN_POINT('',(8.50000000000014,20.4000000000002,21.3999996386043));
#6216=CARTESIAN_POINT('',(0.499999999999988,20.4000000000002,21.399999575456));
#6217=CARTESIAN_POINT('',(8.50000000000014,20.4000000000002,21.3999996386043));
#6218=CARTESIAN_POINT('Ctrl Pts',(8.49999999999999,20.4,21.3999996386043));
#6219=CARTESIAN_POINT('Ctrl Pts',(8.5,20.3999999684256,23.3999996070299));
#6220=CARTESIAN_POINT('Ctrl Pts',(8.49999999999999,18.4,23.3999996070299));
#6221=CARTESIAN_POINT('Ctrl Pts',(9.50000000000016,20.4000000000002,21.3999996386043));
#6222=CARTESIAN_POINT('Ctrl Pts',(9.50000000000017,20.3999999684258,23.3999996070301));
#6223=CARTESIAN_POINT('Ctrl Pts',(9.50000000000016,18.4,23.3999996070301));
#6224=CARTESIAN_POINT('Ctrl Pts',(9.50000000000014,19.4,21.3999996228171));
#6225=CARTESIAN_POINT('Ctrl Pts',(9.50000000000015,19.3999999842128,22.3999996070299));
#6226=CARTESIAN_POINT('Ctrl Pts',(9.50000000000014,18.4,22.3999996070299));
#6227=CARTESIAN_POINT('Origin',(8.49999999999979,19.4,21.3999996228171));
#6228=CARTESIAN_POINT('Origin',(8.49999999999999,18.4,21.3999996070297));
#6229=CARTESIAN_POINT('Origin',(8.49999999999999,19.4000000000002,20.8999998193022));
#6230=CARTESIAN_POINT('Origin',(4.49999999999987,18.4000000000002,21.3999996070301));
#6231=CARTESIAN_POINT('Origin',(16.5,19.4000000000002,20.899999787728));
#6232=CARTESIAN_POINT('',(16.5,20.4000000000002,21.399999575456));
#6233=CARTESIAN_POINT('Origin',(24.5000000000001,20.4000000000002,21.3999996386043));
#6234=CARTESIAN_POINT('',(24.5000000000001,20.4000000000002,21.3999996386043));
#6235=CARTESIAN_POINT('',(16.5,20.4000000000002,21.399999575456));
#6236=CARTESIAN_POINT('',(24.5000000000001,20.4000000000002,21.3999996386043));
#6237=CARTESIAN_POINT('Ctrl Pts',(24.4999999999999,20.4000000000002,21.3999996386043));
#6238=CARTESIAN_POINT('Ctrl Pts',(24.5000000000002,20.3999999684256,23.39999960703));
#6239=CARTESIAN_POINT('Ctrl Pts',(24.5,18.3999999999999,23.39999960703));
#6240=CARTESIAN_POINT('Ctrl Pts',(25.5,20.4000000000003,21.3999996386041));
#6241=CARTESIAN_POINT('Ctrl Pts',(25.5000000000004,20.3999999684257,23.39999960703));
#6242=CARTESIAN_POINT('Ctrl Pts',(25.5000000000001,18.3999999999998,23.39999960703));
#6243=CARTESIAN_POINT('Ctrl Pts',(25.5,19.4000000000001,21.3999996228168));
#6244=CARTESIAN_POINT('Ctrl Pts',(25.5000000000002,19.3999999842128,22.3999996070299));
#6245=CARTESIAN_POINT('Ctrl Pts',(25.5000000000001,18.3999999999998,22.3999996070299));
#6246=CARTESIAN_POINT('Origin',(24.4999999999999,19.4000000000001,21.3999996228171));
#6247=CARTESIAN_POINT('Origin',(24.5,18.3999999999999,21.3999996070297));
#6248=CARTESIAN_POINT('Origin',(24.5,19.4000000000002,20.8999998193022));
#6249=CARTESIAN_POINT('Origin',(20.4999999999999,18.4000000000002,21.3999996070301));
#6250=CARTESIAN_POINT('Origin',(-5.50000000000001,-19.4,20.8999997673364));
#6251=CARTESIAN_POINT('',(-6.50000000000001,-19.4000000000002,21.3999995044144));
#6252=CARTESIAN_POINT('',(-6.5,-19.4,20.4));
#6253=CARTESIAN_POINT('',(-5.50000000000001,-18.4,21.3999995346728));
#6254=CARTESIAN_POINT('',(-5.50000000000001,-18.4,21.3999995346728));
#6255=CARTESIAN_POINT('Origin',(-5.50000000000001,-19.4,21.3999995346729));
#6256=CARTESIAN_POINT('Ctrl Pts',(-6.7138486486414,-18.4000000352282,23.0180334714893));
#6257=CARTESIAN_POINT('Ctrl Pts',(-6.92122137825684,-17.8101652047461,23.2818156351436));
#6258=CARTESIAN_POINT('Ctrl Pts',(-7.21442032435454,-17.0964757875161,23.3988840908046));
#6259=CARTESIAN_POINT('Ctrl Pts',(-7.4982509621735,-16.404341336931,23.3999991106437));
#6260=CARTESIAN_POINT('Ctrl Pts',(-7.49914886117804,-16.4021765783923,23.3999994491596));
#6261=CARTESIAN_POINT('Ctrl Pts',(-7.50000000000001,-16.3999999999997,23.3999994491596));
#6262=CARTESIAN_POINT('Ctrl Pts',(-6.63958579517122,-18.2632907252906,22.9235696709509));
#6263=CARTESIAN_POINT('Ctrl Pts',(-6.82691527703001,-17.7325092320313,23.2280960286525));
#6264=CARTESIAN_POINT('Ctrl Pts',(-7.16651316766275,-17.0577273529904,23.4000021260035));
#6265=CARTESIAN_POINT('Ctrl Pts',(-7.4979601420399,-16.4041002799428,23.3999957372338));
#6266=CARTESIAN_POINT('Ctrl Pts',(-7.49900216331619,-16.4020618476335,23.3999994491596));
#6267=CARTESIAN_POINT('Ctrl Pts',(-7.50000000000001,-16.3999999999997,23.3999994491596));
#6268=CARTESIAN_POINT('Ctrl Pts',(-6.41097763419171,-17.9901719577328,22.7979342520576));
#6269=CARTESIAN_POINT('Ctrl Pts',(-6.63288726944625,-17.576622383667,23.1686603392199));
#6270=CARTESIAN_POINT('Ctrl Pts',(-7.07153876112701,-16.9802447619452,23.4008593336463));
#6271=CARTESIAN_POINT('Ctrl Pts',(-7.49737666803187,-16.4036181326898,23.3999927772834));
#6272=CARTESIAN_POINT('Ctrl Pts',(-7.4987087675925,-16.4018323861158,23.3999994491596));
#6273=CARTESIAN_POINT('Ctrl Pts',(-7.50000000000001,-16.3999999999997,23.3999994491596));
#6274=CARTESIAN_POINT('Ctrl Pts',(-6.08890860756922,-17.7963092326047,22.8343841743562));
#6275=CARTESIAN_POINT('Ctrl Pts',(-6.43903781049602,-17.4181313677607,23.2033623837716));
#6276=CARTESIAN_POINT('Ctrl Pts',(-6.97643897848686,-16.9031376387577,23.3996259255108));
#6277=CARTESIAN_POINT('Ctrl Pts',(-7.49679345824705,-16.4031351711606,23.3999959653009));
#6278=CARTESIAN_POINT('Ctrl Pts',(-7.49841537186881,-16.4016029245981,23.3999994491596));
#6279=CARTESIAN_POINT('Ctrl Pts',(-7.50000000000001,-16.3999999999997,23.3999994491596));
#6280=CARTESIAN_POINT('Ctrl Pts',(-5.92769729728267,-17.7333333568187,22.8907115118221));
#6281=CARTESIAN_POINT('Ctrl Pts',(-6.3424427565136,-17.3401101364973,23.2424210633613));
#6282=CARTESIAN_POINT('Ctrl Pts',(-6.92888182440952,-16.8643432576366,23.3985136231351));
#6283=CARTESIAN_POINT('Ctrl Pts',(-7.49650187043552,-16.4028942151441,23.3999990278294));
#6284=CARTESIAN_POINT('Ctrl Pts',(-7.49826867400696,-16.4014881938393,23.3999994491596));
#6285=CARTESIAN_POINT('Ctrl Pts',(-7.50000000000001,-16.3999999999997,23.3999994491596));
#6286=CARTESIAN_POINT('',(-6.71384863905331,-18.4000000176141,23.018033479027));
#6287=CARTESIAN_POINT('',(-5.92769729728267,-17.7333333568187,22.8907115118221));
#6288=CARTESIAN_POINT('Origin',(-5.92769729728269,-18.4000000352282,23.6360674938191));
#6289=CARTESIAN_POINT('Ctrl Pts',(-5.92769729728267,-17.7333333568187,22.8907115118221));
#6290=CARTESIAN_POINT('Ctrl Pts',(-6.34244275651359,-17.3401101364973,23.2424210633613));
#6291=CARTESIAN_POINT('Ctrl Pts',(-6.92888182440949,-16.8643432576366,23.3985136231351));
#6292=CARTESIAN_POINT('Ctrl Pts',(-7.49650187043546,-16.4028942151441,23.3999990278294));
#6293=CARTESIAN_POINT('Ctrl Pts',(-7.49826867400688,-16.4014881938393,23.3999994491596));
#6294=CARTESIAN_POINT('Ctrl Pts',(-7.50000000000001,-16.3999999999997,23.3999994491596));
#6295=CARTESIAN_POINT('Ctrl Pts',(-7.50000000000001,-16.3999999999997,23.3999994491596));
#6296=CARTESIAN_POINT('Ctrl Pts',(-7.49914886117255,-16.4021765783889,23.3999994491531));
#6297=CARTESIAN_POINT('Ctrl Pts',(-7.4982509621626,-16.4043413369242,23.3999991106307));
#6298=CARTESIAN_POINT('Ctrl Pts',(-7.21442032490948,-17.0964757808413,23.3988840887199));
#6299=CARTESIAN_POINT('Ctrl Pts',(-6.92122137944198,-17.8101651909555,23.2818156327443));
#6300=CARTESIAN_POINT('Ctrl Pts',(-6.7138486486414,-18.4000000176141,23.0180334714893));
#6301=CARTESIAN_POINT('Ctrl Pts',(-5.92769727530879,-17.7333333482348,22.8907115194998));
#6302=CARTESIAN_POINT('Ctrl Pts',(-5.75604450197099,-17.8960786146973,22.7451477248466));
#6303=CARTESIAN_POINT('Ctrl Pts',(-5.56643999488938,-18.1498363677683,22.4328612472399));
#6304=CARTESIAN_POINT('Ctrl Pts',(-5.4951496957979,-18.3591385340881,21.8927277017659));
#6305=CARTESIAN_POINT('Ctrl Pts',(-5.49999999984468,-18.4000000023667,21.5643330359757));
#6306=CARTESIAN_POINT('Ctrl Pts',(-5.5,-18.3999999999999,21.3999995188857));
#6307=CARTESIAN_POINT('Ctrl Pts',(-6.11193877568537,-17.8053057752858,22.8263374224158));
#6308=CARTESIAN_POINT('Ctrl Pts',(-5.96719052286608,-17.9507009221692,22.6817914449483));
#6309=CARTESIAN_POINT('Ctrl Pts',(-5.81546169757928,-18.1718401078173,22.3840402311324));
#6310=CARTESIAN_POINT('Ctrl Pts',(-5.7818630761645,-18.3574499341984,21.8869131850865));
#6311=CARTESIAN_POINT('Ctrl Pts',(-5.79919929943965,-18.4000000023208,21.5640704437342));
#6312=CARTESIAN_POINT('Ctrl Pts',(-5.7991993003419,-18.3999999999998,21.3999995188605));
#6313=CARTESIAN_POINT('Ctrl Pts',(-6.43354587452633,-18.009258121514,22.8015311989756));
#6314=CARTESIAN_POINT('Ctrl Pts',(-6.33520661763214,-18.1480795785893,22.6659546109109));
#6315=CARTESIAN_POINT('Ctrl Pts',(-6.25015400909292,-18.356575444065,22.3962606284635));
#6316=CARTESIAN_POINT('Ctrl Pts',(-6.27882436279993,-18.577879931606,21.9380938395557));
#6317=CARTESIAN_POINT('Ctrl Pts',(-6.31714319731382,-18.6511764618504,21.5850437841915));
#6318=CARTESIAN_POINT('Ctrl Pts',(-6.31714319944049,-18.6511764606676,21.3999995152579));
#6319=CARTESIAN_POINT('Ctrl Pts',(-6.65019476279853,-18.2828206087072,22.9370645227166));
#6320=CARTESIAN_POINT('Ctrl Pts',(-6.56641358749471,-18.4463836711357,22.8200604594741));
#6321=CARTESIAN_POINT('Ctrl Pts',(-6.4847024105678,-18.7148731769056,22.5697558780606));
#6322=CARTESIAN_POINT('Ctrl Pts',(-6.48198665557438,-19.0539886272999,22.0623238373779));
#6323=CARTESIAN_POINT('Ctrl Pts',(-6.49999999901921,-19.1756005244184,21.6280993216763));
#6324=CARTESIAN_POINT('Ctrl Pts',(-6.50000000000005,-19.1756005247437,21.3999995076654));
#6325=CARTESIAN_POINT('Ctrl Pts',(-6.71384863765446,-18.4000000161744,23.0180334969816));
#6326=CARTESIAN_POINT('Ctrl Pts',(-6.62802225098555,-18.5766453873,22.9088606505253));
#6327=CARTESIAN_POINT('Ctrl Pts',(-6.53321999744474,-18.8766251218003,22.6619350195105));
#6328=CARTESIAN_POINT('Ctrl Pts',(-6.49757484789895,-19.2636977117929,22.1176376174593));
#6329=CARTESIAN_POINT('Ctrl Pts',(-6.49999999992232,-19.3999999993649,21.6464997793624));
#6330=CARTESIAN_POINT('Ctrl Pts',(-6.49999999999998,-19.4000000000002,21.3999995044144));
#6331=CARTESIAN_POINT('Ctrl Pts',(-6.7138486294652,-18.4000000176141,23.0180334865647));
#6332=CARTESIAN_POINT('Ctrl Pts',(-6.62802224585234,-18.5766453861709,22.9088606408538));
#6333=CARTESIAN_POINT('Ctrl Pts',(-6.57114089674082,-18.7566332218556,22.7607052664748));
#6334=CARTESIAN_POINT('Ctrl Pts',(-6.53922246165212,-18.9281613062477,22.5614809327111));
#6335=CARTESIAN_POINT('Ctrl Pts',(-6.51794350393412,-19.0425133678411,22.4286647040091));
#6336=CARTESIAN_POINT('Ctrl Pts',(-6.5077591756988,-19.1531055396229,22.2731511578844));
#6337=CARTESIAN_POINT('Ctrl Pts',(-6.50327329972194,-19.2424771982624,22.0776099229558));
#6338=CARTESIAN_POINT('Ctrl Pts',(-6.49878742388872,-19.33184885404,21.8820686942888));
#6339=CARTESIAN_POINT('Ctrl Pts',(-6.49999999992232,-19.3999999980375,21.6464997793624));
#6340=CARTESIAN_POINT('Ctrl Pts',(-6.49999999999998,-19.4000000000002,21.3999995044144));
#6341=CARTESIAN_POINT('Ctrl Pts',(-5.50000000000001,-18.4,21.3999995346728));
#6342=CARTESIAN_POINT('Ctrl Pts',(-5.50000000152205,-18.4000000017372,21.5643330462695));
#6343=CARTESIAN_POINT('Ctrl Pts',(-5.49514970213343,-18.3591385342787,21.8927277060188));
#6344=CARTESIAN_POINT('Ctrl Pts',(-5.56644000777053,-18.1498363728636,22.4328612449257));
#6345=CARTESIAN_POINT('Ctrl Pts',(-5.75604451957678,-17.8960786224638,22.7451477214249));
#6346=CARTESIAN_POINT('Ctrl Pts',(-5.92769729728267,-17.7333333568187,22.8907115118221));
#6347=CARTESIAN_POINT('Ctrl Pts',(-6.49999999999999,-19.4000000000002,21.3999995044143));
#6348=CARTESIAN_POINT('Ctrl Pts',(-6.49999999999999,-19.3999999842131,22.3999994886274));
#6349=CARTESIAN_POINT('Ctrl Pts',(-6.49999999999997,-18.4000000000001,22.3999994886273));
#6350=CARTESIAN_POINT('Ctrl Pts',(-6.49999999999996,-20.4000000000003,21.3999995202014));
#6351=CARTESIAN_POINT('Ctrl Pts',(-6.49999999999998,-20.3999999684262,23.3999994886275));
#6352=CARTESIAN_POINT('Ctrl Pts',(-6.49999999999994,-18.4000000000001,23.3999994886274));
#6353=CARTESIAN_POINT('Ctrl Pts',(-7.50000000000004,-20.4000000000003,21.3999995202014));
#6354=CARTESIAN_POINT('Ctrl Pts',(-7.50000000000005,-20.3999999684261,23.3999994886275));
#6355=CARTESIAN_POINT('Ctrl Pts',(-7.50000000000001,-18.4000000000001,23.3999994886274));
#6356=CARTESIAN_POINT('Origin',(-7.50000000000001,-18.4000000461143,22.3999995524876));
#6357=CARTESIAN_POINT('',(-7.49999999999998,-20.4,21.3999995202014));
#6358=CARTESIAN_POINT('Origin',(-7.50000000000001,-18.4000000000001,21.3999994886275));
#6359=CARTESIAN_POINT('Origin',(-7.49999999999996,-19.4000000000001,21.3999995044144));
#6360=CARTESIAN_POINT('Origin',(-7.50000000000002,-17.4000000088069,22.3999994491596));
#6361=CARTESIAN_POINT('Origin',(-36.5,-19.4,20.8999996495913));
#6362=CARTESIAN_POINT('',(-36.5,-18.4,21.3999992991826));
#6363=CARTESIAN_POINT('',(-36.5,-18.4,21.3999992991826));
#6364=CARTESIAN_POINT('',(-37.5,-19.4,21.3999992772766));
#6365=CARTESIAN_POINT('Origin',(-36.5,-19.4,21.3999992991827));
#6366=CARTESIAN_POINT('',(-37.5,-19.4,20.4));
#6367=CARTESIAN_POINT('Ctrl Pts',(-37.7138485926495,-18.3999999297306,23.0180334002665));
#6368=CARTESIAN_POINT('Ctrl Pts',(-37.9152146345307,-17.8272498932859,23.274174986805));
#6369=CARTESIAN_POINT('Ctrl Pts',(-38.1987787439517,-17.1387120993768,23.3917736339882));
#6370=CARTESIAN_POINT('Ctrl Pts',(-38.4816651168626,-16.4448850407463,23.3998805306807));
#6371=CARTESIAN_POINT('Ctrl Pts',(-38.4908364599613,-16.4224336855881,23.3999994491596));
#6372=CARTESIAN_POINT('Ctrl Pts',(-38.5,-16.3999999999998,23.3999994491596));
#6373=CARTESIAN_POINT('Ctrl Pts',(-37.6395857382373,-18.2632906249424,22.9235695808431));
#6374=CARTESIAN_POINT('Ctrl Pts',(-37.821489086404,-17.7478834212974,23.2192751834742));
#6375=CARTESIAN_POINT('Ctrl Pts',(-38.1483263568947,-17.0975985655756,23.3903891699847));
#6376=CARTESIAN_POINT('Ctrl Pts',(-38.4786164117494,-16.4423925779986,23.3998091702085));
#6377=CARTESIAN_POINT('Ctrl Pts',(-38.4893098742181,-16.4211865494877,23.3999994491596));
#6378=CARTESIAN_POINT('Ctrl Pts',(-38.5,-16.3999999999998,23.3999994491596));
#6379=CARTESIAN_POINT('Ctrl Pts',(-37.4109555278086,-17.9901905545797,22.7979723377294));
#6380=CARTESIAN_POINT('Ctrl Pts',(-37.6264373844985,-17.5886195989339,23.1579601626743));
#6381=CARTESIAN_POINT('Ctrl Pts',(-38.0481351789307,-17.0153832187528,23.388369106536));
#6382=CARTESIAN_POINT('Ctrl Pts',(-38.4725009703168,-16.4374071599814,23.399734423267));
#6383=CARTESIAN_POINT('Ctrl Pts',(-38.4862567027318,-16.4186922772871,23.3999994491596));
#6384=CARTESIAN_POINT('Ctrl Pts',(-38.5,-16.3999999999998,23.3999994491596));
#6385=CARTESIAN_POINT('Ctrl Pts',(-37.0889085094985,-17.796309155264,22.8343840120148));
#6386=CARTESIAN_POINT('Ctrl Pts',(-37.4288959826962,-17.4290853554549,23.1926745898986));
#6387=CARTESIAN_POINT('Ctrl Pts',(-37.9477539261192,-16.9335759673941,23.3884472816762));
#6388=CARTESIAN_POINT('Ctrl Pts',(-38.466386971317,-16.4324145526958,23.3997854312815));
#6389=CARTESIAN_POINT('Ctrl Pts',(-38.4832035312454,-16.4161980050864,23.3999994491596));
#6390=CARTESIAN_POINT('Ctrl Pts',(-38.5,-16.3999999999998,23.3999994491596));
#6391=CARTESIAN_POINT('Ctrl Pts',(-36.9276971852989,-17.733333286487,22.8907113379232));
#6392=CARTESIAN_POINT('Ctrl Pts',(-37.3304292690615,-17.3514999288572,23.2322334533079));
#6393=CARTESIAN_POINT('Ctrl Pts',(-37.8975574985828,-16.892474731263,23.3890314802094));
#6394=CARTESIAN_POINT('Ctrl Pts',(-38.4633302350689,-16.42992336277,23.3998408491114));
#6395=CARTESIAN_POINT('Ctrl Pts',(-38.4816769455022,-16.4149508689861,23.3999994491596));
#6396=CARTESIAN_POINT('Ctrl Pts',(-38.5,-16.3999999999998,23.3999994491596));
#6397=CARTESIAN_POINT('',(-37.7138486073737,-18.3999999433346,23.018033418996));
#6398=CARTESIAN_POINT('',(-36.9276972152951,-17.7333332580473,22.8907113633604));
#6399=CARTESIAN_POINT('Origin',(-36.9276972152952,-18.399999887071,23.6360673895294));
#6400=CARTESIAN_POINT('Ctrl Pts',(-36.9276972152951,-17.7333332580473,22.8907113633604));
#6401=CARTESIAN_POINT('Ctrl Pts',(-37.330429297222,-17.3514999060645,23.2322334610936));
#6402=CARTESIAN_POINT('Ctrl Pts',(-37.8975575121756,-16.8924747201501,23.3890314804691));
#6403=CARTESIAN_POINT('Ctrl Pts',(-38.4633302350688,-16.42992336277,23.3998408491114));
#6404=CARTESIAN_POINT('Ctrl Pts',(-38.4816769455021,-16.4149508689861,23.3999994491596));
#6405=CARTESIAN_POINT('Ctrl Pts',(-38.5,-16.3999999999998,23.3999994491596));
#6406=CARTESIAN_POINT('Ctrl Pts',(-38.5,-16.3999999999998,23.3999994491596));
#6407=CARTESIAN_POINT('Ctrl Pts',(-38.4908364601649,-16.4224336856871,23.3999994492586));
#6408=CARTESIAN_POINT('Ctrl Pts',(-38.4816651172702,-16.4448850409444,23.3998805308788));
#6409=CARTESIAN_POINT('Ctrl Pts',(-38.1987787574661,-17.1387120859716,23.3917736374471));
#6410=CARTESIAN_POINT('Ctrl Pts',(-37.9152146617637,-17.8272498654873,23.2741749990348));
#6411=CARTESIAN_POINT('Ctrl Pts',(-37.7138486076476,-18.3999999435355,23.0180334193444));
#6412=CARTESIAN_POINT('Ctrl Pts',(-37.4999999999999,-19.4000000547737,21.3999992772766));
#6413=CARTESIAN_POINT('Ctrl Pts',(-37.4999999999675,-19.4000000543095,21.6464995747181));
#6414=CARTESIAN_POINT('Ctrl Pts',(-37.4988765444157,-19.3006776331137,22.0022008258508));
#6415=CARTESIAN_POINT('Ctrl Pts',(-37.522838979346,-18.9437243892074,22.610296544629));
#6416=CARTESIAN_POINT('Ctrl Pts',(-37.599413490862,-18.6355271290813,22.8724695620314));
#6417=CARTESIAN_POINT('Ctrl Pts',(-37.7138486975258,-18.3999999435355,23.0180333486865));
#6418=CARTESIAN_POINT('Ctrl Pts',(-37.5000000175213,-19.1008007357744,21.3999992806354));
#6419=CARTESIAN_POINT('Ctrl Pts',(-37.5000000165384,-19.1008007356259,21.6218088199231));
#6420=CARTESIAN_POINT('Ctrl Pts',(-37.4839531348218,-19.015421890477,21.9409636660431));
#6421=CARTESIAN_POINT('Ctrl Pts',(-37.4636944018105,-18.7169254813083,22.4891062449868));
#6422=CARTESIAN_POINT('Ctrl Pts',(-37.5183829406659,-18.4558328477271,22.7504277930845));
#6423=CARTESIAN_POINT('Ctrl Pts',(-37.6289768642494,-18.2437607336842,22.9100747090759));
#6424=CARTESIAN_POINT('Ctrl Pts',(-37.2487624376565,-18.5829300550328,21.3999992864698));
#6425=CARTESIAN_POINT('Ctrl Pts',(-37.2487624361098,-18.582930056218,21.5793973675389));
#6426=CARTESIAN_POINT('Ctrl Pts',(-37.2229399538439,-18.5351293102948,21.8394121598116));
#6427=CARTESIAN_POINT('Ctrl Pts',(-37.1868042018293,-18.3502516002889,22.3281701739452));
#6428=CARTESIAN_POINT('Ctrl Pts',(-37.2489824397252,-18.1535584708169,22.6104049618793));
#6429=CARTESIAN_POINT('Ctrl Pts',(-37.3884610247032,-17.9710437283239,22.7942497028794));
#6430=CARTESIAN_POINT('Ctrl Pts',(-36.7243993635917,-18.3999999610444,21.399999288521));
#6431=CARTESIAN_POINT('Ctrl Pts',(-36.7243993630841,-18.3999999628566,21.5642660335205));
#6432=CARTESIAN_POINT('Ctrl Pts',(-36.7150811003059,-18.3682431371998,21.8080991999643));
#6433=CARTESIAN_POINT('Ctrl Pts',(-36.737945878198,-18.2068684465319,22.3296353606163));
#6434=CARTESIAN_POINT('Ctrl Pts',(-36.8637746906383,-17.9871154129889,22.6494879283023));
#6435=CARTESIAN_POINT('Ctrl Pts',(-37.06587841017,-17.7873125430702,22.8424308034583));
#6436=CARTESIAN_POINT('Ctrl Pts',(-36.4999998327471,-18.3999999999999,21.3999992885253));
#6437=CARTESIAN_POINT('Ctrl Pts',(-36.4999998326823,-18.4000000018223,21.5643328174489));
#6438=CARTESIAN_POINT('Ctrl Pts',(-36.4977529213851,-18.3687073348799,21.8104696016109));
#6439=CARTESIAN_POINT('Ctrl Pts',(-36.5456777937332,-18.1954834739405,22.3597436384274));
#6440=CARTESIAN_POINT('Ctrl Pts',(-36.6988268291143,-17.9503269413955,22.6966263438424));
#6441=CARTESIAN_POINT('Ctrl Pts',(-36.9276972609858,-17.7333332147277,22.8907114021067));
#6442=CARTESIAN_POINT('Ctrl Pts',(-37.7138486076476,-18.3999999435355,23.0180334193444));
#6443=CARTESIAN_POINT('Ctrl Pts',(-37.5994134073978,-18.6355271466233,22.8724695742083));
#6444=CARTESIAN_POINT('Ctrl Pts',(-37.5228389167729,-18.9437243846519,22.6102965484521));
#6445=CARTESIAN_POINT('Ctrl Pts',(-37.4988765189021,-19.3006775957869,22.0022008275318));
#6446=CARTESIAN_POINT('Ctrl Pts',(-37.4999999916164,-19.4000000042178,21.6464995757754));
#6447=CARTESIAN_POINT('Ctrl Pts',(-37.5,-19.4,21.3999992772766));
#6448=CARTESIAN_POINT('Ctrl Pts',(-36.5,-18.3999999999999,21.3999992991826));
#6449=CARTESIAN_POINT('Ctrl Pts',(-36.4999999839416,-18.4000000009203,21.5643328244935));
#6450=CARTESIAN_POINT('Ctrl Pts',(-36.4985020241152,-18.3791382231136,21.7284240077736));
#6451=CARTESIAN_POINT('Ctrl Pts',(-36.507131238689,-18.3391892785715,21.8877446890015));
#6452=CARTESIAN_POINT('Ctrl Pts',(-36.5114458461625,-18.3192148054369,21.9674050330595));
#6453=CARTESIAN_POINT('Ctrl Pts',(-36.5182922474012,-18.2944685401588,22.0458727515926));
#6454=CARTESIAN_POINT('Ctrl Pts',(-36.5298953282416,-18.2648652668176,22.1221222348356));
#6455=CARTESIAN_POINT('Ctrl Pts',(-36.5763076485146,-18.1464521813326,22.4271201475113));
#6456=CARTESIAN_POINT('Ctrl Pts',(-36.6988268324256,-17.9503269751612,22.6966263011194));
#6457=CARTESIAN_POINT('Ctrl Pts',(-36.9276972152951,-17.7333332580474,22.8907113633604));
#6458=CARTESIAN_POINT('Ctrl Pts',(-38.5000000000002,-18.3999999302062,23.3999992641749));
#6459=CARTESIAN_POINT('Ctrl Pts',(-38.4999999999998,-20.3999999868983,23.3999993339686));
#6460=CARTESIAN_POINT('Ctrl Pts',(-38.5000000000001,-20.4000000000001,21.3999992772766));
#6461=CARTESIAN_POINT('Ctrl Pts',(-37.5,-18.3999999302061,23.399999264175));
#6462=CARTESIAN_POINT('Ctrl Pts',(-37.4999999999997,-20.3999999868983,23.3999993339687));
#6463=CARTESIAN_POINT('Ctrl Pts',(-37.4999999999999,-20.4000000000002,21.3999992772765));
#6464=CARTESIAN_POINT('Ctrl Pts',(-37.5,-18.3999999651029,22.3999992641749));
#6465=CARTESIAN_POINT('Ctrl Pts',(-37.4999999999998,-19.3999999934491,22.3999992990717));
#6466=CARTESIAN_POINT('Ctrl Pts',(-37.4999999999999,-19.4,21.3999992707255));
#6467=CARTESIAN_POINT('Origin',(-38.5000000000001,-18.399999852174,22.399998964863));
#6468=CARTESIAN_POINT('',(-38.5,-20.4,21.3999992772766));
#6469=CARTESIAN_POINT('Origin',(-38.5,-18.3999999999999,21.3999992641748));
#6470=CARTESIAN_POINT('Origin',(-38.5,-19.4,21.3999992772766));
#6471=CARTESIAN_POINT('Origin',(-38.5,-17.3999999999999,22.3999994491597));
#6472=CARTESIAN_POINT('Origin',(-21.5,-19.4,20.8999997081349));
#6473=CARTESIAN_POINT('',(-22.5,-19.4000000000002,21.3999993860115));
#6474=CARTESIAN_POINT('',(-22.5,-19.4,20.4));
#6475=CARTESIAN_POINT('',(-21.5,-18.4,21.3999994162699));
#6476=CARTESIAN_POINT('',(-21.5,-18.4,21.3999994162699));
#6477=CARTESIAN_POINT('Origin',(-21.5,-19.4,21.3999994162699));
#6478=CARTESIAN_POINT('Ctrl Pts',(-22.7138486299022,-18.3999999561499,23.0180334476528));
#6479=CARTESIAN_POINT('Ctrl Pts',(-22.9212191480895,-17.8101713373762,23.2818128143092));
#6480=CARTESIAN_POINT('Ctrl Pts',(-23.2155470478539,-17.098362275099,23.3988840473748));
#6481=CARTESIAN_POINT('Ctrl Pts',(-23.4982275727842,-16.4043279942095,23.3999990641205));
#6482=CARTESIAN_POINT('Ctrl Pts',(-23.4991098723222,-16.4021621467462,23.3999994491596));
#6483=CARTESIAN_POINT('Ctrl Pts',(-23.5,-16.3999999999998,23.3999994491596));
#6484=CARTESIAN_POINT('Ctrl Pts',(-22.6395857750957,-18.2632906514188,22.9235696394743));
#6485=CARTESIAN_POINT('Ctrl Pts',(-22.8269132552229,-17.7325147461405,23.228092768491));
#6486=CARTESIAN_POINT('Ctrl Pts',(-23.1678225139679,-17.0595051315462,23.3999939227522));
#6487=CARTESIAN_POINT('Ctrl Pts',(-23.4979328623358,-16.4040876798778,23.3999956817083));
#6488=CARTESIAN_POINT('Ctrl Pts',(-23.4989625148575,-16.4020408164452,23.3999994491596));
#6489=CARTESIAN_POINT('Ctrl Pts',(-23.5,-16.3999999999998,23.3999994491596));
#6490=CARTESIAN_POINT('Ctrl Pts',(-22.4109641794117,-17.9901832826753,22.7979574935944));
#6491=CARTESIAN_POINT('Ctrl Pts',(-22.6328714416257,-17.5766380584247,23.1686796516759));
#6492=CARTESIAN_POINT('Ctrl Pts',(-23.0732090225522,-16.9818059360613,23.4008446588754));
#6493=CARTESIAN_POINT('Ctrl Pts',(-23.4973416107052,-16.4036070161187,23.3999927014993));
#6494=CARTESIAN_POINT('Ctrl Pts',(-23.4986677999283,-16.4017981558431,23.3999994491596));
#6495=CARTESIAN_POINT('Ctrl Pts',(-23.5,-16.3999999999998,23.3999994491596));
#6496=CARTESIAN_POINT('Ctrl Pts',(-22.0889085741683,-17.7963091770276,22.8343841096348));
#6497=CARTESIAN_POINT('Ctrl Pts',(-22.4390340410847,-17.4181352916694,23.2033584080195));
#6498=CARTESIAN_POINT('Ctrl Pts',(-22.9784719593635,-16.9044790283767,23.3996174564723));
#6499=CARTESIAN_POINT('Ctrl Pts',(-23.4967506203869,-16.4031255420808,23.3999958746547));
#6500=CARTESIAN_POINT('Ctrl Pts',(-23.498373084999,-16.401555495241,23.3999994491596));
#6501=CARTESIAN_POINT('Ctrl Pts',(-23.5,-16.3999999999998,23.3999994491596));
#6502=CARTESIAN_POINT('Ctrl Pts',(-21.9276972598045,-17.7333333041,22.8907114405726));
#6503=CARTESIAN_POINT('Ctrl Pts',(-22.3424382961789,-17.3401142249172,23.2424172627811));
#6504=CARTESIAN_POINT('Ctrl Pts',(-22.9310956764512,-16.8655759015748,23.3985119839059));
#6505=CARTESIAN_POINT('Ctrl Pts',(-23.4964551433908,-16.4028853291523,23.3999989297574));
#6506=CARTESIAN_POINT('Ctrl Pts',(-23.4982257275343,-16.40143416494,23.3999994491596));
#6507=CARTESIAN_POINT('Ctrl Pts',(-23.5,-16.3999999999998,23.3999994491596));
#6508=CARTESIAN_POINT('',(-22.7138486389662,-18.3999999645462,23.0180334591824));
#6509=CARTESIAN_POINT('',(-21.927697278523,-17.7333332863528,22.8907114564461));
#6510=CARTESIAN_POINT('Origin',(-21.9276972785231,-18.3999999295292,23.6360674699561));
#6511=CARTESIAN_POINT('Ctrl Pts',(-21.927697278523,-17.7333332863528,22.8907114564461));
#6512=CARTESIAN_POINT('Ctrl Pts',(-22.3424383138908,-17.340114210639,23.2424172674778));
#6513=CARTESIAN_POINT('Ctrl Pts',(-22.9310956849301,-16.8655758946356,23.3985119839282));
#6514=CARTESIAN_POINT('Ctrl Pts',(-23.4964551433907,-16.4028853291523,23.3999989297574));
#6515=CARTESIAN_POINT('Ctrl Pts',(-23.4982257275342,-16.40143416494,23.3999994491596));
#6516=CARTESIAN_POINT('Ctrl Pts',(-23.5,-16.3999999999998,23.3999994491596));
#6517=CARTESIAN_POINT('Ctrl Pts',(-23.5,-16.3999999999998,23.3999994491596));
#6518=CARTESIAN_POINT('Ctrl Pts',(-23.4991098723344,-16.4021621467522,23.3999994491656));
#6519=CARTESIAN_POINT('Ctrl Pts',(-23.4982275728086,-16.4043279942214,23.3999990641324));
#6520=CARTESIAN_POINT('Ctrl Pts',(-23.2155470560498,-17.0983622666126,23.3988840493138));
#6521=CARTESIAN_POINT('Ctrl Pts',(-22.921219165051,-17.8101713198971,23.28181282177));
#6522=CARTESIAN_POINT('Ctrl Pts',(-22.7138486392615,-18.3999999647646,23.018033459558));
#6523=CARTESIAN_POINT('Ctrl Pts',(-21.927697295464,-17.733333270291,22.8907114708123));
#6524=CARTESIAN_POINT('Ctrl Pts',(-21.7560444892033,-17.8960785546784,22.7451476757228));
#6525=CARTESIAN_POINT('Ctrl Pts',(-21.5664377981787,-18.1498349797086,22.4328594963909));
#6526=CARTESIAN_POINT('Ctrl Pts',(-21.4951475021314,-18.3591378282114,21.8927267316926));
#6527=CARTESIAN_POINT('Ctrl Pts',(-21.4999999284759,-18.4000000023667,21.5643329242772));
#6528=CARTESIAN_POINT('Ctrl Pts',(-21.4999999286312,-18.3999999999999,21.3999994004829));
#6529=CARTESIAN_POINT('Ctrl Pts',(-22.1119388005425,-17.8053057023914,22.8263373602021));
#6530=CARTESIAN_POINT('Ctrl Pts',(-21.967190519825,-17.9507008630528,22.6817913800408));
#6531=CARTESIAN_POINT('Ctrl Pts',(-21.8154580966944,-18.171839175184,22.3840324156133));
#6532=CARTESIAN_POINT('Ctrl Pts',(-21.7818602480233,-18.3574485982123,21.8869069465749));
#6533=CARTESIAN_POINT('Ctrl Pts',(-21.7991992523783,-18.399999979493,21.5640703300565));
#6534=CARTESIAN_POINT('Ctrl Pts',(-21.7991992532807,-18.3999999771722,21.3999994004576));
#6535=CARTESIAN_POINT('Ctrl Pts',(-22.4335385592224,-18.009263152547,22.8015425938235));
#6536=CARTESIAN_POINT('Ctrl Pts',(-22.3351992837105,-18.1480846208798,22.6659660021524));
#6537=CARTESIAN_POINT('Ctrl Pts',(-22.2501208568058,-18.3565932418026,22.3962585952736));
#6538=CARTESIAN_POINT('Ctrl Pts',(-22.278789716654,-18.5779014362071,21.9380906062471));
#6539=CARTESIAN_POINT('Ctrl Pts',(-22.3170978096107,-18.6512142707491,21.5850436716824));
#6540=CARTESIAN_POINT('Ctrl Pts',(-22.317097811737,-18.6512142695667,21.3999993968541));
#6541=CARTESIAN_POINT('Ctrl Pts',(-22.6501948017946,-18.2828205573407,22.9370644528184));
#6542=CARTESIAN_POINT('Ctrl Pts',(-22.5664136123585,-18.4463836321298,22.8200603903049));
#6543=CARTESIAN_POINT('Ctrl Pts',(-22.4846999291485,-18.7148635577946,22.5697454309588));
#6544=CARTESIAN_POINT('Ctrl Pts',(-22.4819846819738,-19.0539814078457,22.0623132188342));
#6545=CARTESIAN_POINT('Ctrl Pts',(-22.5000000055111,-19.1756005430309,21.6280992140202));
#6546=CARTESIAN_POINT('Ctrl Pts',(-22.500000006492,-19.1756005433565,21.3999993892625));
#6547=CARTESIAN_POINT('Ctrl Pts',(-22.7138486776136,-18.3999999647646,23.0180334294075));
#6548=CARTESIAN_POINT('Ctrl Pts',(-22.6280222774379,-18.5766453485744,22.9088605859251));
#6549=CARTESIAN_POINT('Ctrl Pts',(-22.5332189348166,-18.8766157083476,22.6619242051579));
#6550=CARTESIAN_POINT('Ctrl Pts',(-22.4975737871975,-19.2636902720839,22.1176266674246));
#6551=CARTESIAN_POINT('Ctrl Pts',(-22.4999999999223,-19.4000000272418,21.6464996732076));
#6552=CARTESIAN_POINT('Ctrl Pts',(-22.5,-19.4000000278775,21.3999993860115));
#6553=CARTESIAN_POINT('Ctrl Pts',(-22.7138486392615,-18.3999999647646,23.018033459558));
#6554=CARTESIAN_POINT('Ctrl Pts',(-22.6280222404311,-18.5766453570869,22.9088605912346));
#6555=CARTESIAN_POINT('Ctrl Pts',(-22.5332189062399,-18.8766157069434,22.6619242064656));
#6556=CARTESIAN_POINT('Ctrl Pts',(-22.4975737739322,-19.2636902550163,22.117626667603));
#6557=CARTESIAN_POINT('Ctrl Pts',(-22.4999999964384,-19.4000000021276,21.6464996730898));
#6558=CARTESIAN_POINT('Ctrl Pts',(-22.5,-19.4000000000002,21.3999993860115));
#6559=CARTESIAN_POINT('Ctrl Pts',(-21.5,-18.3999999999999,21.3999994162699));
#6560=CARTESIAN_POINT('Ctrl Pts',(-21.4999999928923,-18.4000000010582,21.5643329347305));
#6561=CARTESIAN_POINT('Ctrl Pts',(-21.4975737720057,-18.3795689142358,21.7285298296974));
#6562=CARTESIAN_POINT('Ctrl Pts',(-21.5065449848318,-18.3394529666719,21.8877900959361));
#6563=CARTESIAN_POINT('Ctrl Pts',(-21.5155161982324,-18.2993370165388,22.0470503723744));
#6564=CARTESIAN_POINT('Ctrl Pts',(-21.5358848467268,-18.2395362030076,22.2013740196699));
#6565=CARTESIAN_POINT('Ctrl Pts',(-21.578443103991,-18.1630546868285,22.3439343173636));
#6566=CARTESIAN_POINT('Ctrl Pts',(-21.6422804877872,-18.0483324163338,22.5577747568694));
#6567=CARTESIAN_POINT('Ctrl Pts',(-21.7560444879964,-17.8960785671486,22.7451476612009));
#6568=CARTESIAN_POINT('Ctrl Pts',(-21.927697278523,-17.7333332863529,22.8907114564461));
#6569=CARTESIAN_POINT('Ctrl Pts',(-22.5,-19.4000000000002,21.3999993860115));
#6570=CARTESIAN_POINT('Ctrl Pts',(-22.5,-19.3999999842132,22.3999993920012));
#6571=CARTESIAN_POINT('Ctrl Pts',(-22.5,-18.3999999782234,22.3999993702244));
#6572=CARTESIAN_POINT('Ctrl Pts',(-22.4999999999999,-20.4000000000004,21.3999994017985));
#6573=CARTESIAN_POINT('Ctrl Pts',(-22.4999999999999,-20.3999999684263,23.3999994137782));
#6574=CARTESIAN_POINT('Ctrl Pts',(-22.4999999999998,-18.3999999564466,23.3999993702246));
#6575=CARTESIAN_POINT('Ctrl Pts',(-23.5000000000001,-20.4000000000003,21.3999994017985));
#6576=CARTESIAN_POINT('Ctrl Pts',(-23.5000000000001,-20.3999999684262,23.3999994137781));
#6577=CARTESIAN_POINT('Ctrl Pts',(-23.5,-18.3999999564466,23.3999993702245));
#6578=CARTESIAN_POINT('Origin',(-23.5,-18.3999999077525,22.3999992425047));
#6579=CARTESIAN_POINT('',(-23.5,-20.4,21.3999994017985));
#6580=CARTESIAN_POINT('Origin',(-23.5,-18.4000000000002,21.3999993702247));
#6581=CARTESIAN_POINT('Origin',(-23.5,-19.4,21.3999993860115));
#6582=CARTESIAN_POINT('Origin',(-23.5,-17.3999999999999,22.3999994491596));
#6583=CARTESIAN_POINT('Origin',(-33.5,-19.4,20.8999996693251));
#6584=CARTESIAN_POINT('',(-32.5,-19.4,21.3999993386502));
#6585=CARTESIAN_POINT('',(-32.5,-19.4,21.3999993386502));
#6586=CARTESIAN_POINT('',(-33.5,-18.4,21.3999993228632));
#6587=CARTESIAN_POINT('Origin',(-33.5,-19.4,21.3999993386502));
#6588=CARTESIAN_POINT('',(-33.5,-18.4,20.4));
#6589=CARTESIAN_POINT('Ctrl Pts',(-31.5,-16.4000000000002,23.3999994491596));
#6590=CARTESIAN_POINT('Ctrl Pts',(-31.5091648732646,-16.4224369531423,23.3999994491596));
#6591=CARTESIAN_POINT('Ctrl Pts',(-31.5183398588704,-16.4448932809703,23.3998828869972));
#6592=CARTESIAN_POINT('Ctrl Pts',(-31.8011326503509,-17.1386825827234,23.3916476968595));
#6593=CARTESIAN_POINT('Ctrl Pts',(-32.084786355536,-17.8272527026712,23.2741737399158));
#6594=CARTESIAN_POINT('Ctrl Pts',(-32.2861514215079,-18.3999999699994,23.018033382258));
#6595=CARTESIAN_POINT('Ctrl Pts',(-31.5,-16.4000000000002,23.3999994491596));
#6596=CARTESIAN_POINT('Ctrl Pts',(-31.512253804605,-16.4199280708493,23.3999994491596));
#6597=CARTESIAN_POINT('Ctrl Pts',(-31.5244081430892,-16.4399246825788,23.3994897053571));
#6598=CARTESIAN_POINT('Ctrl Pts',(-31.9023145605811,-17.0560351562707,23.3920153076021));
#6599=CARTESIAN_POINT('Ctrl Pts',(-32.2729568583747,-17.6692158492758,23.1713586229807));
#6600=CARTESIAN_POINT('Ctrl Pts',(-32.4346771276931,-18.1265813523556,22.8291057376929));
#6601=CARTESIAN_POINT('Ctrl Pts',(-31.5,-16.4000000000002,23.3999994491596));
#6602=CARTESIAN_POINT('Ctrl Pts',(-31.5152893446717,-16.4174539736594,23.3999994491596));
#6603=CARTESIAN_POINT('Ctrl Pts',(-31.5305544016479,-16.4349080213016,23.3994978138997));
#6604=CARTESIAN_POINT('Ctrl Pts',(-32.0017403615199,-16.9746366422096,23.3906235864355));
#6605=CARTESIAN_POINT('Ctrl Pts',(-32.4744718946843,-17.5065324456985,23.1593698807416));
#6606=CARTESIAN_POINT('Ctrl Pts',(-32.7498801857562,-17.8592850489412,22.7780566596262));
#6607=CARTESIAN_POINT('Ctrl Pts',(-31.5,-16.4000000000002,23.3999994491596));
#6608=CARTESIAN_POINT('Ctrl Pts',(-31.5183257215477,-16.4149530480881,23.3999994491596));
#6609=CARTESIAN_POINT('Ctrl Pts',(-31.5366797163729,-16.429928856252,23.3998439905172));
#6610=CARTESIAN_POINT('Ctrl Pts',(-32.1022652912373,-16.8924550535452,23.3888635818944));
#6611=CARTESIAN_POINT('Ctrl Pts',(-32.6695727110719,-17.3515018017809,23.232231790789));
#6612=CARTESIAN_POINT('Ctrl Pts',(-33.0723028430159,-17.733333313333,22.8907113139118));
#6613=CARTESIAN_POINT('',(-33.0723028302094,-17.7333333011911,22.8907113247719));
#6614=CARTESIAN_POINT('',(-32.286151415519,-18.3999999755744,23.018033389876));
#6615=CARTESIAN_POINT('Origin',(-33.0723028302095,-18.3999999517866,23.6360673316463));
#6616=CARTESIAN_POINT('',(-31.5274782762801,-16.4673130053833,23.3996167678688));
#6617=CARTESIAN_POINT('Ctrl Pts',(-32.2861514151047,-18.3999999758932,23.018033390403));
#6618=CARTESIAN_POINT('Ctrl Pts',(-32.0847863439073,-17.8272526908022,23.2741737451345));
#6619=CARTESIAN_POINT('Ctrl Pts',(-31.8011326445821,-17.1386825770006,23.3916476983375));
#6620=CARTESIAN_POINT('Ctrl Pts',(-31.5274782762801,-16.4673130053833,23.3996167678688));
#6621=CARTESIAN_POINT('Ctrl Pts',(-31.5274782762801,-16.4673130053833,23.3996167678688));
#6622=CARTESIAN_POINT('Ctrl Pts',(-31.5183398586962,-16.4448932810549,23.3998828870818));
#6623=CARTESIAN_POINT('Ctrl Pts',(-31.5091648731775,-16.4224369531846,23.3999994492019));
#6624=CARTESIAN_POINT('Ctrl Pts',(-31.5,-16.4000000000002,23.3999994491596));
#6625=CARTESIAN_POINT('',(-31.5549565514533,-16.4448753389842,23.3994891598312));
#6626=CARTESIAN_POINT('Ctrl Pts',(-31.5,-16.4000000000002,23.3999994491596));
#6627=CARTESIAN_POINT('Ctrl Pts',(-31.5183257215477,-16.4149530480881,23.3999994491596));
#6628=CARTESIAN_POINT('Ctrl Pts',(-31.5366797163729,-16.429928856252,23.3998439905172));
#6629=CARTESIAN_POINT('Ctrl Pts',(-31.5549565514533,-16.4448753389842,23.3994891598312));
#6630=CARTESIAN_POINT('Ctrl Pts',(-31.5549565514533,-16.4448753389842,23.3994891598312));
#6631=CARTESIAN_POINT('Ctrl Pts',(-32.102265285436,-16.892455048801,23.388863582007));
#6632=CARTESIAN_POINT('Ctrl Pts',(-32.6695726990453,-17.3515017920494,23.2322317941095));
#6633=CARTESIAN_POINT('Ctrl Pts',(-33.0723028302094,-17.7333333011911,22.8907113247719));
#6634=CARTESIAN_POINT('Ctrl Pts',(-33.5000000713689,-18.4000000000001,21.3999993228632));
#6635=CARTESIAN_POINT('Ctrl Pts',(-33.5000000714089,-18.399999999011,21.5643324882638));
#6636=CARTESIAN_POINT('Ctrl Pts',(-33.5022478718033,-18.3687098067622,21.8104636039505));
#6637=CARTESIAN_POINT('Ctrl Pts',(-33.4543219413902,-18.1954829809991,22.3597483292997));
#6638=CARTESIAN_POINT('Ctrl Pts',(-33.3011751297305,-17.9503288434912,22.6966246247911));
#6639=CARTESIAN_POINT('Ctrl Pts',(-33.0723028107154,-17.7333332827087,22.890711341303));
#6640=CARTESIAN_POINT('Ctrl Pts',(-33.2008007467176,-18.3999999771708,21.3999993228527));
#6641=CARTESIAN_POINT('Ctrl Pts',(-33.2008007456285,-18.3999999761144,21.5640698947422));
#6642=CARTESIAN_POINT('Ctrl Pts',(-33.2123037038932,-18.3678175332322,21.8070263989159));
#6643=CARTESIAN_POINT('Ctrl Pts',(-33.198587003054,-18.2112809402439,22.3189084814071));
#6644=CARTESIAN_POINT('Ctrl Pts',(-33.0810606048495,-17.9991675726803,22.6336076196526));
#6645=CARTESIAN_POINT('Ctrl Pts',(-32.8880612890496,-17.8053057080276,22.8263372356786));
#6646=CARTESIAN_POINT('Ctrl Pts',(-32.682921581387,-18.6512304304468,21.3999993243532));
#6647=CARTESIAN_POINT('Ctrl Pts',(-32.6829215785162,-18.65123043127,21.585043195921));
#6648=CARTESIAN_POINT('Ctrl Pts',(-32.7100425124973,-18.597370728902,21.8523792160977));
#6649=CARTESIAN_POINT('Ctrl Pts',(-32.7521720619504,-18.3966046874621,22.3439039322478));
#6650=CARTESIAN_POINT('Ctrl Pts',(-32.6975847626055,-18.1943621974587,22.620777060005));
#6651=CARTESIAN_POINT('Ctrl Pts',(-32.5664646417901,-18.0092653301669,22.8015473869305));
#6652=CARTESIAN_POINT('Ctrl Pts',(-32.4999999945551,-19.1756005403516,21.3999993274564));
#6653=CARTESIAN_POINT('Ctrl Pts',(-32.4999999932709,-19.175600543886,21.6280986549618));
#6654=CARTESIAN_POINT('Ctrl Pts',(-32.5124613013501,-19.086938625153,21.9564509907106));
#6655=CARTESIAN_POINT('Ctrl Pts',(-32.5210085451022,-18.7732238542311,22.5199139598855));
#6656=CARTESIAN_POINT('Ctrl Pts',(-32.4615144327244,-18.5009065262105,22.7810576263483));
#6657=CARTESIAN_POINT('Ctrl Pts',(-32.3498052513113,-18.2828205659411,22.937064372729));
#6658=CARTESIAN_POINT('Ctrl Pts',(-32.4999999999998,-19.4000000233775,21.3999993287833));
#6659=CARTESIAN_POINT('Ctrl Pts',(-32.5000000000198,-19.40000002761,21.646499078467));
#6660=CARTESIAN_POINT('Ctrl Pts',(-32.5011239001397,-19.3006822627924,22.0021950558032));
#6661=CARTESIAN_POINT('Ctrl Pts',(-32.4771609356263,-18.9437225468478,22.610303203954));
#6662=CARTESIAN_POINT('Ctrl Pts',(-32.4005875322655,-18.6355291650213,22.8724683258323));
#6663=CARTESIAN_POINT('Ctrl Pts',(-32.2861513767523,-18.3999999758932,23.0180333602522));
#6664=CARTESIAN_POINT('Ctrl Pts',(-33.0723028302094,-17.7333333011911,22.8907113247719));
#6665=CARTESIAN_POINT('Ctrl Pts',(-33.3011751283164,-17.9503288578977,22.6966246065633));
#6666=CARTESIAN_POINT('Ctrl Pts',(-33.4236925587543,-18.1464521594823,22.4271235746863));
#6667=CARTESIAN_POINT('Ctrl Pts',(-33.4701050289724,-18.2648662231573,22.122121788074));
#6668=CARTESIAN_POINT('Ctrl Pts',(-33.4817081468563,-18.2944697399165,22.0458713392561));
#6669=CARTESIAN_POINT('Ctrl Pts',(-33.4885547044541,-18.3192164290778,21.9674020931213));
#6670=CARTESIAN_POINT('Ctrl Pts',(-33.4928693192111,-18.3391909098598,21.8877413604904));
#6671=CARTESIAN_POINT('Ctrl Pts',(-33.5014985486099,-18.3791398708908,21.7284198973546));
#6672=CARTESIAN_POINT('Ctrl Pts',(-33.500000006837,-18.399999999011,21.5643324882012));
#6673=CARTESIAN_POINT('Ctrl Pts',(-33.5,-18.4000000000001,21.3999993228632));
#6674=CARTESIAN_POINT('Ctrl Pts',(-32.5,-19.4,21.3999993386502));
#6675=CARTESIAN_POINT('Ctrl Pts',(-32.5000000036771,-19.4000000049773,21.646499084911));
#6676=CARTESIAN_POINT('Ctrl Pts',(-32.5011239110184,-19.3006822459242,22.0021950588275));
#6677=CARTESIAN_POINT('Ctrl Pts',(-32.477160962303,-18.9437225449951,22.6103032057236));
#6678=CARTESIAN_POINT('Ctrl Pts',(-32.4005875679085,-18.6355291725754,22.8724683310746));
#6679=CARTESIAN_POINT('Ctrl Pts',(-32.2861514151047,-18.3999999758932,23.018033390403));
#6680=CARTESIAN_POINT('Origin',(-33.5,-18.4,20.4));
#6681=CARTESIAN_POINT('',(-33.5,-18.4,21.3999993228632));
#6682=CARTESIAN_POINT('Origin',(-34.9999999999999,-16.4,21.3999993110229));
#6683=CARTESIAN_POINT('Origin',(-31.5,-17.4000000000001,22.3999994491596));
#6684=CARTESIAN_POINT('Origin',(-31.4999999999998,-18.3999999368876,22.3999992425034));
#6685=CARTESIAN_POINT('Origin',(-17.5,-19.4,20.8999997285266));
#6686=CARTESIAN_POINT('',(-16.5,-19.4,21.3999994570531));
#6687=CARTESIAN_POINT('',(-16.5,-19.4,21.3999994570531));
#6688=CARTESIAN_POINT('',(-17.5,-18.4,21.3999994425817));
#6689=CARTESIAN_POINT('Origin',(-17.5,-19.4,21.3999994570532));
#6690=CARTESIAN_POINT('',(-17.5,-18.4,20.4));
#6691=CARTESIAN_POINT('Ctrl Pts',(-15.5,-16.4000000000002,23.3999994491596));
#6692=CARTESIAN_POINT('Ctrl Pts',(-15.5008902675092,-16.402162492604,23.3999994491596));
#6693=CARTESIAN_POINT('Ctrl Pts',(-15.5017730276074,-16.4043290260641,23.3999994165618));
#6694=CARTESIAN_POINT('Ctrl Pts',(-15.784312917984,-17.0982157343376,23.3987228224462));
#6695=CARTESIAN_POINT('Ctrl Pts',(-16.0787809888693,-17.8101717159666,23.2818126608455));
#6696=CARTESIAN_POINT('Ctrl Pts',(-16.2861513931745,-18.4000000217884,23.0180334182987));
#6697=CARTESIAN_POINT('Ctrl Pts',(-15.5,-16.4000000000002,23.3999994491596));
#6698=CARTESIAN_POINT('Ctrl Pts',(-15.5012100341311,-16.4019101002652,23.3999994491596));
#6699=CARTESIAN_POINT('Ctrl Pts',(-15.5023398606446,-16.4038575811636,23.3998139921904));
#6700=CARTESIAN_POINT('Ctrl Pts',(-15.8800832105927,-17.0200494462758,23.4041010890207));
#6701=CARTESIAN_POINT('Ctrl Pts',(-16.2682032023909,-17.655572790552,23.1822361511272));
#6702=CARTESIAN_POINT('Ctrl Pts',(-16.4346770984981,-18.1265813992084,22.8291057929692));
#6703=CARTESIAN_POINT('Ctrl Pts',(-15.5,-16.4000000000002,23.3999994491596));
#6704=CARTESIAN_POINT('Ctrl Pts',(-15.5014928205476,-16.4016811154538,23.3999994491596));
#6705=CARTESIAN_POINT('Ctrl Pts',(-15.5029435998123,-16.4033630654234,23.3998251151264));
#6706=CARTESIAN_POINT('Ctrl Pts',(-15.9735856417211,-16.9432310730194,23.4034448882826));
#6707=CARTESIAN_POINT('Ctrl Pts',(-16.4663393522043,-17.4960131966065,23.1713704115803));
#6708=CARTESIAN_POINT('Ctrl Pts',(-16.7498801432697,-17.8592850905142,22.7780567358401));
#6709=CARTESIAN_POINT('Ctrl Pts',(-15.5,-16.4000000000002,23.3999994491596));
#6710=CARTESIAN_POINT('Ctrl Pts',(-15.5017745532382,-16.401434396839,23.3999994491596));
#6711=CARTESIAN_POINT('Ctrl Pts',(-15.5035460570168,-16.4028860173048,23.3999993996186));
#6712=CARTESIAN_POINT('Ctrl Pts',(-16.0686244290144,-16.8654780920834,23.3982970453906));
#6713=CARTESIAN_POINT('Ctrl Pts',(-16.6575619777386,-17.3401144773112,23.2424170581628));
#6714=CARTESIAN_POINT('Ctrl Pts',(-17.0723027863489,-17.733333347859,22.8907114014338));
#6715=CARTESIAN_POINT('',(-17.0723027863489,-17.733333347859,22.8907114014338));
#6716=CARTESIAN_POINT('',(-16.2861514027625,-18.4000000108942,23.0180334258363));
#6717=CARTESIAN_POINT('Origin',(-17.0723027863491,-18.4000000217885,23.6360673874378));
#6718=CARTESIAN_POINT('',(-15.5108154963372,-16.4265332827829,23.3999262157082));
#6719=CARTESIAN_POINT('Ctrl Pts',(-16.2861513931745,-18.4000000108942,23.0180334182987));
#6720=CARTESIAN_POINT('Ctrl Pts',(-16.0807829395852,-17.8158659029878,23.2792661376561));
#6721=CARTESIAN_POINT('Ctrl Pts',(-15.789990382798,-17.1119507772947,23.396451834367));
#6722=CARTESIAN_POINT('Ctrl Pts',(-15.5108154963372,-16.4265332827829,23.3999262157082));
#6723=CARTESIAN_POINT('Ctrl Pts',(-15.5108154963372,-16.4265332827829,23.3999262157082));
#6724=CARTESIAN_POINT('Ctrl Pts',(-15.5080940726607,-16.4198517670437,23.3999600843121));
#6725=CARTESIAN_POINT('Ctrl Pts',(-15.5053737529578,-16.413172009049,23.3999831474548));
#6726=CARTESIAN_POINT('Ctrl Pts',(-15.501773027614,-16.40432902606,23.3999994165537));
#6727=CARTESIAN_POINT('Ctrl Pts',(-15.5008902675125,-16.402162492602,23.3999994491556));
#6728=CARTESIAN_POINT('Ctrl Pts',(-15.5,-16.4000000000002,23.3999994491596));
#6729=CARTESIAN_POINT('',(-15.5217844394197,-16.4178144982611,23.3999005140109));
#6730=CARTESIAN_POINT('Ctrl Pts',(-15.5,-16.4000000000002,23.3999994491596));
#6731=CARTESIAN_POINT('Ctrl Pts',(-15.5017745532382,-16.4014343968391,23.3999994491596));
#6732=CARTESIAN_POINT('Ctrl Pts',(-15.5035460570168,-16.4028860173048,23.3999993996186));
#6733=CARTESIAN_POINT('Ctrl Pts',(-15.5107986094279,-16.4088231995322,23.3999775505904));
#6734=CARTESIAN_POINT('Ctrl Pts',(-15.5162904003273,-16.4133182524112,23.3999463721651));
#6735=CARTESIAN_POINT('Ctrl Pts',(-15.5217844394197,-16.4178144982611,23.3999005140109));
#6736=CARTESIAN_POINT('Ctrl Pts',(-15.5217844394197,-16.4178144982611,23.3999005140109));
#6737=CARTESIAN_POINT('Ctrl Pts',(-16.0800859694153,-16.8747207734171,23.3952404310985));
#6738=CARTESIAN_POINT('Ctrl Pts',(-16.6616035175105,-17.3439462914742,23.2389897793174));
#6739=CARTESIAN_POINT('Ctrl Pts',(-17.0723027863489,-17.733333347859,22.8907114014338));
#6740=CARTESIAN_POINT('Ctrl Pts',(-17.5,-18.4000000000001,21.3999994425817));
#6741=CARTESIAN_POINT('Ctrl Pts',(-17.5000000000518,-18.3999999989155,21.5643326032494));
#6742=CARTESIAN_POINT('Ctrl Pts',(-17.504852718938,-18.359140201433,21.8927215088829));
#6743=CARTESIAN_POINT('Ctrl Pts',(-17.4335603329324,-18.1498331745684,22.4328659563649));
#6744=CARTESIAN_POINT('Ctrl Pts',(-17.2439570244996,-17.8960799972992,22.7451463716877));
#6745=CARTESIAN_POINT('Ctrl Pts',(-17.0723028083227,-17.7333333392751,22.8907114091115));
#6746=CARTESIAN_POINT('Ctrl Pts',(-17.2008006996581,-18.4,21.3999994425733));
#6747=CARTESIAN_POINT('Ctrl Pts',(-17.2008006986125,-18.3999999988488,21.5640700117016));
#6748=CARTESIAN_POINT('Ctrl Pts',(-17.2181393648157,-18.3574509789824,21.8869037616592));
#6749=CARTESIAN_POINT('Ctrl Pts',(-17.1845400080644,-18.1718374570456,22.3840405590514));
#6750=CARTESIAN_POINT('Ctrl Pts',(-17.0328107625931,-17.9507021516101,22.6817901064632));
#6751=CARTESIAN_POINT('Ctrl Pts',(-16.8880612948865,-17.8053057618066,22.8263373168683));
#6752=CARTESIAN_POINT('Ctrl Pts',(-16.6828871586115,-18.6512017620178,21.3999994442363));
#6753=CARTESIAN_POINT('Ctrl Pts',(-16.6828871558309,-18.6512017626627,21.5850433121854));
#6754=CARTESIAN_POINT('Ctrl Pts',(-16.7211987004828,-18.5778966510109,21.9380866269622));
#6755=CARTESIAN_POINT('Ctrl Pts',(-16.7498681636851,-18.3565849164566,22.3962648066685));
#6756=CARTESIAN_POINT('Ctrl Pts',(-16.664799166739,-18.1480841557577,22.6659610379116));
#6757=CARTESIAN_POINT('Ctrl Pts',(-16.566459087983,-18.0092615116933,22.8015387809169));
#6758=CARTESIAN_POINT('Ctrl Pts',(-16.4999999999999,-19.1756005247436,21.3999994476847));
#6759=CARTESIAN_POINT('Ctrl Pts',(-16.4999999987598,-19.1756005279786,21.6280987674319));
#6760=CARTESIAN_POINT('Ctrl Pts',(-16.5180148437015,-19.0539872553416,22.0623110412706));
#6761=CARTESIAN_POINT('Ctrl Pts',(-16.5152990129084,-18.714863190039,22.5697551007491));
#6762=CARTESIAN_POINT('Ctrl Pts',(-16.4335871552967,-18.4463850599594,22.8200593980337));
#6763=CARTESIAN_POINT('Ctrl Pts',(-16.3498052780562,-18.2828205973913,22.9370644587731));
#6764=CARTESIAN_POINT('Ctrl Pts',(-16.4999999999999,-19.4,21.3999994491596));
#6765=CARTESIAN_POINT('Ctrl Pts',(-16.5000000000258,-19.4000000038959,21.6464991899321));
#6766=CARTESIAN_POINT('Ctrl Pts',(-16.5024263594689,-19.2636966378344,22.1176242126138));
#6767=CARTESIAN_POINT('Ctrl Pts',(-16.4667801664661,-18.8766148422096,22.6619344027444));
#6768=CARTESIAN_POINT('Ctrl Pts',(-16.3719785122497,-18.5766468903401,22.9088596655358));
#6769=CARTESIAN_POINT('Ctrl Pts',(-16.2861514041613,-18.4000000064492,23.0180334437906));
#6770=CARTESIAN_POINT('Ctrl Pts',(-17.0723027863489,-17.733333347859,22.8907114014338));
#6771=CARTESIAN_POINT('Ctrl Pts',(-17.2439570068939,-17.8960800050656,22.745146368266));
#6772=CARTESIAN_POINT('Ctrl Pts',(-17.4335603200512,-18.1498331796637,22.4328659540507));
#6773=CARTESIAN_POINT('Ctrl Pts',(-17.5048527132548,-18.3591402035383,21.8927215081939));
#6774=CARTESIAN_POINT('Ctrl Pts',(-17.4999999982191,-18.3999999995943,21.5643326030272));
#6775=CARTESIAN_POINT('Ctrl Pts',(-17.5,-18.4,21.3999994425817));
#6776=CARTESIAN_POINT('Ctrl Pts',(-16.4999999999999,-19.4,21.3999994570531));
#6777=CARTESIAN_POINT('Ctrl Pts',(-16.5000000000517,-19.4000000013724,21.6464991949609));
#6778=CARTESIAN_POINT('Ctrl Pts',(-16.5012131797263,-19.3318483181576,21.8820617018209));
#6779=CARTESIAN_POINT('Ctrl Pts',(-16.4967274565903,-19.2424750778284,22.0776015529234));
#6780=CARTESIAN_POINT('Ctrl Pts',(-16.4922417333586,-19.1531018355913,22.2731414082004));
#6781=CARTESIAN_POINT('Ctrl Pts',(-16.4820571070516,-19.0425070353311,22.4286586060264));
#6782=CARTESIAN_POINT('Ctrl Pts',(-16.4607780666225,-18.9281552824596,22.5614769666934));
#6783=CARTESIAN_POINT('Ctrl Pts',(-16.4288595069717,-18.7566276584882,22.7607045014965));
#6784=CARTESIAN_POINT('Ctrl Pts',(-16.3719785170874,-18.5766468916629,22.9088596559127));
#6785=CARTESIAN_POINT('Ctrl Pts',(-16.2861514123504,-18.4000000108942,23.0180334333739));
#6786=CARTESIAN_POINT('Origin',(-17.5,-18.4,20.4));
#6787=CARTESIAN_POINT('',(-17.5,-18.4,21.3999994425817));
#6788=CARTESIAN_POINT('Origin',(-19.4999999999999,-16.4,21.3999994294258));
#6789=CARTESIAN_POINT('Origin',(-15.5,-17.4000000054472,22.3999994491596));
#6790=CARTESIAN_POINT('Origin',(-15.4999999999999,-18.4000000285215,22.3999995524865));
#6791=CARTESIAN_POINT('Origin',(-1.50000000000001,-19.4,20.8999997956214));
#6792=CARTESIAN_POINT('',(-1.50000000000001,-18.4,21.3999995609846));
#6793=CARTESIAN_POINT('',(-1.50000000000001,-18.4,20.4));
#6794=CARTESIAN_POINT('',(-0.500000000000012,-19.3999999999998,21.3999995912429));
#6795=CARTESIAN_POINT('',(-0.500000000000012,-19.3999999999998,21.3999995912429));
#6796=CARTESIAN_POINT('Origin',(-1.50000000000001,-19.4,21.399999591243));
#6797=CARTESIAN_POINT('Ctrl Pts',(0.499999999999989,-16.4000000000003,23.3999994491596));
#6798=CARTESIAN_POINT('Ctrl Pts',(0.499148747966637,-16.4021768448719,23.3999994491596));
#6799=CARTESIAN_POINT('Ctrl Pts',(0.498250133623948,-16.4043417893305,23.399999464291));
#6800=CARTESIAN_POINT('Ctrl Pts',(0.214694792896912,-17.0965246002797,23.3987217950966));
#6801=CARTESIAN_POINT('Ctrl Pts',(-0.0787786981920529,-17.8101654278201,
23.2818155270189));
#6802=CARTESIAN_POINT('Ctrl Pts',(-0.286151338972866,-18.4,23.0180334872442));
#6803=CARTESIAN_POINT('Ctrl Pts',(0.499999999999989,-16.4000000000003,23.3999994491596));
#6804=CARTESIAN_POINT('Ctrl Pts',(0.498831045594725,-16.4019370333857,23.3999994491596));
#6805=CARTESIAN_POINT('Ctrl Pts',(0.497690018446276,-16.4038694572278,23.3998141042298));
#6806=CARTESIAN_POINT('Ctrl Pts',(0.11892293832355,-17.0183634357502,23.4041026065008));
#6807=CARTESIAN_POINT('Ctrl Pts',(-0.268199702392578,-17.65556619996,23.182239988912));
#6808=CARTESIAN_POINT('Ctrl Pts',(-0.434677048241894,-18.1265813871691,
22.8291058909979));
#6809=CARTESIAN_POINT('Ctrl Pts',(0.499999999999989,-16.4000000000003,23.3999994491596));
#6810=CARTESIAN_POINT('Ctrl Pts',(0.498548115716934,-16.4017225126178,23.3999994491596));
#6811=CARTESIAN_POINT('Ctrl Pts',(0.497095963496168,-16.403372449668,23.3998252451442));
#6812=CARTESIAN_POINT('Ctrl Pts',(0.0244662664516208,-16.9421208784194,
23.4034466424995));
#6813=CARTESIAN_POINT('Ctrl Pts',(-0.466337825128461,-17.496010860144,23.1713747535236));
#6814=CARTESIAN_POINT('Ctrl Pts',(-0.749880065079966,-17.8592850866461,
22.778056859912));
#6815=CARTESIAN_POINT('Ctrl Pts',(0.499999999999989,-16.4000000000003,23.3999994491596));
#6816=CARTESIAN_POINT('Ctrl Pts',(0.498268450790019,-16.4014883670007,23.3999994491596));
#6817=CARTESIAN_POINT('Ctrl Pts',(0.496500223301426,-16.4028945230456,23.3999994996699));
#6818=CARTESIAN_POINT('Ctrl Pts',(-0.0705738633733159,-16.8643728710197,
23.3982970849345));
#6819=CARTESIAN_POINT('Ctrl Pts',(-0.657557396383945,-17.3401102852135,
23.2424209191952));
#6820=CARTESIAN_POINT('Ctrl Pts',(-1.0723026779456,-17.7333333333334,22.8907115328289));
#6821=CARTESIAN_POINT('',(-1.0723026779456,-17.7333333333334,22.8907115328289));
#6822=CARTESIAN_POINT('',(-0.286151377324948,-18.4,23.0180335173947));
#6823=CARTESIAN_POINT('Origin',(-1.07230267794556,-18.3999999999999,23.6360675253288));
#6824=CARTESIAN_POINT('',(0.489181188631923,-16.4264791696615,23.3999262747423));
#6825=CARTESIAN_POINT('Ctrl Pts',(-0.286151338972865,-18.4,23.0180334872442));
#6826=CARTESIAN_POINT('Ctrl Pts',(-0.0807800615058818,-17.815857949599,
23.2792697538867));
#6827=CARTESIAN_POINT('Ctrl Pts',(0.209038159055848,-17.1102878324161,23.3964515786729));
#6828=CARTESIAN_POINT('Ctrl Pts',(0.489181188631923,-16.4264791696615,23.3999262747423));
#6829=CARTESIAN_POINT('Ctrl Pts',(0.489181188631923,-16.4264791696615,23.3999262747423));
#6830=CARTESIAN_POINT('Ctrl Pts',(0.49191121002995,-16.4198153869349,23.3999601359976));
#6831=CARTESIAN_POINT('Ctrl Pts',(0.494640312604662,-16.4131536708271,23.3999831988343));
#6832=CARTESIAN_POINT('Ctrl Pts',(0.498250133624024,-16.4043417893305,23.399999464291));
#6833=CARTESIAN_POINT('Ctrl Pts',(0.499148747966713,-16.4021768448719,23.3999994491596));
#6834=CARTESIAN_POINT('Ctrl Pts',(0.499999999999989,-16.4000000000003,23.3999994491596));
#6835=CARTESIAN_POINT('',(0.478199274063832,-16.4177871256761,23.3999005876291));
#6836=CARTESIAN_POINT('Ctrl Pts',(0.499999999999989,-16.4000000000003,23.3999994491596));
#6837=CARTESIAN_POINT('Ctrl Pts',(0.498268450790059,-16.4014883670007,23.3999994491596));
#6838=CARTESIAN_POINT('Ctrl Pts',(0.496500223301466,-16.4028945230456,23.3999994996699));
#6839=CARTESIAN_POINT('Ctrl Pts',(0.489226349723429,-16.4088139174264,23.3999776627533));
#6840=CARTESIAN_POINT('Ctrl Pts',(0.48371375176068,-16.4132998214114,23.3999464695045));
#6841=CARTESIAN_POINT('Ctrl Pts',(0.478199274063832,-16.4177871256761,23.3999005876291));
#6842=CARTESIAN_POINT('Ctrl Pts',(0.478199274063832,-16.4177871256761,23.3999005876291));
#6843=CARTESIAN_POINT('Ctrl Pts',(-0.0820010986563799,-16.87363982103,23.3952395761802));
#6844=CARTESIAN_POINT('Ctrl Pts',(-0.661600252256212,-17.3439433465644,
23.2389925248982));
#6845=CARTESIAN_POINT('Ctrl Pts',(-1.0723026779456,-17.7333333333334,22.8907115328289));
#6846=CARTESIAN_POINT('Ctrl Pts',(-0.286151382920497,-18.3999999627317,
23.0180335892123));
#6847=CARTESIAN_POINT('Ctrl Pts',(-0.371978498835957,-18.5766468518082,
22.9088598134956));
#6848=CARTESIAN_POINT('Ctrl Pts',(-0.466778805763026,-18.8766266960638,
22.6619481140019));
#6849=CARTESIAN_POINT('Ctrl Pts',(-0.502425015369163,-19.2637060564766,
22.1176380883634));
#6850=CARTESIAN_POINT('Ctrl Pts',(-0.500000000077668,-19.4000000035804,
21.6464993138883));
#6851=CARTESIAN_POINT('Ctrl Pts',(-0.500000000000014,-19.3999999999998,
21.3999995675625));
#6852=CARTESIAN_POINT('Ctrl Pts',(-0.371023215421075,-18.2437607549688,
22.9100749450986));
#6853=CARTESIAN_POINT('Ctrl Pts',(-0.45396934247282,-18.4028161902473,22.7903387364561));
#6854=CARTESIAN_POINT('Ctrl Pts',(-0.531990124416677,-18.6613750691006,
22.5384552141904));
#6855=CARTESIAN_POINT('Ctrl Pts',(-0.522991417341312,-18.9837797248384,
22.0435926365013));
#6856=CARTESIAN_POINT('Ctrl Pts',(-0.499999998386549,-19.1008007023647,
21.6218086100255));
#6857=CARTESIAN_POINT('Ctrl Pts',(-0.500000000000148,-19.1008006996581,
21.3999995655841));
#6858=CARTESIAN_POINT('Ctrl Pts',(-0.611526053130388,-17.9710303029404,
22.7942246546498));
#6859=CARTESIAN_POINT('Ctrl Pts',(-0.716135851522169,-18.1079175221812,
22.6563399278374));
#6860=CARTESIAN_POINT('Ctrl Pts',(-0.809516149555419,-18.311938000251,22.3821920216304));
#6861=CARTESIAN_POINT('Ctrl Pts',(-0.787747499186021,-18.5180178321967,
21.9229822281595));
#6862=CARTESIAN_POINT('Ctrl Pts',(-0.751155730634577,-18.5828319304017,
21.5793972494364));
#6863=CARTESIAN_POINT('Ctrl Pts',(-0.751155733086207,-18.5828319303851,
21.3999995621913));
#6864=CARTESIAN_POINT('Ctrl Pts',(-0.934121635745643,-17.7873126190777,
22.842430994142));
#6865=CARTESIAN_POINT('Ctrl Pts',(-1.08570066984091,-17.9371660385646,22.6977226054258));
#6866=CARTESIAN_POINT('Ctrl Pts',(-1.24643284666177,-18.1659752049039,22.3967068470329));
#6867=CARTESIAN_POINT('Ctrl Pts',(-1.28995881054376,-18.3581148085881,21.8886120984288));
#6868=CARTESIAN_POINT('Ctrl Pts',(-1.27560052412414,-18.3999999988554,21.5642659450875));
#6869=CARTESIAN_POINT('Ctrl Pts',(-1.27560052474362,-18.4000000000002,21.3999995609782));
#6870=CARTESIAN_POINT('Ctrl Pts',(-1.0723027658408,-17.7333332989978,22.8907115635395));
#6871=CARTESIAN_POINT('Ctrl Pts',(-1.24395699767172,-17.8960799642536,22.7451465274979));
#6872=CARTESIAN_POINT('Ctrl Pts',(-1.4335576115259,-18.1498348787348,22.4328682355627));
#6873=CARTESIAN_POINT('Ctrl Pts',(-1.50485003073826,-18.3591410864493,21.8927227409602));
#6874=CARTESIAN_POINT('Ctrl Pts',(-1.50000000015532,-18.399999998908,21.5643327256596));
#6875=CARTESIAN_POINT('Ctrl Pts',(-1.50000000000002,-18.4000000000002,21.3999995609846));
#6876=CARTESIAN_POINT('Ctrl Pts',(-1.0723026779456,-17.7333333333334,22.8907115328289));
#6877=CARTESIAN_POINT('Ctrl Pts',(-1.11517263210861,-17.7739786510161,22.8543572554609));
#6878=CARTESIAN_POINT('Ctrl Pts',(-1.15443514051829,-17.8139705456693,22.8153980898893));
#6879=CARTESIAN_POINT('Ctrl Pts',(-1.19025855086689,-17.8529442895252,22.7740020773771));
#6880=CARTESIAN_POINT('Ctrl Pts',(-1.22595968612456,-17.8917850053408,22.7327473607701));
#6881=CARTESIAN_POINT('Ctrl Pts',(-1.25824490581543,-17.9296153628948,22.6890719177147));
#6882=CARTESIAN_POINT('Ctrl Pts',(-1.28724061359528,-17.9660535527931,22.6431175713008));
#6883=CARTESIAN_POINT('Ctrl Pts',(-1.31597801337714,-18.0021671334095,22.5975726087622));
#6884=CARTESIAN_POINT('Ctrl Pts',(-1.34148398627213,-18.036914056074,22.5497886849416));
#6885=CARTESIAN_POINT('Ctrl Pts',(-1.36384590538247,-18.0698897853774,22.4998869659331));
#6886=CARTESIAN_POINT('Ctrl Pts',(-1.38620782449282,-18.1028655146808,22.4499852469247));
#6887=CARTESIAN_POINT('Ctrl Pts',(-1.40542549128666,-18.1340709515733,22.3979652744631));
#6888=CARTESIAN_POINT('Ctrl Pts',(-1.42155379958306,-18.1630556910527,22.3439382017891));
#6889=CARTESIAN_POINT('Ctrl Pts',(-1.42207738723605,-18.1639966484946,22.3421842727558));
#6890=CARTESIAN_POINT('Ctrl Pts',(-1.42259771630424,-18.1649352607868,22.3404282279161));
#6891=CARTESIAN_POINT('Ctrl Pts',(-1.42311480384546,-18.1658715208672,22.3386700752545));
#6892=CARTESIAN_POINT('Ctrl Pts',(-1.43395268964823,-18.1854950449774,22.3018201103054));
#6893=CARTESIAN_POINT('Ctrl Pts',(-1.44343024950892,-18.2042063363791,22.2638121660254));
#6894=CARTESIAN_POINT('Ctrl Pts',(-1.45163971318689,-18.2218449635888,22.2248189254781));
#6895=CARTESIAN_POINT('Ctrl Pts',(-1.46008812405917,-18.2399969861492,22.1846907355855));
#6896=CARTESIAN_POINT('Ctrl Pts',(-1.46719388994667,-18.2570126607228,22.1435192998815));
#6897=CARTESIAN_POINT('Ctrl Pts',(-1.47310434488147,-18.2727361685856,22.1015192616337));
#6898=CARTESIAN_POINT('Ctrl Pts',(-1.47933479537291,-18.2893109565455,22.0572453162557));
#6899=CARTESIAN_POINT('Ctrl Pts',(-1.48423741708343,-18.3044493379423,22.0120509224204));
#6900=CARTESIAN_POINT('Ctrl Pts',(-1.48803043275564,-18.3179965727799,21.9662123617291));
#6901=CARTESIAN_POINT('Ctrl Pts',(-1.49017794477614,-18.3256666833654,21.9402596980454));
#6902=CARTESIAN_POINT('Ctrl Pts',(-1.4919705515207,-18.3328272882448,21.9141009640639));
#6903=CARTESIAN_POINT('Ctrl Pts',(-1.49345286878111,-18.3394549291424,21.8877888734732));
#6904=CARTESIAN_POINT('Ctrl Pts',(-1.49346561228255,-18.3395119070604,21.8875626680761));
#6905=CARTESIAN_POINT('Ctrl Pts',(-1.49347833286901,-18.3395688456097,21.8873364513535));
#6906=CARTESIAN_POINT('Ctrl Pts',(-1.49349103057844,-18.3396257447831,21.8871102233333));
#6907=CARTESIAN_POINT('Ctrl Pts',(-1.49767296358261,-18.3583652294406,21.8126030510243));
#6908=CARTESIAN_POINT('Ctrl Pts',(-1.49937007921551,-18.3728317017837,21.7368665657891));
#6909=CARTESIAN_POINT('Ctrl Pts',(-1.49998575782278,-18.382894921756,21.6604576409273));
#6910=CARTESIAN_POINT('Ctrl Pts',(-1.50068061686576,-18.3942523399228,21.5742220112063));
#6911=CARTESIAN_POINT('Ctrl Pts',(-1.49999999619557,-18.3999999994211,21.4871305067424));
#6912=CARTESIAN_POINT('Ctrl Pts',(-1.50000000000001,-18.4000000000002,21.3999995609846));
#6913=CARTESIAN_POINT('Ctrl Pts',(-0.500000000000014,-19.3999999999998,
21.3999995912429));
#6914=CARTESIAN_POINT('Ctrl Pts',(-0.500000000155322,-19.3999999966198,
21.6464993289752));
#6915=CARTESIAN_POINT('Ctrl Pts',(-0.501212507638851,-19.3318530231106,
21.8820687029274));
#6916=CARTESIAN_POINT('Ctrl Pts',(-0.496726446586997,-19.2424824873194,
22.0776119619745));
#6917=CARTESIAN_POINT('Ctrl Pts',(-0.492240385247836,-19.1531119458046,
22.2731552335451));
#6918=CARTESIAN_POINT('Ctrl Pts',(-0.482055754596571,-19.042517839289,22.428672385119));
#6919=CARTESIAN_POINT('Ctrl Pts',(-0.460776927271131,-18.9281645994907,
22.5614885477351));
#6920=CARTESIAN_POINT('Ctrl Pts',(-0.428858690078644,-18.7566347601915,
22.7607127679678));
#6921=CARTESIAN_POINT('Ctrl Pts',(-0.371978516257547,-18.5766468729889,
22.9088597753063));
#6922=CARTESIAN_POINT('Ctrl Pts',(-0.286151415677061,-18.4,23.0180335475453));
#6923=CARTESIAN_POINT('Origin',(-1.50000000000001,-18.4,20.4));
#6924=CARTESIAN_POINT('',(-1.50000000000001,-18.4,21.3999995609846));
#6925=CARTESIAN_POINT('Origin',(-3.49999999999983,-16.4,21.3999995478286));
#6926=CARTESIAN_POINT('Origin',(0.499999999999981,-17.4000000000001,22.3999994491596));
#6927=CARTESIAN_POINT('Origin',(0.500000324924202,-18.4,22.39999919372));
#6928=CARTESIAN_POINT('Origin',(14.5,-19.4,20.8999998423563));
#6929=CARTESIAN_POINT('',(14.5,-18.4,21.3999996847125));
#6930=CARTESIAN_POINT('',(14.5,-18.4,20.4));
#6931=CARTESIAN_POINT('',(15.5,-19.3999999999998,21.3999995912429));
#6932=CARTESIAN_POINT('',(15.5,-19.3999999999998,21.3999995912429));
#6933=CARTESIAN_POINT('Origin',(14.5,-19.4,21.399999591243));
#6934=CARTESIAN_POINT('Ctrl Pts',(16.5,-16.3999999999991,23.3999994491596));
#6935=CARTESIAN_POINT('Ctrl Pts',(16.4913142492736,-16.4213054910071,23.3999994491596));
#6936=CARTESIAN_POINT('Ctrl Pts',(16.4825978710402,-16.4426242235793,23.3998949823175));
#6937=CARTESIAN_POINT('Ctrl Pts',(16.1997864231618,-17.1362917981077,23.3920586166973));
#6938=CARTESIAN_POINT('Ctrl Pts',(15.9155530213425,-17.8262882522631,23.274605290252));
#6939=CARTESIAN_POINT('Ctrl Pts',(15.7138487471277,-18.4,23.0180335967658));
#6940=CARTESIAN_POINT('Ctrl Pts',(16.5,-16.3999999999991,23.3999994491596));
#6941=CARTESIAN_POINT('Ctrl Pts',(16.4883819151917,-16.4189287389192,23.3999994491596));
#6942=CARTESIAN_POINT('Ctrl Pts',(16.4768401775693,-16.4379067637861,23.3995158126011));
#6943=CARTESIAN_POINT('Ctrl Pts',(16.0989097396686,-17.0539085262158,23.3927361200746));
#6944=CARTESIAN_POINT('Ctrl Pts',(15.7273153246333,-17.6684542431473,23.1719707401553));
#6945=CARTESIAN_POINT('Ctrl Pts',(15.5653230332243,-18.1265813971446,22.8291060487959));
#6946=CARTESIAN_POINT('Ctrl Pts',(16.5,-16.3999999999991,23.3999994491596));
#6947=CARTESIAN_POINT('Ctrl Pts',(16.4854990506638,-16.4165846711733,23.3999994491596));
#6948=CARTESIAN_POINT('Ctrl Pts',(16.4710095379188,-16.4331437813818,23.3995250082817));
#6949=CARTESIAN_POINT('Ctrl Pts',(15.9997743941245,-16.972788991341,23.3913867209643));
#6950=CARTESIAN_POINT('Ctrl Pts',(15.5259781649426,-17.5059374034582,23.1600423828545));
#6951=CARTESIAN_POINT('Ctrl Pts',(15.2501200600454,-17.8592851043702,22.7780570631021));
#6952=CARTESIAN_POINT('Ctrl Pts',(16.5,-16.3999999999991,23.3999994491596));
#6953=CARTESIAN_POINT('Ctrl Pts',(16.4826187578321,-16.4142155937525,23.3999994491596));
#6954=CARTESIAN_POINT('Ctrl Pts',(16.4651957384421,-16.4284161439739,23.3998602576294));
#6955=CARTESIAN_POINT('Ctrl Pts',(15.899572875121,-16.8908612399206,23.3894121454066));
#6956=CARTESIAN_POINT('Ctrl Pts',(15.331106042685,-17.3508588348418,23.2328073431873));
#6957=CARTESIAN_POINT('Ctrl Pts',(14.9276974942555,-17.733333333333,22.8907117518723));
#6958=CARTESIAN_POINT('',(14.9276974942555,-17.733333333333,22.8907117518723));
#6959=CARTESIAN_POINT('',(15.7138487087756,-18.4,23.0180336269164));
#6960=CARTESIAN_POINT('Origin',(14.9276974942553,-18.4000000000001,23.636067744372));
#6961=CARTESIAN_POINT('',(16.4739230598641,-16.4639014217735,23.3996546137165));
#6962=CARTESIAN_POINT('Ctrl Pts',(15.7138487471277,-18.4,23.0180335967658));
#6963=CARTESIAN_POINT('Ctrl Pts',(15.9155530213425,-17.8262882522631,23.274605290252));
#6964=CARTESIAN_POINT('Ctrl Pts',(16.1997864231619,-17.1362917981077,23.3920586166973));
#6965=CARTESIAN_POINT('Ctrl Pts',(16.4739230598641,-16.4639014217735,23.3996546137165));
#6966=CARTESIAN_POINT('Ctrl Pts',(16.4739230598641,-16.4639014217735,23.3996546137165));
#6967=CARTESIAN_POINT('Ctrl Pts',(16.4825978710403,-16.4426242235793,23.3998949823175));
#6968=CARTESIAN_POINT('Ctrl Pts',(16.4913142492737,-16.4213054910071,23.3999994491596));
#6969=CARTESIAN_POINT('Ctrl Pts',(16.5,-16.3999999999991,23.3999994491596));
#6970=CARTESIAN_POINT('',(16.4478461170846,-16.442600944189,23.3995397776723));
#6971=CARTESIAN_POINT('Ctrl Pts',(16.5,-16.3999999999991,23.3999994491596));
#6972=CARTESIAN_POINT('Ctrl Pts',(16.4826187578321,-16.4142155937525,23.3999994491596));
#6973=CARTESIAN_POINT('Ctrl Pts',(16.4651957384421,-16.4284161439739,23.3998602576294));
#6974=CARTESIAN_POINT('Ctrl Pts',(16.4478461170846,-16.442600944189,23.3995397776723));
#6975=CARTESIAN_POINT('Ctrl Pts',(16.4478461170846,-16.442600944189,23.3995397776723));
#6976=CARTESIAN_POINT('Ctrl Pts',(15.899572875121,-16.8908612399206,23.3894121454066));
#6977=CARTESIAN_POINT('Ctrl Pts',(15.331106042685,-17.3508588348418,23.2328073431873));
#6978=CARTESIAN_POINT('Ctrl Pts',(14.9276974942555,-17.733333333333,22.8907117518723));
#6979=CARTESIAN_POINT('Ctrl Pts',(15.7138487031802,-18.399999962732,23.018033698734));
#6980=CARTESIAN_POINT('Ctrl Pts',(15.6280222917063,-18.5766453459499,22.9088608503836));
#6981=CARTESIAN_POINT('Ctrl Pts',(15.5332193327482,-18.8766191829545,22.6619284299786));
#6982=CARTESIAN_POINT('Ctrl Pts',(15.4975741775752,-19.2636930184577,22.1176309110218));
#6983=CARTESIAN_POINT('Ctrl Pts',(15.4999999998281,-19.4000000081138,21.6464998827133));
#6984=CARTESIAN_POINT('Ctrl Pts',(15.5,-19.3999999999998,21.3999995912429));
#6985=CARTESIAN_POINT('Ctrl Pts',(15.6289768680314,-18.2437607606694,22.9100750822067));
#6986=CARTESIAN_POINT('Ctrl Pts',(15.546031415452,-18.402814842044,22.7903398870511));
#6987=CARTESIAN_POINT('Ctrl Pts',(15.4680047380813,-18.6613672755852,22.5384329334315));
#6988=CARTESIAN_POINT('Ctrl Pts',(15.4770055602354,-18.9837674011638,22.0435830468898));
#6989=CARTESIAN_POINT('Ctrl Pts',(15.4999999980736,-19.1008007074452,21.6218091436338));
#6990=CARTESIAN_POINT('Ctrl Pts',(15.5000000000002,-19.1008006996577,21.3999996087364));
#6991=CARTESIAN_POINT('Ctrl Pts',(15.3884670373573,-17.9710375977854,22.7942384930135));
#6992=CARTESIAN_POINT('Ctrl Pts',(15.2838580885183,-18.1079236549212,22.6563549320921));
#6993=CARTESIAN_POINT('Ctrl Pts',(15.1904509752281,-18.3119678592667,22.3821848280876));
#6994=CARTESIAN_POINT('Ctrl Pts',(15.2122180341535,-18.5180475919847,21.9229841354401));
#6995=CARTESIAN_POINT('Ctrl Pts',(15.2488000713303,-18.5828849639989,21.5793977231059));
#6996=CARTESIAN_POINT('Ctrl Pts',(15.2488000743808,-18.5828849551918,21.3999996390875));
#6997=CARTESIAN_POINT('Ctrl Pts',(15.0658785162801,-17.7873126266735,22.8424312063911));
#6998=CARTESIAN_POINT('Ctrl Pts',(14.9143007236003,-17.9371647737855,22.6977240449255));
#6999=CARTESIAN_POINT('Ctrl Pts',(14.7535633958077,-18.1659754385507,22.3966966821886));
#7000=CARTESIAN_POINT('Ctrl Pts',(14.7100388725311,-18.3581115391887,21.8886136048309));
#7001=CARTESIAN_POINT('Ctrl Pts',(14.7243994741025,-18.4000000095192,21.5642663975669));
#7002=CARTESIAN_POINT('Ctrl Pts',(14.7243994752565,-18.399999999999,21.399999649772));
#7003=CARTESIAN_POINT('Ctrl Pts',(14.9276974063603,-17.7333332989975,22.890711782583));
#7004=CARTESIAN_POINT('Ctrl Pts',(14.7560445834124,-17.8960785818161,22.7451479830301));
#7005=CARTESIAN_POINT('Ctrl Pts',(14.5664386654963,-18.14983551097,22.4328604140474));
#7006=CARTESIAN_POINT('Ctrl Pts',(14.4951483551504,-18.3591381062513,21.8927273254338));
#7007=CARTESIAN_POINT('Ctrl Pts',(14.4999999996563,-18.4000000095946,21.5643331784468));
#7008=CARTESIAN_POINT('Ctrl Pts',(14.5,-18.399999999999,21.3999996497862));
#7009=CARTESIAN_POINT('Ctrl Pts',(14.9276974942555,-17.7333333333331,22.8907117518724));
#7010=CARTESIAN_POINT('Ctrl Pts',(14.8848300849344,-17.7739762265789,22.8543596429866));
#7011=CARTESIAN_POINT('Ctrl Pts',(14.8455694657227,-17.8139659252575,22.8154024886426));
#7012=CARTESIAN_POINT('Ctrl Pts',(14.8097474131092,-17.8529377042222,22.7740084961848));
#7013=CARTESIAN_POINT('Ctrl Pts',(14.7740478130683,-17.8917762637244,22.7327560031804));
#7014=CARTESIAN_POINT('Ctrl Pts',(14.7417635657047,-17.9296047048573,22.6890828167733));
#7015=CARTESIAN_POINT('Ctrl Pts',(14.7127683926436,-17.9660412270963,22.643130922803));
#7016=CARTESIAN_POINT('Ctrl Pts',(14.6840284447993,-18.0021570228728,22.5975835127815));
#7017=CARTESIAN_POINT('Ctrl Pts',(14.6585201853434,-18.0369061131208,22.5497968540361));
#7018=CARTESIAN_POINT('Ctrl Pts',(14.6361563401514,-18.0698838384694,22.499892316049));
#7019=CARTESIAN_POINT('Ctrl Pts',(14.6137924949594,-18.1028615638179,22.4499877780619));
#7020=CARTESIAN_POINT('Ctrl Pts',(14.5945732624214,-18.1340688257945,22.397964901922));
#7021=CARTESIAN_POINT('Ctrl Pts',(14.5784438681654,-18.1630550726257,22.3439350531718));
#7022=CARTESIAN_POINT('Ctrl Pts',(14.5779201613172,-18.1639962298526,22.3421807528336));
#7023=CARTESIAN_POINT('Ctrl Pts',(14.5773997146063,-18.1649350408404,22.3404243361465));
#7024=CARTESIAN_POINT('Ctrl Pts',(14.5768825109629,-18.1658714985256,22.3386658110891));
#7025=CARTESIAN_POINT('Ctrl Pts',(14.5660454507368,-18.1854932634986,22.3018191217826));
#7026=CARTESIAN_POINT('Ctrl Pts',(14.5565685309879,-18.2042029467785,22.2638147524271));
#7027=CARTESIAN_POINT('Ctrl Pts',(14.5483595582981,-18.221840156209,22.2248252843065));
#7028=CARTESIAN_POINT('Ctrl Pts',(14.5399117061006,-18.2399906050016,22.1847012302512));
#7029=CARTESIAN_POINT('Ctrl Pts',(14.5328063238783,-18.2570049218253,22.1435341525062));
#7030=CARTESIAN_POINT('Ctrl Pts',(14.5268961158383,-18.2727273421106,22.1015385672642));
#7031=CARTESIAN_POINT('Ctrl Pts',(14.520665971047,-18.2893008627355,22.0572696388465));
#7032=CARTESIAN_POINT('Ctrl Pts',(14.5157634835542,-18.3044382980796,22.0120803806823));
#7033=CARTESIAN_POINT('Ctrl Pts',(14.5119704779866,-18.3179849825224,21.9662469102949));
#7034=CARTESIAN_POINT('Ctrl Pts',(14.5098218466802,-18.3256587994398,21.9402835343912));
#7035=CARTESIAN_POINT('Ctrl Pts',(14.5080284530109,-18.3328227034519,21.9141138573985));
#7036=CARTESIAN_POINT('Ctrl Pts',(14.5065456188887,-18.3394532145335,21.8877906459162));
#7037=CARTESIAN_POINT('Ctrl Pts',(14.5065328971335,-18.3395101000189,21.8875648098312));
#7038=CARTESIAN_POINT('Ctrl Pts',(14.5065201982191,-18.3395669462658,21.8873389624541));
#7039=CARTESIAN_POINT('Ctrl Pts',(14.5065075221077,-18.3396237532667,21.8871131038128));
#7040=CARTESIAN_POINT('Ctrl Pts',(14.5023241852895,-18.358371049688,21.812575831498));
#7041=CARTESIAN_POINT('Ctrl Pts',(14.5006277378681,-18.3728420575239,21.7368078726628));
#7042=CARTESIAN_POINT('Ctrl Pts',(14.5000129574107,-18.3829061880857,21.6603671382536));
#7043=CARTESIAN_POINT('Ctrl Pts',(14.4993196376855,-18.394256028752,21.5741609676729));
#7044=CARTESIAN_POINT('Ctrl Pts',(14.5000000035211,-18.4000000035505,21.4870997935207));
#7045=CARTESIAN_POINT('Ctrl Pts',(14.5,-18.399999999999,21.3999996847125));
#7046=CARTESIAN_POINT('Ctrl Pts',(15.5,-19.3999999999998,21.3999995912429));
#7047=CARTESIAN_POINT('Ctrl Pts',(15.4999999998281,-19.4000000055175,21.6464998827133));
#7048=CARTESIAN_POINT('Ctrl Pts',(15.4987870886661,-19.3318465105526,21.8820653878349));
#7049=CARTESIAN_POINT('Ctrl Pts',(15.5032727972479,-19.242473503141,22.0776049262678));
#7050=CARTESIAN_POINT('Ctrl Pts',(15.5077585061474,-19.1531004893978,22.2731444785534));
#7051=CARTESIAN_POINT('Ctrl Pts',(15.517942835645,-19.0425079602011,22.4286580585146));
#7052=CARTESIAN_POINT('Ctrl Pts',(15.5392219066032,-18.9281566279544,22.5614753935089));
#7053=CARTESIAN_POINT('Ctrl Pts',(15.5711405092447,-18.7566296499822,22.7607013723086));
#7054=CARTESIAN_POINT('Ctrl Pts',(15.6280222742842,-18.57664536713,22.9088608121915));
#7055=CARTESIAN_POINT('Ctrl Pts',(15.7138486704235,-18.4,23.0180336570669));
#7056=CARTESIAN_POINT('Origin',(14.5,-18.4,20.4));
#7057=CARTESIAN_POINT('',(10.5,-18.4,21.3999996541407));
#7058=CARTESIAN_POINT('',(14.5,-18.4,21.3999996847125));
#7059=CARTESIAN_POINT('',(10.5,-18.4,21.3999996541407));
#7060=CARTESIAN_POINT('Origin',(12.5000000000002,-16.3999999999987,21.3999997668728));
#7061=CARTESIAN_POINT('',(10.0723025670081,-17.7333333914165,22.89071169992));
#7062=CARTESIAN_POINT('Ctrl Pts',(8.49999999999999,-16.3999999999984,23.3999994491596));
#7063=CARTESIAN_POINT('Ctrl Pts',(8.51738300971205,-16.4142170344608,23.3999994491596));
#7064=CARTESIAN_POINT('Ctrl Pts',(8.53480322302635,-16.4284180017867,23.3998571651243));
#7065=CARTESIAN_POINT('Ctrl Pts',(9.10062369323217,-16.8908861365901,23.3895781689521));
#7066=CARTESIAN_POINT('Ctrl Pts',(9.66889530739616,-17.3508601058373,23.2328062331981));
#7067=CARTESIAN_POINT('Ctrl Pts',(10.0723025670081,-17.7333333914165,22.89071169992));
#7068=CARTESIAN_POINT('Ctrl Pts',(10.0723025670081,-17.7333333914165,22.89071169992));
#7069=CARTESIAN_POINT('Ctrl Pts',(10.3011729859316,-17.9503270806303,22.6966266499196));
#7070=CARTESIAN_POINT('Ctrl Pts',(10.4543244479765,-18.1954883099493,22.3597470814272));
#7071=CARTESIAN_POINT('Ctrl Pts',(10.5022475718625,-18.3687103894068,21.8104718321171));
#7072=CARTESIAN_POINT('Ctrl Pts',(10.4999999928346,-18.4000000119114,21.5643331768177));
#7073=CARTESIAN_POINT('Ctrl Pts',(10.5,-18.4,21.3999996541407));
#7074=CARTESIAN_POINT('Origin',(16.5,-17.3999999999996,22.3999994491596));
#7075=CARTESIAN_POINT('Origin',(16.5000003249243,-18.4,22.3999991937198));
#7076=CARTESIAN_POINT('Origin',(10.5,-19.4,20.8999998270704));
#7077=CARTESIAN_POINT('',(9.49999999999999,-19.4,21.3999996386043));
#7078=CARTESIAN_POINT('Origin',(10.5,-19.4,21.3999996541408));
#7079=CARTESIAN_POINT('',(9.5,-19.4,20.4));
#7080=CARTESIAN_POINT('Ctrl Pts',(9.286151283504,-18.4000000871254,23.0180335578017));
#7081=CARTESIAN_POINT('Ctrl Pts',(9.08444765369795,-17.8262901587565,23.2746044577603));
#7082=CARTESIAN_POINT('Ctrl Pts',(8.80031186260121,-17.1363291362729,23.3921831021653));
#7083=CARTESIAN_POINT('Ctrl Pts',(8.51740160966379,-16.4426270104287,23.3998926635441));
#7084=CARTESIAN_POINT('Ctrl Pts',(8.50868663500276,-16.4213076539329,23.3999994491596));
#7085=CARTESIAN_POINT('Ctrl Pts',(8.49999999999999,-16.3999999999984,23.3999994491596));
#7086=CARTESIAN_POINT('Ctrl Pts',(9.3604141375761,-18.2632907769869,22.9235697778434));
#7087=CARTESIAN_POINT('Ctrl Pts',(9.17820580436237,-17.7470197858859,23.2197710152553));
#7088=CARTESIAN_POINT('Ctrl Pts',(8.85062150495125,-17.0953499121128,23.3909506718977));
#7089=CARTESIAN_POINT('Ctrl Pts',(8.52029507520074,-16.4402599430786,23.3998266796788));
#7090=CARTESIAN_POINT('Ctrl Pts',(8.51013603078763,-16.4201258840209,23.3999994491596));
#7091=CARTESIAN_POINT('Ctrl Pts',(8.49999999999999,-16.3999999999984,23.3999994491596));
#7092=CARTESIAN_POINT('Ctrl Pts',(9.58902485946166,-17.9901741933563,22.7979388687894));
#7093=CARTESIAN_POINT('Ctrl Pts',(9.37318170575994,-17.5879302356841,23.1585300742665));
#7094=CARTESIAN_POINT('Ctrl Pts',(8.95050986839469,-17.0134020175719,23.3891017261364));
#7095=CARTESIAN_POINT('Ctrl Pts',(8.52609929599176,-16.4355253644617,23.3997579413797));
#7096=CARTESIAN_POINT('Ctrl Pts',(8.51303482235736,-16.4177623441969,23.3999994491596));
#7097=CARTESIAN_POINT('Ctrl Pts',(8.49999999999999,-16.3999999999984,23.3999994491596));
#7098=CARTESIAN_POINT('Ctrl Pts',(9.91109127458245,-17.7963092747827,22.8343843530432));
#7099=CARTESIAN_POINT('Ctrl Pts',(9.5705338012403,-17.4284700350981,23.1932754581188));
#7100=CARTESIAN_POINT('Ctrl Pts',(9.05058235123231,-16.9318604447341,23.389098598172));
#7101=CARTESIAN_POINT('Ctrl Pts',(8.53190207124713,-16.4307838510514,23.3998056194947));
#7102=CARTESIAN_POINT('Ctrl Pts',(8.5159336139271,-16.4153988043728,23.3999994491596));
#7103=CARTESIAN_POINT('Ctrl Pts',(8.49999999999999,-16.3999999999984,23.3999994491596));
#7104=CARTESIAN_POINT('Ctrl Pts',(10.0723025670081,-17.7333333914165,22.89071169992));
#7105=CARTESIAN_POINT('Ctrl Pts',(9.66889530739615,-17.3508601058373,23.2328062331981));
#7106=CARTESIAN_POINT('Ctrl Pts',(9.10062369323214,-16.8908861365901,23.3895781689521));
#7107=CARTESIAN_POINT('Ctrl Pts',(8.53480322302628,-16.4284180017867,23.3998571651243));
#7108=CARTESIAN_POINT('Ctrl Pts',(8.51738300971196,-16.4142170344608,23.3999994491596));
#7109=CARTESIAN_POINT('Ctrl Pts',(8.49999999999999,-16.3999999999984,23.3999994491596));
#7110=CARTESIAN_POINT('',(9.28615129122491,-18.4,23.018033626916));
#7111=CARTESIAN_POINT('Origin',(10.072302567008,-18.4000000871254,23.6360676664436));
#7112=CARTESIAN_POINT('Ctrl Pts',(8.49999999999999,-16.3999999999984,23.3999994491596));
#7113=CARTESIAN_POINT('Ctrl Pts',(8.50868663500287,-16.4213076539329,23.3999994491596));
#7114=CARTESIAN_POINT('Ctrl Pts',(8.51740160966389,-16.4426270104287,23.3998926635441));
#7115=CARTESIAN_POINT('Ctrl Pts',(8.80031184871938,-17.1363291022342,23.3921831025436));
#7116=CARTESIAN_POINT('Ctrl Pts',(9.08444762493148,-17.8262900889034,23.2746044696642));
#7117=CARTESIAN_POINT('Ctrl Pts',(9.28615125287265,-18.4,23.0180335967653));
#7118=CARTESIAN_POINT('Ctrl Pts',(9.50000000000005,-19.4,21.3999995977747));
#7119=CARTESIAN_POINT('Ctrl Pts',(9.50000000008278,-19.400000007486,21.6464998821294));
#7120=CARTESIAN_POINT('Ctrl Pts',(9.50112379538439,-19.3006815907594,22.0022116291616));
#7121=CARTESIAN_POINT('Ctrl Pts',(9.4771622473719,-18.9437275750999,22.6103049741415));
#7122=CARTESIAN_POINT('Ctrl Pts',(9.40058652446647,-18.635527183142,22.872469865716));
#7123=CARTESIAN_POINT('Ctrl Pts',(9.28615132184412,-18.4000000142356,23.0180336669032));
#7124=CARTESIAN_POINT('Ctrl Pts',(9.49999999999961,-19.1008006996578,21.3999996146217));
#7125=CARTESIAN_POINT('Ctrl Pts',(9.50000000193674,-19.1008007069119,21.6218091432021));
#7126=CARTESIAN_POINT('Ctrl Pts',(9.51604544269034,-19.0154267181872,21.9409755660683));
#7127=CARTESIAN_POINT('Ctrl Pts',(9.53630382638425,-18.716929923174,22.4891160065737));
#7128=CARTESIAN_POINT('Ctrl Pts',(9.4816170782699,-18.4558329060078,22.7504281196438));
#7129=CARTESIAN_POINT('Ctrl Pts',(9.37102315621976,-18.2437608070778,22.9100750473295));
#7130=CARTESIAN_POINT('Ctrl Pts',(9.75118455031611,-18.5828665069964,21.3999996438396));
#7131=CARTESIAN_POINT('Ctrl Pts',(9.75118455338358,-18.5828665154353,21.5793977227128));
#7132=CARTESIAN_POINT('Ctrl Pts',(9.77701946911884,-18.535085118622,21.8394119907001));
#7133=CARTESIAN_POINT('Ctrl Pts',(9.81315584142015,-18.3502074466492,22.3281673771361));
#7134=CARTESIAN_POINT('Ctrl Pts',(9.75100913215015,-18.1535498368679,22.6103889562183));
#7135=CARTESIAN_POINT('Ctrl Pts',(9.6115305527055,-17.9710351050535,22.7942337026929));
#7136=CARTESIAN_POINT('Ctrl Pts',(10.2756005247435,-18.3999999999985,21.3999996541296));
#7137=CARTESIAN_POINT('Ctrl Pts',(10.2756005257767,-18.400000009162,21.5642663969465));
#7138=CARTESIAN_POINT('Ctrl Pts',(10.2849191735006,-18.3682457464946,21.8081029655623));
#7139=CARTESIAN_POINT('Ctrl Pts',(10.2620562205915,-18.2068722874338,22.3296392159373));
#7140=CARTESIAN_POINT('Ctrl Pts',(10.1362252280307,-17.987115521392,22.6494882818524));
#7141=CARTESIAN_POINT('Ctrl Pts',(9.93412152790546,-17.7873126703786,22.8424311642054));
#7142=CARTESIAN_POINT('Ctrl Pts',(10.5,-18.3999999999986,21.3999996541407));
#7143=CARTESIAN_POINT('Ctrl Pts',(10.5000000001655,-18.4000000091945,21.564333177706));
#7144=CARTESIAN_POINT('Ctrl Pts',(10.5022475907687,-18.3687103824017,21.8104718344087));
#7145=CARTESIAN_POINT('Ctrl Pts',(10.454324494744,-18.1954882897929,22.3597470953225));
#7146=CARTESIAN_POINT('Ctrl Pts',(10.3011730489332,-17.9503270447632,22.6966266723059));
#7147=CARTESIAN_POINT('Ctrl Pts',(10.0723026436886,-17.7333333464479,22.8907117401412));
#7148=CARTESIAN_POINT('Ctrl Pts',(9.28615132957714,-18.4,23.0180336570666));
#7149=CARTESIAN_POINT('Ctrl Pts',(9.40058653037654,-18.6355271694809,22.8724698564699));
#7150=CARTESIAN_POINT('Ctrl Pts',(9.46184710571827,-18.8820874828721,22.6627379469235));
#7151=CARTESIAN_POINT('Ctrl Pts',(9.4850530704683,-19.0945785283245,22.3428060364311));
#7152=CARTESIAN_POINT('Ctrl Pts',(9.49085456177119,-19.1477012907442,22.2628230572173));
#7153=CARTESIAN_POINT('Ctrl Pts',(9.49427763981303,-19.1986947238182,22.1759525776551));
#7154=CARTESIAN_POINT('Ctrl Pts',(9.49643482562392,-19.2437257261137,22.0785153954408));
#7155=CARTESIAN_POINT('Ctrl Pts',(9.50074919676931,-19.3337877207595,21.8836410525309));
#7156=CARTESIAN_POINT('Ctrl Pts',(9.50000000016551,-19.3999999975782,21.6464999083157));
#7157=CARTESIAN_POINT('Ctrl Pts',(9.50000000000005,-19.4,21.3999996386043));
#7158=CARTESIAN_POINT('Ctrl Pts',(8.49999999999998,-18.4000000000004,23.3999996070304));
#7159=CARTESIAN_POINT('Ctrl Pts',(8.50000000000002,-20.3999999684265,23.3999996070304));
#7160=CARTESIAN_POINT('Ctrl Pts',(8.49999999999999,-20.4000000000003,21.3999996386043));
#7161=CARTESIAN_POINT('Ctrl Pts',(9.50000000000027,-18.4000000000003,23.3999996070304));
#7162=CARTESIAN_POINT('Ctrl Pts',(9.50000000000031,-20.3999999684265,23.3999996070304));
#7163=CARTESIAN_POINT('Ctrl Pts',(9.50000000000028,-20.4000000000003,21.3999996386043));
#7164=CARTESIAN_POINT('Ctrl Pts',(9.50000000000005,-18.4000000000003,22.3999996070301));
#7165=CARTESIAN_POINT('Ctrl Pts',(9.50000000000007,-19.3999999842131,22.3999996070301));
#7166=CARTESIAN_POINT('Ctrl Pts',(9.50000000000005,-19.4,21.3999996228174));
#7167=CARTESIAN_POINT('Origin',(8.49999999999993,-18.4000000000001,22.3999998624707));
#7168=CARTESIAN_POINT('',(8.49999999999999,-20.4,21.3999996386043));
#7169=CARTESIAN_POINT('Origin',(8.49999999999999,-18.4000000000002,21.3999996070306));
#7170=CARTESIAN_POINT('Origin',(8.49999999999999,-19.4,21.3999996386043));
#7171=CARTESIAN_POINT('Origin',(8.49999999999999,-17.3999999999992,22.3999994491596));
#7172=CARTESIAN_POINT('Origin',(26.5000000000001,-19.4,20.8999998882139));
#7173=CARTESIAN_POINT('',(26.5000000000001,-18.4,21.3999997764277));
#7174=CARTESIAN_POINT('',(26.5000000000001,-18.4,21.3999997764277));
#7175=CARTESIAN_POINT('',(25.5000000000001,-19.4,21.3999996386043));
#7176=CARTESIAN_POINT('Origin',(26.5000000000001,-19.4,21.3999997764278));
#7177=CARTESIAN_POINT('',(25.5,-19.4,20.4));
#7178=CARTESIAN_POINT('Ctrl Pts',(25.2861512666393,-18.4000000391596,23.0180335792541));
#7179=CARTESIAN_POINT('Ctrl Pts',(25.0841077124306,-17.825323264042,23.2750368551624));
#7180=CARTESIAN_POINT('Ctrl Pts',(24.7992858803449,-17.133789618782,23.3926326141703));
#7181=CARTESIAN_POINT('Ctrl Pts',(24.5164718906241,-16.4403518330261,23.3999032951402));
#7182=CARTESIAN_POINT('Ctrl Pts',(24.5082207459458,-16.4201681506699,23.3999994491596));
#7183=CARTESIAN_POINT('Ctrl Pts',(24.5000000000001,-16.3999999999999,23.3999994491596));
#7184=CARTESIAN_POINT('Ctrl Pts',(25.3604141222968,-18.2632907338168,22.9235698025845));
#7185=CARTESIAN_POINT('Ctrl Pts',(25.1778987157605,-17.7461496934382,23.2202702043348));
#7186=CARTESIAN_POINT('Ctrl Pts',(24.8494341201975,-17.0929554392275,23.3915490382702));
#7187=CARTESIAN_POINT('Ctrl Pts',(24.5192106880983,-16.4381110715348,23.3998425238026));
#7188=CARTESIAN_POINT('Ctrl Pts',(24.5095925850491,-16.4190497991729,23.3999994491596));
#7189=CARTESIAN_POINT('Ctrl Pts',(24.5000000000001,-16.3999999999999,23.3999994491596));
#7190=CARTESIAN_POINT('Ctrl Pts',(25.5890373853341,-17.9901847971366,22.7979606533413));
#7191=CARTESIAN_POINT('Ctrl Pts',(25.3728304719403,-17.587262951351,23.1591595364707));
#7192=CARTESIAN_POINT('Ctrl Pts',(24.9489862797042,-17.0112987291264,23.3898755385965));
#7193=CARTESIAN_POINT('Ctrl Pts',(24.5247047760538,-16.4336291251116,23.399779444796));
#7194=CARTESIAN_POINT('Ctrl Pts',(24.5123362632556,-16.4168130961789,23.3999994491596));
#7195=CARTESIAN_POINT('Ctrl Pts',(24.5000000000001,-16.3999999999999,23.3999994491596));
#7196=CARTESIAN_POINT('Ctrl Pts',(25.9110912461002,-17.796309243991,22.8343843830186));
#7197=CARTESIAN_POINT('Ctrl Pts',(25.569959840418,-17.4278500990134,23.1938802977689));
#7198=CARTESIAN_POINT('Ctrl Pts',(25.0487060704465,-16.9300344018118,23.3897969480611));
#7199=CARTESIAN_POINT('Ctrl Pts',(24.530197598844,-16.4291407171254,23.3998236810354));
#7200=CARTESIAN_POINT('Ctrl Pts',(24.5150799414622,-16.414576393185,23.3999994491596));
#7201=CARTESIAN_POINT('Ctrl Pts',(24.5000000000001,-16.3999999999999,23.3999994491596));
#7202=CARTESIAN_POINT('Ctrl Pts',(26.0723025332786,-17.7333333594398,22.8907117285237));
#7203=CARTESIAN_POINT('Ctrl Pts',(25.6682154248611,-17.3502155093612,23.2333827630683));
#7204=CARTESIAN_POINT('Ctrl Pts',(25.0985717176967,-16.8891931322006,23.3901775427155));
#7205=CARTESIAN_POINT('Ctrl Pts',(24.5329437848927,-16.426901217108,23.3998713405758));
#7206=CARTESIAN_POINT('Ctrl Pts',(24.5164517805655,-16.413458041688,23.3999994491596));
#7207=CARTESIAN_POINT('Ctrl Pts',(24.5000000000001,-16.3999999999999,23.3999994491596));
#7208=CARTESIAN_POINT('',(25.2861513049915,-18.4000000195798,23.0180336094047));
#7209=CARTESIAN_POINT('',(26.0723025332786,-17.7333333594398,22.8907117285237));
#7210=CARTESIAN_POINT('Origin',(26.0723025332783,-18.4000000391595,23.6360677093483));
#7211=CARTESIAN_POINT('Ctrl Pts',(26.0723025332786,-17.7333333594398,22.8907117285237));
#7212=CARTESIAN_POINT('Ctrl Pts',(25.6682154248611,-17.3502155093612,23.2333827630683));
#7213=CARTESIAN_POINT('Ctrl Pts',(25.0985717176967,-16.8891931322006,23.3901775427155));
#7214=CARTESIAN_POINT('Ctrl Pts',(24.5329437848928,-16.426901217108,23.3998713405758));
#7215=CARTESIAN_POINT('Ctrl Pts',(24.5164517805656,-16.413458041688,23.3999994491596));
#7216=CARTESIAN_POINT('Ctrl Pts',(24.5000000000001,-16.3999999999999,23.3999994491596));
#7217=CARTESIAN_POINT('Ctrl Pts',(24.5000000000001,-16.3999999999999,23.3999994491596));
#7218=CARTESIAN_POINT('Ctrl Pts',(24.5082207460018,-16.4201681506351,23.3999994490923));
#7219=CARTESIAN_POINT('Ctrl Pts',(24.5164718907361,-16.4403518329564,23.3999032950054));
#7220=CARTESIAN_POINT('Ctrl Pts',(24.7992858798428,-17.1337896112871,23.392632611782));
#7221=CARTESIAN_POINT('Ctrl Pts',(25.084107711173,-17.8253232487551,23.2750368525073));
#7222=CARTESIAN_POINT('Ctrl Pts',(25.2861512666393,-18.4000000195798,23.0180335792541));
#7223=CARTESIAN_POINT('Ctrl Pts',(25.5000000000002,-19.4,21.3999996386043));
#7224=CARTESIAN_POINT('Ctrl Pts',(25.5000000002891,-19.3999999992758,21.6464998963736));
#7225=CARTESIAN_POINT('Ctrl Pts',(25.5011235694647,-19.3006789227773,22.0022045865069));
#7226=CARTESIAN_POINT('Ctrl Pts',(25.4771614335761,-18.9437254608776,22.6102995306968));
#7227=CARTESIAN_POINT('Ctrl Pts',(25.4005865216043,-18.6355271695504,22.8724698781657));
#7228=CARTESIAN_POINT('Ctrl Pts',(25.2861513105871,-18.3999999910679,23.0180336812224));
#7229=CARTESIAN_POINT('Ctrl Pts',(25.5000000000002,-19.1008006996582,21.3999996513354));
#7230=CARTESIAN_POINT('Ctrl Pts',(25.5000000033379,-19.1008006998004,21.621809155825));
#7231=CARTESIAN_POINT('Ctrl Pts',(25.5160464071154,-19.0154234787761,21.9409678022637));
#7232=CARTESIAN_POINT('Ctrl Pts',(25.5363050270619,-18.7169269738444,22.4891096862198));
#7233=CARTESIAN_POINT('Ctrl Pts',(25.4816170765683,-18.4558328945239,22.7504281319851));
#7234=CARTESIAN_POINT('Ctrl Pts',(25.3710231453125,-18.2437607862032,22.9100750630204));
#7235=CARTESIAN_POINT('Ctrl Pts',(25.7512193486081,-18.5829082600396,21.3999996735609));
#7236=CARTESIAN_POINT('Ctrl Pts',(25.7512193540333,-18.5829082645716,21.5793977332953));
#7237=CARTESIAN_POINT('Ctrl Pts',(25.7770461046801,-18.535114127272,21.8394122951506));
#7238=CARTESIAN_POINT('Ctrl Pts',(25.8131820395409,-18.3502364201112,22.3281694654863));
#7239=CARTESIAN_POINT('Ctrl Pts',(25.7510146535559,-18.1535555602376,22.6103997200927));
#7240=CARTESIAN_POINT('Ctrl Pts',(25.6115360622946,-17.9710408191063,22.7942444715069));
#7241=CARTESIAN_POINT('Ctrl Pts',(26.2756005247437,-18.4000000000001,21.3999996813222));
#7242=CARTESIAN_POINT('Ctrl Pts',(26.2756005267776,-18.4000000066604,21.5642664076698));
#7243=CARTESIAN_POINT('Ctrl Pts',(26.2849189177403,-18.3682440362198,21.8081006848055));
#7244=CARTESIAN_POINT('Ctrl Pts',(26.2620547518197,-18.2068697721009,22.3296368730578));
#7245=CARTESIAN_POINT('Ctrl Pts',(26.1362252234523,-17.9871155117706,22.6494882964564));
#7246=CARTESIAN_POINT('Ctrl Pts',(25.9341215080283,-17.7873126507201,22.8424311831837));
#7247=CARTESIAN_POINT('Ctrl Pts',(26.5000000000001,-18.4000000000001,21.3999996813609));
#7248=CARTESIAN_POINT('Ctrl Pts',(26.5000000005779,-18.4000000067924,21.5643331888546));
#7249=CARTESIAN_POINT('Ctrl Pts',(26.5022471389292,-18.3687083547406,21.8104705755056));
#7250=CARTESIAN_POINT('Ctrl Pts',(26.454322867152,-18.1954851080033,22.359745003909));
#7251=CARTESIAN_POINT('Ctrl Pts',(26.3011730432083,-17.9503270339944,22.6966266875964));
#7252=CARTESIAN_POINT('Ctrl Pts',(26.0723026211739,-17.7333333251042,22.8907117592344));
#7253=CARTESIAN_POINT('Ctrl Pts',(25.2861513433437,-18.4000000195798,23.0180336395554));
#7254=CARTESIAN_POINT('Ctrl Pts',(25.4005865373596,-18.6355271846404,22.872469838403));
#7255=CARTESIAN_POINT('Ctrl Pts',(25.4618464566138,-18.8820857993185,22.6627335714309));
#7256=CARTESIAN_POINT('Ctrl Pts',(25.4850525587776,-19.094576248982,22.342800067473));
#7257=CARTESIAN_POINT('Ctrl Pts',(25.4908540847981,-19.1476988657884,22.262816684873));
#7258=CARTESIAN_POINT('Ctrl Pts',(25.4942772468515,-19.1986922219104,22.1759459738035));
#7259=CARTESIAN_POINT('Ctrl Pts',(25.4964345136614,-19.243723469023,22.0785094167897));
#7260=CARTESIAN_POINT('Ctrl Pts',(25.5007490464494,-19.3337859458813,21.8836363403401));
#7261=CARTESIAN_POINT('Ctrl Pts',(25.5000000002891,-19.3999999959256,21.6464998963736));
#7262=CARTESIAN_POINT('Ctrl Pts',(25.5000000000002,-19.4,21.3999996386043));
#7263=CARTESIAN_POINT('Ctrl Pts',(26.5000000000001,-18.4,21.3999997764277));
#7264=CARTESIAN_POINT('Ctrl Pts',(26.4999999938249,-18.4000000014627,21.5643332512505));
#7265=CARTESIAN_POINT('Ctrl Pts',(26.5022471173829,-18.3687083522009,21.8104706034759));
#7266=CARTESIAN_POINT('Ctrl Pts',(26.4543228199374,-18.1954851265424,22.3597449951402));
#7267=CARTESIAN_POINT('Ctrl Pts',(26.3011729762043,-17.9503270634542,22.696626674014));
#7268=CARTESIAN_POINT('Ctrl Pts',(26.0723025332786,-17.7333333594398,22.8907117285237));
#7269=CARTESIAN_POINT('Ctrl Pts',(24.5000000000001,-18.4000000000004,23.3999996070303));
#7270=CARTESIAN_POINT('Ctrl Pts',(24.5,-20.3999999684264,23.3999996070303));
#7271=CARTESIAN_POINT('Ctrl Pts',(24.5000000000001,-20.4000000000002,21.3999996386043));
#7272=CARTESIAN_POINT('Ctrl Pts',(25.5000000000004,-18.4000000000005,23.3999996070303));
#7273=CARTESIAN_POINT('Ctrl Pts',(25.5000000000003,-20.3999999684265,23.3999996070303));
#7274=CARTESIAN_POINT('Ctrl Pts',(25.5000000000004,-20.4000000000003,21.3999996386043));
#7275=CARTESIAN_POINT('Ctrl Pts',(25.5000000000002,-18.4000000000005,22.39999960703));
#7276=CARTESIAN_POINT('Ctrl Pts',(25.5000000000002,-19.3999999842131,22.39999960703));
#7277=CARTESIAN_POINT('Ctrl Pts',(25.5000000000002,-19.4,21.3999996228175));
#7278=CARTESIAN_POINT('Origin',(24.5000000000003,-18.4000000512607,22.3999998624707));
#7279=CARTESIAN_POINT('',(24.5000000000001,-20.4,21.3999996386043));
#7280=CARTESIAN_POINT('Origin',(24.5000000000001,-18.4000000000002,21.3999996070305));
#7281=CARTESIAN_POINT('Origin',(24.5000000000001,-19.4,21.3999996386043));
#7282=CARTESIAN_POINT('Origin',(24.5000000000001,-17.4000000097898,22.3999994491597));
#7283=CARTESIAN_POINT('Origin',(-7.50000000000001,-19.4,20.8999997601007));
#7284=CARTESIAN_POINT('',(-7.49999999999998,-20.4,21.3999995202014));
#7285=CARTESIAN_POINT('Origin',(-38.5,-19.4,20.8999996386383));
#7286=CARTESIAN_POINT('',(-38.5,-20.4,21.3999992772766));
#7287=CARTESIAN_POINT('Origin',(-23.5,-19.4,20.8999997008993));
#7288=CARTESIAN_POINT('',(-23.5,-20.4,21.3999994017985));
#7289=CARTESIAN_POINT('Origin',(-23.5,-20.4,20.4));
#7290=CARTESIAN_POINT('',(-31.5,-20.4000000000001,21.3999993386502));
#7291=CARTESIAN_POINT('',(-23.5,-20.4,21.3999994017985));
#7292=CARTESIAN_POINT('',(-31.5,-20.4000000000001,21.3999993386502));
#7293=CARTESIAN_POINT('Origin',(-27.4999999999999,-18.4,21.3999993702243));
#7294=CARTESIAN_POINT('Origin',(-31.5,-18.3999999999998,21.3999993702238));
#7295=CARTESIAN_POINT('Origin',(-31.5,-19.4,20.8999996693251));
#7296=CARTESIAN_POINT('Origin',(-31.5,-19.4000000000001,21.3999993386502));
#7297=CARTESIAN_POINT('Ctrl Pts',(-32.4999999999999,-18.3999999851012,22.3999993674186));
#7298=CARTESIAN_POINT('Ctrl Pts',(-32.4999999999997,-19.4000000287684,22.3999993823174));
#7299=CARTESIAN_POINT('Ctrl Pts',(-32.4999999999999,-19.3999999971943,21.3999993386502));
#7300=CARTESIAN_POINT('Ctrl Pts',(-32.500000001162,-18.3999999789299,22.8142129306134));
#7301=CARTESIAN_POINT('Ctrl Pts',(-32.5000000011617,-19.8142136050417,22.8142129516835));
#7302=CARTESIAN_POINT('Ctrl Pts',(-32.500000001162,-19.8142135603891,21.3999993255718));
#7303=CARTESIAN_POINT('Ctrl Pts',(-32.2071067821783,-18.3999999745661,23.1071061504188));
#7304=CARTESIAN_POINT('Ctrl Pts',(-32.2071067821779,-20.1071068340949,23.1071061758526));
#7305=CARTESIAN_POINT('Ctrl Pts',(-32.2071067821783,-20.1071067801945,21.3999993163239));
#7306=CARTESIAN_POINT('Ctrl Pts',(-31.9142135631947,-18.3999999702023,23.3999993702242));
#7307=CARTESIAN_POINT('Ctrl Pts',(-31.9142135631942,-20.4000000631481,23.3999994000218));
#7308=CARTESIAN_POINT('Ctrl Pts',(-31.9142135631946,-20.3999999999998,21.399999307076));
#7309=CARTESIAN_POINT('Ctrl Pts',(-31.4999999999998,-18.3999999702022,23.3999993702241));
#7310=CARTESIAN_POINT('Ctrl Pts',(-31.4999999999993,-20.400000063148,23.3999994000217));
#7311=CARTESIAN_POINT('Ctrl Pts',(-31.4999999999997,-20.3999999999998,21.3999993070759));
#7312=CARTESIAN_POINT('Origin',(-15.5,-19.4,20.8999997285266));
#7313=CARTESIAN_POINT('',(-15.5,-20.4,21.3999994570531));
#7314=CARTESIAN_POINT('',(-15.5,-20.4,20.4));
#7315=CARTESIAN_POINT('Origin',(-15.5,-19.4,21.3999994570531));
#7316=CARTESIAN_POINT('Ctrl Pts',(-16.4999999999998,-18.399999999999,22.399999482217));
#7317=CARTESIAN_POINT('Ctrl Pts',(-16.5,-19.4000000251628,22.3999994822168));
#7318=CARTESIAN_POINT('Ctrl Pts',(-16.4999999999998,-19.3999999935896,21.3999994570531));
#7319=CARTESIAN_POINT('Ctrl Pts',(-16.500000002655,-18.399999999999,22.8142130464676));
#7320=CARTESIAN_POINT('Ctrl Pts',(-16.5000000026554,-19.8142136024915,22.8142130464674));
#7321=CARTESIAN_POINT('Ctrl Pts',(-16.5000000026551,-19.8142135578402,21.399999443975));
#7322=CARTESIAN_POINT('Ctrl Pts',(-16.2071067834527,-18.3999999999991,23.1071062675475));
#7323=CARTESIAN_POINT('Ctrl Pts',(-16.2071067834531,-20.1071068328189,23.1071062675472));
#7324=CARTESIAN_POINT('Ctrl Pts',(-16.2071067834528,-20.1071067789201,21.3999994347274));
#7325=CARTESIAN_POINT('Ctrl Pts',(-15.9142135642503,-18.3999999999992,23.3999994886273));
#7326=CARTESIAN_POINT('Ctrl Pts',(-15.9142135642509,-20.4000000631463,23.399999488627));
#7327=CARTESIAN_POINT('Ctrl Pts',(-15.9142135642505,-20.4,21.3999994254799));
#7328=CARTESIAN_POINT('Ctrl Pts',(-15.4999999999997,-18.3999999999993,23.3999994886273));
#7329=CARTESIAN_POINT('Ctrl Pts',(-15.5000000000002,-20.4000000631463,23.3999994886269));
#7330=CARTESIAN_POINT('Ctrl Pts',(-15.4999999999998,-20.3999999999999,21.39999942548));
#7331=CARTESIAN_POINT('Origin',(-15.5,-18.3999999999999,21.399999488627));
#7332=CARTESIAN_POINT('Origin',(-11.4999999999999,-18.4,21.3999994886272));
#7333=CARTESIAN_POINT('',(-15.5,-20.4,21.3999994570531));
#7334=CARTESIAN_POINT('Origin',(-7.49999999999998,-20.4,20.4));
#7335=CARTESIAN_POINT('Ctrl Pts',(0.500000000000016,-20.3999999999997,21.399999575456));
#7336=CARTESIAN_POINT('Ctrl Pts',(0.49999999999996,-20.4000000315734,23.3999996070297));
#7337=CARTESIAN_POINT('Ctrl Pts',(0.500000000000002,-18.3999999999997,23.3999996070298));
#7338=CARTESIAN_POINT('Ctrl Pts',(0.0857864354971617,-20.3999999999997,
21.399999575456));
#7339=CARTESIAN_POINT('Ctrl Pts',(0.0857864354971053,-20.4000000315734,
23.3999996070297));
#7340=CARTESIAN_POINT('Ctrl Pts',(0.0857864354971471,-18.3999999999997,
23.3999996070298));
#7341=CARTESIAN_POINT('Ctrl Pts',(-0.207106783757382,-20.1071067786154,
21.3999995800799));
#7342=CARTESIAN_POINT('Ctrl Pts',(-0.20710678375743,-20.1071068055652,23.1071063856454));
#7343=CARTESIAN_POINT('Ctrl Pts',(-0.207106783757394,-18.3999999999997,
23.1071063856455));
#7344=CARTESIAN_POINT('Ctrl Pts',(-0.500000003011926,-19.8142135572311,
21.3999995847037));
#7345=CARTESIAN_POINT('Ctrl Pts',(-0.500000003011966,-19.8142135795571,
22.8142131642611));
#7346=CARTESIAN_POINT('Ctrl Pts',(-0.500000003011936,-18.3999999999997,
22.8142131642612));
#7347=CARTESIAN_POINT('Ctrl Pts',(-0.500000000000004,-19.3999999927283,
21.3999995912429));
#7348=CARTESIAN_POINT('Ctrl Pts',(-0.500000000000032,-19.4000000085151,
22.3999995997583));
#7349=CARTESIAN_POINT('Ctrl Pts',(-0.500000000000011,-18.3999999999997,
22.3999995997584));
#7350=CARTESIAN_POINT('',(0.499999999999986,-20.4,21.399999575456));
#7351=CARTESIAN_POINT('Origin',(0.500000000000188,-19.3999999999998,21.3999995912429));
#7352=CARTESIAN_POINT('Origin',(0.499999999999989,-18.3999999999997,21.3999996070296));
#7353=CARTESIAN_POINT('Origin',(0.499999999999991,-19.4,20.8999997956214));
#7354=CARTESIAN_POINT('',(0.499999999999988,-20.4,20.4));
#7355=CARTESIAN_POINT('Origin',(4.50000000000014,-18.4,21.3999996070301));
#7356=CARTESIAN_POINT('',(0.499999999999986,-20.4,21.399999575456));
#7357=CARTESIAN_POINT('Origin',(8.49999999999999,-20.4,20.4));
#7358=CARTESIAN_POINT('',(8.49999999999999,-20.4,20.4));
#7359=CARTESIAN_POINT('Ctrl Pts',(16.5,-20.3999999999998,21.399999575456));
#7360=CARTESIAN_POINT('Ctrl Pts',(16.5,-20.4000000315732,23.3999996070297));
#7361=CARTESIAN_POINT('Ctrl Pts',(16.5,-18.3999999999995,23.3999996070299));
#7362=CARTESIAN_POINT('Ctrl Pts',(15.5,-20.3999999999998,21.399999575456));
#7363=CARTESIAN_POINT('Ctrl Pts',(15.5,-20.4000000315732,23.3999996070297));
#7364=CARTESIAN_POINT('Ctrl Pts',(15.5,-18.3999999999995,23.3999996070299));
#7365=CARTESIAN_POINT('Ctrl Pts',(15.5,-19.3999999999998,21.3999995912428));
#7366=CARTESIAN_POINT('Ctrl Pts',(15.5,-19.4000000157865,22.3999996070298));
#7367=CARTESIAN_POINT('Ctrl Pts',(15.5,-18.3999999999995,22.3999996070299));
#7368=CARTESIAN_POINT('',(16.5,-20.4,21.399999575456));
#7369=CARTESIAN_POINT('Origin',(16.5000000000002,-19.3999999999998,21.3999995912429));
#7370=CARTESIAN_POINT('Origin',(16.5,-18.3999999999998,21.3999996070297));
#7371=CARTESIAN_POINT('Origin',(16.5,-19.4,20.8999997956214));
#7372=CARTESIAN_POINT('',(16.5,-20.4,20.4));
#7373=CARTESIAN_POINT('Origin',(8.49999999999999,-19.4,20.8999998193022));
#7374=CARTESIAN_POINT('Origin',(24.5000000000001,-19.4,20.8999998193022));
#7375=CARTESIAN_POINT('',(24.5000000000001,-20.4,21.3999996386043));
#7376=CARTESIAN_POINT('Origin',(10.6300000000049,-8.4999999999999,18.2999993873934));
#7377=CARTESIAN_POINT('',(-31.6699999999951,-8.4999999999999,18.2999993873934));
#7378=CARTESIAN_POINT('',(10.6300000000049,-8.4999999999999,18.2999993873934));
#7379=CARTESIAN_POINT('',(-31.6699999999951,-8.4999999999999,18.2999993873934));
#7380=CARTESIAN_POINT('',(10.6300000000049,-8.4999999999999,18.2999993873934));
#7381=CARTESIAN_POINT('',(-31.6699999999951,-8.49999999999991,20.3999996565831));
#7382=CARTESIAN_POINT('Origin',(12.6300000000049,6.50000000000007,20.3999996565831));
#7383=CARTESIAN_POINT('',(12.6300000000049,-6.49999999999991,18.2999993873935));
#7384=CARTESIAN_POINT('',(12.6300000000049,-6.49999999999991,20.3999996565831));
#7385=CARTESIAN_POINT('',(12.6300000000049,6.50000000000007,18.2999993873934));
#7386=CARTESIAN_POINT('',(12.6300000000049,-6.49999999999991,18.2999993873935));
#7387=CARTESIAN_POINT('',(12.6300000000049,6.50000000000007,18.2999993873934));
#7388=CARTESIAN_POINT('Origin',(10.6300000000049,8.50000000000007,20.3999996565831));
#7389=CARTESIAN_POINT('',(10.6300000000049,8.50000000000007,18.2999993873934));
#7390=CARTESIAN_POINT('',(10.6300000000049,8.50000000000007,20.3999996565831));
#7391=CARTESIAN_POINT('',(-31.6699999999951,8.50000000000007,18.2999993873934));
#7392=CARTESIAN_POINT('',(10.6300000000049,8.50000000000007,18.2999993873934));
#7393=CARTESIAN_POINT('',(-31.6699999999951,8.50000000000007,18.2999993873934));
#7394=CARTESIAN_POINT('Origin',(-33.6699999999951,-6.4999999999999,20.3999996565831));
#7395=CARTESIAN_POINT('',(-33.6699999999951,6.50000000000006,18.2999993873934));
#7396=CARTESIAN_POINT('',(-33.6699999999951,6.50000000000005,20.3999996565831));
#7397=CARTESIAN_POINT('',(-33.6699999999951,-6.4999999999999,18.2999993873934));
#7398=CARTESIAN_POINT('',(-33.6699999999951,6.50000000000006,18.2999993873934));
#7399=CARTESIAN_POINT('',(-33.6699999999951,-6.4999999999999,18.2999993873934));
#7400=CARTESIAN_POINT('Origin',(-33.6699999999951,8.50000000000007,18.2999993873934));
#7401=CARTESIAN_POINT('Origin',(10.6300000000049,6.50000000000006,18.2999993873932));
#7402=CARTESIAN_POINT('Origin',(10.6300000000049,-6.4999999999999,18.2999993873937));
#7403=CARTESIAN_POINT('Origin',(-31.6699999999951,-6.49999999999989,18.2999993873923));
#7404=CARTESIAN_POINT('Origin',(-31.6699999999951,6.50000000000006,18.2999993873936));
#7405=CARTESIAN_POINT('',(-32.6699999999951,-6.49999999999988,18.2999993873934));
#7406=CARTESIAN_POINT('',(-31.6699999999951,-7.4999999999999,18.2999993873934));
#7407=CARTESIAN_POINT('Origin',(-31.6699999999951,-6.4999999999999,18.2999993873934));
#7408=CARTESIAN_POINT('',(10.6300000000049,-7.4999999999999,18.2999993873934));
#7409=CARTESIAN_POINT('',(-31.6699999999951,-7.4999999999999,18.2999993873934));
#7410=CARTESIAN_POINT('',(11.6300000000049,-6.49999999999989,18.2999993873934));
#7411=CARTESIAN_POINT('Origin',(10.6300000000049,-6.4999999999999,18.2999993873934));
#7412=CARTESIAN_POINT('',(11.6300000000049,6.50000000000005,18.2999993873934));
#7413=CARTESIAN_POINT('',(11.6300000000049,-6.49999999999991,18.2999993873934));
#7414=CARTESIAN_POINT('',(10.6300000000049,7.50000000000007,18.2999993873934));
#7415=CARTESIAN_POINT('Origin',(10.6300000000049,6.50000000000007,18.2999993873934));
#7416=CARTESIAN_POINT('',(-31.6699999999951,7.50000000000007,18.2999993873934));
#7417=CARTESIAN_POINT('',(10.6300000000049,7.50000000000007,18.2999993873934));
#7418=CARTESIAN_POINT('',(-32.6699999999951,6.50000000000004,18.2999993873934));
#7419=CARTESIAN_POINT('Origin',(-31.6699999999951,6.50000000000006,18.2999993873934));
#7420=CARTESIAN_POINT('',(-32.6699999999951,6.50000000000006,18.2999993873934));
#7421=CARTESIAN_POINT('Origin',(-31.6699999999956,-6.50000000000012,19.3499996941653));
#7422=CARTESIAN_POINT('Origin',(10.6300000000048,-6.49999999999985,19.3499996941665));
#7423=CARTESIAN_POINT('Origin',(10.630000000005,6.50000000000016,19.3499996941662));
#7424=CARTESIAN_POINT('Origin',(-31.669999999995,6.49999999999998,19.3499996941666));
#7425=CARTESIAN_POINT('Origin',(10.6300000000049,-6.49999999999994,19.3499996941664));
#7426=CARTESIAN_POINT('',(11.6300000000049,-6.49999999999985,20.3999998284651));
#7427=CARTESIAN_POINT('',(10.6300000000048,-7.4999999999999,20.3999998284651));
#7428=CARTESIAN_POINT('Origin',(10.6300000000051,-6.50000000000008,20.4000000009393));
#7429=CARTESIAN_POINT('',(11.6300000000049,-6.49999999999991,18.2999993873934));
#7430=CARTESIAN_POINT('',(10.6300000000049,-7.4999999999999,20.3999996565831));
#7431=CARTESIAN_POINT('Origin',(10.6300000000049,-7.49999999999991,20.3999996565831));
#7432=CARTESIAN_POINT('',(-31.669999999995,-7.4999999999999,20.3999998284651));
#7433=CARTESIAN_POINT('',(-31.6699999999951,-7.4999999999999,18.2999993873934));
#7434=CARTESIAN_POINT('',(-31.6699999999951,-7.4999999999999,20.4));
#7435=CARTESIAN_POINT('Origin',(-31.6699999999952,-6.49999999999996,19.3499996941664));
#7436=CARTESIAN_POINT('',(-32.6699999999951,-6.49999999999984,20.3999998284651));
#7437=CARTESIAN_POINT('',(-32.6699999999951,-6.4999999999999,20.3999996565831));
#7438=CARTESIAN_POINT('Origin',(-31.6699999999953,-6.50000000000008,20.4000000009392));
#7439=CARTESIAN_POINT('Origin',(-32.6699999999951,6.50000000000006,20.3999996565831));
#7440=CARTESIAN_POINT('',(-32.6699999999951,6.5,20.3999998284651));
#7441=CARTESIAN_POINT('',(-32.6699999999951,6.50000000000006,18.2999993873934));
#7442=CARTESIAN_POINT('',(-32.6699999999951,6.50000000000006,20.4));
#7443=CARTESIAN_POINT('Origin',(-31.6699999999951,6.5000000000001,19.3499996941664));
#7444=CARTESIAN_POINT('',(-31.669999999995,7.50000000000006,20.3999998284651));
#7445=CARTESIAN_POINT('Origin',(-31.6699999999953,6.50000000000023,20.4000000009393));
#7446=CARTESIAN_POINT('',(-31.6699999999951,7.50000000000006,20.3999996565831));
#7447=CARTESIAN_POINT('Origin',(10.6300000000049,7.50000000000007,18.2999993873934));
#7448=CARTESIAN_POINT('',(10.6300000000048,7.50000000000007,20.399999828465));
#7449=CARTESIAN_POINT('',(10.6300000000049,7.50000000000007,18.2999993873934));
#7450=CARTESIAN_POINT('',(10.6300000000049,7.50000000000007,20.4));
#7451=CARTESIAN_POINT('Origin',(10.630000000005,6.50000000000013,19.3499996941664));
#7452=CARTESIAN_POINT('',(11.6300000000049,6.50000000000001,20.399999828465));
#7453=CARTESIAN_POINT('Origin',(10.6300000000051,6.50000000000025,20.4000000009392));
#7454=CARTESIAN_POINT('',(11.6300000000049,6.50000000000007,20.3999996565831));
#7455=CARTESIAN_POINT('Origin',(11.6300000000049,-6.49999999999991,20.3999996565831));
#7456=CARTESIAN_POINT('',(11.6300000000049,-6.49999999999991,20.4));
#7457=CARTESIAN_POINT('Origin',(42.,17.4000000000043,22.3999998872544));
#7458=CARTESIAN_POINT('',(42.,17.4000000000043,21.3999998872503));
#7459=CARTESIAN_POINT('',(42.,16.4000000000002,22.3999998872544));
#7460=CARTESIAN_POINT('Origin',(42.,16.4000000000042,21.3999998872543));
#7461=CARTESIAN_POINT('',(42.,-16.4,22.3999998872544));
#7462=CARTESIAN_POINT('',(42.,16.4000000000002,22.3999998872544));
#7463=CARTESIAN_POINT('',(42.,-17.4000000000041,21.3999998872504));
#7464=CARTESIAN_POINT('Origin',(42.,-16.4000000000042,21.3999998872545));
#7465=CARTESIAN_POINT('',(42.,-17.4000000000041,21.3999998872504));
#7466=CARTESIAN_POINT('',(42.,17.4000000000002,20.4));
#7467=CARTESIAN_POINT('Origin',(41.,2.24073445351766E-13,22.3999998872503));
#7468=CARTESIAN_POINT('Origin',(41.0000000300982,16.4000000000003,22.3999998872542));
#7469=CARTESIAN_POINT('Origin',(41.0000000300972,-16.3999999999999,22.3999998872538));
#7470=CARTESIAN_POINT('Origin',(41.,-17.4,20.899999943625));
#7471=CARTESIAN_POINT('',(41.,-18.4,21.3999998872503));
#7472=CARTESIAN_POINT('',(41.,-18.4,21.3999998872503));
#7473=CARTESIAN_POINT('Origin',(41.0000000000035,-17.4000000000035,21.3999998872502));
#7474=CARTESIAN_POINT('Origin',(41.,17.4000000000002,20.8999999436258));
#7475=CARTESIAN_POINT('Origin',(41.0000000000038,17.400000000004,21.3999998872503));
#7476=CARTESIAN_POINT('Ctrl Pts',(41.,-16.4000000000028,23.39999988725));
#7477=CARTESIAN_POINT('Ctrl Pts',(40.9999999999965,-18.400000000004,23.3999998872538));
#7478=CARTESIAN_POINT('Ctrl Pts',(40.9999999999995,-18.4000000000002,21.3999998872525));
#7479=CARTESIAN_POINT('Ctrl Pts',(42.0000000000041,-16.4000000000045,23.3999998872578));
#7480=CARTESIAN_POINT('Ctrl Pts',(42.0000000000007,-18.400000000012,23.3999998872615));
#7481=CARTESIAN_POINT('Ctrl Pts',(42.0000000000037,-18.4000000000082,21.399999887254));
#7482=CARTESIAN_POINT('Ctrl Pts',(42.0000000000007,-16.4000000000045,22.3999998872536));
#7483=CARTESIAN_POINT('Ctrl Pts',(41.999999999999,-17.400000000006,22.3999998872555));
#7484=CARTESIAN_POINT('Ctrl Pts',(42.0000000000005,-17.4000000000041,21.399999887254));
#7485=CARTESIAN_POINT('Origin',(41.0000000000001,-16.4000000300937,21.3999998872503));
#7486=CARTESIAN_POINT('Ctrl Pts',(41.,18.3999999999999,21.3999998872534));
#7487=CARTESIAN_POINT('Ctrl Pts',(40.9999999999965,18.4000000000089,23.3999998872595));
#7488=CARTESIAN_POINT('Ctrl Pts',(40.9999999999995,16.4000000000028,23.3999998872505));
#7489=CARTESIAN_POINT('Ctrl Pts',(42.0000000000041,18.4000000000076,21.3999998872552));
#7490=CARTESIAN_POINT('Ctrl Pts',(42.0000000000006,18.4000000000166,23.3999998872675));
#7491=CARTESIAN_POINT('Ctrl Pts',(42.0000000000036,16.4000000000043,23.3999998872584));
#7492=CARTESIAN_POINT('Ctrl Pts',(42.0000000000008,17.4000000000035,21.3999998872552));
#7493=CARTESIAN_POINT('Ctrl Pts',(41.999999999999,17.400000000008,22.3999998872589));
#7494=CARTESIAN_POINT('Ctrl Pts',(42.0000000000005,16.4000000000043,22.3999998872543));
#7495=CARTESIAN_POINT('Origin',(-38.5,-20.4,20.3999996753491));
#7496=CARTESIAN_POINT('',(-41.3699999999951,-20.4,21.3999992370606));
#7497=CARTESIAN_POINT('',(-38.5,-20.4,21.3999992772766));
#7498=CARTESIAN_POINT('',(-41.3699999999951,-20.4,21.3999992370606));
#7499=CARTESIAN_POINT('Origin',(-42.3699999999951,-19.4000000000041,22.3999992370647));
#7500=CARTESIAN_POINT('',(-42.3699999999951,-19.4000000000041,21.3999992370605));
#7501=CARTESIAN_POINT('',(-42.3699999999951,-18.4000000000001,22.3999992370647));
#7502=CARTESIAN_POINT('Origin',(-42.369999999995,-18.400000000004,21.3999992370646));
#7503=CARTESIAN_POINT('',(-42.3699999999951,18.4000000000001,22.3999992370646));
#7504=CARTESIAN_POINT('',(-42.3699999999951,-18.4000000000001,22.3999992370647));
#7505=CARTESIAN_POINT('',(-42.3699999999951,19.4000000000043,21.3999992370606));
#7506=CARTESIAN_POINT('Origin',(-42.3699999999951,18.4000000000044,21.3999992370647));
#7507=CARTESIAN_POINT('',(-42.3699999999951,19.4000000000043,21.3999992370606));
#7508=CARTESIAN_POINT('',(-42.3699999999951,-19.4,20.399999675349));
#7509=CARTESIAN_POINT('Origin',(-41.3699999999986,2.49595309739225E-13,
22.3999992370641));
#7510=CARTESIAN_POINT('Origin',(-41.36999999322,-18.3999999999999,22.399999237064));
#7511=CARTESIAN_POINT('Origin',(-41.36999999322,18.4000000000003,22.3999992370641));
#7512=CARTESIAN_POINT('Origin',(-41.3699999999951,-19.4,20.8999994562051));
#7513=CARTESIAN_POINT('Origin',(-41.369999999999,-19.4000000000039,21.3999992370605));
#7514=CARTESIAN_POINT('Origin',(-41.3699999999951,19.4000000000002,20.8999994562049));
#7515=CARTESIAN_POINT('Origin',(-41.3699999999985,19.4000000000037,21.3999992370606));
#7516=CARTESIAN_POINT('Ctrl Pts',(-41.3699999999951,-20.3999999999999,21.3999992370624));
#7517=CARTESIAN_POINT('Ctrl Pts',(-41.3699999999925,-20.4000000000055,23.3999992370664));
#7518=CARTESIAN_POINT('Ctrl Pts',(-41.3699999999948,-18.4000000000014,23.3999992370608));
#7519=CARTESIAN_POINT('Ctrl Pts',(-42.3699999999991,-20.4000000000075,21.3999992370637));
#7520=CARTESIAN_POINT('Ctrl Pts',(-42.3699999999965,-20.4000000000131,23.3999992370742));
#7521=CARTESIAN_POINT('Ctrl Pts',(-42.3699999999987,-18.4000000000025,23.3999992370686));
#7522=CARTESIAN_POINT('Ctrl Pts',(-42.3699999999958,-19.4000000000035,21.3999992370637));
#7523=CARTESIAN_POINT('Ctrl Pts',(-42.3699999999945,-19.4000000000063,22.3999992370674));
#7524=CARTESIAN_POINT('Ctrl Pts',(-42.3699999999956,-18.4000000000025,22.3999992370646));
#7525=CARTESIAN_POINT('Origin',(-41.369999999995,-18.3999999932215,21.3999992370606));
#7526=CARTESIAN_POINT('Ctrl Pts',(-41.3699999999951,18.4000000000025,23.3999992370603));
#7527=CARTESIAN_POINT('Ctrl Pts',(-41.3699999999923,20.4000000000074,23.3999992370674));
#7528=CARTESIAN_POINT('Ctrl Pts',(-41.369999999995,20.4000000000004,21.3999992370625));
#7529=CARTESIAN_POINT('Ctrl Pts',(-42.3699999999989,18.4000000000039,23.399999237068));
#7530=CARTESIAN_POINT('Ctrl Pts',(-42.3699999999961,20.4000000000152,23.3999992370751));
#7531=CARTESIAN_POINT('Ctrl Pts',(-42.3699999999988,20.4000000000081,21.3999992370638));
#7532=CARTESIAN_POINT('Ctrl Pts',(-42.3699999999957,18.4000000000039,22.3999992370642));
#7533=CARTESIAN_POINT('Ctrl Pts',(-42.3699999999943,19.4000000000078,22.3999992370677));
#7534=CARTESIAN_POINT('Ctrl Pts',(-42.3699999999956,19.4000000000043,21.3999992370638));
#7535=CARTESIAN_POINT('Origin',(-39.9349999999974,-18.4,21.3999992641748));
#7536=CARTESIAN_POINT('Origin',(20.5000000000002,-18.4,21.3999996070301));
#7537=CARTESIAN_POINT('',(16.5,-20.4,21.399999575456));
#7538=CARTESIAN_POINT('Origin',(24.5000000000001,-20.4,20.4));
#7539=CARTESIAN_POINT('Origin',(32.7500000000002,-16.4000000000007,21.3999997668747));
#7540=CARTESIAN_POINT('',(26.5000000000001,-18.4,21.3999997764277));
#7541=CARTESIAN_POINT('Origin',(41.,-18.4,20.4));
#7542=CARTESIAN_POINT('Origin',(-32.6699999999951,7.50000000000007,20.4));
#7543=UNCERTAINTY_MEASURE_WITH_UNIT(LENGTH_MEASURE(0.01),#7547,
'DISTANCE_ACCURACY_VALUE',
'Maximum model space distance between geometric entities at asserted c
onnectivities');
#7544=UNCERTAINTY_MEASURE_WITH_UNIT(LENGTH_MEASURE(0.01),#7547,
'DISTANCE_ACCURACY_VALUE',
'Maximum model space distance between geometric entities at asserted c
onnectivities');
#7545=(
GEOMETRIC_REPRESENTATION_CONTEXT(3)
GLOBAL_UNCERTAINTY_ASSIGNED_CONTEXT((#7543))
GLOBAL_UNIT_ASSIGNED_CONTEXT((#7547,#7549,#7550))
REPRESENTATION_CONTEXT('','3D')
);
#7546=(
GEOMETRIC_REPRESENTATION_CONTEXT(3)
GLOBAL_UNCERTAINTY_ASSIGNED_CONTEXT((#7544))
GLOBAL_UNIT_ASSIGNED_CONTEXT((#7547,#7549,#7550))
REPRESENTATION_CONTEXT('','3D')
);
#7547=(
LENGTH_UNIT()
NAMED_UNIT(*)
SI_UNIT(.MILLI.,.METRE.)
);
#7548=(
LENGTH_UNIT()
NAMED_UNIT(*)
SI_UNIT($,.METRE.)
);
#7549=(
NAMED_UNIT(*)
PLANE_ANGLE_UNIT()
SI_UNIT($,.RADIAN.)
);
#7550=(
NAMED_UNIT(*)
SI_UNIT($,.STERADIAN.)
SOLID_ANGLE_UNIT()
);
#7551=SHAPE_DEFINITION_REPRESENTATION(#7552,#7553);
#7552=PRODUCT_DEFINITION_SHAPE('',$,#7555);
#7553=SHAPE_REPRESENTATION('',(#3504),#7545);
#7554=PRODUCT_DEFINITION_CONTEXT('part definition',#7559,'design');
#7555=PRODUCT_DEFINITION('Document','\X2\30B130FC30B9\X0\_KILIN\X2\6848\X0\ 
v31',#7556,#7554);
#7556=PRODUCT_DEFINITION_FORMATION('',$,#7561);
#7557=PRODUCT_RELATED_PRODUCT_CATEGORY('\X2\30B130FC30B9\X0\_KILIN\X2\6848\X0\ 
v31','\X2\30B130FC30B9\X0\_KILIN\X2\6848\X0\ v31',(#7561));
#7558=APPLICATION_PROTOCOL_DEFINITION('international standard',
'automotive_design',2009,#7559);
#7559=APPLICATION_CONTEXT(
'Core Data for Automotive Mechanical Design Process');
#7560=PRODUCT_CONTEXT('part definition',#7559,'mechanical');
#7561=PRODUCT('Document','\X2\30B130FC30B9\X0\_KILIN\X2\6848\X0\ v31',$,
(#7560));
#7562=PRESENTATION_STYLE_ASSIGNMENT((#7563));
#7563=SURFACE_STYLE_USAGE(.BOTH.,#7564);
#7564=SURFACE_SIDE_STYLE('',(#7565));
#7565=SURFACE_STYLE_FILL_AREA(#7566);
#7566=FILL_AREA_STYLE('\X2\92FC\X0\ - \X2\30B530C630F3\X0\',(#7567));
#7567=FILL_AREA_STYLE_COLOUR('\X2\92FC\X0\ - \X2\30B530C630F3\X0\',#7568);
#7568=COLOUR_RGB('\X2\92FC\X0\ - \X2\30B530C630F3\X0\',0.627450980392157,
0.627450980392157,0.627450980392157);
ENDSEC;
END-ISO-10303-21;
